record_type,benchmark,relation,condition,estimate,ci_low,ci_high,mean_r2,significant_share_p_lt_0_05,n,x_unit,y_unit,attempt_id,replicate,endpoint,x_plot,y_plot,beta,parameter,feature,metric
fit_summary,Urban Scaling,Zipf,BASE,-0.4770998592057908,-0.6636499851004416,-0.290414088421866,0.7871518774740408,1.0,99.0,log10(rank),log10(population),,,,,,,,,
fit_summary,Urban Scaling,Zipf,FULL,-1.5314912119404342,-2.058534240894573,-0.8559427451049864,0.8876866545353642,1.0,99.0,log10(rank),log10(population),,,,,,,,,
fit_summary,Urban Scaling,Road,BASE,0.8866055211677946,0.6763543228095712,1.1296331638755364,0.9803861947754738,1.0,99.0,log10(population),log10(road),,,,,,,,,
fit_summary,Urban Scaling,Road,FULL,0.8504650886461032,0.5964238543864726,1.1748957666056592,0.9864392123056512,1.0,99.0,log10(population),log10(road),,,,,,,,,
fit_summary,Urban Scaling,GDP,BASE,1.0437273109251874,0.6935767848709922,1.330756696874461,0.985012131619084,1.0,99.0,log10(population),log10(gdp),,,,,,,,,
fit_summary,Urban Scaling,GDP,FULL,1.0131234658433443,0.7700986715445943,1.2653693335221854,0.9910608031653468,1.0,99.0,log10(population),log10(gdp),,,,,,,,,
curve_endpoint,Urban Scaling,Zipf,BASE,,,,,,,log10(rank),log10(population),SCL-BPA2-BASE-R001,1.0,start,0.0,6.989614928634737,-0.6517255433352651,,,
curve_endpoint,Urban Scaling,Zipf,BASE,,,,,,,log10(rank),log10(population),SCL-BPA2-BASE-R001,1.0,end,2.6057668914195107,5.291370085519311,-0.6517255433352651,,,
curve_endpoint,Urban Scaling,Zipf,BASE,,,,,,,log10(rank),log10(population),SCL-BPA2-BASE-R002,2.0,start,0.0,6.7419548158986755,-0.6019676587049185,,,
curve_endpoint,Urban Scaling,Zipf,BASE,,,,,,,log10(rank),log10(population),SCL-BPA2-BASE-R002,2.0,end,2.6057668914195107,5.173367421140079,-0.6019676587049185,,,
curve_endpoint,Urban Scaling,Zipf,BASE,,,,,,,log10(rank),log10(population),SCL-BPA2-BASE-R003,3.0,start,0.0,6.579464311957046,-0.4205716249313441,,,
curve_endpoint,Urban Scaling,Zipf,BASE,,,,,,,log10(rank),log10(population),SCL-BPA2-BASE-R003,3.0,end,2.6057668914195107,5.483552696240444,-0.4205716249313441,,,
curve_endpoint,Urban Scaling,Zipf,BASE,,,,,,,log10(rank),log10(population),SCL-BPA2-BASE-R004,4.0,start,0.0,6.6299540531578085,-0.5509740078505065,,,
curve_endpoint,Urban Scaling,Zipf,BASE,,,,,,,log10(rank),log10(population),SCL-BPA2-BASE-R004,4.0,end,2.6057668914195107,5.194244225468244,-0.5509740078505065,,,
curve_endpoint,Urban Scaling,Zipf,BASE,,,,,,,log10(rank),log10(population),SCL-BPA2-BASE-R005,5.0,start,0.0,6.393478110612788,-0.3560899421290561,,,
curve_endpoint,Urban Scaling,Zipf,BASE,,,,,,,log10(rank),log10(population),SCL-BPA2-BASE-R005,5.0,end,2.6057668914195107,5.465590729045404,-0.3560899421290561,,,
curve_endpoint,Urban Scaling,Zipf,BASE,,,,,,,log10(rank),log10(population),SCL-BPA2-BASE-R006,6.0,start,0.0,6.665388973684031,-0.5468192364633305,,,
curve_endpoint,Urban Scaling,Zipf,BASE,,,,,,,log10(rank),log10(population),SCL-BPA2-BASE-R006,6.0,end,2.6057668914195107,5.240505511716588,-0.5468192364633305,,,
curve_endpoint,Urban Scaling,Zipf,BASE,,,,,,,log10(rank),log10(population),SCL-BPA2-BASE-R007,7.0,start,0.0,6.384295074453688,-0.4167345084069225,,,
curve_endpoint,Urban Scaling,Zipf,BASE,,,,,,,log10(rank),log10(population),SCL-BPA2-BASE-R007,7.0,end,2.6057668914195107,5.298382089934944,-0.4167345084069225,,,
curve_endpoint,Urban Scaling,Zipf,BASE,,,,,,,log10(rank),log10(population),SCL-BPA2-BASE-R008,8.0,start,0.0,6.2782105396293435,-0.180363565918584,,,
curve_endpoint,Urban Scaling,Zipf,BASE,,,,,,,log10(rank),log10(population),SCL-BPA2-BASE-R008,8.0,end,2.6057668914195107,5.808225131140336,-0.180363565918584,,,
curve_endpoint,Urban Scaling,Zipf,BASE,,,,,,,log10(rank),log10(population),SCL-BPA2-BASE-R009,9.0,start,0.0,7.108030346768996,-0.5630562410870472,,,
curve_endpoint,Urban Scaling,Zipf,BASE,,,,,,,log10(rank),log10(population),SCL-BPA2-BASE-R009,9.0,end,2.6057668914195107,5.640837035737246,-0.5630562410870472,,,
curve_endpoint,Urban Scaling,Zipf,BASE,,,,,,,log10(rank),log10(population),SCL-BPA2-BASE-R010,10.0,start,0.0,7.0076471274645655,-0.6478926602124091,,,
curve_endpoint,Urban Scaling,Zipf,BASE,,,,,,,log10(rank),log10(population),SCL-BPA2-BASE-R010,10.0,end,2.6057668914195107,5.319389884289359,-0.6478926602124091,,,
curve_endpoint,Urban Scaling,Zipf,BASE,,,,,,,log10(rank),log10(population),SCL-BPA2-BASE-R011,11.0,start,0.0,6.770457002094034,-0.6189184804517409,,,
curve_endpoint,Urban Scaling,Zipf,BASE,,,,,,,log10(rank),log10(population),SCL-BPA2-BASE-R011,11.0,end,2.6057668914195107,5.1576997172452135,-0.6189184804517409,,,
curve_endpoint,Urban Scaling,Zipf,BASE,,,,,,,log10(rank),log10(population),SCL-BPA2-BASE-R012,12.0,start,0.0,6.923821751876644,-0.613165103777357,,,
curve_endpoint,Urban Scaling,Zipf,BASE,,,,,,,log10(rank),log10(population),SCL-BPA2-BASE-R012,12.0,end,2.6057668914195107,5.326056425479799,-0.613165103777357,,,
curve_endpoint,Urban Scaling,Zipf,BASE,,,,,,,log10(rank),log10(population),SCL-BPA2-BASE-R013,13.0,start,0.0,6.359038038943318,-0.3592720478116019,,,
curve_endpoint,Urban Scaling,Zipf,BASE,,,,,,,log10(rank),log10(population),SCL-BPA2-BASE-R013,13.0,end,2.6057668914195107,5.422858831743358,-0.3592720478116019,,,
curve_endpoint,Urban Scaling,Zipf,BASE,,,,,,,log10(rank),log10(population),SCL-BPA2-BASE-R014,14.0,start,0.0,6.8600330486007035,-0.5709041268829218,,,
curve_endpoint,Urban Scaling,Zipf,BASE,,,,,,,log10(rank),log10(population),SCL-BPA2-BASE-R014,14.0,end,2.6057668914195107,5.372389976594422,-0.5709041268829218,,,
curve_endpoint,Urban Scaling,Zipf,BASE,,,,,,,log10(rank),log10(population),SCL-BPA2-BASE-R015,15.0,start,0.0,6.4439069054738916,-0.4037219090215314,,,
curve_endpoint,Urban Scaling,Zipf,BASE,,,,,,,log10(rank),log10(population),SCL-BPA2-BASE-R015,15.0,end,2.6057668914195107,5.3919017216049046,-0.4037219090215314,,,
curve_endpoint,Urban Scaling,Zipf,BASE,,,,,,,log10(rank),log10(population),SCL-BPA2-BASE-R016,16.0,start,0.0,6.446349748998995,-0.4051818979765334,,,
curve_endpoint,Urban Scaling,Zipf,BASE,,,,,,,log10(rank),log10(population),SCL-BPA2-BASE-R016,16.0,end,2.6057668914195107,5.390540174249226,-0.4051818979765334,,,
curve_endpoint,Urban Scaling,Zipf,BASE,,,,,,,log10(rank),log10(population),SCL-BPA2-BASE-R017,17.0,start,0.0,6.3145566226901435,-0.3452592303005108,,,
curve_endpoint,Urban Scaling,Zipf,BASE,,,,,,,log10(rank),log10(population),SCL-BPA2-BASE-R017,17.0,end,2.6057668914195107,5.414891551416089,-0.3452592303005108,,,
curve_endpoint,Urban Scaling,Zipf,BASE,,,,,,,log10(rank),log10(population),SCL-BPA2-BASE-R018,18.0,start,0.0,6.8958817816708775,-0.4942792168196281,,,
curve_endpoint,Urban Scaling,Zipf,BASE,,,,,,,log10(rank),log10(population),SCL-BPA2-BASE-R018,18.0,end,2.6057668914195107,5.607905363365525,-0.4942792168196281,,,
curve_endpoint,Urban Scaling,Zipf,BASE,,,,,,,log10(rank),log10(population),SCL-BPA2-BASE-R019,19.0,start,0.0,6.612571199110074,-0.5210205754710228,,,
curve_endpoint,Urban Scaling,Zipf,BASE,,,,,,,log10(rank),log10(population),SCL-BPA2-BASE-R019,19.0,end,2.6057668914195107,5.254913033799342,-0.5210205754710228,,,
curve_endpoint,Urban Scaling,Zipf,BASE,,,,,,,log10(rank),log10(population),SCL-BPA2-BASE-R020,20.0,start,0.0,6.56134143204629,-0.3012877557971085,,,
curve_endpoint,Urban Scaling,Zipf,BASE,,,,,,,log10(rank),log10(population),SCL-BPA2-BASE-R020,20.0,end,2.6057668914195107,5.776255773200098,-0.3012877557971085,,,
curve_endpoint,Urban Scaling,Zipf,BASE,,,,,,,log10(rank),log10(population),SCL-BPA2-BASE-R021,21.0,start,0.0,6.578278040148938,-0.2972016163182481,,,
curve_endpoint,Urban Scaling,Zipf,BASE,,,,,,,log10(rank),log10(population),SCL-BPA2-BASE-R021,21.0,end,2.6057668914195107,5.803839908270482,-0.2972016163182481,,,
curve_endpoint,Urban Scaling,Zipf,BASE,,,,,,,log10(rank),log10(population),SCL-BPA2-BASE-R022,22.0,start,0.0,6.452134458513244,-0.4206010440596578,,,
curve_endpoint,Urban Scaling,Zipf,BASE,,,,,,,log10(rank),log10(population),SCL-BPA2-BASE-R022,22.0,end,2.6057668914195107,5.35614618340611,-0.4206010440596578,,,
curve_endpoint,Urban Scaling,Zipf,BASE,,,,,,,log10(rank),log10(population),SCL-BPA2-BASE-R023,23.0,start,0.0,6.350208207360085,-0.435152622096888,,,
curve_endpoint,Urban Scaling,Zipf,BASE,,,,,,,log10(rank),log10(population),SCL-BPA2-BASE-R023,23.0,end,2.6057668914195107,5.216301911985629,-0.435152622096888,,,
curve_endpoint,Urban Scaling,Zipf,BASE,,,,,,,log10(rank),log10(population),SCL-BPA2-BASE-R024,24.0,start,0.0,6.608366359871793,-0.5012472797367353,,,
curve_endpoint,Urban Scaling,Zipf,BASE,,,,,,,log10(rank),log10(population),SCL-BPA2-BASE-R024,24.0,end,2.6057668914195107,5.302232793919714,-0.5012472797367353,,,
curve_endpoint,Urban Scaling,Zipf,BASE,,,,,,,log10(rank),log10(population),SCL-BPA2-BASE-R025,25.0,start,0.0,6.323465702358737,-0.3319901064823809,,,
curve_endpoint,Urban Scaling,Zipf,BASE,,,,,,,log10(rank),log10(population),SCL-BPA2-BASE-R025,25.0,end,2.6057668914195107,5.458376874608112,-0.3319901064823809,,,
curve_endpoint,Urban Scaling,Zipf,BASE,,,,,,,log10(rank),log10(population),SCL-BPA2-BASE-R026,26.0,start,0.0,6.736191370590609,-0.5293742741620173,,,
curve_endpoint,Urban Scaling,Zipf,BASE,,,,,,,log10(rank),log10(population),SCL-BPA2-BASE-R026,26.0,end,2.6057668914195107,5.356765413809989,-0.5293742741620173,,,
curve_endpoint,Urban Scaling,Zipf,BASE,,,,,,,log10(rank),log10(population),SCL-BPA2-BASE-R027,27.0,start,0.0,6.946148971441731,-0.6973309432067045,,,
curve_endpoint,Urban Scaling,Zipf,BASE,,,,,,,log10(rank),log10(population),SCL-BPA2-BASE-R027,27.0,end,2.6057668914195107,5.129067087271361,-0.6973309432067045,,,
curve_endpoint,Urban Scaling,Zipf,BASE,,,,,,,log10(rank),log10(population),SCL-BPA2-BASE-R028,28.0,start,0.0,6.332452897428365,-0.3750674930980103,,,
curve_endpoint,Urban Scaling,Zipf,BASE,,,,,,,log10(rank),log10(population),SCL-BPA2-BASE-R028,28.0,end,2.6057668914195107,5.3551144418658545,-0.3750674930980103,,,
curve_endpoint,Urban Scaling,Zipf,BASE,,,,,,,log10(rank),log10(population),SCL-BPA2-BASE-R029,29.0,start,0.0,6.395858191187307,-0.4550854694212672,,,
curve_endpoint,Urban Scaling,Zipf,BASE,,,,,,,log10(rank),log10(population),SCL-BPA2-BASE-R029,29.0,end,2.6057668914195107,5.2100115422032625,-0.4550854694212672,,,
curve_endpoint,Urban Scaling,Zipf,BASE,,,,,,,log10(rank),log10(population),SCL-BPA2-BASE-R030,30.0,start,0.0,6.7232582200762065,-0.5412044670698994,,,
curve_endpoint,Urban Scaling,Zipf,BASE,,,,,,,log10(rank),log10(population),SCL-BPA2-BASE-R030,30.0,end,2.6057668914195107,5.313005538297122,-0.5412044670698994,,,
curve_endpoint,Urban Scaling,Zipf,BASE,,,,,,,log10(rank),log10(population),SCL-BPA2-BASE-R031,31.0,start,0.0,6.444881906567363,-0.4263963501048378,,,
curve_endpoint,Urban Scaling,Zipf,BASE,,,,,,,log10(rank),log10(population),SCL-BPA2-BASE-R031,31.0,end,2.6057668914195107,5.333792414842055,-0.4263963501048378,,,
curve_endpoint,Urban Scaling,Zipf,BASE,,,,,,,log10(rank),log10(population),SCL-BPA2-BASE-R032,32.0,start,0.0,7.191622326544708,-0.6380878586466727,,,
curve_endpoint,Urban Scaling,Zipf,BASE,,,,,,,log10(rank),log10(population),SCL-BPA2-BASE-R032,32.0,end,2.6057668914195107,5.5289141106664355,-0.6380878586466727,,,
curve_endpoint,Urban Scaling,Zipf,BASE,,,,,,,log10(rank),log10(population),SCL-BPA2-BASE-R033,33.0,start,0.0,6.492925254390244,-0.4518635493926736,,,
curve_endpoint,Urban Scaling,Zipf,BASE,,,,,,,log10(rank),log10(population),SCL-BPA2-BASE-R033,33.0,end,2.6057668914195107,5.315474177943511,-0.4518635493926736,,,
curve_endpoint,Urban Scaling,Zipf,BASE,,,,,,,log10(rank),log10(population),SCL-BPA2-BASE-R034,34.0,start,0.0,6.476394707772727,-0.4609961425802246,,,
curve_endpoint,Urban Scaling,Zipf,BASE,,,,,,,log10(rank),log10(population),SCL-BPA2-BASE-R034,34.0,end,2.6057668914195107,5.275146222365069,-0.4609961425802246,,,
curve_endpoint,Urban Scaling,Zipf,BASE,,,,,,,log10(rank),log10(population),SCL-BPA2-BASE-R035,35.0,start,0.0,6.691759030391605,-0.4039346869694323,,,
curve_endpoint,Urban Scaling,Zipf,BASE,,,,,,,log10(rank),log10(population),SCL-BPA2-BASE-R035,35.0,end,2.6057668914195107,5.639199396790754,-0.4039346869694323,,,
curve_endpoint,Urban Scaling,Zipf,BASE,,,,,,,log10(rank),log10(population),SCL-BPA2-BASE-R036,36.0,start,0.0,6.501460496614303,-0.4694920785583572,,,
curve_endpoint,Urban Scaling,Zipf,BASE,,,,,,,log10(rank),log10(population),SCL-BPA2-BASE-R036,36.0,end,2.6057668914195107,5.2780735825232075,-0.4694920785583572,,,
curve_endpoint,Urban Scaling,Zipf,BASE,,,,,,,log10(rank),log10(population),SCL-BPA2-BASE-R037,37.0,start,0.0,7.332670733816321,-0.6110858131538042,,,
curve_endpoint,Urban Scaling,Zipf,BASE,,,,,,,log10(rank),log10(population),SCL-BPA2-BASE-R037,37.0,end,2.6057668914195107,5.740323554083968,-0.6110858131538042,,,
curve_endpoint,Urban Scaling,Zipf,BASE,,,,,,,log10(rank),log10(population),SCL-BPA2-BASE-R038,38.0,start,0.0,6.81434027121404,-0.4779473977136144,,,
curve_endpoint,Urban Scaling,Zipf,BASE,,,,,,,log10(rank),log10(population),SCL-BPA2-BASE-R038,38.0,end,2.6057668914195107,5.568920766411791,-0.4779473977136144,,,
curve_endpoint,Urban Scaling,Zipf,BASE,,,,,,,log10(rank),log10(population),SCL-BPA2-BASE-R039,39.0,start,0.0,6.800576124499651,-0.5016803810992586,,,
curve_endpoint,Urban Scaling,Zipf,BASE,,,,,,,log10(rank),log10(population),SCL-BPA2-BASE-R039,39.0,end,2.6057668914195107,5.493313997356481,-0.5016803810992586,,,
curve_endpoint,Urban Scaling,Zipf,BASE,,,,,,,log10(rank),log10(population),SCL-BPA2-BASE-R040,40.0,start,0.0,6.74981052782244,-0.5432923168598752,,,
curve_endpoint,Urban Scaling,Zipf,BASE,,,,,,,log10(rank),log10(population),SCL-BPA2-BASE-R040,40.0,end,2.6057668914195107,5.33411739618638,-0.5432923168598752,,,
curve_endpoint,Urban Scaling,Zipf,BASE,,,,,,,log10(rank),log10(population),SCL-BPA2-BASE-R041,41.0,start,0.0,6.148841801146036,-0.2157540270924683,,,
curve_endpoint,Urban Scaling,Zipf,BASE,,,,,,,log10(rank),log10(population),SCL-BPA2-BASE-R041,41.0,end,2.6057668914195107,5.586637100658053,-0.2157540270924683,,,
curve_endpoint,Urban Scaling,Zipf,BASE,,,,,,,log10(rank),log10(population),SCL-BPA2-BASE-R042,42.0,start,0.0,6.423466715152523,-0.4786812287610371,,,
curve_endpoint,Urban Scaling,Zipf,BASE,,,,,,,log10(rank),log10(population),SCL-BPA2-BASE-R042,42.0,end,2.6057668914195107,5.176135017703004,-0.4786812287610371,,,
curve_endpoint,Urban Scaling,Zipf,BASE,,,,,,,log10(rank),log10(population),SCL-BPA2-BASE-R043,43.0,start,0.0,7.197334400144833,-0.6402227959976844,,,
curve_endpoint,Urban Scaling,Zipf,BASE,,,,,,,log10(rank),log10(population),SCL-BPA2-BASE-R043,43.0,end,2.6057668914195107,5.529063035202039,-0.6402227959976844,,,
curve_endpoint,Urban Scaling,Zipf,BASE,,,,,,,log10(rank),log10(population),SCL-BPA2-BASE-R044,44.0,start,0.0,6.848964696292799,-0.5001742352312087,,,
curve_endpoint,Urban Scaling,Zipf,BASE,,,,,,,log10(rank),log10(population),SCL-BPA2-BASE-R044,44.0,end,2.6057668914195107,5.545627234186241,-0.5001742352312087,,,
curve_endpoint,Urban Scaling,Zipf,BASE,,,,,,,log10(rank),log10(population),SCL-BPA2-BASE-R045,45.0,start,0.0,6.803256672085908,-0.572621459957125,,,
curve_endpoint,Urban Scaling,Zipf,BASE,,,,,,,log10(rank),log10(population),SCL-BPA2-BASE-R045,45.0,end,2.6057668914195107,5.311138630413328,-0.572621459957125,,,
curve_endpoint,Urban Scaling,Zipf,BASE,,,,,,,log10(rank),log10(population),SCL-BPA2-BASE-R046,46.0,start,0.0,6.546203966288039,-0.5038464365981815,,,
curve_endpoint,Urban Scaling,Zipf,BASE,,,,,,,log10(rank),log10(population),SCL-BPA2-BASE-R046,46.0,end,2.6057668914195107,5.233297603440798,-0.5038464365981815,,,
curve_endpoint,Urban Scaling,Zipf,BASE,,,,,,,log10(rank),log10(population),SCL-BPA2-BASE-R048,48.0,start,0.0,7.112968169781843,-0.7056259481764167,,,
curve_endpoint,Urban Scaling,Zipf,BASE,,,,,,,log10(rank),log10(population),SCL-BPA2-BASE-R048,48.0,end,2.6057668914195107,5.274271436297237,-0.7056259481764167,,,
curve_endpoint,Urban Scaling,Zipf,BASE,,,,,,,log10(rank),log10(population),SCL-BPA2-BASE-R049,49.0,start,0.0,6.59400362612864,-0.4929746901888845,,,
curve_endpoint,Urban Scaling,Zipf,BASE,,,,,,,log10(rank),log10(population),SCL-BPA2-BASE-R049,49.0,end,2.6057668914195107,5.309426500126655,-0.4929746901888845,,,
curve_endpoint,Urban Scaling,Zipf,BASE,,,,,,,log10(rank),log10(population),SCL-BPA2-BASE-R050,50.0,start,0.0,6.600827784155047,-0.3646205538257692,,,
curve_endpoint,Urban Scaling,Zipf,BASE,,,,,,,log10(rank),log10(population),SCL-BPA2-BASE-R050,50.0,end,2.6057668914195107,5.650711617064813,-0.3646205538257692,,,
curve_endpoint,Urban Scaling,Zipf,BASE,,,,,,,log10(rank),log10(population),SCL-BPA2-BASE-R051,51.0,start,0.0,6.5836702955904824,-0.3812744881681852,,,
curve_endpoint,Urban Scaling,Zipf,BASE,,,,,,,log10(rank),log10(population),SCL-BPA2-BASE-R051,51.0,end,2.6057668914195107,5.590157857778906,-0.3812744881681852,,,
curve_endpoint,Urban Scaling,Zipf,BASE,,,,,,,log10(rank),log10(population),SCL-BPA2-BASE-R052,52.0,start,0.0,6.499977022830924,-0.4549889207210327,,,
curve_endpoint,Urban Scaling,Zipf,BASE,,,,,,,log10(rank),log10(population),SCL-BPA2-BASE-R052,52.0,end,2.6057668914195107,5.31438195725336,-0.4549889207210327,,,
curve_endpoint,Urban Scaling,Zipf,BASE,,,,,,,log10(rank),log10(population),SCL-BPA2-BASE-R053,53.0,start,0.0,6.8712625368421865,-0.6041281413469165,,,
curve_endpoint,Urban Scaling,Zipf,BASE,,,,,,,log10(rank),log10(population),SCL-BPA2-BASE-R053,53.0,end,2.6057668914195107,5.2970454279455845,-0.6041281413469165,,,
curve_endpoint,Urban Scaling,Zipf,BASE,,,,,,,log10(rank),log10(population),SCL-BPA2-BASE-R054,54.0,start,0.0,6.338356099647701,-0.4182459805888256,,,
curve_endpoint,Urban Scaling,Zipf,BASE,,,,,,,log10(rank),log10(population),SCL-BPA2-BASE-R054,54.0,end,2.6057668914195107,5.248504570960052,-0.4182459805888256,,,
curve_endpoint,Urban Scaling,Zipf,BASE,,,,,,,log10(rank),log10(population),SCL-BPA2-BASE-R055,55.0,start,0.0,6.79922033706895,-0.6255292294832836,,,
curve_endpoint,Urban Scaling,Zipf,BASE,,,,,,,log10(rank),log10(population),SCL-BPA2-BASE-R055,55.0,end,2.6057668914195107,5.169236981266252,-0.6255292294832836,,,
curve_endpoint,Urban Scaling,Zipf,BASE,,,,,,,log10(rank),log10(population),SCL-BPA2-BASE-R056,56.0,start,0.0,6.940766879523982,-0.5605606110229382,,,
curve_endpoint,Urban Scaling,Zipf,BASE,,,,,,,log10(rank),log10(population),SCL-BPA2-BASE-R056,56.0,end,2.6057668914195107,5.4800765986865185,-0.5605606110229382,,,
curve_endpoint,Urban Scaling,Zipf,BASE,,,,,,,log10(rank),log10(population),SCL-BPA2-BASE-R057,57.0,start,0.0,6.9580287084315975,-0.6265023812565691,,,
curve_endpoint,Urban Scaling,Zipf,BASE,,,,,,,log10(rank),log10(population),SCL-BPA2-BASE-R057,57.0,end,2.6057668914195107,5.325509545957746,-0.6265023812565691,,,
curve_endpoint,Urban Scaling,Zipf,BASE,,,,,,,log10(rank),log10(population),SCL-BPA2-BASE-R058,58.0,start,0.0,6.610141607225686,-0.4330618578072401,,,
curve_endpoint,Urban Scaling,Zipf,BASE,,,,,,,log10(rank),log10(population),SCL-BPA2-BASE-R058,58.0,end,2.6057668914195107,5.481683356214956,-0.4330618578072401,,,
curve_endpoint,Urban Scaling,Zipf,BASE,,,,,,,log10(rank),log10(population),SCL-BPA2-BASE-R059,59.0,start,0.0,6.3623226402981246,-0.4847218590507004,,,
curve_endpoint,Urban Scaling,Zipf,BASE,,,,,,,log10(rank),log10(population),SCL-BPA2-BASE-R059,59.0,end,2.6057668914195107,5.0992504684364945,-0.4847218590507004,,,
curve_endpoint,Urban Scaling,Zipf,BASE,,,,,,,log10(rank),log10(population),SCL-BPA2-BASE-R060,60.0,start,0.0,6.7463134234756685,-0.5234372055441199,,,
curve_endpoint,Urban Scaling,Zipf,BASE,,,,,,,log10(rank),log10(population),SCL-BPA2-BASE-R060,60.0,end,2.6057668914195107,5.382358083531652,-0.5234372055441199,,,
curve_endpoint,Urban Scaling,Zipf,BASE,,,,,,,log10(rank),log10(population),SCL-BPA2-BASE-R061,61.0,start,0.0,6.693546644820525,-0.3137195490338386,,,
curve_endpoint,Urban Scaling,Zipf,BASE,,,,,,,log10(rank),log10(population),SCL-BPA2-BASE-R061,61.0,end,2.6057668914195107,5.876066630757088,-0.3137195490338386,,,
curve_endpoint,Urban Scaling,Zipf,BASE,,,,,,,log10(rank),log10(population),SCL-BPA2-BASE-R062,62.0,start,0.0,6.9683516843464295,-0.6734063465446769,,,
curve_endpoint,Urban Scaling,Zipf,BASE,,,,,,,log10(rank),log10(population),SCL-BPA2-BASE-R062,62.0,end,2.6057668914195107,5.213611722048538,-0.6734063465446769,,,
curve_endpoint,Urban Scaling,Zipf,BASE,,,,,,,log10(rank),log10(population),SCL-BPA2-BASE-R063,63.0,start,0.0,7.085194358890228,-0.6384731278418261,,,
curve_endpoint,Urban Scaling,Zipf,BASE,,,,,,,log10(rank),log10(population),SCL-BPA2-BASE-R063,63.0,end,2.6057668914195107,5.421482221298941,-0.6384731278418261,,,
curve_endpoint,Urban Scaling,Zipf,BASE,,,,,,,log10(rank),log10(population),SCL-BPA2-BASE-R064,64.0,start,0.0,6.516418678529042,-0.5106525560003541,,,
curve_endpoint,Urban Scaling,Zipf,BASE,,,,,,,log10(rank),log10(population),SCL-BPA2-BASE-R064,64.0,end,2.6057668914195107,5.185777155084572,-0.5106525560003541,,,
curve_endpoint,Urban Scaling,Zipf,BASE,,,,,,,log10(rank),log10(population),SCL-BPA2-BASE-R065,65.0,start,0.0,6.470787917233689,-0.4006461216103044,,,
curve_endpoint,Urban Scaling,Zipf,BASE,,,,,,,log10(rank),log10(population),SCL-BPA2-BASE-R065,65.0,end,2.6057668914195107,5.426797518365923,-0.4006461216103044,,,
curve_endpoint,Urban Scaling,Zipf,BASE,,,,,,,log10(rank),log10(population),SCL-BPA2-BASE-R066,66.0,start,0.0,6.686698369398729,-0.4691755117055024,,,
curve_endpoint,Urban Scaling,Zipf,BASE,,,,,,,log10(rank),log10(population),SCL-BPA2-BASE-R066,66.0,end,2.6057668914195107,5.464136354731724,-0.4691755117055024,,,
curve_endpoint,Urban Scaling,Zipf,BASE,,,,,,,log10(rank),log10(population),SCL-BPA2-BASE-R067,67.0,start,0.0,6.868908019831397,-0.5715260516749004,,,
curve_endpoint,Urban Scaling,Zipf,BASE,,,,,,,log10(rank),log10(population),SCL-BPA2-BASE-R067,67.0,end,2.6057668914195107,5.379644356793225,-0.5715260516749004,,,
curve_endpoint,Urban Scaling,Zipf,BASE,,,,,,,log10(rank),log10(population),SCL-BPA2-BASE-R068,68.0,start,0.0,6.252319648995503,-0.3357990155114098,,,
curve_endpoint,Urban Scaling,Zipf,BASE,,,,,,,log10(rank),log10(population),SCL-BPA2-BASE-R068,68.0,end,2.6057668914195107,5.377305692204604,-0.3357990155114098,,,
curve_endpoint,Urban Scaling,Zipf,BASE,,,,,,,log10(rank),log10(population),SCL-BPA2-BASE-R069,69.0,start,0.0,6.625270412609565,-0.3034491648870963,,,
curve_endpoint,Urban Scaling,Zipf,BASE,,,,,,,log10(rank),log10(population),SCL-BPA2-BASE-R069,69.0,end,2.6057668914195107,5.83455262551787,-0.3034491648870963,,,
curve_endpoint,Urban Scaling,Zipf,BASE,,,,,,,log10(rank),log10(population),SCL-BPA2-BASE-R070,70.0,start,0.0,6.607458409900482,-0.5634912263263538,,,
curve_endpoint,Urban Scaling,Zipf,BASE,,,,,,,log10(rank),log10(population),SCL-BPA2-BASE-R070,70.0,end,2.6057668914195107,5.139131628733891,-0.5634912263263538,,,
curve_endpoint,Urban Scaling,Zipf,BASE,,,,,,,log10(rank),log10(population),SCL-BPA2-BASE-R071,71.0,start,0.0,6.646600324715222,-0.4654984024640387,,,
curve_endpoint,Urban Scaling,Zipf,BASE,,,,,,,log10(rank),log10(population),SCL-BPA2-BASE-R071,71.0,end,2.6057668914195107,5.433619999565756,-0.4654984024640387,,,
curve_endpoint,Urban Scaling,Zipf,BASE,,,,,,,log10(rank),log10(population),SCL-BPA2-BASE-R072,72.0,start,0.0,6.574288165900529,-0.3886134147557272,,,
curve_endpoint,Urban Scaling,Zipf,BASE,,,,,,,log10(rank),log10(population),SCL-BPA2-BASE-R072,72.0,end,2.6057668914195107,5.561652196168576,-0.3886134147557272,,,
curve_endpoint,Urban Scaling,Zipf,BASE,,,,,,,log10(rank),log10(population),SCL-BPA2-BASE-R073,73.0,start,0.0,6.749013721665222,-0.5397030354539033,,,
curve_endpoint,Urban Scaling,Zipf,BASE,,,,,,,log10(rank),log10(population),SCL-BPA2-BASE-R073,73.0,end,2.6057668914195107,5.34267342068083,-0.5397030354539033,,,
curve_endpoint,Urban Scaling,Zipf,BASE,,,,,,,log10(rank),log10(population),SCL-BPA2-BASE-R074,74.0,start,0.0,6.443369060920492,-0.4150803469954227,,,
curve_endpoint,Urban Scaling,Zipf,BASE,,,,,,,log10(rank),log10(population),SCL-BPA2-BASE-R074,74.0,end,2.6057668914195107,5.361766435440898,-0.4150803469954227,,,
curve_endpoint,Urban Scaling,Zipf,BASE,,,,,,,log10(rank),log10(population),SCL-BPA2-BASE-R075,75.0,start,0.0,6.587741006089304,-0.3616589869693599,,,
curve_endpoint,Urban Scaling,Zipf,BASE,,,,,,,log10(rank),log10(population),SCL-BPA2-BASE-R075,75.0,end,2.6057668914195107,5.645341991860225,-0.3616589869693599,,,
curve_endpoint,Urban Scaling,Zipf,BASE,,,,,,,log10(rank),log10(population),SCL-BPA2-BASE-R076,76.0,start,0.0,6.305155135395706,-0.4397759441005555,,,
curve_endpoint,Urban Scaling,Zipf,BASE,,,,,,,log10(rank),log10(population),SCL-BPA2-BASE-R076,76.0,end,2.6057668914195107,5.1592015406157214,-0.4397759441005555,,,
curve_endpoint,Urban Scaling,Zipf,BASE,,,,,,,log10(rank),log10(population),SCL-BPA2-BASE-R077,77.0,start,0.0,6.666903191881135,-0.596498476859588,,,
curve_endpoint,Urban Scaling,Zipf,BASE,,,,,,,log10(rank),log10(population),SCL-BPA2-BASE-R077,77.0,end,2.6057668914195107,5.112567210098253,-0.596498476859588,,,
curve_endpoint,Urban Scaling,Zipf,BASE,,,,,,,log10(rank),log10(population),SCL-BPA2-BASE-R078,78.0,start,0.0,6.381564659320804,-0.3853539997354002,,,
curve_endpoint,Urban Scaling,Zipf,BASE,,,,,,,log10(rank),log10(population),SCL-BPA2-BASE-R078,78.0,end,2.6057668914195107,5.377421965334215,-0.3853539997354002,,,
curve_endpoint,Urban Scaling,Zipf,BASE,,,,,,,log10(rank),log10(population),SCL-BPA2-BASE-R079,79.0,start,0.0,6.6941985746693975,-0.5637763551818923,,,
curve_endpoint,Urban Scaling,Zipf,BASE,,,,,,,log10(rank),log10(population),SCL-BPA2-BASE-R079,79.0,end,2.6057668914195107,5.2251288141712555,-0.5637763551818923,,,
curve_endpoint,Urban Scaling,Zipf,BASE,,,,,,,log10(rank),log10(population),SCL-BPA2-BASE-R080,80.0,start,0.0,6.902299748162928,-0.5927041560398522,,,
curve_endpoint,Urban Scaling,Zipf,BASE,,,,,,,log10(rank),log10(population),SCL-BPA2-BASE-R080,80.0,end,2.6057668914195107,5.357850881947538,-0.5927041560398522,,,
curve_endpoint,Urban Scaling,Zipf,BASE,,,,,,,log10(rank),log10(population),SCL-BPA2-BASE-R081,81.0,start,0.0,6.37496282428647,-0.3807000307381566,,,
curve_endpoint,Urban Scaling,Zipf,BASE,,,,,,,log10(rank),log10(population),SCL-BPA2-BASE-R081,81.0,end,2.6057668914195107,5.382947288626592,-0.3807000307381566,,,
curve_endpoint,Urban Scaling,Zipf,BASE,,,,,,,log10(rank),log10(population),SCL-BPA2-BASE-R082,82.0,start,0.0,6.791583285836406,-0.6254213509563991,,,
curve_endpoint,Urban Scaling,Zipf,BASE,,,,,,,log10(rank),log10(population),SCL-BPA2-BASE-R082,82.0,end,2.6057668914195107,5.161881036327359,-0.6254213509563991,,,
curve_endpoint,Urban Scaling,Zipf,BASE,,,,,,,log10(rank),log10(population),SCL-BPA2-BASE-R083,83.0,start,0.0,6.524568536372073,-0.475816658138171,,,
curve_endpoint,Urban Scaling,Zipf,BASE,,,,,,,log10(rank),log10(population),SCL-BPA2-BASE-R083,83.0,end,2.6057668914195107,5.284701242209752,-0.475816658138171,,,
curve_endpoint,Urban Scaling,Zipf,BASE,,,,,,,log10(rank),log10(population),SCL-BPA2-BASE-R084,84.0,start,0.0,6.5748814679281695,-0.4935742190083234,,,
curve_endpoint,Urban Scaling,Zipf,BASE,,,,,,,log10(rank),log10(population),SCL-BPA2-BASE-R084,84.0,end,2.6057668914195107,5.288742109578039,-0.4935742190083234,,,
curve_endpoint,Urban Scaling,Zipf,BASE,,,,,,,log10(rank),log10(population),SCL-BPA2-BASE-R085,85.0,start,0.0,6.618132535550514,-0.5699600816496572,,,
curve_endpoint,Urban Scaling,Zipf,BASE,,,,,,,log10(rank),log10(population),SCL-BPA2-BASE-R085,85.0,end,2.6057668914195107,5.132949425357077,-0.5699600816496572,,,
curve_endpoint,Urban Scaling,Zipf,BASE,,,,,,,log10(rank),log10(population),SCL-BPA2-BASE-R086,86.0,start,0.0,6.561589614805286,-0.3787070932435714,,,
curve_endpoint,Urban Scaling,Zipf,BASE,,,,,,,log10(rank),log10(population),SCL-BPA2-BASE-R086,86.0,end,2.6057668914195107,5.574767209685466,-0.3787070932435714,,,
curve_endpoint,Urban Scaling,Zipf,BASE,,,,,,,log10(rank),log10(population),SCL-BPA2-BASE-R087,87.0,start,0.0,7.105515621721581,-0.5416168363090988,,,
curve_endpoint,Urban Scaling,Zipf,BASE,,,,,,,log10(rank),log10(population),SCL-BPA2-BASE-R087,87.0,end,2.6057668914195107,5.69418840183195,-0.5416168363090988,,,
curve_endpoint,Urban Scaling,Zipf,BASE,,,,,,,log10(rank),log10(population),SCL-BPA2-BASE-R088,88.0,start,0.0,6.187182955637953,-0.2848606565066442,,,
curve_endpoint,Urban Scaling,Zipf,BASE,,,,,,,log10(rank),log10(population),SCL-BPA2-BASE-R088,88.0,end,2.6057668914195107,5.444902488244914,-0.2848606565066442,,,
curve_endpoint,Urban Scaling,Zipf,BASE,,,,,,,log10(rank),log10(population),SCL-BPA2-BASE-R089,89.0,start,0.0,6.594064721071718,-0.4378289831433242,,,
curve_endpoint,Urban Scaling,Zipf,BASE,,,,,,,log10(rank),log10(population),SCL-BPA2-BASE-R089,89.0,end,2.6057668914195107,5.453184452692973,-0.4378289831433242,,,
curve_endpoint,Urban Scaling,Zipf,BASE,,,,,,,log10(rank),log10(population),SCL-BPA2-BASE-R090,90.0,start,0.0,6.339777139086431,-0.3051941680916037,,,
curve_endpoint,Urban Scaling,Zipf,BASE,,,,,,,log10(rank),log10(population),SCL-BPA2-BASE-R090,90.0,end,2.6057668914195107,5.544512280419009,-0.3051941680916037,,,
curve_endpoint,Urban Scaling,Zipf,BASE,,,,,,,log10(rank),log10(population),SCL-BPA2-BASE-R091,91.0,start,0.0,6.663625956749095,-0.5595938211335203,,,
curve_endpoint,Urban Scaling,Zipf,BASE,,,,,,,log10(rank),log10(population),SCL-BPA2-BASE-R091,91.0,end,2.6057668914195107,5.205454904996435,-0.5595938211335203,,,
curve_endpoint,Urban Scaling,Zipf,BASE,,,,,,,log10(rank),log10(population),SCL-BPA2-BASE-R092,92.0,start,0.0,6.431865910788134,-0.3187799856867906,,,
curve_endpoint,Urban Scaling,Zipf,BASE,,,,,,,log10(rank),log10(population),SCL-BPA2-BASE-R092,92.0,end,2.6057668914195107,5.601199578438309,-0.3187799856867906,,,
curve_endpoint,Urban Scaling,Zipf,BASE,,,,,,,log10(rank),log10(population),SCL-BPA2-BASE-R093,93.0,start,0.0,6.330098562396363,-0.311555619363254,,,
curve_endpoint,Urban Scaling,Zipf,BASE,,,,,,,log10(rank),log10(population),SCL-BPA2-BASE-R093,93.0,end,2.6057668914195107,5.5182572446238956,-0.311555619363254,,,
curve_endpoint,Urban Scaling,Zipf,BASE,,,,,,,log10(rank),log10(population),SCL-BPA2-BASE-R094,94.0,start,0.0,6.732096286210372,-0.6210782751693031,,,
curve_endpoint,Urban Scaling,Zipf,BASE,,,,,,,log10(rank),log10(population),SCL-BPA2-BASE-R094,94.0,end,2.6057668914195107,5.113711079794266,-0.6210782751693031,,,
curve_endpoint,Urban Scaling,Zipf,BASE,,,,,,,log10(rank),log10(population),SCL-BPA2-BASE-R095,95.0,start,0.0,6.756910286184223,-0.541834444221337,,,
curve_endpoint,Urban Scaling,Zipf,BASE,,,,,,,log10(rank),log10(population),SCL-BPA2-BASE-R095,95.0,end,2.6057668914195107,5.345016030801571,-0.541834444221337,,,
curve_endpoint,Urban Scaling,Zipf,BASE,,,,,,,log10(rank),log10(population),SCL-BPA2-BASE-R096,96.0,start,0.0,6.843662844280569,-0.3369476742404593,,,
curve_endpoint,Urban Scaling,Zipf,BASE,,,,,,,log10(rank),log10(population),SCL-BPA2-BASE-R096,96.0,end,2.6057668914195107,5.965655750603974,-0.3369476742404593,,,
curve_endpoint,Urban Scaling,Zipf,BASE,,,,,,,log10(rank),log10(population),SCL-BPA2-BASE-R097,97.0,start,0.0,6.401890294303177,-0.3507070181223132,,,
curve_endpoint,Urban Scaling,Zipf,BASE,,,,,,,log10(rank),log10(population),SCL-BPA2-BASE-R097,97.0,end,2.6057668914195107,5.488029557891592,-0.3507070181223132,,,
curve_endpoint,Urban Scaling,Zipf,BASE,,,,,,,log10(rank),log10(population),SCL-BPA2-BASE-R098,98.0,start,0.0,6.507533100880928,-0.4648450309653451,,,
curve_endpoint,Urban Scaling,Zipf,BASE,,,,,,,log10(rank),log10(population),SCL-BPA2-BASE-R098,98.0,end,2.6057668914195107,5.2962553095505545,-0.4648450309653451,,,
curve_endpoint,Urban Scaling,Zipf,BASE,,,,,,,log10(rank),log10(population),SCL-BPA2-BASE-R099,99.0,start,0.0,6.753260328839258,-0.5783386579420002,,,
curve_endpoint,Urban Scaling,Zipf,BASE,,,,,,,log10(rank),log10(population),SCL-BPA2-BASE-R099,99.0,end,2.6057668914195107,5.2462446019460005,-0.5783386579420002,,,
curve_endpoint,Urban Scaling,Zipf,BASE,,,,,,,log10(rank),log10(population),SCL-BPA2-BASE-R100,100.0,start,0.0,6.54710961507659,-0.4013143921535242,,,
curve_endpoint,Urban Scaling,Zipf,BASE,,,,,,,log10(rank),log10(population),SCL-BPA2-BASE-R100,100.0,end,2.6057668914195107,5.50137785895279,-0.4013143921535242,,,
curve_endpoint,Urban Scaling,Zipf,FULL,,,,,,,log10(rank),log10(population),SCL-BPA2-FULL-R001,1.0,start,0.0,8.458634826221516,-1.9116487576280248,,,
curve_endpoint,Urban Scaling,Zipf,FULL,,,,,,,log10(rank),log10(population),SCL-BPA2-FULL-R001,1.0,end,2.6057668914195107,3.4773237855711674,-1.9116487576280248,,,
curve_endpoint,Urban Scaling,Zipf,FULL,,,,,,,log10(rank),log10(population),SCL-BPA2-FULL-R002,2.0,start,0.0,7.830065893982478,-1.3642925166745583,,,
curve_endpoint,Urban Scaling,Zipf,FULL,,,,,,,log10(rank),log10(population),SCL-BPA2-FULL-R002,2.0,end,2.6057668914195107,4.275037623820513,-1.3642925166745583,,,
curve_endpoint,Urban Scaling,Zipf,FULL,,,,,,,log10(rank),log10(population),SCL-BPA2-FULL-R003,3.0,start,0.0,8.409792442924422,-2.037430601199898,,,
curve_endpoint,Urban Scaling,Zipf,FULL,,,,,,,log10(rank),log10(population),SCL-BPA2-FULL-R003,3.0,end,2.6057668914195107,3.1007232387527788,-2.037430601199898,,,
curve_endpoint,Urban Scaling,Zipf,FULL,,,,,,,log10(rank),log10(population),SCL-BPA2-FULL-R004,4.0,start,0.0,8.17826348303831,-1.551960764441147,,,
curve_endpoint,Urban Scaling,Zipf,FULL,,,,,,,log10(rank),log10(population),SCL-BPA2-FULL-R004,4.0,end,2.6057668914195107,4.134215506275454,-1.551960764441147,,,
curve_endpoint,Urban Scaling,Zipf,FULL,,,,,,,log10(rank),log10(population),SCL-BPA2-FULL-R005,5.0,start,0.0,7.484375862375784,-1.231411409213638,,,
curve_endpoint,Urban Scaling,Zipf,FULL,,,,,,,log10(rank),log10(population),SCL-BPA2-FULL-R005,5.0,end,2.6057668914195107,4.275604782530643,-1.231411409213638,,,
curve_endpoint,Urban Scaling,Zipf,FULL,,,,,,,log10(rank),log10(population),SCL-BPA2-FULL-R006,6.0,start,0.0,8.165081727734757,-1.624538946924967,,,
curve_endpoint,Urban Scaling,Zipf,FULL,,,,,,,log10(rank),log10(population),SCL-BPA2-FULL-R006,6.0,end,2.6057668914195107,3.931911926016161,-1.624538946924967,,,
curve_endpoint,Urban Scaling,Zipf,FULL,,,,,,,log10(rank),log10(population),SCL-BPA2-FULL-R007,7.0,start,0.0,8.228193075877623,-1.9140057364516103,,,
curve_endpoint,Urban Scaling,Zipf,FULL,,,,,,,log10(rank),log10(population),SCL-BPA2-FULL-R007,7.0,end,2.6057668914195107,3.240740297845,-1.9140057364516103,,,
curve_endpoint,Urban Scaling,Zipf,FULL,,,,,,,log10(rank),log10(population),SCL-BPA2-FULL-R008,8.0,start,0.0,7.560708185678211,-1.5235172912786117,,,
curve_endpoint,Urban Scaling,Zipf,FULL,,,,,,,log10(rank),log10(population),SCL-BPA2-FULL-R008,8.0,end,2.6057668914195107,3.5907772695592692,-1.5235172912786117,,,
curve_endpoint,Urban Scaling,Zipf,FULL,,,,,,,log10(rank),log10(population),SCL-BPA2-FULL-R009,9.0,start,0.0,8.313219759882507,-1.7374527386661405,,,
curve_endpoint,Urban Scaling,Zipf,FULL,,,,,,,log10(rank),log10(population),SCL-BPA2-FULL-R009,9.0,end,2.6057668914195107,3.7858229380601234,-1.7374527386661405,,,
curve_endpoint,Urban Scaling,Zipf,FULL,,,,,,,log10(rank),log10(population),SCL-BPA2-FULL-R010,10.0,start,0.0,7.551472524489911,-1.3716000797001162,,,
curve_endpoint,Urban Scaling,Zipf,FULL,,,,,,,log10(rank),log10(population),SCL-BPA2-FULL-R010,10.0,end,2.6057668914195107,3.9774024485389856,-1.3716000797001162,,,
curve_endpoint,Urban Scaling,Zipf,FULL,,,,,,,log10(rank),log10(population),SCL-BPA2-FULL-R011,11.0,start,0.0,8.158129804366025,-1.547537804638869,,,
curve_endpoint,Urban Scaling,Zipf,FULL,,,,,,,log10(rank),log10(population),SCL-BPA2-FULL-R011,11.0,end,2.6057668914195107,4.125607029818025,-1.547537804638869,,,
curve_endpoint,Urban Scaling,Zipf,FULL,,,,,,,log10(rank),log10(population),SCL-BPA2-FULL-R012,12.0,start,0.0,8.329719691998177,-1.9091987890072224,,,
curve_endpoint,Urban Scaling,Zipf,FULL,,,,,,,log10(rank),log10(population),SCL-BPA2-FULL-R012,12.0,end,2.6057668914195107,3.3547926984649323,-1.9091987890072224,,,
curve_endpoint,Urban Scaling,Zipf,FULL,,,,,,,log10(rank),log10(population),SCL-BPA2-FULL-R013,13.0,start,0.0,8.16721973392525,-1.8995246124756,,,
curve_endpoint,Urban Scaling,Zipf,FULL,,,,,,,log10(rank),log10(population),SCL-BPA2-FULL-R013,13.0,end,2.6057668914195107,3.217501389299856,-1.8995246124756,,,
curve_endpoint,Urban Scaling,Zipf,FULL,,,,,,,log10(rank),log10(population),SCL-BPA2-FULL-R014,14.0,start,0.0,8.22254559852618,-1.884862122498464,,,
curve_endpoint,Urban Scaling,Zipf,FULL,,,,,,,log10(rank),log10(population),SCL-BPA2-FULL-R014,14.0,end,2.6057668914195107,3.3110342848289767,-1.884862122498464,,,
curve_endpoint,Urban Scaling,Zipf,FULL,,,,,,,log10(rank),log10(population),SCL-BPA2-FULL-R015,15.0,start,0.0,7.328867709098207,-1.1194716313071231,,,
curve_endpoint,Urban Scaling,Zipf,FULL,,,,,,,log10(rank),log10(population),SCL-BPA2-FULL-R015,15.0,end,2.6057668914195107,4.411785596354715,-1.1194716313071231,,,
curve_endpoint,Urban Scaling,Zipf,FULL,,,,,,,log10(rank),log10(population),SCL-BPA2-FULL-R016,16.0,start,0.0,7.313121007376845,-1.2209951458151185,,,
curve_endpoint,Urban Scaling,Zipf,FULL,,,,,,,log10(rank),log10(population),SCL-BPA2-FULL-R016,16.0,end,2.6057668914195107,4.131492281827871,-1.2209951458151185,,,
curve_endpoint,Urban Scaling,Zipf,FULL,,,,,,,log10(rank),log10(population),SCL-BPA2-FULL-R017,17.0,start,0.0,8.225115672597893,-1.68947262159543,,,
curve_endpoint,Urban Scaling,Zipf,FULL,,,,,,,log10(rank),log10(population),SCL-BPA2-FULL-R017,17.0,end,2.6057668914195107,3.822743851284797,-1.68947262159543,,,
curve_endpoint,Urban Scaling,Zipf,FULL,,,,,,,log10(rank),log10(population),SCL-BPA2-FULL-R018,18.0,start,0.0,8.575245978232598,-2.3946829945139627,,,
curve_endpoint,Urban Scaling,Zipf,FULL,,,,,,,log10(rank),log10(population),SCL-BPA2-FULL-R018,18.0,end,2.6057668914195107,2.335260315682783,-2.3946829945139627,,,
curve_endpoint,Urban Scaling,Zipf,FULL,,,,,,,log10(rank),log10(population),SCL-BPA2-FULL-R019,19.0,start,0.0,7.927964418447892,-1.6744121157899434,,,
curve_endpoint,Urban Scaling,Zipf,FULL,,,,,,,log10(rank),log10(population),SCL-BPA2-FULL-R019,19.0,end,2.6057668914195107,3.5648367645307646,-1.6744121157899434,,,
curve_endpoint,Urban Scaling,Zipf,FULL,,,,,,,log10(rank),log10(population),SCL-BPA2-FULL-R020,20.0,start,0.0,8.254032757277688,-1.751338850267582,,,
curve_endpoint,Urban Scaling,Zipf,FULL,,,,,,,log10(rank),log10(population),SCL-BPA2-FULL-R020,20.0,end,2.6057668914195107,3.690451965593712,-1.751338850267582,,,
curve_endpoint,Urban Scaling,Zipf,FULL,,,,,,,log10(rank),log10(population),SCL-BPA2-FULL-R021,21.0,start,0.0,7.562434834631708,-1.2876858102920823,,,
curve_endpoint,Urban Scaling,Zipf,FULL,,,,,,,log10(rank),log10(population),SCL-BPA2-FULL-R021,21.0,end,2.6057668914195107,4.207025783621895,-1.2876858102920823,,,
curve_endpoint,Urban Scaling,Zipf,FULL,,,,,,,log10(rank),log10(population),SCL-BPA2-FULL-R022,22.0,start,0.0,7.749661251711463,-1.5264061972368794,,,
curve_endpoint,Urban Scaling,Zipf,FULL,,,,,,,log10(rank),log10(population),SCL-BPA2-FULL-R022,22.0,end,2.6057668914195107,3.7722025200940426,-1.5264061972368794,,,
curve_endpoint,Urban Scaling,Zipf,FULL,,,,,,,log10(rank),log10(population),SCL-BPA2-FULL-R023,23.0,start,0.0,7.927648071491257,-1.5779029653828245,,,
curve_endpoint,Urban Scaling,Zipf,FULL,,,,,,,log10(rank),log10(population),SCL-BPA2-FULL-R023,23.0,end,2.6057668914195107,3.816000766424026,-1.5779029653828245,,,
curve_endpoint,Urban Scaling,Zipf,FULL,,,,,,,log10(rank),log10(population),SCL-BPA2-FULL-R024,24.0,start,0.0,7.977370053737303,-1.4570562201229975,,,
curve_endpoint,Urban Scaling,Zipf,FULL,,,,,,,log10(rank),log10(population),SCL-BPA2-FULL-R024,24.0,end,2.6057668914195107,4.180621196403937,-1.4570562201229975,,,
curve_endpoint,Urban Scaling,Zipf,FULL,,,,,,,log10(rank),log10(population),SCL-BPA2-FULL-R025,25.0,start,0.0,8.238655684738587,-1.3753736623501305,,,
curve_endpoint,Urban Scaling,Zipf,FULL,,,,,,,log10(rank),log10(population),SCL-BPA2-FULL-R025,25.0,end,2.6057668914195107,4.65475253205622,-1.3753736623501305,,,
curve_endpoint,Urban Scaling,Zipf,FULL,,,,,,,log10(rank),log10(population),SCL-BPA2-FULL-R026,26.0,start,0.0,8.279224749756123,-2.075800855190216,,,
curve_endpoint,Urban Scaling,Zipf,FULL,,,,,,,log10(rank),log10(population),SCL-BPA2-FULL-R026,26.0,end,2.6057668914195107,2.8701716081211526,-2.075800855190216,,,
curve_endpoint,Urban Scaling,Zipf,FULL,,,,,,,log10(rank),log10(population),SCL-BPA2-FULL-R027,27.0,start,0.0,8.00167005849934,-1.5417235959428397,,,
curve_endpoint,Urban Scaling,Zipf,FULL,,,,,,,log10(rank),log10(population),SCL-BPA2-FULL-R027,27.0,end,2.6057668914195107,3.9842977564712556,-1.5417235959428397,,,
curve_endpoint,Urban Scaling,Zipf,FULL,,,,,,,log10(rank),log10(population),SCL-BPA2-FULL-R028,28.0,start,0.0,7.9244944585882795,-1.479092563870567,,,
curve_endpoint,Urban Scaling,Zipf,FULL,,,,,,,log10(rank),log10(population),SCL-BPA2-FULL-R028,28.0,end,2.6057668914195107,4.070324026309558,-1.479092563870567,,,
curve_endpoint,Urban Scaling,Zipf,FULL,,,,,,,log10(rank),log10(population),SCL-BPA2-FULL-R029,29.0,start,0.0,7.881324333617261,-1.474087349927687,,,
curve_endpoint,Urban Scaling,Zipf,FULL,,,,,,,log10(rank),log10(population),SCL-BPA2-FULL-R029,29.0,end,2.6057668914195107,4.040196322115368,-1.474087349927687,,,
curve_endpoint,Urban Scaling,Zipf,FULL,,,,,,,log10(rank),log10(population),SCL-BPA2-FULL-R030,30.0,start,0.0,7.918768426317708,-1.3903824113580296,,,
curve_endpoint,Urban Scaling,Zipf,FULL,,,,,,,log10(rank),log10(population),SCL-BPA2-FULL-R030,30.0,end,2.6057668914195107,4.295755972388932,-1.3903824113580296,,,
curve_endpoint,Urban Scaling,Zipf,FULL,,,,,,,log10(rank),log10(population),SCL-BPA2-FULL-R031,31.0,start,0.0,7.689871667931698,-1.3635260143063133,,,
curve_endpoint,Urban Scaling,Zipf,FULL,,,,,,,log10(rank),log10(population),SCL-BPA2-FULL-R031,31.0,end,2.6057668914195107,4.1368407242631,-1.3635260143063133,,,
curve_endpoint,Urban Scaling,Zipf,FULL,,,,,,,log10(rank),log10(population),SCL-BPA2-FULL-R032,32.0,start,0.0,7.995162144499875,-1.586825508403095,,,
curve_endpoint,Urban Scaling,Zipf,FULL,,,,,,,log10(rank),log10(population),SCL-BPA2-FULL-R032,32.0,end,2.6057668914195107,3.860264772243157,-1.586825508403095,,,
curve_endpoint,Urban Scaling,Zipf,FULL,,,,,,,log10(rank),log10(population),SCL-BPA2-FULL-R033,33.0,start,0.0,8.34792371426387,-1.995140507379308,,,
curve_endpoint,Urban Scaling,Zipf,FULL,,,,,,,log10(rank),log10(population),SCL-BPA2-FULL-R033,33.0,end,2.6057668914195107,3.149052636404943,-1.995140507379308,,,
curve_endpoint,Urban Scaling,Zipf,FULL,,,,,,,log10(rank),log10(population),SCL-BPA2-FULL-R034,34.0,start,0.0,8.414325703720033,-2.006447573544324,,,
curve_endpoint,Urban Scaling,Zipf,FULL,,,,,,,log10(rank),log10(population),SCL-BPA2-FULL-R034,34.0,end,2.6057668914195107,3.185991047209221,-2.006447573544324,,,
curve_endpoint,Urban Scaling,Zipf,FULL,,,,,,,log10(rank),log10(population),SCL-BPA2-FULL-R035,35.0,start,0.0,7.9061237103192346,-1.5632615583955394,,,
curve_endpoint,Urban Scaling,Zipf,FULL,,,,,,,log10(rank),log10(population),SCL-BPA2-FULL-R035,35.0,end,2.6057668914195107,3.8326284988232704,-1.5632615583955394,,,
curve_endpoint,Urban Scaling,Zipf,FULL,,,,,,,log10(rank),log10(population),SCL-BPA2-FULL-R036,36.0,start,0.0,8.374419382488224,-1.412939842612909,,,
curve_endpoint,Urban Scaling,Zipf,FULL,,,,,,,log10(rank),log10(population),SCL-BPA2-FULL-R036,36.0,end,2.6057668914195107,4.69262752104001,-1.412939842612909,,,
curve_endpoint,Urban Scaling,Zipf,FULL,,,,,,,log10(rank),log10(population),SCL-BPA2-FULL-R037,37.0,start,0.0,7.751086168655877,-1.3074920658889235,,,
curve_endpoint,Urban Scaling,Zipf,FULL,,,,,,,log10(rank),log10(population),SCL-BPA2-FULL-R037,37.0,end,2.6057668914195107,4.344066632568823,-1.3074920658889235,,,
curve_endpoint,Urban Scaling,Zipf,FULL,,,,,,,log10(rank),log10(population),SCL-BPA2-FULL-R038,38.0,start,0.0,7.984967611722062,-1.5533185739023856,,,
curve_endpoint,Urban Scaling,Zipf,FULL,,,,,,,log10(rank),log10(population),SCL-BPA2-FULL-R038,38.0,end,2.6057668914195107,3.9373815000202557,-1.5533185739023856,,,
curve_endpoint,Urban Scaling,Zipf,FULL,,,,,,,log10(rank),log10(population),SCL-BPA2-FULL-R039,39.0,start,0.0,8.25984019001802,-1.5322021645183406,,,
curve_endpoint,Urban Scaling,Zipf,FULL,,,,,,,log10(rank),log10(population),SCL-BPA2-FULL-R039,39.0,end,2.6057668914195107,4.267278518754817,-1.5322021645183406,,,
curve_endpoint,Urban Scaling,Zipf,FULL,,,,,,,log10(rank),log10(population),SCL-BPA2-FULL-R040,40.0,start,0.0,7.997400114007394,-1.4711234430749185,,,
curve_endpoint,Urban Scaling,Zipf,FULL,,,,,,,log10(rank),log10(population),SCL-BPA2-FULL-R040,40.0,end,2.6057668914195107,4.163995352851695,-1.4711234430749185,,,
curve_endpoint,Urban Scaling,Zipf,FULL,,,,,,,log10(rank),log10(population),SCL-BPA2-FULL-R041,41.0,start,0.0,7.049802077223251,-0.9930895005922672,,,
curve_endpoint,Urban Scaling,Zipf,FULL,,,,,,,log10(rank),log10(population),SCL-BPA2-FULL-R041,41.0,end,2.6057668914195107,4.462042336363584,-0.9930895005922672,,,
curve_endpoint,Urban Scaling,Zipf,FULL,,,,,,,log10(rank),log10(population),SCL-BPA2-FULL-R042,42.0,start,0.0,7.585535321451008,-1.284950688825287,,,
curve_endpoint,Urban Scaling,Zipf,FULL,,,,,,,log10(rank),log10(population),SCL-BPA2-FULL-R042,42.0,end,2.6057668914195107,4.237253359403381,-1.284950688825287,,,
curve_endpoint,Urban Scaling,Zipf,FULL,,,,,,,log10(rank),log10(population),SCL-BPA2-FULL-R044,44.0,start,0.0,7.253198336250146,-1.001533631783982,,,
curve_endpoint,Urban Scaling,Zipf,FULL,,,,,,,log10(rank),log10(population),SCL-BPA2-FULL-R044,44.0,end,2.6057668914195107,4.643435157904307,-1.001533631783982,,,
curve_endpoint,Urban Scaling,Zipf,FULL,,,,,,,log10(rank),log10(population),SCL-BPA2-FULL-R045,45.0,start,0.0,8.217849622392414,-1.4234561818366356,,,
curve_endpoint,Urban Scaling,Zipf,FULL,,,,,,,log10(rank),log10(population),SCL-BPA2-FULL-R045,45.0,end,2.6057668914195107,4.508654632376078,-1.4234561818366356,,,
curve_endpoint,Urban Scaling,Zipf,FULL,,,,,,,log10(rank),log10(population),SCL-BPA2-FULL-R046,46.0,start,0.0,6.801919521278911,-0.8425818165463869,,,
curve_endpoint,Urban Scaling,Zipf,FULL,,,,,,,log10(rank),log10(population),SCL-BPA2-FULL-R046,46.0,end,2.6057668914195107,4.606347720410229,-0.8425818165463869,,,
curve_endpoint,Urban Scaling,Zipf,FULL,,,,,,,log10(rank),log10(population),SCL-BPA2-FULL-R047,47.0,start,0.0,8.014274027917008,-1.7144571848541503,,,
curve_endpoint,Urban Scaling,Zipf,FULL,,,,,,,log10(rank),log10(population),SCL-BPA2-FULL-R047,47.0,end,2.6057668914195107,3.5467982588677627,-1.7144571848541503,,,
curve_endpoint,Urban Scaling,Zipf,FULL,,,,,,,log10(rank),log10(population),SCL-BPA2-FULL-R048,48.0,start,0.0,7.439965800440501,-1.1240414031142678,,,
curve_endpoint,Urban Scaling,Zipf,FULL,,,,,,,log10(rank),log10(population),SCL-BPA2-FULL-R048,48.0,end,2.6057668914195107,4.510975927620611,-1.1240414031142678,,,
curve_endpoint,Urban Scaling,Zipf,FULL,,,,,,,log10(rank),log10(population),SCL-BPA2-FULL-R049,49.0,start,0.0,7.796030971325745,-1.6113709353401555,,,
curve_endpoint,Urban Scaling,Zipf,FULL,,,,,,,log10(rank),log10(population),SCL-BPA2-FULL-R049,49.0,end,2.6057668914195107,3.5971739382206787,-1.6113709353401555,,,
curve_endpoint,Urban Scaling,Zipf,FULL,,,,,,,log10(rank),log10(population),SCL-BPA2-FULL-R050,50.0,start,0.0,7.496407837228273,-1.3376445770511642,,,
curve_endpoint,Urban Scaling,Zipf,FULL,,,,,,,log10(rank),log10(population),SCL-BPA2-FULL-R050,50.0,end,2.6057668914195107,4.010817885861495,-1.3376445770511642,,,
curve_endpoint,Urban Scaling,Zipf,FULL,,,,,,,log10(rank),log10(population),SCL-BPA2-FULL-R051,51.0,start,0.0,7.908962923801839,-1.5933834269417808,,,
curve_endpoint,Urban Scaling,Zipf,FULL,,,,,,,log10(rank),log10(population),SCL-BPA2-FULL-R051,51.0,end,2.6057668914195107,3.7569771445403886,-1.5933834269417808,,,
curve_endpoint,Urban Scaling,Zipf,FULL,,,,,,,log10(rank),log10(population),SCL-BPA2-FULL-R052,52.0,start,0.0,7.470046636973975,-1.1174130047354174,,,
curve_endpoint,Urban Scaling,Zipf,FULL,,,,,,,log10(rank),log10(population),SCL-BPA2-FULL-R052,52.0,end,2.6057668914195107,4.558328825192831,-1.1174130047354174,,,
curve_endpoint,Urban Scaling,Zipf,FULL,,,,,,,log10(rank),log10(population),SCL-BPA2-FULL-R053,53.0,start,0.0,7.776404559898385,-1.347934999497641,,,
curve_endpoint,Urban Scaling,Zipf,FULL,,,,,,,log10(rank),log10(population),SCL-BPA2-FULL-R053,53.0,end,2.6057668914195107,4.264000166421857,-1.347934999497641,,,
curve_endpoint,Urban Scaling,Zipf,FULL,,,,,,,log10(rank),log10(population),SCL-BPA2-FULL-R054,54.0,start,0.0,7.170337897369801,-0.9479525282384416,,,
curve_endpoint,Urban Scaling,Zipf,FULL,,,,,,,log10(rank),log10(population),SCL-BPA2-FULL-R054,54.0,end,2.6057668914195107,4.700194584648651,-0.9479525282384416,,,
curve_endpoint,Urban Scaling,Zipf,FULL,,,,,,,log10(rank),log10(population),SCL-BPA2-FULL-R055,55.0,start,0.0,7.735403778970962,-1.3560090970989114,,,
curve_endpoint,Urban Scaling,Zipf,FULL,,,,,,,log10(rank),log10(population),SCL-BPA2-FULL-R055,55.0,end,2.6057668914195107,4.201960169286955,-1.3560090970989114,,,
curve_endpoint,Urban Scaling,Zipf,FULL,,,,,,,log10(rank),log10(population),SCL-BPA2-FULL-R056,56.0,start,0.0,8.040049137874714,-1.925328540383992,,,
curve_endpoint,Urban Scaling,Zipf,FULL,,,,,,,log10(rank),log10(population),SCL-BPA2-FULL-R056,56.0,end,2.6057668914195107,3.023091772237055,-1.925328540383992,,,
curve_endpoint,Urban Scaling,Zipf,FULL,,,,,,,log10(rank),log10(population),SCL-BPA2-FULL-R057,57.0,start,0.0,7.868253837262782,-1.4772238728670306,,,
curve_endpoint,Urban Scaling,Zipf,FULL,,,,,,,log10(rank),log10(population),SCL-BPA2-FULL-R057,57.0,end,2.6057668914195107,4.018952778131369,-1.4772238728670306,,,
curve_endpoint,Urban Scaling,Zipf,FULL,,,,,,,log10(rank),log10(population),SCL-BPA2-FULL-R058,58.0,start,0.0,8.008686521313177,-1.5446039846442314,,,
curve_endpoint,Urban Scaling,Zipf,FULL,,,,,,,log10(rank),log10(population),SCL-BPA2-FULL-R058,58.0,end,2.6057668914195107,3.9838085977725872,-1.5446039846442314,,,
curve_endpoint,Urban Scaling,Zipf,FULL,,,,,,,log10(rank),log10(population),SCL-BPA2-FULL-R059,59.0,start,0.0,8.182709104250524,-1.7337628438579884,,,
curve_endpoint,Urban Scaling,Zipf,FULL,,,,,,,log10(rank),log10(population),SCL-BPA2-FULL-R059,59.0,end,2.6057668914195107,3.664927288152043,-1.7337628438579884,,,
curve_endpoint,Urban Scaling,Zipf,FULL,,,,,,,log10(rank),log10(population),SCL-BPA2-FULL-R060,60.0,start,0.0,7.743727916941062,-1.456877804095974,,,
curve_endpoint,Urban Scaling,Zipf,FULL,,,,,,,log10(rank),log10(population),SCL-BPA2-FULL-R060,60.0,end,2.6057668914195107,3.947443970183813,-1.456877804095974,,,
curve_endpoint,Urban Scaling,Zipf,FULL,,,,,,,log10(rank),log10(population),SCL-BPA2-FULL-R061,61.0,start,0.0,8.484711768995057,-1.9470082878340669,,,
curve_endpoint,Urban Scaling,Zipf,FULL,,,,,,,log10(rank),log10(population),SCL-BPA2-FULL-R061,61.0,end,2.6057668914195107,3.4112620352376557,-1.9470082878340669,,,
curve_endpoint,Urban Scaling,Zipf,FULL,,,,,,,log10(rank),log10(population),SCL-BPA2-FULL-R062,62.0,start,0.0,7.953798232450591,-1.7544221124018478,,,
curve_endpoint,Urban Scaling,Zipf,FULL,,,,,,,log10(rank),log10(population),SCL-BPA2-FULL-R062,62.0,end,2.6057668914195107,3.3821831783795764,-1.7544221124018478,,,
curve_endpoint,Urban Scaling,Zipf,FULL,,,,,,,log10(rank),log10(population),SCL-BPA2-FULL-R063,63.0,start,0.0,8.245563081621647,-1.7323880614088707,,,
curve_endpoint,Urban Scaling,Zipf,FULL,,,,,,,log10(rank),log10(population),SCL-BPA2-FULL-R063,63.0,end,2.6057668914195107,3.7313636281119824,-1.7323880614088707,,,
curve_endpoint,Urban Scaling,Zipf,FULL,,,,,,,log10(rank),log10(population),SCL-BPA2-FULL-R064,64.0,start,0.0,8.027432705382576,-1.5454637549046075,,,
curve_endpoint,Urban Scaling,Zipf,FULL,,,,,,,log10(rank),log10(population),SCL-BPA2-FULL-R064,64.0,end,2.6057668914195107,4.0003144209632735,-1.5454637549046075,,,
curve_endpoint,Urban Scaling,Zipf,FULL,,,,,,,log10(rank),log10(population),SCL-BPA2-FULL-R065,65.0,start,0.0,8.023772577668561,-1.8490777561515364,,,
curve_endpoint,Urban Scaling,Zipf,FULL,,,,,,,log10(rank),log10(population),SCL-BPA2-FULL-R065,65.0,end,2.6057668914195107,3.2055069810286088,-1.8490777561515364,,,
curve_endpoint,Urban Scaling,Zipf,FULL,,,,,,,log10(rank),log10(population),SCL-BPA2-FULL-R066,66.0,start,0.0,8.532902797353806,-1.558231688927813,,,
curve_endpoint,Urban Scaling,Zipf,FULL,,,,,,,log10(rank),log10(population),SCL-BPA2-FULL-R066,66.0,end,2.6057668914195107,4.472514253185005,-1.558231688927813,,,
curve_endpoint,Urban Scaling,Zipf,FULL,,,,,,,log10(rank),log10(population),SCL-BPA2-FULL-R067,67.0,start,0.0,8.096799729915764,-1.666326985899703,,,
curve_endpoint,Urban Scaling,Zipf,FULL,,,,,,,log10(rank),log10(population),SCL-BPA2-FULL-R067,67.0,end,2.6057668914195107,3.7547400397794526,-1.666326985899703,,,
curve_endpoint,Urban Scaling,Zipf,FULL,,,,,,,log10(rank),log10(population),SCL-BPA2-FULL-R068,68.0,start,0.0,8.454016712336488,-1.9801941156463736,,,
curve_endpoint,Urban Scaling,Zipf,FULL,,,,,,,log10(rank),log10(population),SCL-BPA2-FULL-R068,68.0,end,2.6057668914195107,3.294092447201429,-1.9801941156463736,,,
curve_endpoint,Urban Scaling,Zipf,FULL,,,,,,,log10(rank),log10(population),SCL-BPA2-FULL-R069,69.0,start,0.0,7.86080074432826,-1.6277887901053,,,
curve_endpoint,Urban Scaling,Zipf,FULL,,,,,,,log10(rank),log10(population),SCL-BPA2-FULL-R069,69.0,end,2.6057668914195107,3.619162608848046,-1.6277887901053,,,
curve_endpoint,Urban Scaling,Zipf,FULL,,,,,,,log10(rank),log10(population),SCL-BPA2-FULL-R070,70.0,start,0.0,7.908157239664565,-1.6271440264953891,,,
curve_endpoint,Urban Scaling,Zipf,FULL,,,,,,,log10(rank),log10(population),SCL-BPA2-FULL-R070,70.0,end,2.6057668914195107,3.6681992078518486,-1.6271440264953891,,,
curve_endpoint,Urban Scaling,Zipf,FULL,,,,,,,log10(rank),log10(population),SCL-BPA2-FULL-R071,71.0,start,0.0,8.443800449264124,-2.0227641192597705,,,
curve_endpoint,Urban Scaling,Zipf,FULL,,,,,,,log10(rank),log10(population),SCL-BPA2-FULL-R071,71.0,end,2.6057668914195107,3.1729486781456675,-2.0227641192597705,,,
curve_endpoint,Urban Scaling,Zipf,FULL,,,,,,,log10(rank),log10(population),SCL-BPA2-FULL-R072,72.0,start,0.0,8.122409316238409,-1.6432298720731289,,,
curve_endpoint,Urban Scaling,Zipf,FULL,,,,,,,log10(rank),log10(population),SCL-BPA2-FULL-R072,72.0,end,2.6057668914195107,3.8405353205987316,-1.6432298720731289,,,
curve_endpoint,Urban Scaling,Zipf,FULL,,,,,,,log10(rank),log10(population),SCL-BPA2-FULL-R073,73.0,start,0.0,7.864472907457063,-1.4319046021289263,,,
curve_endpoint,Urban Scaling,Zipf,FULL,,,,,,,log10(rank),log10(population),SCL-BPA2-FULL-R073,73.0,end,2.6057668914195107,4.13326330355828,-1.4319046021289263,,,
curve_endpoint,Urban Scaling,Zipf,FULL,,,,,,,log10(rank),log10(population),SCL-BPA2-FULL-R074,74.0,start,0.0,7.823162278489316,-1.3797466719293032,,,
curve_endpoint,Urban Scaling,Zipf,FULL,,,,,,,log10(rank),log10(population),SCL-BPA2-FULL-R074,74.0,end,2.6057668914195107,4.22786408222968,-1.3797466719293032,,,
curve_endpoint,Urban Scaling,Zipf,FULL,,,,,,,log10(rank),log10(population),SCL-BPA2-FULL-R075,75.0,start,0.0,8.03999424711877,-1.453724705308161,,,
curve_endpoint,Urban Scaling,Zipf,FULL,,,,,,,log10(rank),log10(population),SCL-BPA2-FULL-R075,75.0,end,2.6057668914195107,4.25192654078818,-1.453724705308161,,,
curve_endpoint,Urban Scaling,Zipf,FULL,,,,,,,log10(rank),log10(population),SCL-BPA2-FULL-R076,76.0,start,0.0,8.422368024923385,-1.5058199277718538,,,
curve_endpoint,Urban Scaling,Zipf,FULL,,,,,,,log10(rank),log10(population),SCL-BPA2-FULL-R076,76.0,end,2.6057668914195107,4.498552312695769,-1.5058199277718538,,,
curve_endpoint,Urban Scaling,Zipf,FULL,,,,,,,log10(rank),log10(population),SCL-BPA2-FULL-R077,77.0,start,0.0,8.125197074366945,-1.7455071722452304,,,
curve_endpoint,Urban Scaling,Zipf,FULL,,,,,,,log10(rank),log10(population),SCL-BPA2-FULL-R077,77.0,end,2.6057668914195107,3.5768122761950307,-1.7455071722452304,,,
curve_endpoint,Urban Scaling,Zipf,FULL,,,,,,,log10(rank),log10(population),SCL-BPA2-FULL-R078,78.0,start,0.0,6.76336583278745,-0.7924670309347607,,,
curve_endpoint,Urban Scaling,Zipf,FULL,,,,,,,log10(rank),log10(population),SCL-BPA2-FULL-R078,78.0,end,2.6057668914195107,4.69838148103613,-0.7924670309347607,,,
curve_endpoint,Urban Scaling,Zipf,FULL,,,,,,,log10(rank),log10(population),SCL-BPA2-FULL-R079,79.0,start,0.0,7.925842520206647,-1.716721788951744,,,
curve_endpoint,Urban Scaling,Zipf,FULL,,,,,,,log10(rank),log10(population),SCL-BPA2-FULL-R079,79.0,end,2.6057668914195107,3.45246572077772,-1.716721788951744,,,
curve_endpoint,Urban Scaling,Zipf,FULL,,,,,,,log10(rank),log10(population),SCL-BPA2-FULL-R080,80.0,start,0.0,7.6769314407664355,-1.4375330248752438,,,
curve_endpoint,Urban Scaling,Zipf,FULL,,,,,,,log10(rank),log10(population),SCL-BPA2-FULL-R080,80.0,end,2.6057668914195107,3.9310554792243844,-1.4375330248752438,,,
curve_endpoint,Urban Scaling,Zipf,FULL,,,,,,,log10(rank),log10(population),SCL-BPA2-FULL-R081,81.0,start,0.0,7.4082131901039245,-1.123058342067606,,,
curve_endpoint,Urban Scaling,Zipf,FULL,,,,,,,log10(rank),log10(population),SCL-BPA2-FULL-R081,81.0,end,2.6057668914195107,4.481784945211669,-1.123058342067606,,,
curve_endpoint,Urban Scaling,Zipf,FULL,,,,,,,log10(rank),log10(population),SCL-BPA2-FULL-R082,82.0,start,0.0,8.488276283144867,-2.100622819261881,,,
curve_endpoint,Urban Scaling,Zipf,FULL,,,,,,,log10(rank),log10(population),SCL-BPA2-FULL-R082,82.0,end,2.6057668914195107,3.014542889351946,-2.100622819261881,,,
curve_endpoint,Urban Scaling,Zipf,FULL,,,,,,,log10(rank),log10(population),SCL-BPA2-FULL-R083,83.0,start,0.0,6.776778670987545,-0.7953393537687454,,,
curve_endpoint,Urban Scaling,Zipf,FULL,,,,,,,log10(rank),log10(population),SCL-BPA2-FULL-R083,83.0,end,2.6057668914195107,4.704309715493959,-0.7953393537687454,,,
curve_endpoint,Urban Scaling,Zipf,FULL,,,,,,,log10(rank),log10(population),SCL-BPA2-FULL-R084,84.0,start,0.0,8.287372581680016,-1.356571425848229,,,
curve_endpoint,Urban Scaling,Zipf,FULL,,,,,,,log10(rank),log10(population),SCL-BPA2-FULL-R084,84.0,end,2.6057668914195107,4.752463674358943,-1.356571425848229,,,
curve_endpoint,Urban Scaling,Zipf,FULL,,,,,,,log10(rank),log10(population),SCL-BPA2-FULL-R085,85.0,start,0.0,8.192967955644644,-1.9395051168365869,,,
curve_endpoint,Urban Scaling,Zipf,FULL,,,,,,,log10(rank),log10(population),SCL-BPA2-FULL-R085,85.0,end,2.6057668914195107,3.139069736453136,-1.9395051168365869,,,
curve_endpoint,Urban Scaling,Zipf,FULL,,,,,,,log10(rank),log10(population),SCL-BPA2-FULL-R086,86.0,start,0.0,8.221902176171618,-1.83164563018634,,,
curve_endpoint,Urban Scaling,Zipf,FULL,,,,,,,log10(rank),log10(population),SCL-BPA2-FULL-R086,86.0,end,2.6057668914195107,3.449060636218829,-1.83164563018634,,,
curve_endpoint,Urban Scaling,Zipf,FULL,,,,,,,log10(rank),log10(population),SCL-BPA2-FULL-R087,87.0,start,0.0,7.40561543432775,-1.2266915695524871,,,
curve_endpoint,Urban Scaling,Zipf,FULL,,,,,,,log10(rank),log10(population),SCL-BPA2-FULL-R087,87.0,end,2.6057668914195107,4.209143156404445,-1.2266915695524871,,,
curve_endpoint,Urban Scaling,Zipf,FULL,,,,,,,log10(rank),log10(population),SCL-BPA2-FULL-R088,88.0,start,0.0,7.674812860536921,-1.431745831053958,,,
curve_endpoint,Urban Scaling,Zipf,FULL,,,,,,,log10(rank),log10(population),SCL-BPA2-FULL-R088,88.0,end,2.6057668914195107,3.9440169770486047,-1.431745831053958,,,
curve_endpoint,Urban Scaling,Zipf,FULL,,,,,,,log10(rank),log10(population),SCL-BPA2-FULL-R089,89.0,start,0.0,7.974146238734162,-1.7173752009966337,,,
curve_endpoint,Urban Scaling,Zipf,FULL,,,,,,,log10(rank),log10(population),SCL-BPA2-FULL-R089,89.0,end,2.6057668914195107,3.4990667998322067,-1.7173752009966337,,,
curve_endpoint,Urban Scaling,Zipf,FULL,,,,,,,log10(rank),log10(population),SCL-BPA2-FULL-R090,90.0,start,0.0,8.078738977691772,-1.7011725759797554,,,
curve_endpoint,Urban Scaling,Zipf,FULL,,,,,,,log10(rank),log10(population),SCL-BPA2-FULL-R090,90.0,end,2.6057668914195107,3.6458798026128836,-1.7011725759797554,,,
curve_endpoint,Urban Scaling,Zipf,FULL,,,,,,,log10(rank),log10(population),SCL-BPA2-FULL-R091,91.0,start,0.0,7.2527694479058775,-1.0740308405611647,,,
curve_endpoint,Urban Scaling,Zipf,FULL,,,,,,,log10(rank),log10(population),SCL-BPA2-FULL-R091,91.0,end,2.6057668914195107,4.454095443208127,-1.0740308405611647,,,
curve_endpoint,Urban Scaling,Zipf,FULL,,,,,,,log10(rank),log10(population),SCL-BPA2-FULL-R092,92.0,start,0.0,7.7326987318557565,-1.3623099280699873,,,
curve_endpoint,Urban Scaling,Zipf,FULL,,,,,,,log10(rank),log10(population),SCL-BPA2-FULL-R092,92.0,end,2.6057668914195107,4.182836625438888,-1.3623099280699873,,,
curve_endpoint,Urban Scaling,Zipf,FULL,,,,,,,log10(rank),log10(population),SCL-BPA2-FULL-R093,93.0,start,0.0,8.16108384417119,-1.5904353907993696,,,
curve_endpoint,Urban Scaling,Zipf,FULL,,,,,,,log10(rank),log10(population),SCL-BPA2-FULL-R093,93.0,end,2.6057668914195107,4.0167799598843414,-1.5904353907993696,,,
curve_endpoint,Urban Scaling,Zipf,FULL,,,,,,,log10(rank),log10(population),SCL-BPA2-FULL-R094,94.0,start,0.0,7.557440106350871,-1.2342368588317567,,,
curve_endpoint,Urban Scaling,Zipf,FULL,,,,,,,log10(rank),log10(population),SCL-BPA2-FULL-R094,94.0,end,2.6057668914195107,4.341306563437463,-1.2342368588317567,,,
curve_endpoint,Urban Scaling,Zipf,FULL,,,,,,,log10(rank),log10(population),SCL-BPA2-FULL-R095,95.0,start,0.0,6.596272805934227,-0.87227276889883,,,
curve_endpoint,Urban Scaling,Zipf,FULL,,,,,,,log10(rank),log10(population),SCL-BPA2-FULL-R095,95.0,end,2.6057668914195107,4.323333304450833,-0.87227276889883,,,
curve_endpoint,Urban Scaling,Zipf,FULL,,,,,,,log10(rank),log10(population),SCL-BPA2-FULL-R096,96.0,start,0.0,8.156489795624331,-1.865867818963676,,,
curve_endpoint,Urban Scaling,Zipf,FULL,,,,,,,log10(rank),log10(population),SCL-BPA2-FULL-R096,96.0,end,2.6057668914195107,3.294473209203652,-1.865867818963676,,,
curve_endpoint,Urban Scaling,Zipf,FULL,,,,,,,log10(rank),log10(population),SCL-BPA2-FULL-R097,97.0,start,0.0,8.064585621693746,-1.5558217329752753,,,
curve_endpoint,Urban Scaling,Zipf,FULL,,,,,,,log10(rank),log10(population),SCL-BPA2-FULL-R097,97.0,end,2.6057668914195107,4.010476860955848,-1.5558217329752753,,,
curve_endpoint,Urban Scaling,Zipf,FULL,,,,,,,log10(rank),log10(population),SCL-BPA2-FULL-R098,98.0,start,0.0,8.296314163813378,-1.1275092894442715,,,
curve_endpoint,Urban Scaling,Zipf,FULL,,,,,,,log10(rank),log10(population),SCL-BPA2-FULL-R098,98.0,end,2.6057668914195107,5.358287787611556,-1.1275092894442715,,,
curve_endpoint,Urban Scaling,Zipf,FULL,,,,,,,log10(rank),log10(population),SCL-BPA2-FULL-R099,99.0,start,0.0,8.067453169986422,-1.620222103917111,,,
curve_endpoint,Urban Scaling,Zipf,FULL,,,,,,,log10(rank),log10(population),SCL-BPA2-FULL-R099,99.0,end,2.6057668914195107,3.8455320548531535,-1.620222103917111,,,
curve_endpoint,Urban Scaling,Zipf,FULL,,,,,,,log10(rank),log10(population),SCL-BPA2-FULL-R100,100.0,start,0.0,7.97522927751754,-1.50297045274164,,,
curve_endpoint,Urban Scaling,Zipf,FULL,,,,,,,log10(rank),log10(population),SCL-BPA2-FULL-R100,100.0,end,2.6057668914195107,4.0588386329815815,-1.50297045274164,,,
curve_endpoint,Urban Scaling,Road,BASE,,,,,,,log10(population),log10(road),SCL-BPA2-BASE-R001,1.0,start,3.474355855226014,3.030379933808392,0.7000682188711878,,,
curve_endpoint,Urban Scaling,Road,BASE,,,,,,,log10(population),log10(road),SCL-BPA2-BASE-R001,1.0,end,7.817300674258532,6.07073757792434,0.7000682188711878,,,
curve_endpoint,Urban Scaling,Road,BASE,,,,,,,log10(population),log10(road),SCL-BPA2-BASE-R002,2.0,start,3.474355855226014,1.9124126275454778,0.962009732904944,,,
curve_endpoint,Urban Scaling,Road,BASE,,,,,,,log10(population),log10(road),SCL-BPA2-BASE-R002,2.0,end,7.817300674258532,6.09036781292386,0.962009732904944,,,
curve_endpoint,Urban Scaling,Road,BASE,,,,,,,log10(population),log10(road),SCL-BPA2-BASE-R003,3.0,start,3.474355855226014,1.8154316374208563,0.976848775741475,,,
curve_endpoint,Urban Scaling,Road,BASE,,,,,,,log10(population),log10(road),SCL-BPA2-BASE-R003,3.0,end,7.817300674258532,6.057831967005553,0.976848775741475,,,
curve_endpoint,Urban Scaling,Road,BASE,,,,,,,log10(population),log10(road),SCL-BPA2-BASE-R004,4.0,start,3.474355855226014,1.7948072057772217,0.9117488994557288,,,
curve_endpoint,Urban Scaling,Road,BASE,,,,,,,log10(population),log10(road),SCL-BPA2-BASE-R004,4.0,end,7.817300674258532,5.754482364927079,0.9117488994557288,,,
curve_endpoint,Urban Scaling,Road,BASE,,,,,,,log10(population),log10(road),SCL-BPA2-BASE-R005,5.0,start,3.474355855226014,2.340739450033912,0.8466578302477696,,,
curve_endpoint,Urban Scaling,Road,BASE,,,,,,,log10(population),log10(road),SCL-BPA2-BASE-R005,5.0,end,7.817300674258532,6.017727687401776,0.8466578302477696,,,
curve_endpoint,Urban Scaling,Road,BASE,,,,,,,log10(population),log10(road),SCL-BPA2-BASE-R006,6.0,start,3.474355855226014,1.8161569444418804,0.801552963317444,,,
curve_endpoint,Urban Scaling,Road,BASE,,,,,,,log10(population),log10(road),SCL-BPA2-BASE-R006,6.0,end,7.817300674258532,5.297257233661536,0.801552963317444,,,
curve_endpoint,Urban Scaling,Road,BASE,,,,,,,log10(population),log10(road),SCL-BPA2-BASE-R007,7.0,start,3.474355855226014,1.922198251366866,0.900310264137971,,,
curve_endpoint,Urban Scaling,Road,BASE,,,,,,,log10(population),log10(road),SCL-BPA2-BASE-R007,7.0,end,7.817300674258532,5.832196048526665,0.900310264137971,,,
curve_endpoint,Urban Scaling,Road,BASE,,,,,,,log10(population),log10(road),SCL-BPA2-BASE-R008,8.0,start,3.474355855226014,2.3030417067644255,0.7221505314589933,,,
curve_endpoint,Urban Scaling,Road,BASE,,,,,,,log10(population),log10(road),SCL-BPA2-BASE-R008,8.0,end,7.817300674258532,5.43930161592584,0.7221505314589933,,,
curve_endpoint,Urban Scaling,Road,BASE,,,,,,,log10(population),log10(road),SCL-BPA2-BASE-R009,9.0,start,3.474355855226014,2.581670229866721,0.5154453256742191,,,
curve_endpoint,Urban Scaling,Road,BASE,,,,,,,log10(population),log10(road),SCL-BPA2-BASE-R009,9.0,end,7.817300674258532,4.8202208364981,0.5154453256742191,,,
curve_endpoint,Urban Scaling,Road,BASE,,,,,,,log10(population),log10(road),SCL-BPA2-BASE-R010,10.0,start,3.474355855226014,2.168054048842727,0.7744796739670894,,,
curve_endpoint,Urban Scaling,Road,BASE,,,,,,,log10(population),log10(road),SCL-BPA2-BASE-R010,10.0,end,7.817300674258532,5.531576536344091,0.7744796739670894,,,
curve_endpoint,Urban Scaling,Road,BASE,,,,,,,log10(population),log10(road),SCL-BPA2-BASE-R011,11.0,start,3.474355855226014,2.1363616354857373,0.8977769563510067,,,
curve_endpoint,Urban Scaling,Road,BASE,,,,,,,log10(population),log10(road),SCL-BPA2-BASE-R011,11.0,end,7.817300674258532,6.035357416717124,0.8977769563510067,,,
curve_endpoint,Urban Scaling,Road,BASE,,,,,,,log10(population),log10(road),SCL-BPA2-BASE-R012,12.0,start,3.474355855226014,1.7648137380839668,0.9032888068171198,,,
curve_endpoint,Urban Scaling,Road,BASE,,,,,,,log10(population),log10(road),SCL-BPA2-BASE-R012,12.0,end,7.817300674258532,5.687747181740442,0.9032888068171198,,,
curve_endpoint,Urban Scaling,Road,BASE,,,,,,,log10(population),log10(road),SCL-BPA2-BASE-R013,13.0,start,3.474355855226014,2.3192421094177362,0.7559164639687599,,,
curve_endpoint,Urban Scaling,Road,BASE,,,,,,,log10(population),log10(road),SCL-BPA2-BASE-R013,13.0,end,7.817300674258532,5.602145600232243,0.7559164639687599,,,
curve_endpoint,Urban Scaling,Road,BASE,,,,,,,log10(population),log10(road),SCL-BPA2-BASE-R014,14.0,start,3.474355855226014,2.0052919369803344,1.0017484812800963,,,
curve_endpoint,Urban Scaling,Road,BASE,,,,,,,log10(population),log10(road),SCL-BPA2-BASE-R014,14.0,end,7.817300674258532,6.355830313729421,1.0017484812800963,,,
curve_endpoint,Urban Scaling,Road,BASE,,,,,,,log10(population),log10(road),SCL-BPA2-BASE-R015,15.0,start,3.474355855226014,1.3928259705543717,0.9816193146870996,,,
curve_endpoint,Urban Scaling,Road,BASE,,,,,,,log10(population),log10(road),SCL-BPA2-BASE-R015,15.0,end,7.817300674258532,5.655944487536961,0.9816193146870996,,,
curve_endpoint,Urban Scaling,Road,BASE,,,,,,,log10(population),log10(road),SCL-BPA2-BASE-R016,16.0,start,3.474355855226014,2.158946002128025,0.9731514701681792,,,
curve_endpoint,Urban Scaling,Road,BASE,,,,,,,log10(population),log10(road),SCL-BPA2-BASE-R016,16.0,end,7.817300674258532,6.385289137628797,0.9731514701681792,,,
curve_endpoint,Urban Scaling,Road,BASE,,,,,,,log10(population),log10(road),SCL-BPA2-BASE-R017,17.0,start,3.474355855226014,2.316183183172872,0.9035291530923442,,,
curve_endpoint,Urban Scaling,Road,BASE,,,,,,,log10(population),log10(road),SCL-BPA2-BASE-R017,17.0,end,7.817300674258532,6.240160437440108,0.9035291530923442,,,
curve_endpoint,Urban Scaling,Road,BASE,,,,,,,log10(population),log10(road),SCL-BPA2-BASE-R018,18.0,start,3.474355855226014,1.7453079350611613,0.941578226969622,,,
curve_endpoint,Urban Scaling,Road,BASE,,,,,,,log10(population),log10(road),SCL-BPA2-BASE-R018,18.0,end,7.817300674258532,5.834530217592705,0.941578226969622,,,
curve_endpoint,Urban Scaling,Road,BASE,,,,,,,log10(population),log10(road),SCL-BPA2-BASE-R019,19.0,start,3.474355855226014,2.180004307084364,0.7672066978735932,,,
curve_endpoint,Urban Scaling,Road,BASE,,,,,,,log10(population),log10(road),SCL-BPA2-BASE-R019,19.0,end,7.817300674258532,5.511940660741532,0.7672066978735932,,,
curve_endpoint,Urban Scaling,Road,BASE,,,,,,,log10(population),log10(road),SCL-BPA2-BASE-R020,20.0,start,3.474355855226014,2.20174926850131,0.7409803081575004,,,
curve_endpoint,Urban Scaling,Road,BASE,,,,,,,log10(population),log10(road),SCL-BPA2-BASE-R020,20.0,end,7.817300674258532,5.419785858819044,0.7409803081575004,,,
curve_endpoint,Urban Scaling,Road,BASE,,,,,,,log10(population),log10(road),SCL-BPA2-BASE-R021,21.0,start,3.474355855226014,2.6073020086047176,0.7102945087167873,,,
curve_endpoint,Urban Scaling,Road,BASE,,,,,,,log10(population),log10(road),SCL-BPA2-BASE-R021,21.0,end,7.817300674258532,5.692071865223537,0.7102945087167873,,,
curve_endpoint,Urban Scaling,Road,BASE,,,,,,,log10(population),log10(road),SCL-BPA2-BASE-R022,22.0,start,3.474355855226014,2.321913360413595,0.9440905320517626,,,
curve_endpoint,Urban Scaling,Road,BASE,,,,,,,log10(population),log10(road),SCL-BPA2-BASE-R022,22.0,end,7.817300674258532,6.42204644528545,0.9440905320517626,,,
curve_endpoint,Urban Scaling,Road,BASE,,,,,,,log10(population),log10(road),SCL-BPA2-BASE-R023,23.0,start,3.474355855226014,2.5087407210610437,0.7473899685982865,,,
curve_endpoint,Urban Scaling,Road,BASE,,,,,,,log10(population),log10(road),SCL-BPA2-BASE-R023,23.0,end,7.817300674258532,5.754614112981848,0.7473899685982865,,,
curve_endpoint,Urban Scaling,Road,BASE,,,,,,,log10(population),log10(road),SCL-BPA2-BASE-R024,24.0,start,3.474355855226014,1.6830351725742922,0.8698582706409174,,,
curve_endpoint,Urban Scaling,Road,BASE,,,,,,,log10(population),log10(road),SCL-BPA2-BASE-R024,24.0,end,7.817300674258532,5.46078164234685,0.8698582706409174,,,
curve_endpoint,Urban Scaling,Road,BASE,,,,,,,log10(population),log10(road),SCL-BPA2-BASE-R025,25.0,start,3.474355855226014,1.4394357204392465,1.1111986901885094,,,
curve_endpoint,Urban Scaling,Road,BASE,,,,,,,log10(population),log10(road),SCL-BPA2-BASE-R025,25.0,end,7.817300674258532,6.2653103149091525,1.1111986901885094,,,
curve_endpoint,Urban Scaling,Road,BASE,,,,,,,log10(population),log10(road),SCL-BPA2-BASE-R026,26.0,start,3.474355855226014,1.9493587846956684,0.7955150524733565,,,
curve_endpoint,Urban Scaling,Road,BASE,,,,,,,log10(population),log10(road),SCL-BPA2-BASE-R026,26.0,end,7.817300674258532,5.404236760297214,0.7955150524733565,,,
curve_endpoint,Urban Scaling,Road,BASE,,,,,,,log10(population),log10(road),SCL-BPA2-BASE-R027,27.0,start,3.474355855226014,1.279440465319977,0.953573063064539,,,
curve_endpoint,Urban Scaling,Road,BASE,,,,,,,log10(population),log10(road),SCL-BPA2-BASE-R027,27.0,end,7.817300674258532,5.420755659125086,0.953573063064539,,,
curve_endpoint,Urban Scaling,Road,BASE,,,,,,,log10(population),log10(road),SCL-BPA2-BASE-R028,28.0,start,3.474355855226014,1.9263288999867312,1.030904769445146,,,
curve_endpoint,Urban Scaling,Road,BASE,,,,,,,log10(population),log10(road),SCL-BPA2-BASE-R028,28.0,end,7.817300674258532,6.40349142736444,1.030904769445146,,,
curve_endpoint,Urban Scaling,Road,BASE,,,,,,,log10(population),log10(road),SCL-BPA2-BASE-R029,29.0,start,3.474355855226014,1.9072973663509778,0.7950728885750351,,,
curve_endpoint,Urban Scaling,Road,BASE,,,,,,,log10(population),log10(road),SCL-BPA2-BASE-R029,29.0,end,7.817300674258532,5.360255048541145,0.7950728885750351,,,
curve_endpoint,Urban Scaling,Road,BASE,,,,,,,log10(population),log10(road),SCL-BPA2-BASE-R030,30.0,start,3.474355855226014,1.3953586095209993,0.937325454087276,,,
curve_endpoint,Urban Scaling,Road,BASE,,,,,,,log10(population),log10(road),SCL-BPA2-BASE-R030,30.0,end,7.817300674258532,5.466111334096636,0.937325454087276,,,
curve_endpoint,Urban Scaling,Road,BASE,,,,,,,log10(population),log10(road),SCL-BPA2-BASE-R031,31.0,start,3.474355855226014,1.8246319063664287,0.9721152434062728,,,
curve_endpoint,Urban Scaling,Road,BASE,,,,,,,log10(population),log10(road),SCL-BPA2-BASE-R031,31.0,end,7.817300674258532,6.0464747662202365,0.9721152434062728,,,
curve_endpoint,Urban Scaling,Road,BASE,,,,,,,log10(population),log10(road),SCL-BPA2-BASE-R032,32.0,start,3.474355855226014,1.9298400433936636,0.7044530605392357,,,
curve_endpoint,Urban Scaling,Road,BASE,,,,,,,log10(population),log10(road),SCL-BPA2-BASE-R032,32.0,end,7.817300674258532,4.989240812914138,0.7044530605392357,,,
curve_endpoint,Urban Scaling,Road,BASE,,,,,,,log10(population),log10(road),SCL-BPA2-BASE-R033,33.0,start,3.474355855226014,2.5532040650566503,0.8924892788642212,,,
curve_endpoint,Urban Scaling,Road,BASE,,,,,,,log10(population),log10(road),SCL-BPA2-BASE-R033,33.0,end,7.817300674258532,6.429235754742088,0.8924892788642212,,,
curve_endpoint,Urban Scaling,Road,BASE,,,,,,,log10(population),log10(road),SCL-BPA2-BASE-R034,34.0,start,3.474355855226014,2.1905206141810054,0.9063809699408354,,,
curve_endpoint,Urban Scaling,Road,BASE,,,,,,,log10(population),log10(road),SCL-BPA2-BASE-R034,34.0,end,7.817300674258532,6.126883151655225,0.9063809699408354,,,
curve_endpoint,Urban Scaling,Road,BASE,,,,,,,log10(population),log10(road),SCL-BPA2-BASE-R035,35.0,start,3.474355855226014,1.7962268876917469,0.9800228289437902,,,
curve_endpoint,Urban Scaling,Road,BASE,,,,,,,log10(population),log10(road),SCL-BPA2-BASE-R035,35.0,end,7.817300674258532,6.052411955186772,0.9800228289437902,,,
curve_endpoint,Urban Scaling,Road,BASE,,,,,,,log10(population),log10(road),SCL-BPA2-BASE-R036,36.0,start,3.474355855226014,2.3873330879388,0.930597905761522,,,
curve_endpoint,Urban Scaling,Road,BASE,,,,,,,log10(population),log10(road),SCL-BPA2-BASE-R036,36.0,end,7.817300674258532,6.428868441368314,0.930597905761522,,,
curve_endpoint,Urban Scaling,Road,BASE,,,,,,,log10(population),log10(road),SCL-BPA2-BASE-R037,37.0,start,3.474355855226014,1.3814444528172438,0.95057119950863,,,
curve_endpoint,Urban Scaling,Road,BASE,,,,,,,log10(population),log10(road),SCL-BPA2-BASE-R037,37.0,end,7.817300674258532,5.509722718844773,0.95057119950863,,,
curve_endpoint,Urban Scaling,Road,BASE,,,,,,,log10(population),log10(road),SCL-BPA2-BASE-R038,38.0,start,3.474355855226014,1.8364507259006804,1.1179741787244564,,,
curve_endpoint,Urban Scaling,Road,BASE,,,,,,,log10(population),log10(road),SCL-BPA2-BASE-R038,38.0,end,7.817300674258532,6.691750893204192,1.1179741787244564,,,
curve_endpoint,Urban Scaling,Road,BASE,,,,,,,log10(population),log10(road),SCL-BPA2-BASE-R039,39.0,start,3.474355855226014,2.0890524058852162,0.9223471899153586,,,
curve_endpoint,Urban Scaling,Road,BASE,,,,,,,log10(population),log10(road),SCL-BPA2-BASE-R039,39.0,end,7.817300674258532,6.094755355677324,0.9223471899153586,,,
curve_endpoint,Urban Scaling,Road,BASE,,,,,,,log10(population),log10(road),SCL-BPA2-BASE-R040,40.0,start,3.474355855226014,1.5682896983469634,0.8528246419270169,,,
curve_endpoint,Urban Scaling,Road,BASE,,,,,,,log10(population),log10(road),SCL-BPA2-BASE-R040,40.0,end,7.817300674258532,5.272060058547163,0.8528246419270169,,,
curve_endpoint,Urban Scaling,Road,BASE,,,,,,,log10(population),log10(road),SCL-BPA2-BASE-R041,41.0,start,3.474355855226014,1.8144648534927286,0.8986067375508405,,,
curve_endpoint,Urban Scaling,Road,BASE,,,,,,,log10(population),log10(road),SCL-BPA2-BASE-R041,41.0,end,7.817300674258532,5.717064328686864,0.8986067375508405,,,
curve_endpoint,Urban Scaling,Road,BASE,,,,,,,log10(population),log10(road),SCL-BPA2-BASE-R042,42.0,start,3.474355855226014,1.6673550677784248,0.979451952826429,,,
curve_endpoint,Urban Scaling,Road,BASE,,,,,,,log10(population),log10(road),SCL-BPA2-BASE-R042,42.0,end,7.817300674258532,5.921060851797247,0.979451952826429,,,
curve_endpoint,Urban Scaling,Road,BASE,,,,,,,log10(population),log10(road),SCL-BPA2-BASE-R043,43.0,start,3.474355855226014,2.4491743989760812,0.8789945122431635,,,
curve_endpoint,Urban Scaling,Road,BASE,,,,,,,log10(population),log10(road),SCL-BPA2-BASE-R043,43.0,end,7.817300674258532,6.2665990618805445,0.8789945122431635,,,
curve_endpoint,Urban Scaling,Road,BASE,,,,,,,log10(population),log10(road),SCL-BPA2-BASE-R044,44.0,start,3.474355855226014,2.186680376404422,0.7528601730884312,,,
curve_endpoint,Urban Scaling,Road,BASE,,,,,,,log10(population),log10(road),SCL-BPA2-BASE-R044,44.0,end,7.817300674258532,5.456310564574749,0.7528601730884312,,,
curve_endpoint,Urban Scaling,Road,BASE,,,,,,,log10(population),log10(road),SCL-BPA2-BASE-R045,45.0,start,3.474355855226014,1.3366150514896409,0.8821890118625404,,,
curve_endpoint,Urban Scaling,Road,BASE,,,,,,,log10(population),log10(road),SCL-BPA2-BASE-R045,45.0,end,7.817300674258532,5.167913249965477,0.8821890118625404,,,
curve_endpoint,Urban Scaling,Road,BASE,,,,,,,log10(population),log10(road),SCL-BPA2-BASE-R046,46.0,start,3.474355855226014,1.6257847806743064,1.0271359507901408,,,
curve_endpoint,Urban Scaling,Road,BASE,,,,,,,log10(population),log10(road),SCL-BPA2-BASE-R046,46.0,end,7.817300674258532,6.0865795366003885,1.0271359507901408,,,
curve_endpoint,Urban Scaling,Road,BASE,,,,,,,log10(population),log10(road),SCL-BPA2-BASE-R048,48.0,start,3.474355855226014,1.5309011254065783,0.92887382732674,,,
curve_endpoint,Urban Scaling,Road,BASE,,,,,,,log10(population),log10(road),SCL-BPA2-BASE-R048,48.0,end,7.817300674258532,5.56494890133015,0.92887382732674,,,
curve_endpoint,Urban Scaling,Road,BASE,,,,,,,log10(population),log10(road),SCL-BPA2-BASE-R049,49.0,start,3.474355855226014,2.5556933704564244,0.7271136716917493,,,
curve_endpoint,Urban Scaling,Road,BASE,,,,,,,log10(population),log10(road),SCL-BPA2-BASE-R049,49.0,end,7.817300674258532,5.713507923777819,0.7271136716917493,,,
curve_endpoint,Urban Scaling,Road,BASE,,,,,,,log10(population),log10(road),SCL-BPA2-BASE-R050,50.0,start,3.474355855226014,2.2923473093900526,0.9308816421973628,,,
curve_endpoint,Urban Scaling,Road,BASE,,,,,,,log10(population),log10(road),SCL-BPA2-BASE-R050,50.0,end,7.817300674258532,6.335114914503571,0.9308816421973628,,,
curve_endpoint,Urban Scaling,Road,BASE,,,,,,,log10(population),log10(road),SCL-BPA2-BASE-R051,51.0,start,3.474355855226014,1.2537773957915834,1.1584524201475457,,,
curve_endpoint,Urban Scaling,Road,BASE,,,,,,,log10(population),log10(road),SCL-BPA2-BASE-R051,51.0,end,7.817300674258532,6.2848723319670485,1.1584524201475457,,,
curve_endpoint,Urban Scaling,Road,BASE,,,,,,,log10(population),log10(road),SCL-BPA2-BASE-R052,52.0,start,3.474355855226014,1.1252030615752024,0.968305360247074,,,
curve_endpoint,Urban Scaling,Road,BASE,,,,,,,log10(population),log10(road),SCL-BPA2-BASE-R052,52.0,end,7.817300674258532,5.330499809101649,0.968305360247074,,,
curve_endpoint,Urban Scaling,Road,BASE,,,,,,,log10(population),log10(road),SCL-BPA2-BASE-R053,53.0,start,3.474355855226014,2.747673918144291,0.7449156871671438,,,
curve_endpoint,Urban Scaling,Road,BASE,,,,,,,log10(population),log10(road),SCL-BPA2-BASE-R053,53.0,end,7.817300674258532,5.982801642342886,0.7449156871671438,,,
curve_endpoint,Urban Scaling,Road,BASE,,,,,,,log10(population),log10(road),SCL-BPA2-BASE-R054,54.0,start,3.474355855226014,1.945471553209802,0.8803306057015836,,,
curve_endpoint,Urban Scaling,Road,BASE,,,,,,,log10(population),log10(road),SCL-BPA2-BASE-R054,54.0,end,7.817300674258532,5.768698796277253,0.8803306057015836,,,
curve_endpoint,Urban Scaling,Road,BASE,,,,,,,log10(population),log10(road),SCL-BPA2-BASE-R055,55.0,start,3.474355855226014,1.8606954851875372,0.8557019540694698,,,
curve_endpoint,Urban Scaling,Road,BASE,,,,,,,log10(population),log10(road),SCL-BPA2-BASE-R055,55.0,end,7.817300674258532,5.576961853249543,0.8557019540694698,,,
curve_endpoint,Urban Scaling,Road,BASE,,,,,,,log10(population),log10(road),SCL-BPA2-BASE-R056,56.0,start,3.474355855226014,1.3476742726965232,0.9915041061689364,,,
curve_endpoint,Urban Scaling,Road,BASE,,,,,,,log10(population),log10(road),SCL-BPA2-BASE-R056,56.0,end,7.817300674258532,5.6537218936323725,0.9915041061689364,,,
curve_endpoint,Urban Scaling,Road,BASE,,,,,,,log10(population),log10(road),SCL-BPA2-BASE-R057,57.0,start,3.474355855226014,2.06085205446735,0.8170820914157093,,,
curve_endpoint,Urban Scaling,Road,BASE,,,,,,,log10(population),log10(road),SCL-BPA2-BASE-R057,57.0,end,7.817300674258532,5.609394490105459,0.8170820914157093,,,
curve_endpoint,Urban Scaling,Road,BASE,,,,,,,log10(population),log10(road),SCL-BPA2-BASE-R058,58.0,start,3.474355855226014,2.557701366756905,0.5897713445260089,,,
curve_endpoint,Urban Scaling,Road,BASE,,,,,,,log10(population),log10(road),SCL-BPA2-BASE-R058,58.0,end,7.817300674258532,5.119045771879977,0.5897713445260089,,,
curve_endpoint,Urban Scaling,Road,BASE,,,,,,,log10(population),log10(road),SCL-BPA2-BASE-R059,59.0,start,3.474355855226014,2.0303009385540194,0.7745055876146606,,,
curve_endpoint,Urban Scaling,Road,BASE,,,,,,,log10(population),log10(road),SCL-BPA2-BASE-R059,59.0,end,7.817300674258532,5.393935967596845,0.7745055876146606,,,
curve_endpoint,Urban Scaling,Road,BASE,,,,,,,log10(population),log10(road),SCL-BPA2-BASE-R060,60.0,start,3.474355855226014,1.7573392199192963,0.9981429897053824,,,
curve_endpoint,Urban Scaling,Road,BASE,,,,,,,log10(population),log10(road),SCL-BPA2-BASE-R060,60.0,end,7.817300674258532,6.092219145713915,0.9981429897053824,,,
curve_endpoint,Urban Scaling,Road,BASE,,,,,,,log10(population),log10(road),SCL-BPA2-BASE-R061,61.0,start,3.474355855226014,1.5921879108591708,0.8765324691372149,,,
curve_endpoint,Urban Scaling,Road,BASE,,,,,,,log10(population),log10(road),SCL-BPA2-BASE-R061,61.0,end,7.817300674258532,5.398920056412419,0.8765324691372149,,,
curve_endpoint,Urban Scaling,Road,BASE,,,,,,,log10(population),log10(road),SCL-BPA2-BASE-R062,62.0,start,3.474355855226014,1.3626976269004327,0.9636756082714308,,,
curve_endpoint,Urban Scaling,Road,BASE,,,,,,,log10(population),log10(road),SCL-BPA2-BASE-R062,62.0,end,7.817300674258532,5.547887617070852,0.9636756082714308,,,
curve_endpoint,Urban Scaling,Road,BASE,,,,,,,log10(population),log10(road),SCL-BPA2-BASE-R063,63.0,start,3.474355855226014,1.7945252568555925,0.7617256049109666,,,
curve_endpoint,Urban Scaling,Road,BASE,,,,,,,log10(population),log10(road),SCL-BPA2-BASE-R063,63.0,end,7.817300674258532,5.102657526228087,0.7617256049109666,,,
curve_endpoint,Urban Scaling,Road,BASE,,,,,,,log10(population),log10(road),SCL-BPA2-BASE-R064,64.0,start,3.474355855226014,2.4442445547017524,0.8316349012260242,,,
curve_endpoint,Urban Scaling,Road,BASE,,,,,,,log10(population),log10(road),SCL-BPA2-BASE-R064,64.0,end,7.817300674258532,6.055989040307935,0.8316349012260242,,,
curve_endpoint,Urban Scaling,Road,BASE,,,,,,,log10(population),log10(road),SCL-BPA2-BASE-R065,65.0,start,3.474355855226014,1.3835346008856915,1.1042135028584283,,,
curve_endpoint,Urban Scaling,Road,BASE,,,,,,,log10(population),log10(road),SCL-BPA2-BASE-R065,65.0,end,7.817300674258532,6.179072912230452,1.1042135028584283,,,
curve_endpoint,Urban Scaling,Road,BASE,,,,,,,log10(population),log10(road),SCL-BPA2-BASE-R066,66.0,start,3.474355855226014,1.7730827434458911,0.9741505590536012,,,
curve_endpoint,Urban Scaling,Road,BASE,,,,,,,log10(population),log10(road),SCL-BPA2-BASE-R066,66.0,end,7.817300674258532,6.0037648668453585,0.9741505590536012,,,
curve_endpoint,Urban Scaling,Road,BASE,,,,,,,log10(population),log10(road),SCL-BPA2-BASE-R067,67.0,start,3.474355855226014,2.1226298818047655,0.9511492044714286,,,
curve_endpoint,Urban Scaling,Road,BASE,,,,,,,log10(population),log10(road),SCL-BPA2-BASE-R067,67.0,end,7.817300674258532,6.253418391490857,0.9511492044714286,,,
curve_endpoint,Urban Scaling,Road,BASE,,,,,,,log10(population),log10(road),SCL-BPA2-BASE-R068,68.0,start,3.474355855226014,1.8063328180042648,0.975460116433568,,,
curve_endpoint,Urban Scaling,Road,BASE,,,,,,,log10(population),log10(road),SCL-BPA2-BASE-R068,68.0,end,7.817300674258532,6.042702276842285,0.975460116433568,,,
curve_endpoint,Urban Scaling,Road,BASE,,,,,,,log10(population),log10(road),SCL-BPA2-BASE-R069,69.0,start,3.474355855226014,1.7825311517353406,1.0166257849563225,,,
curve_endpoint,Urban Scaling,Road,BASE,,,,,,,log10(population),log10(road),SCL-BPA2-BASE-R069,69.0,end,7.817300674258532,6.197680837406267,1.0166257849563225,,,
curve_endpoint,Urban Scaling,Road,BASE,,,,,,,log10(population),log10(road),SCL-BPA2-BASE-R070,70.0,start,3.474355855226014,2.2546895717294633,0.7867332217121095,,,
curve_endpoint,Urban Scaling,Road,BASE,,,,,,,log10(population),log10(road),SCL-BPA2-BASE-R070,70.0,end,7.817300674258532,5.671428540924831,0.7867332217121095,,,
curve_endpoint,Urban Scaling,Road,BASE,,,,,,,log10(population),log10(road),SCL-BPA2-BASE-R071,71.0,start,3.474355855226014,2.238632621634614,0.71231467568897,,,
curve_endpoint,Urban Scaling,Road,BASE,,,,,,,log10(population),log10(road),SCL-BPA2-BASE-R071,71.0,end,7.817300674258532,5.332175951938854,0.71231467568897,,,
curve_endpoint,Urban Scaling,Road,BASE,,,,,,,log10(population),log10(road),SCL-BPA2-BASE-R072,72.0,start,3.474355855226014,2.232026715747941,0.8458008827549273,,,
curve_endpoint,Urban Scaling,Road,BASE,,,,,,,log10(population),log10(road),SCL-BPA2-BASE-R072,72.0,end,7.817300674258532,5.905293277441583,0.8458008827549273,,,
curve_endpoint,Urban Scaling,Road,BASE,,,,,,,log10(population),log10(road),SCL-BPA2-BASE-R073,73.0,start,3.474355855226014,1.2115227411965026,0.9573593789248436,,,
curve_endpoint,Urban Scaling,Road,BASE,,,,,,,log10(population),log10(road),SCL-BPA2-BASE-R073,73.0,end,7.817300674258532,5.369281695850342,0.9573593789248436,,,
curve_endpoint,Urban Scaling,Road,BASE,,,,,,,log10(population),log10(road),SCL-BPA2-BASE-R074,74.0,start,3.474355855226014,2.357583150875672,0.8868629366795813,,,
curve_endpoint,Urban Scaling,Road,BASE,,,,,,,log10(population),log10(road),SCL-BPA2-BASE-R074,74.0,end,7.817300674258532,6.209179946920223,0.8868629366795813,,,
curve_endpoint,Urban Scaling,Road,BASE,,,,,,,log10(population),log10(road),SCL-BPA2-BASE-R075,75.0,start,3.474355855226014,1.4636200808874398,0.91493281431292,,,
curve_endpoint,Urban Scaling,Road,BASE,,,,,,,log10(population),log10(road),SCL-BPA2-BASE-R075,75.0,end,7.817300674258532,5.437122806570577,0.91493281431292,,,
curve_endpoint,Urban Scaling,Road,BASE,,,,,,,log10(population),log10(road),SCL-BPA2-BASE-R076,76.0,start,3.474355855226014,2.4460588449381766,0.8493119592382617,,,
curve_endpoint,Urban Scaling,Road,BASE,,,,,,,log10(population),log10(road),SCL-BPA2-BASE-R076,76.0,end,7.817300674258532,6.134573818054343,0.8493119592382617,,,
curve_endpoint,Urban Scaling,Road,BASE,,,,,,,log10(population),log10(road),SCL-BPA2-BASE-R077,77.0,start,3.474355855226014,2.20370270123112,0.7101403859450075,,,
curve_endpoint,Urban Scaling,Road,BASE,,,,,,,log10(population),log10(road),SCL-BPA2-BASE-R077,77.0,end,7.817300674258532,5.287803211156743,0.7101403859450075,,,
curve_endpoint,Urban Scaling,Road,BASE,,,,,,,log10(population),log10(road),SCL-BPA2-BASE-R078,78.0,start,3.474355855226014,2.3254113943210273,0.6734530024515559,,,
curve_endpoint,Urban Scaling,Road,BASE,,,,,,,log10(population),log10(road),SCL-BPA2-BASE-R078,78.0,end,7.817300674258532,5.250180622179905,0.6734530024515559,,,
curve_endpoint,Urban Scaling,Road,BASE,,,,,,,log10(population),log10(road),SCL-BPA2-BASE-R079,79.0,start,3.474355855226014,2.0619165172144838,0.9859156868505266,,,
curve_endpoint,Urban Scaling,Road,BASE,,,,,,,log10(population),log10(road),SCL-BPA2-BASE-R079,79.0,end,7.817300674258532,6.343693941424865,0.9859156868505266,,,
curve_endpoint,Urban Scaling,Road,BASE,,,,,,,log10(population),log10(road),SCL-BPA2-BASE-R080,80.0,start,3.474355855226014,2.3299128589235063,0.6799003810249232,,,
curve_endpoint,Urban Scaling,Road,BASE,,,,,,,log10(population),log10(road),SCL-BPA2-BASE-R080,80.0,end,7.817300674258532,5.282682696153931,0.6799003810249232,,,
curve_endpoint,Urban Scaling,Road,BASE,,,,,,,log10(population),log10(road),SCL-BPA2-BASE-R081,81.0,start,3.474355855226014,1.817892849882611,0.835750197833343,,,
curve_endpoint,Urban Scaling,Road,BASE,,,,,,,log10(population),log10(road),SCL-BPA2-BASE-R081,81.0,end,7.817300674258532,5.447509841568331,0.835750197833343,,,
curve_endpoint,Urban Scaling,Road,BASE,,,,,,,log10(population),log10(road),SCL-BPA2-BASE-R082,82.0,start,3.474355855226014,2.127413701773286,0.8674627918864258,,,
curve_endpoint,Urban Scaling,Road,BASE,,,,,,,log10(population),log10(road),SCL-BPA2-BASE-R082,82.0,end,7.817300674258532,5.894756739499922,0.8674627918864258,,,
curve_endpoint,Urban Scaling,Road,BASE,,,,,,,log10(population),log10(road),SCL-BPA2-BASE-R083,83.0,start,3.474355855226014,1.2289982205802228,0.9757676409317112,,,
curve_endpoint,Urban Scaling,Road,BASE,,,,,,,log10(population),log10(road),SCL-BPA2-BASE-R083,83.0,end,7.817300674258532,5.46670324134418,0.9757676409317112,,,
curve_endpoint,Urban Scaling,Road,BASE,,,,,,,log10(population),log10(road),SCL-BPA2-BASE-R084,84.0,start,3.474355855226014,2.0810938862323756,0.6987087662377303,,,
curve_endpoint,Urban Scaling,Road,BASE,,,,,,,log10(population),log10(road),SCL-BPA2-BASE-R084,84.0,end,7.817300674258532,5.115547502577129,0.6987087662377303,,,
curve_endpoint,Urban Scaling,Road,BASE,,,,,,,log10(population),log10(road),SCL-BPA2-BASE-R085,85.0,start,3.474355855226014,2.1509510892390264,0.7488581609538774,,,
curve_endpoint,Urban Scaling,Road,BASE,,,,,,,log10(population),log10(road),SCL-BPA2-BASE-R085,85.0,end,7.817300674258532,5.403200759543887,0.7488581609538774,,,
curve_endpoint,Urban Scaling,Road,BASE,,,,,,,log10(population),log10(road),SCL-BPA2-BASE-R086,86.0,start,3.474355855226014,1.745855152377298,1.0305824637517813,,,
curve_endpoint,Urban Scaling,Road,BASE,,,,,,,log10(population),log10(road),SCL-BPA2-BASE-R086,86.0,end,7.817300674258532,6.221617923913864,1.0305824637517813,,,
curve_endpoint,Urban Scaling,Road,BASE,,,,,,,log10(population),log10(road),SCL-BPA2-BASE-R087,87.0,start,3.474355855226014,2.035942670274887,0.8934935205922077,,,
curve_endpoint,Urban Scaling,Road,BASE,,,,,,,log10(population),log10(road),SCL-BPA2-BASE-R087,87.0,end,7.817300674258532,5.9163357263699385,0.8934935205922077,,,
curve_endpoint,Urban Scaling,Road,BASE,,,,,,,log10(population),log10(road),SCL-BPA2-BASE-R088,88.0,start,3.474355855226014,1.4638545665219764,1.218396167625496,,,
curve_endpoint,Urban Scaling,Road,BASE,,,,,,,log10(population),log10(road),SCL-BPA2-BASE-R088,88.0,end,7.817300674258532,6.755281890240199,1.218396167625496,,,
curve_endpoint,Urban Scaling,Road,BASE,,,,,,,log10(population),log10(road),SCL-BPA2-BASE-R089,89.0,start,3.474355855226014,2.1981263585456245,0.9272351547591836,,,
curve_endpoint,Urban Scaling,Road,BASE,,,,,,,log10(population),log10(road),SCL-BPA2-BASE-R089,89.0,end,7.817300674258532,6.225057469931836,0.9272351547591836,,,
curve_endpoint,Urban Scaling,Road,BASE,,,,,,,log10(population),log10(road),SCL-BPA2-BASE-R090,90.0,start,3.474355855226014,1.6857243037573102,1.0391319170856486,,,
curve_endpoint,Urban Scaling,Road,BASE,,,,,,,log10(population),log10(road),SCL-BPA2-BASE-R090,90.0,end,7.817300674258532,6.198616879355755,1.0391319170856486,,,
curve_endpoint,Urban Scaling,Road,BASE,,,,,,,log10(population),log10(road),SCL-BPA2-BASE-R091,91.0,start,3.474355855226014,1.4218890430466367,0.976794251839358,,,
curve_endpoint,Urban Scaling,Road,BASE,,,,,,,log10(population),log10(road),SCL-BPA2-BASE-R091,91.0,end,7.817300674258532,5.664052578333122,0.976794251839358,,,
curve_endpoint,Urban Scaling,Road,BASE,,,,,,,log10(population),log10(road),SCL-BPA2-BASE-R092,92.0,start,3.474355855226014,1.6755313019402978,0.963171040379334,,,
curve_endpoint,Urban Scaling,Road,BASE,,,,,,,log10(population),log10(road),SCL-BPA2-BASE-R092,92.0,end,7.817300674258532,5.858529981597886,0.963171040379334,,,
curve_endpoint,Urban Scaling,Road,BASE,,,,,,,log10(population),log10(road),SCL-BPA2-BASE-R093,93.0,start,3.474355855226014,1.4858060619291589,1.139172333544602,,,
curve_endpoint,Urban Scaling,Road,BASE,,,,,,,log10(population),log10(road),SCL-BPA2-BASE-R093,93.0,end,7.817300674258532,6.433168645881871,1.139172333544602,,,
curve_endpoint,Urban Scaling,Road,BASE,,,,,,,log10(population),log10(road),SCL-BPA2-BASE-R094,94.0,start,3.474355855226014,2.4482289028675512,0.7995766598005392,,,
curve_endpoint,Urban Scaling,Road,BASE,,,,,,,log10(population),log10(road),SCL-BPA2-BASE-R094,94.0,end,7.817300674258532,5.92074621496763,0.7995766598005392,,,
curve_endpoint,Urban Scaling,Road,BASE,,,,,,,log10(population),log10(road),SCL-BPA2-BASE-R095,95.0,start,3.474355855226014,1.2408218828123116,1.007397727555123,,,
curve_endpoint,Urban Scaling,Road,BASE,,,,,,,log10(population),log10(road),SCL-BPA2-BASE-R095,95.0,end,7.817300674258532,5.615894624402965,1.007397727555123,,,
curve_endpoint,Urban Scaling,Road,BASE,,,,,,,log10(population),log10(road),SCL-BPA2-BASE-R096,96.0,start,3.474355855226014,2.296942993819313,0.7772414654972761,,,
curve_endpoint,Urban Scaling,Road,BASE,,,,,,,log10(population),log10(road),SCL-BPA2-BASE-R096,96.0,end,7.817300674258532,5.6724597895379505,0.7772414654972761,,,
curve_endpoint,Urban Scaling,Road,BASE,,,,,,,log10(population),log10(road),SCL-BPA2-BASE-R097,97.0,start,3.474355855226014,1.3704136925219417,0.9385205261670868,,,
curve_endpoint,Urban Scaling,Road,BASE,,,,,,,log10(population),log10(road),SCL-BPA2-BASE-R097,97.0,end,7.817300674258532,5.446356549194964,0.9385205261670868,,,
curve_endpoint,Urban Scaling,Road,BASE,,,,,,,log10(population),log10(road),SCL-BPA2-BASE-R098,98.0,start,3.474355855226014,1.784460226343795,0.8954400688018858,,,
curve_endpoint,Urban Scaling,Road,BASE,,,,,,,log10(population),log10(road),SCL-BPA2-BASE-R098,98.0,end,7.817300674258532,5.673307033901065,0.8954400688018858,,,
curve_endpoint,Urban Scaling,Road,BASE,,,,,,,log10(population),log10(road),SCL-BPA2-BASE-R099,99.0,start,3.474355855226014,2.285391739092742,0.7067450451995589,,,
curve_endpoint,Urban Scaling,Road,BASE,,,,,,,log10(population),log10(road),SCL-BPA2-BASE-R099,99.0,end,7.817300674258532,5.35474647151907,0.7067450451995589,,,
curve_endpoint,Urban Scaling,Road,BASE,,,,,,,log10(population),log10(road),SCL-BPA2-BASE-R100,100.0,start,3.474355855226014,2.004162158301645,0.9887202014108764,,,
curve_endpoint,Urban Scaling,Road,BASE,,,,,,,log10(population),log10(road),SCL-BPA2-BASE-R100,100.0,end,7.817300674258532,6.298119434491799,0.9887202014108764,,,
curve_endpoint,Urban Scaling,Road,FULL,,,,,,,log10(population),log10(road),SCL-BPA2-FULL-R001,1.0,start,3.474355855226014,2.289863807010606,0.7782518305566214,,,
curve_endpoint,Urban Scaling,Road,FULL,,,,,,,log10(population),log10(road),SCL-BPA2-FULL-R001,1.0,end,7.817300674258532,5.6697685624290575,0.7782518305566214,,,
curve_endpoint,Urban Scaling,Road,FULL,,,,,,,log10(population),log10(road),SCL-BPA2-FULL-R002,2.0,start,3.474355855226014,1.7637301550830702,0.8454447366883883,,,
curve_endpoint,Urban Scaling,Road,FULL,,,,,,,log10(population),log10(road),SCL-BPA2-FULL-R002,2.0,end,7.817300674258532,5.435449994062218,0.8454447366883883,,,
curve_endpoint,Urban Scaling,Road,FULL,,,,,,,log10(population),log10(road),SCL-BPA2-FULL-R003,3.0,start,3.474355855226014,2.399983850411653,0.6571866194815985,,,
curve_endpoint,Urban Scaling,Road,FULL,,,,,,,log10(population),log10(road),SCL-BPA2-FULL-R003,3.0,end,7.817300674258532,5.254109074626756,0.6571866194815985,,,
curve_endpoint,Urban Scaling,Road,FULL,,,,,,,log10(population),log10(road),SCL-BPA2-FULL-R004,4.0,start,3.474355855226014,0.7863874707335562,1.1900324870366903,,,
curve_endpoint,Urban Scaling,Road,FULL,,,,,,,log10(population),log10(road),SCL-BPA2-FULL-R004,4.0,end,7.817300674258532,5.954632894789932,1.1900324870366903,,,
curve_endpoint,Urban Scaling,Road,FULL,,,,,,,log10(population),log10(road),SCL-BPA2-FULL-R005,5.0,start,3.474355855226014,1.6063425123379291,0.8838847991998326,,,
curve_endpoint,Urban Scaling,Road,FULL,,,,,,,log10(population),log10(road),SCL-BPA2-FULL-R005,5.0,end,7.817300674258532,5.4450054216444395,0.8838847991998326,,,
curve_endpoint,Urban Scaling,Road,FULL,,,,,,,log10(population),log10(road),SCL-BPA2-FULL-R006,6.0,start,3.474355855226014,0.4487118109428197,1.0356302522585472,,,
curve_endpoint,Urban Scaling,Road,FULL,,,,,,,log10(population),log10(road),SCL-BPA2-FULL-R006,6.0,end,7.817300674258532,4.946396849422417,1.0356302522585472,,,
curve_endpoint,Urban Scaling,Road,FULL,,,,,,,log10(population),log10(road),SCL-BPA2-FULL-R007,7.0,start,3.474355855226014,2.4783637979734046,0.7506562384232189,,,
curve_endpoint,Urban Scaling,Road,FULL,,,,,,,log10(population),log10(road),SCL-BPA2-FULL-R007,7.0,end,7.817300674258532,5.738422419507962,0.7506562384232189,,,
curve_endpoint,Urban Scaling,Road,FULL,,,,,,,log10(population),log10(road),SCL-BPA2-FULL-R008,8.0,start,3.474355855226014,0.8798173936754018,1.0829888844415192,,,
curve_endpoint,Urban Scaling,Road,FULL,,,,,,,log10(population),log10(road),SCL-BPA2-FULL-R008,8.0,end,7.817300674258532,5.583178358430503,1.0829888844415192,,,
curve_endpoint,Urban Scaling,Road,FULL,,,,,,,log10(population),log10(road),SCL-BPA2-FULL-R009,9.0,start,3.474355855226014,1.8177067428311209,0.7848694733841922,,,
curve_endpoint,Urban Scaling,Road,FULL,,,,,,,log10(population),log10(road),SCL-BPA2-FULL-R009,9.0,end,7.817300674258532,5.226351555881779,0.7848694733841922,,,
curve_endpoint,Urban Scaling,Road,FULL,,,,,,,log10(population),log10(road),SCL-BPA2-FULL-R010,10.0,start,3.474355855226014,1.3347760587696471,0.9979831716774932,,,
curve_endpoint,Urban Scaling,Road,FULL,,,,,,,log10(population),log10(road),SCL-BPA2-FULL-R010,10.0,end,7.817300674258532,5.668961903688055,0.9979831716774932,,,
curve_endpoint,Urban Scaling,Road,FULL,,,,,,,log10(population),log10(road),SCL-BPA2-FULL-R011,11.0,start,3.474355855226014,2.010344741430313,0.7224379620472556,,,
curve_endpoint,Urban Scaling,Road,FULL,,,,,,,log10(population),log10(road),SCL-BPA2-FULL-R011,11.0,end,7.817300674258532,5.147852945775853,0.7224379620472556,,,
curve_endpoint,Urban Scaling,Road,FULL,,,,,,,log10(population),log10(road),SCL-BPA2-FULL-R012,12.0,start,3.474355855226014,2.0540345080882276,0.9077405202161696,,,
curve_endpoint,Urban Scaling,Road,FULL,,,,,,,log10(population),log10(road),SCL-BPA2-FULL-R012,12.0,end,7.817300674258532,5.996301497386924,0.9077405202161696,,,
curve_endpoint,Urban Scaling,Road,FULL,,,,,,,log10(population),log10(road),SCL-BPA2-FULL-R013,13.0,start,3.474355855226014,2.6568134864588897,0.8899306930518698,,,
curve_endpoint,Urban Scaling,Road,FULL,,,,,,,log10(population),log10(road),SCL-BPA2-FULL-R013,13.0,end,7.817300674258532,6.521733379146525,0.8899306930518698,,,
curve_endpoint,Urban Scaling,Road,FULL,,,,,,,log10(population),log10(road),SCL-BPA2-FULL-R014,14.0,start,3.474355855226014,1.6489110757634884,1.0212664405036698,,,
curve_endpoint,Urban Scaling,Road,FULL,,,,,,,log10(population),log10(road),SCL-BPA2-FULL-R014,14.0,end,7.817300674258532,6.084214872400683,1.0212664405036698,,,
curve_endpoint,Urban Scaling,Road,FULL,,,,,,,log10(population),log10(road),SCL-BPA2-FULL-R015,15.0,start,3.474355855226014,1.3568225828312295,0.89418546677829,,,
curve_endpoint,Urban Scaling,Road,FULL,,,,,,,log10(population),log10(road),SCL-BPA2-FULL-R015,15.0,end,7.817300674258532,5.240220723030177,0.89418546677829,,,
curve_endpoint,Urban Scaling,Road,FULL,,,,,,,log10(population),log10(road),SCL-BPA2-FULL-R016,16.0,start,3.474355855226014,1.1964618511505378,1.156395330523288,,,
curve_endpoint,Urban Scaling,Road,FULL,,,,,,,log10(population),log10(road),SCL-BPA2-FULL-R016,16.0,end,7.817300674258532,6.218622960600048,1.156395330523288,,,
curve_endpoint,Urban Scaling,Road,FULL,,,,,,,log10(population),log10(road),SCL-BPA2-FULL-R017,17.0,start,3.474355855226014,2.4005294895825773,0.6381059835985239,,,
curve_endpoint,Urban Scaling,Road,FULL,,,,,,,log10(population),log10(road),SCL-BPA2-FULL-R017,17.0,end,7.817300674258532,5.171788565045436,0.6381059835985239,,,
curve_endpoint,Urban Scaling,Road,FULL,,,,,,,log10(population),log10(road),SCL-BPA2-FULL-R018,18.0,start,3.474355855226014,1.8401348501667258,0.8106233088080061,,,
curve_endpoint,Urban Scaling,Road,FULL,,,,,,,log10(population),log10(road),SCL-BPA2-FULL-R018,18.0,end,7.817300674258532,5.360627149341453,0.8106233088080061,,,
curve_endpoint,Urban Scaling,Road,FULL,,,,,,,log10(population),log10(road),SCL-BPA2-FULL-R019,19.0,start,3.474355855226014,2.206330546225761,0.7507182104632055,,,
curve_endpoint,Urban Scaling,Road,FULL,,,,,,,log10(population),log10(road),SCL-BPA2-FULL-R019,19.0,end,7.817300674258532,5.4666583089103025,0.7507182104632055,,,
curve_endpoint,Urban Scaling,Road,FULL,,,,,,,log10(population),log10(road),SCL-BPA2-FULL-R020,20.0,start,3.474355855226014,2.184742450189443,0.684391395376889,,,
curve_endpoint,Urban Scaling,Road,FULL,,,,,,,log10(population),log10(road),SCL-BPA2-FULL-R020,20.0,end,7.817300674258532,5.1570165149319385,0.684391395376889,,,
curve_endpoint,Urban Scaling,Road,FULL,,,,,,,log10(population),log10(road),SCL-BPA2-FULL-R021,21.0,start,3.474355855226014,0.971805749231721,1.0091680101778642,,,
curve_endpoint,Urban Scaling,Road,FULL,,,,,,,log10(population),log10(road),SCL-BPA2-FULL-R021,21.0,end,7.817300674258532,5.354566730567032,1.0091680101778642,,,
curve_endpoint,Urban Scaling,Road,FULL,,,,,,,log10(population),log10(road),SCL-BPA2-FULL-R022,22.0,start,3.474355855226014,1.4822028368301874,0.964464445002196,,,
curve_endpoint,Urban Scaling,Road,FULL,,,,,,,log10(population),log10(road),SCL-BPA2-FULL-R022,22.0,end,7.817300674258532,5.670818701393547,0.964464445002196,,,
curve_endpoint,Urban Scaling,Road,FULL,,,,,,,log10(population),log10(road),SCL-BPA2-FULL-R023,23.0,start,3.474355855226014,1.4443335954814631,0.8942321143321573,,,
curve_endpoint,Urban Scaling,Road,FULL,,,,,,,log10(population),log10(road),SCL-BPA2-FULL-R023,23.0,end,7.817300674258532,5.3279343234328,0.8942321143321573,,,
curve_endpoint,Urban Scaling,Road,FULL,,,,,,,log10(population),log10(road),SCL-BPA2-FULL-R024,24.0,start,3.474355855226014,2.1743899153968256,0.6697373761757466,,,
curve_endpoint,Urban Scaling,Road,FULL,,,,,,,log10(population),log10(road),SCL-BPA2-FULL-R024,24.0,end,7.817300674258532,5.083022383371716,0.6697373761757466,,,
curve_endpoint,Urban Scaling,Road,FULL,,,,,,,log10(population),log10(road),SCL-BPA2-FULL-R025,25.0,start,3.474355855226014,1.5312897515575625,0.8595447702808521,,,
curve_endpoint,Urban Scaling,Road,FULL,,,,,,,log10(population),log10(road),SCL-BPA2-FULL-R025,25.0,end,7.817300674258532,5.264245258375285,0.8595447702808521,,,
curve_endpoint,Urban Scaling,Road,FULL,,,,,,,log10(population),log10(road),SCL-BPA2-FULL-R026,26.0,start,3.474355855226014,0.3630802003590932,1.2323173135658851,,,
curve_endpoint,Urban Scaling,Road,FULL,,,,,,,log10(population),log10(road),SCL-BPA2-FULL-R026,26.0,end,7.817300674258532,5.7149662927141245,1.2323173135658851,,,
curve_endpoint,Urban Scaling,Road,FULL,,,,,,,log10(population),log10(road),SCL-BPA2-FULL-R027,27.0,start,3.474355855226014,2.9926590837835496,0.4658905235562481,,,
curve_endpoint,Urban Scaling,Road,FULL,,,,,,,log10(population),log10(road),SCL-BPA2-FULL-R027,27.0,end,7.817300674258532,5.015995919298505,0.4658905235562481,,,
curve_endpoint,Urban Scaling,Road,FULL,,,,,,,log10(population),log10(road),SCL-BPA2-FULL-R028,28.0,start,3.474355855226014,1.8010294534192124,0.7698782824487369,,,
curve_endpoint,Urban Scaling,Road,FULL,,,,,,,log10(population),log10(road),SCL-BPA2-FULL-R028,28.0,end,7.817300674258532,5.144568351465607,0.7698782824487369,,,
curve_endpoint,Urban Scaling,Road,FULL,,,,,,,log10(population),log10(road),SCL-BPA2-FULL-R029,29.0,start,3.474355855226014,1.306151212614217,0.961571636217181,,,
curve_endpoint,Urban Scaling,Road,FULL,,,,,,,log10(population),log10(road),SCL-BPA2-FULL-R029,29.0,end,7.817300674258532,5.482203768252244,0.961571636217181,,,
curve_endpoint,Urban Scaling,Road,FULL,,,,,,,log10(population),log10(road),SCL-BPA2-FULL-R030,30.0,start,3.474355855226014,2.356625741401751,0.638213742696227,,,
curve_endpoint,Urban Scaling,Road,FULL,,,,,,,log10(population),log10(road),SCL-BPA2-FULL-R030,30.0,end,7.817300674258532,5.128352808679682,0.638213742696227,,,
curve_endpoint,Urban Scaling,Road,FULL,,,,,,,log10(population),log10(road),SCL-BPA2-FULL-R031,31.0,start,3.474355855226014,1.0274144273363635,1.0465737564650144,,,
curve_endpoint,Urban Scaling,Road,FULL,,,,,,,log10(population),log10(road),SCL-BPA2-FULL-R031,31.0,end,7.817300674258532,5.572626500711497,1.0465737564650144,,,
curve_endpoint,Urban Scaling,Road,FULL,,,,,,,log10(population),log10(road),SCL-BPA2-FULL-R032,32.0,start,3.474355855226014,1.9936662052362408,0.7848307311602758,,,
curve_endpoint,Urban Scaling,Road,FULL,,,,,,,log10(population),log10(road),SCL-BPA2-FULL-R032,32.0,end,7.817300674258532,5.402142762946264,0.7848307311602758,,,
curve_endpoint,Urban Scaling,Road,FULL,,,,,,,log10(population),log10(road),SCL-BPA2-FULL-R033,33.0,start,3.474355855226014,1.299943315994484,0.9618593087798688,,,
curve_endpoint,Urban Scaling,Road,FULL,,,,,,,log10(population),log10(road),SCL-BPA2-FULL-R033,33.0,end,7.817300674258532,5.477245217698213,0.9618593087798688,,,
curve_endpoint,Urban Scaling,Road,FULL,,,,,,,log10(population),log10(road),SCL-BPA2-FULL-R034,34.0,start,3.474355855226014,1.560809550206414,0.8444262764038775,,,
curve_endpoint,Urban Scaling,Road,FULL,,,,,,,log10(population),log10(road),SCL-BPA2-FULL-R034,34.0,end,7.817300674258532,5.228106272369555,0.8444262764038775,,,
curve_endpoint,Urban Scaling,Road,FULL,,,,,,,log10(population),log10(road),SCL-BPA2-FULL-R035,35.0,start,3.474355855226014,1.936852433812529,0.7845105350857917,,,
curve_endpoint,Urban Scaling,Road,FULL,,,,,,,log10(population),log10(road),SCL-BPA2-FULL-R035,35.0,end,7.817300674258532,5.343938397639796,0.7845105350857917,,,
curve_endpoint,Urban Scaling,Road,FULL,,,,,,,log10(population),log10(road),SCL-BPA2-FULL-R036,36.0,start,3.474355855226014,1.2465168147983798,1.103217329236268,,,
curve_endpoint,Urban Scaling,Road,FULL,,,,,,,log10(population),log10(road),SCL-BPA2-FULL-R036,36.0,end,7.817300674258532,6.037728799071921,1.103217329236268,,,
curve_endpoint,Urban Scaling,Road,FULL,,,,,,,log10(population),log10(road),SCL-BPA2-FULL-R037,37.0,start,3.474355855226014,1.2610709229979173,0.9394499336893836,,,
curve_endpoint,Urban Scaling,Road,FULL,,,,,,,log10(population),log10(road),SCL-BPA2-FULL-R037,37.0,end,7.817300674258532,5.341050145254668,0.9394499336893836,,,
curve_endpoint,Urban Scaling,Road,FULL,,,,,,,log10(population),log10(road),SCL-BPA2-FULL-R038,38.0,start,3.474355855226014,3.048809897192101,0.6474346062359955,,,
curve_endpoint,Urban Scaling,Road,FULL,,,,,,,log10(population),log10(road),SCL-BPA2-FULL-R038,38.0,end,7.817300674258532,5.860582666007075,0.6474346062359955,,,
curve_endpoint,Urban Scaling,Road,FULL,,,,,,,log10(population),log10(road),SCL-BPA2-FULL-R039,39.0,start,3.474355855226014,1.6208790581181802,0.8562035988262773,,,
curve_endpoint,Urban Scaling,Road,FULL,,,,,,,log10(population),log10(road),SCL-BPA2-FULL-R039,39.0,end,7.817300674258532,5.339324041677757,0.8562035988262773,,,
curve_endpoint,Urban Scaling,Road,FULL,,,,,,,log10(population),log10(road),SCL-BPA2-FULL-R040,40.0,start,3.474355855226014,1.8200865794689813,0.852609952528595,,,
curve_endpoint,Urban Scaling,Road,FULL,,,,,,,log10(population),log10(road),SCL-BPA2-FULL-R040,40.0,end,7.817300674258532,5.522924555458604,0.852609952528595,,,
curve_endpoint,Urban Scaling,Road,FULL,,,,,,,log10(population),log10(road),SCL-BPA2-FULL-R041,41.0,start,3.474355855226014,1.3939343238731383,0.941676662577958,,,
curve_endpoint,Urban Scaling,Road,FULL,,,,,,,log10(population),log10(road),SCL-BPA2-FULL-R041,41.0,end,7.817300674258532,5.483584106819913,0.941676662577958,,,
curve_endpoint,Urban Scaling,Road,FULL,,,,,,,log10(population),log10(road),SCL-BPA2-FULL-R042,42.0,start,3.474355855226014,1.2672976534123328,0.9821381428929818,,,
curve_endpoint,Urban Scaling,Road,FULL,,,,,,,log10(population),log10(road),SCL-BPA2-FULL-R042,42.0,end,7.817300674258532,5.532669412663627,0.9821381428929818,,,
curve_endpoint,Urban Scaling,Road,FULL,,,,,,,log10(population),log10(road),SCL-BPA2-FULL-R044,44.0,start,3.474355855226014,1.9675256270481671,0.6965386205060766,,,
curve_endpoint,Urban Scaling,Road,FULL,,,,,,,log10(population),log10(road),SCL-BPA2-FULL-R044,44.0,end,7.817300674258532,4.992554420231091,0.6965386205060766,,,
curve_endpoint,Urban Scaling,Road,FULL,,,,,,,log10(population),log10(road),SCL-BPA2-FULL-R045,45.0,start,3.474355855226014,2.241612413299163,0.739728392651905,,,
curve_endpoint,Urban Scaling,Road,FULL,,,,,,,log10(population),log10(road),SCL-BPA2-FULL-R045,45.0,end,7.817300674258532,5.454212003658006,0.739728392651905,,,
curve_endpoint,Urban Scaling,Road,FULL,,,,,,,log10(population),log10(road),SCL-BPA2-FULL-R046,46.0,start,3.474355855226014,2.1118152976216127,0.731356723850938,,,
curve_endpoint,Urban Scaling,Road,FULL,,,,,,,log10(population),log10(road),SCL-BPA2-FULL-R046,46.0,end,7.817300674258532,5.28805719233464,0.731356723850938,,,
curve_endpoint,Urban Scaling,Road,FULL,,,,,,,log10(population),log10(road),SCL-BPA2-FULL-R047,47.0,start,3.474355855226014,1.715957015986282,0.8761449074552637,,,
curve_endpoint,Urban Scaling,Road,FULL,,,,,,,log10(population),log10(road),SCL-BPA2-FULL-R047,47.0,end,7.817300674258532,5.521006002540845,0.8761449074552637,,,
curve_endpoint,Urban Scaling,Road,FULL,,,,,,,log10(population),log10(road),SCL-BPA2-FULL-R048,48.0,start,3.474355855226014,0.9804401586485902,1.0253851615321803,,,
curve_endpoint,Urban Scaling,Road,FULL,,,,,,,log10(population),log10(road),SCL-BPA2-FULL-R048,48.0,end,7.817300674258532,5.433631333437593,1.0253851615321803,,,
curve_endpoint,Urban Scaling,Road,FULL,,,,,,,log10(population),log10(road),SCL-BPA2-FULL-R049,49.0,start,3.474355855226014,1.939125999347053,0.7908621165368345,,,
curve_endpoint,Urban Scaling,Road,FULL,,,,,,,log10(population),log10(road),SCL-BPA2-FULL-R049,49.0,end,7.817300674258532,5.3737965309297895,0.7908621165368345,,,
curve_endpoint,Urban Scaling,Road,FULL,,,,,,,log10(population),log10(road),SCL-BPA2-FULL-R050,50.0,start,3.474355855226014,1.9283455721546112,0.8847729575819587,,,
curve_endpoint,Urban Scaling,Road,FULL,,,,,,,log10(population),log10(road),SCL-BPA2-FULL-R050,50.0,end,7.817300674258532,5.770865704305256,0.8847729575819587,,,
curve_endpoint,Urban Scaling,Road,FULL,,,,,,,log10(population),log10(road),SCL-BPA2-FULL-R051,51.0,start,3.474355855226014,1.7227588118200161,1.0974974523037782,,,
curve_endpoint,Urban Scaling,Road,FULL,,,,,,,log10(population),log10(road),SCL-BPA2-FULL-R051,51.0,end,7.817300674258532,6.489129686204096,1.0974974523037782,,,
curve_endpoint,Urban Scaling,Road,FULL,,,,,,,log10(population),log10(road),SCL-BPA2-FULL-R052,52.0,start,3.474355855226014,1.1906213736859197,1.0433193882303349,,,
curve_endpoint,Urban Scaling,Road,FULL,,,,,,,log10(population),log10(road),SCL-BPA2-FULL-R052,52.0,end,7.817300674258532,5.7216999053970286,1.0433193882303349,,,
curve_endpoint,Urban Scaling,Road,FULL,,,,,,,log10(population),log10(road),SCL-BPA2-FULL-R053,53.0,start,3.474355855226014,1.6578159877371756,0.8525071488747962,,,
curve_endpoint,Urban Scaling,Road,FULL,,,,,,,log10(population),log10(road),SCL-BPA2-FULL-R053,53.0,end,7.817300674258532,5.360207493131155,0.8525071488747962,,,
curve_endpoint,Urban Scaling,Road,FULL,,,,,,,log10(population),log10(road),SCL-BPA2-FULL-R054,54.0,start,3.474355855226014,2.24386479439667,0.7160641612324514,,,
curve_endpoint,Urban Scaling,Road,FULL,,,,,,,log10(population),log10(road),SCL-BPA2-FULL-R054,54.0,end,7.817300674258532,5.353691933516011,0.7160641612324514,,,
curve_endpoint,Urban Scaling,Road,FULL,,,,,,,log10(population),log10(road),SCL-BPA2-FULL-R055,55.0,start,3.474355855226014,2.416231719209097,0.7797107676389172,,,
curve_endpoint,Urban Scaling,Road,FULL,,,,,,,log10(population),log10(road),SCL-BPA2-FULL-R055,55.0,end,7.817300674258532,5.8024725578704,0.7797107676389172,,,
curve_endpoint,Urban Scaling,Road,FULL,,,,,,,log10(population),log10(road),SCL-BPA2-FULL-R056,56.0,start,3.474355855226014,1.8364539481042874,0.9247475747709536,,,
curve_endpoint,Urban Scaling,Road,FULL,,,,,,,log10(population),log10(road),SCL-BPA2-FULL-R056,56.0,end,7.817300674258532,5.8525816368686865,0.9247475747709536,,,
curve_endpoint,Urban Scaling,Road,FULL,,,,,,,log10(population),log10(road),SCL-BPA2-FULL-R057,57.0,start,3.474355855226014,1.9002988297772778,0.8866181099039693,,,
curve_endpoint,Urban Scaling,Road,FULL,,,,,,,log10(population),log10(road),SCL-BPA2-FULL-R057,57.0,end,7.817300674258532,5.750832356645124,0.8866181099039693,,,
curve_endpoint,Urban Scaling,Road,FULL,,,,,,,log10(population),log10(road),SCL-BPA2-FULL-R058,58.0,start,3.474355855226014,2.022631688872406,0.787938837731554,,,
curve_endpoint,Urban Scaling,Road,FULL,,,,,,,log10(population),log10(road),SCL-BPA2-FULL-R058,58.0,end,7.817300674258532,5.444606581913162,0.787938837731554,,,
curve_endpoint,Urban Scaling,Road,FULL,,,,,,,log10(population),log10(road),SCL-BPA2-FULL-R059,59.0,start,3.474355855226014,2.499079088297525,0.7412469832755727,,,
curve_endpoint,Urban Scaling,Road,FULL,,,,,,,log10(population),log10(road),SCL-BPA2-FULL-R059,59.0,end,7.817300674258532,5.718273833937656,0.7412469832755727,,,
curve_endpoint,Urban Scaling,Road,FULL,,,,,,,log10(population),log10(road),SCL-BPA2-FULL-R060,60.0,start,3.474355855226014,2.5230764830697647,0.840496242030677,,,
curve_endpoint,Urban Scaling,Road,FULL,,,,,,,log10(population),log10(road),SCL-BPA2-FULL-R060,60.0,end,7.817300674258532,6.173305282813195,0.840496242030677,,,
curve_endpoint,Urban Scaling,Road,FULL,,,,,,,log10(population),log10(road),SCL-BPA2-FULL-R061,61.0,start,3.474355855226014,2.7917068343037807,0.6050079167819595,,,
curve_endpoint,Urban Scaling,Road,FULL,,,,,,,log10(population),log10(road),SCL-BPA2-FULL-R061,61.0,end,7.817300674258532,5.419222831965649,0.6050079167819595,,,
curve_endpoint,Urban Scaling,Road,FULL,,,,,,,log10(population),log10(road),SCL-BPA2-FULL-R062,62.0,start,3.474355855226014,2.3227277456202358,0.6134576472371724,,,
curve_endpoint,Urban Scaling,Road,FULL,,,,,,,log10(population),log10(road),SCL-BPA2-FULL-R062,62.0,end,7.817300674258532,4.986940456384792,0.6134576472371724,,,
curve_endpoint,Urban Scaling,Road,FULL,,,,,,,log10(population),log10(road),SCL-BPA2-FULL-R063,63.0,start,3.474355855226014,2.172664873543417,0.8452441906800866,,,
curve_endpoint,Urban Scaling,Road,FULL,,,,,,,log10(population),log10(road),SCL-BPA2-FULL-R063,63.0,end,7.817300674258532,5.843513752274832,0.8452441906800866,,,
curve_endpoint,Urban Scaling,Road,FULL,,,,,,,log10(population),log10(road),SCL-BPA2-FULL-R064,64.0,start,3.474355855226014,1.254813395296221,1.0203518223589094,,,
curve_endpoint,Urban Scaling,Road,FULL,,,,,,,log10(population),log10(road),SCL-BPA2-FULL-R064,64.0,end,7.817300674258532,5.686145055800234,1.0203518223589094,,,
curve_endpoint,Urban Scaling,Road,FULL,,,,,,,log10(population),log10(road),SCL-BPA2-FULL-R065,65.0,start,3.474355855226014,1.978920742379422,1.0224233144463992,,,
curve_endpoint,Urban Scaling,Road,FULL,,,,,,,log10(population),log10(road),SCL-BPA2-FULL-R065,65.0,end,7.817300674258532,6.419248778712467,1.0224233144463992,,,
curve_endpoint,Urban Scaling,Road,FULL,,,,,,,log10(population),log10(road),SCL-BPA2-FULL-R066,66.0,start,3.474355855226014,2.080180627172115,0.7216122035585084,,,
curve_endpoint,Urban Scaling,Road,FULL,,,,,,,log10(population),log10(road),SCL-BPA2-FULL-R066,66.0,end,7.817300674258532,5.2141026079671775,0.7216122035585084,,,
curve_endpoint,Urban Scaling,Road,FULL,,,,,,,log10(population),log10(road),SCL-BPA2-FULL-R067,67.0,start,3.474355855226014,1.7880044407636955,1.000048698648747,,,
curve_endpoint,Urban Scaling,Road,FULL,,,,,,,log10(population),log10(road),SCL-BPA2-FULL-R067,67.0,end,7.817300674258532,6.131160755340483,1.000048698648747,,,
curve_endpoint,Urban Scaling,Road,FULL,,,,,,,log10(population),log10(road),SCL-BPA2-FULL-R068,68.0,start,3.474355855226014,-0.08039275639487617,1.2847894511325335,,,
curve_endpoint,Urban Scaling,Road,FULL,,,,,,,log10(population),log10(road),SCL-BPA2-FULL-R068,68.0,end,7.817300674258532,5.499376933948793,1.2847894511325335,,,
curve_endpoint,Urban Scaling,Road,FULL,,,,,,,log10(population),log10(road),SCL-BPA2-FULL-R069,69.0,start,3.474355855226014,2.50753885113519,0.8257457491021558,,,
curve_endpoint,Urban Scaling,Road,FULL,,,,,,,log10(population),log10(road),SCL-BPA2-FULL-R069,69.0,end,7.817300674258532,6.093707074036523,0.8257457491021558,,,
curve_endpoint,Urban Scaling,Road,FULL,,,,,,,log10(population),log10(road),SCL-BPA2-FULL-R070,70.0,start,3.474355855226014,1.465085394403035,0.9093575404591278,,,
curve_endpoint,Urban Scaling,Road,FULL,,,,,,,log10(population),log10(road),SCL-BPA2-FULL-R070,70.0,end,7.817300674258532,5.414375013388156,0.9093575404591278,,,
curve_endpoint,Urban Scaling,Road,FULL,,,,,,,log10(population),log10(road),SCL-BPA2-FULL-R071,71.0,start,3.474355855226014,2.6732136873922934,0.589400530608347,,,
curve_endpoint,Urban Scaling,Road,FULL,,,,,,,log10(population),log10(road),SCL-BPA2-FULL-R071,71.0,end,7.817300674258532,5.23294766813283,0.589400530608347,,,
curve_endpoint,Urban Scaling,Road,FULL,,,,,,,log10(population),log10(road),SCL-BPA2-FULL-R072,72.0,start,3.474355855226014,1.6657260195568626,0.7834959941834736,,,
curve_endpoint,Urban Scaling,Road,FULL,,,,,,,log10(population),log10(road),SCL-BPA2-FULL-R072,72.0,end,7.817300674258532,5.068405888228711,0.7834959941834736,,,
curve_endpoint,Urban Scaling,Road,FULL,,,,,,,log10(population),log10(road),SCL-BPA2-FULL-R073,73.0,start,3.474355855226014,2.2109268357062413,0.7525991943233471,,,
curve_endpoint,Urban Scaling,Road,FULL,,,,,,,log10(population),log10(road),SCL-BPA2-FULL-R073,73.0,end,7.817300674258532,5.479423607500869,0.7525991943233471,,,
curve_endpoint,Urban Scaling,Road,FULL,,,,,,,log10(population),log10(road),SCL-BPA2-FULL-R074,74.0,start,3.474355855226014,2.7615874074680926,0.6120789238000087,,,
curve_endpoint,Urban Scaling,Road,FULL,,,,,,,log10(population),log10(road),SCL-BPA2-FULL-R074,74.0,end,7.817300674258532,5.419812398424339,0.6120789238000087,,,
curve_endpoint,Urban Scaling,Road,FULL,,,,,,,log10(population),log10(road),SCL-BPA2-FULL-R075,75.0,start,3.474355855226014,1.3150967230020283,0.9024832499926846,,,
curve_endpoint,Urban Scaling,Road,FULL,,,,,,,log10(population),log10(road),SCL-BPA2-FULL-R075,75.0,end,7.817300674258532,5.234531677821387,0.9024832499926846,,,
curve_endpoint,Urban Scaling,Road,FULL,,,,,,,log10(population),log10(road),SCL-BPA2-FULL-R076,76.0,start,3.474355855226014,1.5259900038946834,1.043275589580078,,,
curve_endpoint,Urban Scaling,Road,FULL,,,,,,,log10(population),log10(road),SCL-BPA2-FULL-R076,76.0,end,7.817300674258532,6.056878320484579,1.043275589580078,,,
curve_endpoint,Urban Scaling,Road,FULL,,,,,,,log10(population),log10(road),SCL-BPA2-FULL-R077,77.0,start,3.474355855226014,1.4281849448571542,0.9432530928360644,,,
curve_endpoint,Urban Scaling,Road,FULL,,,,,,,log10(population),log10(road),SCL-BPA2-FULL-R077,77.0,end,7.817300674258532,5.524681077425938,0.9432530928360644,,,
curve_endpoint,Urban Scaling,Road,FULL,,,,,,,log10(population),log10(road),SCL-BPA2-FULL-R078,78.0,start,3.474355855226014,2.1425504747833495,0.80545029792742,,,
curve_endpoint,Urban Scaling,Road,FULL,,,,,,,log10(population),log10(road),SCL-BPA2-FULL-R078,78.0,end,7.817300674258532,5.6405766731554365,0.80545029792742,,,
curve_endpoint,Urban Scaling,Road,FULL,,,,,,,log10(population),log10(road),SCL-BPA2-FULL-R079,79.0,start,3.474355855226014,1.7455256094372842,0.8068483151861648,,,
curve_endpoint,Urban Scaling,Road,FULL,,,,,,,log10(population),log10(road),SCL-BPA2-FULL-R079,79.0,end,7.817300674258532,5.249623319620154,0.8068483151861648,,,
curve_endpoint,Urban Scaling,Road,FULL,,,,,,,log10(population),log10(road),SCL-BPA2-FULL-R080,80.0,start,3.474355855226014,2.0934847015686033,0.7340922126488245,,,
curve_endpoint,Urban Scaling,Road,FULL,,,,,,,log10(population),log10(road),SCL-BPA2-FULL-R080,80.0,end,7.817300674258532,5.2816066731839335,0.7340922126488245,,,
curve_endpoint,Urban Scaling,Road,FULL,,,,,,,log10(population),log10(road),SCL-BPA2-FULL-R081,81.0,start,3.474355855226014,2.6538204057506847,0.7569511336482927,,,
curve_endpoint,Urban Scaling,Road,FULL,,,,,,,log10(population),log10(road),SCL-BPA2-FULL-R081,81.0,end,7.817300674258532,5.941217409889329,0.7569511336482927,,,
curve_endpoint,Urban Scaling,Road,FULL,,,,,,,log10(population),log10(road),SCL-BPA2-FULL-R082,82.0,start,3.474355855226014,2.230917822097549,0.6911290743727049,,,
curve_endpoint,Urban Scaling,Road,FULL,,,,,,,log10(population),log10(road),SCL-BPA2-FULL-R082,82.0,end,7.817300674258532,5.2324532549272265,0.6911290743727049,,,
curve_endpoint,Urban Scaling,Road,FULL,,,,,,,log10(population),log10(road),SCL-BPA2-FULL-R083,83.0,start,3.474355855226014,2.0273376442128983,0.9707627889462866,,,
curve_endpoint,Urban Scaling,Road,FULL,,,,,,,log10(population),log10(road),SCL-BPA2-FULL-R083,83.0,end,7.817300674258532,6.243306868976732,0.9707627889462866,,,
curve_endpoint,Urban Scaling,Road,FULL,,,,,,,log10(population),log10(road),SCL-BPA2-FULL-R084,84.0,start,3.474355855226014,1.9848486221350135,0.7118733486726125,,,
curve_endpoint,Urban Scaling,Road,FULL,,,,,,,log10(population),log10(road),SCL-BPA2-FULL-R084,84.0,end,7.817300674258532,5.076475293560065,0.7118733486726125,,,
curve_endpoint,Urban Scaling,Road,FULL,,,,,,,log10(population),log10(road),SCL-BPA2-FULL-R085,85.0,start,3.474355855226014,1.669499249433846,0.8050458846656499,,,
curve_endpoint,Urban Scaling,Road,FULL,,,,,,,log10(population),log10(road),SCL-BPA2-FULL-R085,85.0,end,7.817300674258532,5.16576910332598,0.8050458846656499,,,
curve_endpoint,Urban Scaling,Road,FULL,,,,,,,log10(population),log10(road),SCL-BPA2-FULL-R086,86.0,start,3.474355855226014,1.1846818126824146,1.0179419576035744,,,
curve_endpoint,Urban Scaling,Road,FULL,,,,,,,log10(population),log10(road),SCL-BPA2-FULL-R086,86.0,end,7.817300674258532,5.605547563532676,1.0179419576035744,,,
curve_endpoint,Urban Scaling,Road,FULL,,,,,,,log10(population),log10(road),SCL-BPA2-FULL-R087,87.0,start,3.474355855226014,2.0322854214595445,0.9889644756312894,,,
curve_endpoint,Urban Scaling,Road,FULL,,,,,,,log10(population),log10(road),SCL-BPA2-FULL-R087,87.0,end,7.817300674258532,6.327303567109665,0.9889644756312894,,,
curve_endpoint,Urban Scaling,Road,FULL,,,,,,,log10(population),log10(road),SCL-BPA2-FULL-R088,88.0,start,3.474355855226014,2.1846789152480217,0.7097325513021625,,,
curve_endpoint,Urban Scaling,Road,FULL,,,,,,,log10(population),log10(road),SCL-BPA2-FULL-R088,88.0,end,7.817300674258532,5.267008221824479,0.7097325513021625,,,
curve_endpoint,Urban Scaling,Road,FULL,,,,,,,log10(population),log10(road),SCL-BPA2-FULL-R089,89.0,start,3.474355855226014,2.0899050874769576,0.7859665238212299,,,
curve_endpoint,Urban Scaling,Road,FULL,,,,,,,log10(population),log10(road),SCL-BPA2-FULL-R089,89.0,end,7.817300674258532,5.503314330039366,0.7859665238212299,,,
curve_endpoint,Urban Scaling,Road,FULL,,,,,,,log10(population),log10(road),SCL-BPA2-FULL-R090,90.0,start,3.474355855226014,2.8335427850643433,0.6859423412011671,,,
curve_endpoint,Urban Scaling,Road,FULL,,,,,,,log10(population),log10(road),SCL-BPA2-FULL-R090,90.0,end,7.817300674258532,5.812552521938989,0.6859423412011671,,,
curve_endpoint,Urban Scaling,Road,FULL,,,,,,,log10(population),log10(road),SCL-BPA2-FULL-R091,91.0,start,3.474355855226014,1.916527157567125,0.9005200620170196,,,
curve_endpoint,Urban Scaling,Road,FULL,,,,,,,log10(population),log10(road),SCL-BPA2-FULL-R091,91.0,end,7.817300674258532,5.827436095338783,0.9005200620170196,,,
curve_endpoint,Urban Scaling,Road,FULL,,,,,,,log10(population),log10(road),SCL-BPA2-FULL-R092,92.0,start,3.474355855226014,1.5672054779439786,0.8255759587695457,,,
curve_endpoint,Urban Scaling,Road,FULL,,,,,,,log10(population),log10(road),SCL-BPA2-FULL-R092,92.0,end,7.817300674258532,5.152636310799981,0.8255759587695457,,,
curve_endpoint,Urban Scaling,Road,FULL,,,,,,,log10(population),log10(road),SCL-BPA2-FULL-R093,93.0,start,3.474355855226014,1.965186389125201,0.8208268400292882,,,
curve_endpoint,Urban Scaling,Road,FULL,,,,,,,log10(population),log10(road),SCL-BPA2-FULL-R093,93.0,end,7.817300674258532,5.529992061353232,0.8208268400292882,,,
curve_endpoint,Urban Scaling,Road,FULL,,,,,,,log10(population),log10(road),SCL-BPA2-FULL-R094,94.0,start,3.474355855226014,2.301727311480175,0.6873837218615053,,,
curve_endpoint,Urban Scaling,Road,FULL,,,,,,,log10(population),log10(road),SCL-BPA2-FULL-R094,94.0,end,7.817300674258532,5.286996885025888,0.6873837218615053,,,
curve_endpoint,Urban Scaling,Road,FULL,,,,,,,log10(population),log10(road),SCL-BPA2-FULL-R095,95.0,start,3.474355855226014,2.3611536056480094,0.8845358097604572,,,
curve_endpoint,Urban Scaling,Road,FULL,,,,,,,log10(population),log10(road),SCL-BPA2-FULL-R095,95.0,end,7.817300674258532,6.202643817895919,0.8845358097604572,,,
curve_endpoint,Urban Scaling,Road,FULL,,,,,,,log10(population),log10(road),SCL-BPA2-FULL-R096,96.0,start,3.474355855226014,3.1297844711836587,0.4953276238728461,,,
curve_endpoint,Urban Scaling,Road,FULL,,,,,,,log10(population),log10(road),SCL-BPA2-FULL-R096,96.0,end,7.817300674258532,5.280965009005924,0.4953276238728461,,,
curve_endpoint,Urban Scaling,Road,FULL,,,,,,,log10(population),log10(road),SCL-BPA2-FULL-R097,97.0,start,3.474355855226014,1.765519791808932,0.8011081478924266,,,
curve_endpoint,Urban Scaling,Road,FULL,,,,,,,log10(population),log10(road),SCL-BPA2-FULL-R097,97.0,end,7.817300674258532,5.244688272183081,0.8011081478924266,,,
curve_endpoint,Urban Scaling,Road,FULL,,,,,,,log10(population),log10(road),SCL-BPA2-FULL-R098,98.0,start,3.474355855226014,1.4279586809999296,0.8883636301864951,,,
curve_endpoint,Urban Scaling,Road,FULL,,,,,,,log10(population),log10(road),SCL-BPA2-FULL-R098,98.0,end,7.817300674258532,5.286072906135288,0.8883636301864951,,,
curve_endpoint,Urban Scaling,Road,FULL,,,,,,,log10(population),log10(road),SCL-BPA2-FULL-R099,99.0,start,3.474355855226014,1.307411984742206,0.9557400185663112,,,
curve_endpoint,Urban Scaling,Road,FULL,,,,,,,log10(population),log10(road),SCL-BPA2-FULL-R099,99.0,end,7.817300674258532,5.45813814671681,0.9557400185663112,,,
curve_endpoint,Urban Scaling,Road,FULL,,,,,,,log10(population),log10(road),SCL-BPA2-FULL-R100,100.0,start,3.474355855226014,1.8364705525084588,0.8837275486925141,,,
curve_endpoint,Urban Scaling,Road,FULL,,,,,,,log10(population),log10(road),SCL-BPA2-FULL-R100,100.0,end,7.817300674258532,5.67445053153892,0.8837275486925141,,,
curve_endpoint,Urban Scaling,GDP,BASE,,,,,,,log10(population),log10(gdp),SCL-BPA2-BASE-R001,1.0,start,3.474355855226014,-0.45999380092603576,0.9038380218200712,,,
curve_endpoint,Urban Scaling,GDP,BASE,,,,,,,log10(population),log10(gdp),SCL-BPA2-BASE-R001,1.0,end,7.817300674258532,3.4653248531820426,0.9038380218200712,,,
curve_endpoint,Urban Scaling,GDP,BASE,,,,,,,log10(population),log10(gdp),SCL-BPA2-BASE-R002,2.0,start,3.474355855226014,-0.6468495645641957,0.9760619775175656,,,
curve_endpoint,Urban Scaling,GDP,BASE,,,,,,,log10(population),log10(gdp),SCL-BPA2-BASE-R002,2.0,end,7.817300674258532,3.5921337437503493,0.9760619775175656,,,
curve_endpoint,Urban Scaling,GDP,BASE,,,,,,,log10(population),log10(gdp),SCL-BPA2-BASE-R003,3.0,start,3.474355855226014,-0.9564818537933814,1.0567602376555396,,,
curve_endpoint,Urban Scaling,GDP,BASE,,,,,,,log10(population),log10(gdp),SCL-BPA2-BASE-R003,3.0,end,7.817300674258532,3.632969545292317,1.0567602376555396,,,
curve_endpoint,Urban Scaling,GDP,BASE,,,,,,,log10(population),log10(gdp),SCL-BPA2-BASE-R004,4.0,start,3.474355855226014,-0.7809746953986595,1.0731461221300438,,,
curve_endpoint,Urban Scaling,GDP,BASE,,,,,,,log10(population),log10(gdp),SCL-BPA2-BASE-R004,4.0,end,7.817300674258532,3.879639695770852,1.0731461221300438,,,
curve_endpoint,Urban Scaling,GDP,BASE,,,,,,,log10(population),log10(gdp),SCL-BPA2-BASE-R005,5.0,start,3.474355855226014,-0.10118103585177085,0.8926062732334157,,,
curve_endpoint,Urban Scaling,GDP,BASE,,,,,,,log10(population),log10(gdp),SCL-BPA2-BASE-R005,5.0,end,7.817300674258532,3.775358753923215,0.8926062732334157,,,
curve_endpoint,Urban Scaling,GDP,BASE,,,,,,,log10(population),log10(gdp),SCL-BPA2-BASE-R006,6.0,start,3.474355855226014,-1.2283200780485222,1.1532801734197402,,,
curve_endpoint,Urban Scaling,GDP,BASE,,,,,,,log10(population),log10(gdp),SCL-BPA2-BASE-R006,6.0,end,7.817300674258532,3.780312075997662,1.1532801734197402,,,
curve_endpoint,Urban Scaling,GDP,BASE,,,,,,,log10(population),log10(gdp),SCL-BPA2-BASE-R007,7.0,start,3.474355855226014,-0.8258177598871266,0.9796248219965692,,,
curve_endpoint,Urban Scaling,GDP,BASE,,,,,,,log10(population),log10(gdp),SCL-BPA2-BASE-R007,7.0,end,7.817300674258532,3.4286387853985256,0.9796248219965692,,,
curve_endpoint,Urban Scaling,GDP,BASE,,,,,,,log10(population),log10(gdp),SCL-BPA2-BASE-R008,8.0,start,3.474355855226014,-0.4024074228094022,0.8471317941800851,,,
curve_endpoint,Urban Scaling,GDP,BASE,,,,,,,log10(population),log10(gdp),SCL-BPA2-BASE-R008,8.0,end,7.817300674258532,3.27663921376272,0.8471317941800851,,,
curve_endpoint,Urban Scaling,GDP,BASE,,,,,,,log10(population),log10(gdp),SCL-BPA2-BASE-R009,9.0,start,3.474355855226014,0.6385108621010605,0.5129030001245922,,,
curve_endpoint,Urban Scaling,GDP,BASE,,,,,,,log10(population),log10(gdp),SCL-BPA2-BASE-R009,9.0,end,7.817300674258532,2.8660202891583935,0.5129030001245922,,,
curve_endpoint,Urban Scaling,GDP,BASE,,,,,,,log10(population),log10(gdp),SCL-BPA2-BASE-R010,10.0,start,3.474355855226014,-1.5404251763564296,1.3057297013025622,,,
curve_endpoint,Urban Scaling,GDP,BASE,,,,,,,log10(population),log10(gdp),SCL-BPA2-BASE-R010,10.0,end,7.817300674258532,4.13028686497241,1.3057297013025622,,,
curve_endpoint,Urban Scaling,GDP,BASE,,,,,,,log10(population),log10(gdp),SCL-BPA2-BASE-R011,11.0,start,3.474355855226014,-1.0673824688649627,1.113696715566626,,,
curve_endpoint,Urban Scaling,GDP,BASE,,,,,,,log10(population),log10(gdp),SCL-BPA2-BASE-R011,11.0,end,7.817300674258532,3.769340911978647,1.113696715566626,,,
curve_endpoint,Urban Scaling,GDP,BASE,,,,,,,log10(population),log10(gdp),SCL-BPA2-BASE-R012,12.0,start,3.474355855226014,-0.6623488146429919,0.9350226379145444,,,
curve_endpoint,Urban Scaling,GDP,BASE,,,,,,,log10(population),log10(gdp),SCL-BPA2-BASE-R012,12.0,end,7.817300674258532,3.398402906366097,0.9350226379145444,,,
curve_endpoint,Urban Scaling,GDP,BASE,,,,,,,log10(population),log10(gdp),SCL-BPA2-BASE-R013,13.0,start,3.474355855226014,-0.8225379900256545,0.9693437719264696,,,
curve_endpoint,Urban Scaling,GDP,BASE,,,,,,,log10(population),log10(gdp),SCL-BPA2-BASE-R013,13.0,end,7.817300674258532,3.3872685221238448,0.9693437719264696,,,
curve_endpoint,Urban Scaling,GDP,BASE,,,,,,,log10(population),log10(gdp),SCL-BPA2-BASE-R014,14.0,start,3.474355855226014,-1.209469367515683,1.1493990095749114,,,
curve_endpoint,Urban Scaling,GDP,BASE,,,,,,,log10(population),log10(gdp),SCL-BPA2-BASE-R014,14.0,end,7.817300674258532,3.782307106118785,1.1493990095749114,,,
curve_endpoint,Urban Scaling,GDP,BASE,,,,,,,log10(population),log10(gdp),SCL-BPA2-BASE-R015,15.0,start,3.474355855226014,-1.0008805523920343,1.0962339742092049,,,
curve_endpoint,Urban Scaling,GDP,BASE,,,,,,,log10(population),log10(gdp),SCL-BPA2-BASE-R015,15.0,end,7.817300674258532,3.7600031063472596,1.0962339742092049,,,
curve_endpoint,Urban Scaling,GDP,BASE,,,,,,,log10(population),log10(gdp),SCL-BPA2-BASE-R016,16.0,start,3.474355855226014,-0.9255761466884902,1.151608890362848,,,
curve_endpoint,Urban Scaling,GDP,BASE,,,,,,,log10(population),log10(gdp),SCL-BPA2-BASE-R016,16.0,end,7.817300674258532,4.075797717264628,1.151608890362848,,,
curve_endpoint,Urban Scaling,GDP,BASE,,,,,,,log10(population),log10(gdp),SCL-BPA2-BASE-R017,17.0,start,3.474355855226014,-1.2775150981423011,1.223609841035467,,,
curve_endpoint,Urban Scaling,GDP,BASE,,,,,,,log10(population),log10(gdp),SCL-BPA2-BASE-R017,17.0,end,7.817300674258532,4.036554921499882,1.223609841035467,,,
curve_endpoint,Urban Scaling,GDP,BASE,,,,,,,log10(population),log10(gdp),SCL-BPA2-BASE-R018,18.0,start,3.474355855226014,-0.9498137005542931,1.0395376771514389,,,
curve_endpoint,Urban Scaling,GDP,BASE,,,,,,,log10(population),log10(gdp),SCL-BPA2-BASE-R018,18.0,end,7.817300674258532,3.564841068619646,1.0395376771514389,,,
curve_endpoint,Urban Scaling,GDP,BASE,,,,,,,log10(population),log10(gdp),SCL-BPA2-BASE-R019,19.0,start,3.474355855226014,-0.6423871124340201,1.0078829406044152,,,
curve_endpoint,Urban Scaling,GDP,BASE,,,,,,,log10(population),log10(gdp),SCL-BPA2-BASE-R019,19.0,end,7.817300674258532,3.734792882655183,1.0078829406044152,,,
curve_endpoint,Urban Scaling,GDP,BASE,,,,,,,log10(population),log10(gdp),SCL-BPA2-BASE-R020,20.0,start,3.474355855226014,-1.2362141830310795,1.145609579855421,,,
curve_endpoint,Urban Scaling,GDP,BASE,,,,,,,log10(population),log10(gdp),SCL-BPA2-BASE-R020,20.0,end,7.817300674258532,3.73910500643604,1.145609579855421,,,
curve_endpoint,Urban Scaling,GDP,BASE,,,,,,,log10(population),log10(gdp),SCL-BPA2-BASE-R021,21.0,start,3.474355855226014,-1.3353892821463726,1.153812832946304,,,
curve_endpoint,Urban Scaling,GDP,BASE,,,,,,,log10(population),log10(gdp),SCL-BPA2-BASE-R021,21.0,end,7.817300674258532,3.6755561828310106,1.153812832946304,,,
curve_endpoint,Urban Scaling,GDP,BASE,,,,,,,log10(population),log10(gdp),SCL-BPA2-BASE-R022,22.0,start,3.474355855226014,-0.9249971122558803,1.182799020178996,,,
curve_endpoint,Urban Scaling,GDP,BASE,,,,,,,log10(population),log10(gdp),SCL-BPA2-BASE-R022,22.0,end,7.817300674258532,4.211833764387229,1.182799020178996,,,
curve_endpoint,Urban Scaling,GDP,BASE,,,,,,,log10(population),log10(gdp),SCL-BPA2-BASE-R023,23.0,start,3.474355855226014,0.32015151638427664,0.6248249160552949,,,
curve_endpoint,Urban Scaling,GDP,BASE,,,,,,,log10(population),log10(gdp),SCL-BPA2-BASE-R023,23.0,end,7.817300674258532,3.0337316483690477,0.6248249160552949,,,
curve_endpoint,Urban Scaling,GDP,BASE,,,,,,,log10(population),log10(gdp),SCL-BPA2-BASE-R024,24.0,start,3.474355855226014,-0.1353360299966805,0.7252483957386258,,,
curve_endpoint,Urban Scaling,GDP,BASE,,,,,,,log10(population),log10(gdp),SCL-BPA2-BASE-R024,24.0,end,7.817300674258532,3.0143777327880295,0.7252483957386258,,,
curve_endpoint,Urban Scaling,GDP,BASE,,,,,,,log10(population),log10(gdp),SCL-BPA2-BASE-R025,25.0,start,3.474355855226014,-0.34495619832550617,0.9190440169765358,,,
curve_endpoint,Urban Scaling,GDP,BASE,,,,,,,log10(population),log10(gdp),SCL-BPA2-BASE-R025,25.0,end,7.817300674258532,3.646401253665574,0.9190440169765358,,,
curve_endpoint,Urban Scaling,GDP,BASE,,,,,,,log10(population),log10(gdp),SCL-BPA2-BASE-R026,26.0,start,3.474355855226014,-0.8655523892508461,1.0692978430270568,,,
curve_endpoint,Urban Scaling,GDP,BASE,,,,,,,log10(population),log10(gdp),SCL-BPA2-BASE-R026,26.0,end,7.817300674258532,3.7783491381261567,1.0692978430270568,,,
curve_endpoint,Urban Scaling,GDP,BASE,,,,,,,log10(population),log10(gdp),SCL-BPA2-BASE-R027,27.0,start,3.474355855226014,-1.2618416788776283,1.1583225452099963,,,
curve_endpoint,Urban Scaling,GDP,BASE,,,,,,,log10(population),log10(gdp),SCL-BPA2-BASE-R027,27.0,end,7.817300674258532,3.7686892176106848,1.1583225452099963,,,
curve_endpoint,Urban Scaling,GDP,BASE,,,,,,,log10(population),log10(gdp),SCL-BPA2-BASE-R028,28.0,start,3.474355855226014,-0.9127071845065147,1.070475913108547,,,
curve_endpoint,Urban Scaling,GDP,BASE,,,,,,,log10(population),log10(gdp),SCL-BPA2-BASE-R028,28.0,end,7.817300674258532,3.7363106362273535,1.070475913108547,,,
curve_endpoint,Urban Scaling,GDP,BASE,,,,,,,log10(population),log10(gdp),SCL-BPA2-BASE-R029,29.0,start,3.474355855226014,-0.8967153595615508,1.0561625893194444,,,
curve_endpoint,Urban Scaling,GDP,BASE,,,,,,,log10(population),log10(gdp),SCL-BPA2-BASE-R029,29.0,end,7.817300674258532,3.6901404857793,1.0561625893194444,,,
curve_endpoint,Urban Scaling,GDP,BASE,,,,,,,log10(population),log10(gdp),SCL-BPA2-BASE-R030,30.0,start,3.474355855226014,-0.7665226001717276,0.96081000710536,,,
curve_endpoint,Urban Scaling,GDP,BASE,,,,,,,log10(population),log10(gdp),SCL-BPA2-BASE-R030,30.0,end,7.817300674258532,3.4062222422610926,0.96081000710536,,,
curve_endpoint,Urban Scaling,GDP,BASE,,,,,,,log10(population),log10(gdp),SCL-BPA2-BASE-R031,31.0,start,3.474355855226014,-0.6810126092004176,1.0435007210374605,,,
curve_endpoint,Urban Scaling,GDP,BASE,,,,,,,log10(population),log10(gdp),SCL-BPA2-BASE-R031,31.0,end,7.817300674258532,3.8508534408859183,1.0435007210374605,,,
curve_endpoint,Urban Scaling,GDP,BASE,,,,,,,log10(population),log10(gdp),SCL-BPA2-BASE-R032,32.0,start,3.474355855226014,-0.9915402028170466,1.0338852324546497,,,
curve_endpoint,Urban Scaling,GDP,BASE,,,,,,,log10(population),log10(gdp),SCL-BPA2-BASE-R032,32.0,end,7.817300674258532,3.4985663109461043,1.0338852324546497,,,
curve_endpoint,Urban Scaling,GDP,BASE,,,,,,,log10(population),log10(gdp),SCL-BPA2-BASE-R033,33.0,start,3.474355855226014,-0.9062325698691577,1.0417009684775935,,,
curve_endpoint,Urban Scaling,GDP,BASE,,,,,,,log10(population),log10(gdp),SCL-BPA2-BASE-R033,33.0,end,7.817300674258532,3.6178172541617637,1.0417009684775935,,,
curve_endpoint,Urban Scaling,GDP,BASE,,,,,,,log10(population),log10(gdp),SCL-BPA2-BASE-R034,34.0,start,3.474355855226014,-0.8174825747668554,1.1137230362548562,,,
curve_endpoint,Urban Scaling,GDP,BASE,,,,,,,log10(population),log10(gdp),SCL-BPA2-BASE-R034,34.0,end,7.817300674258532,4.0193551153733384,1.1137230362548562,,,
curve_endpoint,Urban Scaling,GDP,BASE,,,,,,,log10(population),log10(gdp),SCL-BPA2-BASE-R035,35.0,start,3.474355855226014,-0.8389029165883908,1.061571477224669,,,
curve_endpoint,Urban Scaling,GDP,BASE,,,,,,,log10(population),log10(gdp),SCL-BPA2-BASE-R035,35.0,end,7.817300674258532,3.771443430457182,1.061571477224669,,,
curve_endpoint,Urban Scaling,GDP,BASE,,,,,,,log10(population),log10(gdp),SCL-BPA2-BASE-R036,36.0,start,3.474355855226014,-0.5662803606935011,1.0914600265991032,,,
curve_endpoint,Urban Scaling,GDP,BASE,,,,,,,log10(population),log10(gdp),SCL-BPA2-BASE-R036,36.0,end,7.817300674258532,4.173870307006168,1.0914600265991032,,,
curve_endpoint,Urban Scaling,GDP,BASE,,,,,,,log10(population),log10(gdp),SCL-BPA2-BASE-R037,37.0,start,3.474355855226014,-0.640542985921265,0.980942889583093,,,
curve_endpoint,Urban Scaling,GDP,BASE,,,,,,,log10(population),log10(gdp),SCL-BPA2-BASE-R037,37.0,end,7.817300674258532,3.6196378541604153,0.980942889583093,,,
curve_endpoint,Urban Scaling,GDP,BASE,,,,,,,log10(population),log10(gdp),SCL-BPA2-BASE-R038,38.0,start,3.474355855226014,-1.54460231750043,1.217208220355415,,,
curve_endpoint,Urban Scaling,GDP,BASE,,,,,,,log10(population),log10(gdp),SCL-BPA2-BASE-R038,38.0,end,7.817300674258532,3.741665816775911,1.217208220355415,,,
curve_endpoint,Urban Scaling,GDP,BASE,,,,,,,log10(population),log10(gdp),SCL-BPA2-BASE-R039,39.0,start,3.474355855226014,-0.9083128360367866,1.0445424174612852,,,
curve_endpoint,Urban Scaling,GDP,BASE,,,,,,,log10(population),log10(gdp),SCL-BPA2-BASE-R039,39.0,end,7.817300674258532,3.628077244136403,1.0445424174612852,,,
curve_endpoint,Urban Scaling,GDP,BASE,,,,,,,log10(population),log10(gdp),SCL-BPA2-BASE-R040,40.0,start,3.474355855226014,-1.3373187251414356,1.1834975359399715,,,
curve_endpoint,Urban Scaling,GDP,BASE,,,,,,,log10(population),log10(gdp),SCL-BPA2-BASE-R040,40.0,end,7.817300674258532,3.8025457669068143,1.1834975359399715,,,
curve_endpoint,Urban Scaling,GDP,BASE,,,,,,,log10(population),log10(gdp),SCL-BPA2-BASE-R041,41.0,start,3.474355855226014,-0.822834398278854,1.2146858502798594,,,
curve_endpoint,Urban Scaling,GDP,BASE,,,,,,,log10(population),log10(gdp),SCL-BPA2-BASE-R041,41.0,end,7.817300674258532,4.452479221946171,1.2146858502798594,,,
curve_endpoint,Urban Scaling,GDP,BASE,,,,,,,log10(population),log10(gdp),SCL-BPA2-BASE-R042,42.0,start,3.474355855226014,-0.7502081961818982,1.0802559051442315,,,
curve_endpoint,Urban Scaling,GDP,BASE,,,,,,,log10(population),log10(gdp),SCL-BPA2-BASE-R042,42.0,end,7.817300674258532,3.9412835902935246,1.0802559051442315,,,
curve_endpoint,Urban Scaling,GDP,BASE,,,,,,,log10(population),log10(gdp),SCL-BPA2-BASE-R043,43.0,start,3.474355855226014,-0.6808994944951698,0.9666701661955444,,,
curve_endpoint,Urban Scaling,GDP,BASE,,,,,,,log10(population),log10(gdp),SCL-BPA2-BASE-R043,43.0,end,7.817300674258532,3.517295695497073,0.9666701661955444,,,
curve_endpoint,Urban Scaling,GDP,BASE,,,,,,,log10(population),log10(gdp),SCL-BPA2-BASE-R044,44.0,start,3.474355855226014,-0.9767081283567886,1.0469774620769878,,,
curve_endpoint,Urban Scaling,GDP,BASE,,,,,,,log10(population),log10(gdp),SCL-BPA2-BASE-R044,44.0,end,7.817300674258532,3.5702572162142805,1.0469774620769878,,,
curve_endpoint,Urban Scaling,GDP,BASE,,,,,,,log10(population),log10(gdp),SCL-BPA2-BASE-R045,45.0,start,3.474355855226014,-0.867976911299825,1.0033506443283635,,,
curve_endpoint,Urban Scaling,GDP,BASE,,,,,,,log10(population),log10(gdp),SCL-BPA2-BASE-R045,45.0,end,7.817300674258532,3.4895195711589806,1.0033506443283635,,,
curve_endpoint,Urban Scaling,GDP,BASE,,,,,,,log10(population),log10(gdp),SCL-BPA2-BASE-R046,46.0,start,3.474355855226014,-0.44198151715166456,0.8459504502459428,,,
curve_endpoint,Urban Scaling,GDP,BASE,,,,,,,log10(population),log10(gdp),SCL-BPA2-BASE-R046,46.0,end,7.817300674258532,3.2319346079021787,0.8459504502459428,,,
curve_endpoint,Urban Scaling,GDP,BASE,,,,,,,log10(population),log10(gdp),SCL-BPA2-BASE-R048,48.0,start,3.474355855226014,-0.8618268140563984,0.9904261132192198,,,
curve_endpoint,Urban Scaling,GDP,BASE,,,,,,,log10(population),log10(gdp),SCL-BPA2-BASE-R048,48.0,end,7.817300674258532,3.4395391429835263,0.9904261132192198,,,
curve_endpoint,Urban Scaling,GDP,BASE,,,,,,,log10(population),log10(gdp),SCL-BPA2-BASE-R049,49.0,start,3.474355855226014,-0.780543790498506,1.0076140637332134,,,
curve_endpoint,Urban Scaling,GDP,BASE,,,,,,,log10(population),log10(gdp),SCL-BPA2-BASE-R049,49.0,end,7.817300674258532,3.5954684871759537,1.0076140637332134,,,
curve_endpoint,Urban Scaling,GDP,BASE,,,,,,,log10(population),log10(gdp),SCL-BPA2-BASE-R050,50.0,start,3.474355855226014,-0.43643922358452547,0.9456033022716014,,,
curve_endpoint,Urban Scaling,GDP,BASE,,,,,,,log10(population),log10(gdp),SCL-BPA2-BASE-R050,50.0,end,7.817300674258532,3.670263738875965,0.9456033022716014,,,
curve_endpoint,Urban Scaling,GDP,BASE,,,,,,,log10(population),log10(gdp),SCL-BPA2-BASE-R051,51.0,start,3.474355855226014,-1.8084744872385285,1.3927875345768626,,,
curve_endpoint,Urban Scaling,GDP,BASE,,,,,,,log10(population),log10(gdp),SCL-BPA2-BASE-R051,51.0,end,7.817300674258532,4.240324920065131,1.3927875345768626,,,
curve_endpoint,Urban Scaling,GDP,BASE,,,,,,,log10(population),log10(gdp),SCL-BPA2-BASE-R052,52.0,start,3.474355855226014,-1.318517643858931,1.183545452789338,,,
curve_endpoint,Urban Scaling,GDP,BASE,,,,,,,log10(population),log10(gdp),SCL-BPA2-BASE-R052,52.0,end,7.817300674258532,3.8215549484220213,1.183545452789338,,,
curve_endpoint,Urban Scaling,GDP,BASE,,,,,,,log10(population),log10(gdp),SCL-BPA2-BASE-R053,53.0,start,3.474355855226014,-0.2583464667701653,0.799227820148871,,,
curve_endpoint,Urban Scaling,GDP,BASE,,,,,,,log10(population),log10(gdp),SCL-BPA2-BASE-R053,53.0,end,7.817300674258532,3.2126558539720267,0.799227820148871,,,
curve_endpoint,Urban Scaling,GDP,BASE,,,,,,,log10(population),log10(gdp),SCL-BPA2-BASE-R054,54.0,start,3.474355855226014,-0.8387817106196527,1.0479654860645164,,,
curve_endpoint,Urban Scaling,GDP,BASE,,,,,,,log10(population),log10(gdp),SCL-BPA2-BASE-R054,54.0,end,7.817300674258532,3.7124745676091333,1.0479654860645164,,,
curve_endpoint,Urban Scaling,GDP,BASE,,,,,,,log10(population),log10(gdp),SCL-BPA2-BASE-R055,55.0,start,3.474355855226014,-0.8667276784056094,1.0184693015555577,,,
curve_endpoint,Urban Scaling,GDP,BASE,,,,,,,log10(population),log10(gdp),SCL-BPA2-BASE-R055,55.0,end,7.817300674258532,3.5564282981287665,1.0184693015555577,,,
curve_endpoint,Urban Scaling,GDP,BASE,,,,,,,log10(population),log10(gdp),SCL-BPA2-BASE-R056,56.0,start,3.474355855226014,-1.1709634872462964,1.087497510615289,,,
curve_endpoint,Urban Scaling,GDP,BASE,,,,,,,log10(population),log10(gdp),SCL-BPA2-BASE-R056,56.0,end,7.817300674258532,3.5519781921911346,1.087497510615289,,,
curve_endpoint,Urban Scaling,GDP,BASE,,,,,,,log10(population),log10(gdp),SCL-BPA2-BASE-R057,57.0,start,3.474355855226014,-0.8353518637479993,0.948892169041079,,,
curve_endpoint,Urban Scaling,GDP,BASE,,,,,,,log10(population),log10(gdp),SCL-BPA2-BASE-R057,57.0,end,7.817300674258532,3.2856344656094825,0.948892169041079,,,
curve_endpoint,Urban Scaling,GDP,BASE,,,,,,,log10(population),log10(gdp),SCL-BPA2-BASE-R058,58.0,start,3.474355855226014,-1.3021688656600838,1.2280661579296082,,,
curve_endpoint,Urban Scaling,GDP,BASE,,,,,,,log10(population),log10(gdp),SCL-BPA2-BASE-R058,58.0,end,7.817300674258532,4.031254692349477,1.2280661579296082,,,
curve_endpoint,Urban Scaling,GDP,BASE,,,,,,,log10(population),log10(gdp),SCL-BPA2-BASE-R059,59.0,start,3.474355855226014,-0.5724051471837371,1.0356256816014355,,,
curve_endpoint,Urban Scaling,GDP,BASE,,,,,,,log10(population),log10(gdp),SCL-BPA2-BASE-R059,59.0,end,7.817300674258532,3.925260041184238,1.0356256816014355,,,
curve_endpoint,Urban Scaling,GDP,BASE,,,,,,,log10(population),log10(gdp),SCL-BPA2-BASE-R060,60.0,start,3.474355855226014,-0.45445705994247715,0.8915295273085686,,,
curve_endpoint,Urban Scaling,GDP,BASE,,,,,,,log10(population),log10(gdp),SCL-BPA2-BASE-R060,60.0,end,7.817300674258532,3.4174064816967804,0.8915295273085686,,,
curve_endpoint,Urban Scaling,GDP,BASE,,,,,,,log10(population),log10(gdp),SCL-BPA2-BASE-R061,61.0,start,3.474355855226014,-0.843074043582326,1.0216346791251452,,,
curve_endpoint,Urban Scaling,GDP,BASE,,,,,,,log10(population),log10(gdp),SCL-BPA2-BASE-R061,61.0,end,7.817300674258532,3.593828993068173,1.0216346791251452,,,
curve_endpoint,Urban Scaling,GDP,BASE,,,,,,,log10(population),log10(gdp),SCL-BPA2-BASE-R062,62.0,start,3.474355855226014,-0.8595903053471853,1.0305131628727726,,,
curve_endpoint,Urban Scaling,GDP,BASE,,,,,,,log10(population),log10(gdp),SCL-BPA2-BASE-R062,62.0,end,7.817300674258532,3.6158714962959353,1.0305131628727726,,,
curve_endpoint,Urban Scaling,GDP,BASE,,,,,,,log10(population),log10(gdp),SCL-BPA2-BASE-R063,63.0,start,3.474355855226014,-0.5390075127093417,0.9357304180264392,,,
curve_endpoint,Urban Scaling,GDP,BASE,,,,,,,log10(population),log10(gdp),SCL-BPA2-BASE-R063,63.0,end,7.817300674258532,3.524818058269715,0.9357304180264392,,,
curve_endpoint,Urban Scaling,GDP,BASE,,,,,,,log10(population),log10(gdp),SCL-BPA2-BASE-R064,64.0,start,3.474355855226014,-0.9390699992099095,1.0385539302412878,,,
curve_endpoint,Urban Scaling,GDP,BASE,,,,,,,log10(population),log10(gdp),SCL-BPA2-BASE-R064,64.0,end,7.817300674258532,3.571312411417351,1.0385539302412878,,,
curve_endpoint,Urban Scaling,GDP,BASE,,,,,,,log10(population),log10(gdp),SCL-BPA2-BASE-R065,65.0,start,3.474355855226014,-0.8990494091797994,1.0856153213490023,,,
curve_endpoint,Urban Scaling,GDP,BASE,,,,,,,log10(population),log10(gdp),SCL-BPA2-BASE-R065,65.0,end,7.817300674258532,3.815718026135173,1.0856153213490023,,,
curve_endpoint,Urban Scaling,GDP,BASE,,,,,,,log10(population),log10(gdp),SCL-BPA2-BASE-R066,66.0,start,3.474355855226014,-0.4362309269443508,1.0127939618408004,,,
curve_endpoint,Urban Scaling,GDP,BASE,,,,,,,log10(population),log10(gdp),SCL-BPA2-BASE-R066,66.0,end,7.817300674258532,3.9622773623795715,1.0127939618408004,,,
curve_endpoint,Urban Scaling,GDP,BASE,,,,,,,log10(population),log10(gdp),SCL-BPA2-BASE-R067,67.0,start,3.474355855226014,-1.2541990788946824,1.1781259749358606,,,
curve_endpoint,Urban Scaling,GDP,BASE,,,,,,,log10(population),log10(gdp),SCL-BPA2-BASE-R067,67.0,end,7.817300674258532,3.8623370201206466,1.1781259749358606,,,
curve_endpoint,Urban Scaling,GDP,BASE,,,,,,,log10(population),log10(gdp),SCL-BPA2-BASE-R068,68.0,start,3.474355855226014,0.2004604786678291,0.6676636487065646,,,
curve_endpoint,Urban Scaling,GDP,BASE,,,,,,,log10(population),log10(gdp),SCL-BPA2-BASE-R068,68.0,end,7.817300674258532,3.100086862674351,0.6676636487065646,,,
curve_endpoint,Urban Scaling,GDP,BASE,,,,,,,log10(population),log10(gdp),SCL-BPA2-BASE-R069,69.0,start,3.474355855226014,-0.9592764193080504,1.0467194829268944,,,
curve_endpoint,Urban Scaling,GDP,BASE,,,,,,,log10(population),log10(gdp),SCL-BPA2-BASE-R069,69.0,end,7.817300674258532,3.5865685360497017,1.0467194829268944,,,
curve_endpoint,Urban Scaling,GDP,BASE,,,,,,,log10(population),log10(gdp),SCL-BPA2-BASE-R070,70.0,start,3.474355855226014,-1.1045874563995524,1.08026629261036,,,
curve_endpoint,Urban Scaling,GDP,BASE,,,,,,,log10(population),log10(gdp),SCL-BPA2-BASE-R070,70.0,end,7.817300674258532,3.586949442268077,1.08026629261036,,,
curve_endpoint,Urban Scaling,GDP,BASE,,,,,,,log10(population),log10(gdp),SCL-BPA2-BASE-R071,71.0,start,3.474355855226014,-0.6626558732092745,0.9482203817892928,,,
curve_endpoint,Urban Scaling,GDP,BASE,,,,,,,log10(population),log10(gdp),SCL-BPA2-BASE-R071,71.0,end,7.817300674258532,3.4554129211835716,0.9482203817892928,,,
curve_endpoint,Urban Scaling,GDP,BASE,,,,,,,log10(population),log10(gdp),SCL-BPA2-BASE-R072,72.0,start,3.474355855226014,-0.4597283018457689,0.8749070408771279,,,
curve_endpoint,Urban Scaling,GDP,BASE,,,,,,,log10(population),log10(gdp),SCL-BPA2-BASE-R072,72.0,end,7.817300674258532,3.339944698466625,0.8749070408771279,,,
curve_endpoint,Urban Scaling,GDP,BASE,,,,,,,log10(population),log10(gdp),SCL-BPA2-BASE-R073,73.0,start,3.474355855226014,-1.1408024617535175,1.1299980469301665,,,
curve_endpoint,Urban Scaling,GDP,BASE,,,,,,,log10(population),log10(gdp),SCL-BPA2-BASE-R073,73.0,end,7.817300674258532,3.7667167016787135,1.1299980469301665,,,
curve_endpoint,Urban Scaling,GDP,BASE,,,,,,,log10(population),log10(gdp),SCL-BPA2-BASE-R074,74.0,start,3.474355855226014,-0.6382943808309294,0.9639085191578156,,,
curve_endpoint,Urban Scaling,GDP,BASE,,,,,,,log10(population),log10(gdp),SCL-BPA2-BASE-R074,74.0,end,7.817300674258532,3.547907128466812,0.9639085191578156,,,
curve_endpoint,Urban Scaling,GDP,BASE,,,,,,,log10(population),log10(gdp),SCL-BPA2-BASE-R075,75.0,start,3.474355855226014,-1.2272802498462958,1.186644139355525,,,
curve_endpoint,Urban Scaling,GDP,BASE,,,,,,,log10(population),log10(gdp),SCL-BPA2-BASE-R075,75.0,end,7.817300674258532,3.9262497672030827,1.186644139355525,,,
curve_endpoint,Urban Scaling,GDP,BASE,,,,,,,log10(population),log10(gdp),SCL-BPA2-BASE-R076,76.0,start,3.474355855226014,-0.9273609835167845,1.1006094234791604,,,
curve_endpoint,Urban Scaling,GDP,BASE,,,,,,,log10(population),log10(gdp),SCL-BPA2-BASE-R076,76.0,end,7.817300674258532,3.852525009960401,1.1006094234791604,,,
curve_endpoint,Urban Scaling,GDP,BASE,,,,,,,log10(population),log10(gdp),SCL-BPA2-BASE-R077,77.0,start,3.474355855226014,-0.6475994967039201,0.8684541464256716,,,
curve_endpoint,Urban Scaling,GDP,BASE,,,,,,,log10(population),log10(gdp),SCL-BPA2-BASE-R077,77.0,end,7.817300674258532,3.124048939082758,0.8684541464256716,,,
curve_endpoint,Urban Scaling,GDP,BASE,,,,,,,log10(population),log10(gdp),SCL-BPA2-BASE-R078,78.0,start,3.474355855226014,-0.5757523564635272,0.9269904963436352,,,
curve_endpoint,Urban Scaling,GDP,BASE,,,,,,,log10(population),log10(gdp),SCL-BPA2-BASE-R078,78.0,end,7.817300674258532,3.4501162169244455,0.9269904963436352,,,
curve_endpoint,Urban Scaling,GDP,BASE,,,,,,,log10(population),log10(gdp),SCL-BPA2-BASE-R079,79.0,start,3.474355855226014,-0.8502467918914379,0.9936703265619092,,,
curve_endpoint,Urban Scaling,GDP,BASE,,,,,,,log10(population),log10(gdp),SCL-BPA2-BASE-R079,79.0,end,7.817300674258532,3.4652086046769557,0.9936703265619092,,,
curve_endpoint,Urban Scaling,GDP,BASE,,,,,,,log10(population),log10(gdp),SCL-BPA2-BASE-R080,80.0,start,3.474355855226014,-1.1734825765924077,1.1129586881983902,,,
curve_endpoint,Urban Scaling,GDP,BASE,,,,,,,log10(population),log10(gdp),SCL-BPA2-BASE-R080,80.0,end,7.817300674258532,3.6600355921160177,1.1129586881983902,,,
curve_endpoint,Urban Scaling,GDP,BASE,,,,,,,log10(population),log10(gdp),SCL-BPA2-BASE-R081,81.0,start,3.474355855226014,-1.659719507594247,1.351233329615106,,,
curve_endpoint,Urban Scaling,GDP,BASE,,,,,,,log10(population),log10(gdp),SCL-BPA2-BASE-R081,81.0,end,7.817300674258532,4.208612280561735,1.351233329615106,,,
curve_endpoint,Urban Scaling,GDP,BASE,,,,,,,log10(population),log10(gdp),SCL-BPA2-BASE-R082,82.0,start,3.474355855226014,-0.8961310412225214,1.0758103564110897,,,
curve_endpoint,Urban Scaling,GDP,BASE,,,,,,,log10(population),log10(gdp),SCL-BPA2-BASE-R082,82.0,end,7.817300674258532,3.776053972414547,1.0758103564110897,,,
curve_endpoint,Urban Scaling,GDP,BASE,,,,,,,log10(population),log10(gdp),SCL-BPA2-BASE-R083,83.0,start,3.474355855226014,-1.0426324958703639,1.0605291603143343,,,
curve_endpoint,Urban Scaling,GDP,BASE,,,,,,,log10(population),log10(gdp),SCL-BPA2-BASE-R083,83.0,end,7.817300674258532,3.5631871263496815,1.0605291603143343,,,
curve_endpoint,Urban Scaling,GDP,BASE,,,,,,,log10(population),log10(gdp),SCL-BPA2-BASE-R084,84.0,start,3.474355855226014,-1.2265909601072775,1.2498322598506166,,,
curve_endpoint,Urban Scaling,GDP,BASE,,,,,,,log10(population),log10(gdp),SCL-BPA2-BASE-R084,84.0,end,7.817300674258532,4.201361577470662,1.2498322598506166,,,
curve_endpoint,Urban Scaling,GDP,BASE,,,,,,,log10(population),log10(gdp),SCL-BPA2-BASE-R085,85.0,start,3.474355855226014,-0.4978630636647658,0.9842992598308056,,,
curve_endpoint,Urban Scaling,GDP,BASE,,,,,,,log10(population),log10(gdp),SCL-BPA2-BASE-R085,85.0,end,7.817300674258532,3.7768943071949734,0.9842992598308056,,,
curve_endpoint,Urban Scaling,GDP,BASE,,,,,,,log10(population),log10(gdp),SCL-BPA2-BASE-R086,86.0,start,3.474355855226014,-0.9273927495180612,1.0379571349852303,,,
curve_endpoint,Urban Scaling,GDP,BASE,,,,,,,log10(population),log10(gdp),SCL-BPA2-BASE-R086,86.0,end,7.817300674258532,3.580397812243881,1.0379571349852303,,,
curve_endpoint,Urban Scaling,GDP,BASE,,,,,,,log10(population),log10(gdp),SCL-BPA2-BASE-R087,87.0,start,3.474355855226014,-0.7502529575236733,0.9688342303772768,,,
curve_endpoint,Urban Scaling,GDP,BASE,,,,,,,log10(population),log10(gdp),SCL-BPA2-BASE-R087,87.0,end,7.817300674258532,3.4573406437946783,0.9688342303772768,,,
curve_endpoint,Urban Scaling,GDP,BASE,,,,,,,log10(population),log10(gdp),SCL-BPA2-BASE-R088,88.0,start,3.474355855226014,-2.0417662983992573,1.5086647683288557,,,
curve_endpoint,Urban Scaling,GDP,BASE,,,,,,,log10(population),log10(gdp),SCL-BPA2-BASE-R088,88.0,end,7.817300674258532,4.510281540871441,1.5086647683288557,,,
curve_endpoint,Urban Scaling,GDP,BASE,,,,,,,log10(population),log10(gdp),SCL-BPA2-BASE-R089,89.0,start,3.474355855226014,-1.0274038027239383,1.081542815250934,,,
curve_endpoint,Urban Scaling,GDP,BASE,,,,,,,log10(population),log10(gdp),SCL-BPA2-BASE-R089,89.0,end,7.817300674258532,3.6696769633319497,1.081542815250934,,,
curve_endpoint,Urban Scaling,GDP,BASE,,,,,,,log10(population),log10(gdp),SCL-BPA2-BASE-R090,90.0,start,3.474355855226014,-0.6856401420939122,0.9801315080744962,,,
curve_endpoint,Urban Scaling,GDP,BASE,,,,,,,log10(population),log10(gdp),SCL-BPA2-BASE-R090,90.0,end,7.817300674258532,3.571016912868749,0.9801315080744962,,,
curve_endpoint,Urban Scaling,GDP,BASE,,,,,,,log10(population),log10(gdp),SCL-BPA2-BASE-R091,91.0,start,3.474355855226014,-1.0661740113211255,1.0800594531323828,,,
curve_endpoint,Urban Scaling,GDP,BASE,,,,,,,log10(population),log10(gdp),SCL-BPA2-BASE-R091,91.0,end,7.817300674258532,3.6244645949072516,1.0800594531323828,,,
curve_endpoint,Urban Scaling,GDP,BASE,,,,,,,log10(population),log10(gdp),SCL-BPA2-BASE-R092,92.0,start,3.474355855226014,-1.1653965975624831,1.1481146478163986,,,
curve_endpoint,Urban Scaling,GDP,BASE,,,,,,,log10(population),log10(gdp),SCL-BPA2-BASE-R092,92.0,end,7.817300674258532,3.8208019638270896,1.1481146478163986,,,
curve_endpoint,Urban Scaling,GDP,BASE,,,,,,,log10(population),log10(gdp),SCL-BPA2-BASE-R093,93.0,start,3.474355855226014,-1.1870268715836352,1.169160415044514,,,
curve_endpoint,Urban Scaling,GDP,BASE,,,,,,,log10(population),log10(gdp),SCL-BPA2-BASE-R093,93.0,end,7.817300674258532,3.8905722955518454,1.169160415044514,,,
curve_endpoint,Urban Scaling,GDP,BASE,,,,,,,log10(population),log10(gdp),SCL-BPA2-BASE-R094,94.0,start,3.474355855226014,-0.9969009154514834,1.0760617315587635,,,
curve_endpoint,Urban Scaling,GDP,BASE,,,,,,,log10(population),log10(gdp),SCL-BPA2-BASE-R094,94.0,end,7.817300674258532,3.676375806580808,1.0760617315587635,,,
curve_endpoint,Urban Scaling,GDP,BASE,,,,,,,log10(population),log10(gdp),SCL-BPA2-BASE-R095,95.0,start,3.474355855226014,-0.9027516998119871,1.0440376408031349,,,
curve_endpoint,Urban Scaling,GDP,BASE,,,,,,,log10(population),log10(gdp),SCL-BPA2-BASE-R095,95.0,end,7.817300674258532,3.63144616318892,1.0440376408031349,,,
curve_endpoint,Urban Scaling,GDP,BASE,,,,,,,log10(population),log10(gdp),SCL-BPA2-BASE-R096,96.0,start,3.474355855226014,-0.5591210883556488,0.918085021192086,,,
curve_endpoint,Urban Scaling,GDP,BASE,,,,,,,log10(population),log10(gdp),SCL-BPA2-BASE-R096,96.0,end,7.817300674258532,3.428071497861881,0.918085021192086,,,
curve_endpoint,Urban Scaling,GDP,BASE,,,,,,,log10(population),log10(gdp),SCL-BPA2-BASE-R097,97.0,start,3.474355855226014,-1.1545658332872661,1.1081853340596035,,,
curve_endpoint,Urban Scaling,GDP,BASE,,,,,,,log10(population),log10(gdp),SCL-BPA2-BASE-R097,97.0,end,7.817300674258532,3.658221921794709,1.1081853340596035,,,
curve_endpoint,Urban Scaling,GDP,BASE,,,,,,,log10(population),log10(gdp),SCL-BPA2-BASE-R098,98.0,start,3.474355855226014,-1.0683320725286187,1.121155809727922,,,
curve_endpoint,Urban Scaling,GDP,BASE,,,,,,,log10(population),log10(gdp),SCL-BPA2-BASE-R098,98.0,end,7.817300674258532,3.8007857426574674,1.121155809727922,,,
curve_endpoint,Urban Scaling,GDP,BASE,,,,,,,log10(population),log10(gdp),SCL-BPA2-BASE-R099,99.0,start,3.474355855226014,-1.0327873948115758,1.0623426682884354,,,
curve_endpoint,Urban Scaling,GDP,BASE,,,,,,,log10(population),log10(gdp),SCL-BPA2-BASE-R099,99.0,end,7.817300674258532,3.5809081924688653,1.0623426682884354,,,
curve_endpoint,Urban Scaling,GDP,BASE,,,,,,,log10(population),log10(gdp),SCL-BPA2-BASE-R100,100.0,start,3.474355855226014,-1.197633360316334,1.0979897894158563,,,
curve_endpoint,Urban Scaling,GDP,BASE,,,,,,,log10(population),log10(gdp),SCL-BPA2-BASE-R100,100.0,end,7.817300674258532,3.570875706977864,1.0979897894158563,,,
curve_endpoint,Urban Scaling,GDP,FULL,,,,,,,log10(population),log10(gdp),SCL-BPA2-FULL-R001,1.0,start,3.474355855226014,-1.1213037125352876,1.0984652713437129,,,
curve_endpoint,Urban Scaling,GDP,FULL,,,,,,,log10(population),log10(gdp),SCL-BPA2-FULL-R001,1.0,end,7.817300674258532,3.6492703465340393,1.0984652713437129,,,
curve_endpoint,Urban Scaling,GDP,FULL,,,,,,,log10(population),log10(gdp),SCL-BPA2-FULL-R002,2.0,start,3.474355855226014,-0.9992463123944492,1.0868280569734827,,,
curve_endpoint,Urban Scaling,GDP,FULL,,,,,,,log10(population),log10(gdp),SCL-BPA2-FULL-R002,2.0,end,7.817300674258532,3.7207879668177157,1.0868280569734827,,,
curve_endpoint,Urban Scaling,GDP,FULL,,,,,,,log10(population),log10(gdp),SCL-BPA2-FULL-R003,3.0,start,3.474355855226014,-0.08544840568831705,0.8144646395523429,,,
curve_endpoint,Urban Scaling,GDP,FULL,,,,,,,log10(population),log10(gdp),SCL-BPA2-FULL-R003,3.0,end,7.817300674258532,3.4517265809407176,0.8144646395523429,,,
curve_endpoint,Urban Scaling,GDP,FULL,,,,,,,log10(population),log10(gdp),SCL-BPA2-FULL-R004,4.0,start,3.474355855226014,-0.4451925273982282,0.8873434305004275,,,
curve_endpoint,Urban Scaling,GDP,FULL,,,,,,,log10(population),log10(gdp),SCL-BPA2-FULL-R004,4.0,end,7.817300674258532,3.4084910267961446,0.8873434305004275,,,
curve_endpoint,Urban Scaling,GDP,FULL,,,,,,,log10(population),log10(gdp),SCL-BPA2-FULL-R005,5.0,start,3.474355855226014,-0.7370299287442083,1.029429417402968,,,
curve_endpoint,Urban Scaling,GDP,FULL,,,,,,,log10(population),log10(gdp),SCL-BPA2-FULL-R005,5.0,end,7.817300674258532,3.7337252261256744,1.029429417402968,,,
curve_endpoint,Urban Scaling,GDP,FULL,,,,,,,log10(population),log10(gdp),SCL-BPA2-FULL-R006,6.0,start,3.474355855226014,-1.6018014589536527,1.2236429782296032,,,
curve_endpoint,Urban Scaling,GDP,FULL,,,,,,,log10(population),log10(gdp),SCL-BPA2-FULL-R006,6.0,end,7.817300674258532,3.7124124736941235,1.2236429782296032,,,
curve_endpoint,Urban Scaling,GDP,FULL,,,,,,,log10(population),log10(gdp),SCL-BPA2-FULL-R007,7.0,start,3.474355855226014,-0.44563367155053696,0.916693733730185,,,
curve_endpoint,Urban Scaling,GDP,FULL,,,,,,,log10(population),log10(gdp),SCL-BPA2-FULL-R007,7.0,end,7.817300674258532,3.5355166299925442,0.916693733730185,,,
curve_endpoint,Urban Scaling,GDP,FULL,,,,,,,log10(population),log10(gdp),SCL-BPA2-FULL-R008,8.0,start,3.474355855226014,-0.5121639139689323,0.9241915188990616,,,
curve_endpoint,Urban Scaling,GDP,FULL,,,,,,,log10(population),log10(gdp),SCL-BPA2-FULL-R008,8.0,end,7.817300674258532,3.501548854827541,0.9241915188990616,,,
curve_endpoint,Urban Scaling,GDP,FULL,,,,,,,log10(population),log10(gdp),SCL-BPA2-FULL-R009,9.0,start,3.474355855226014,-0.32059254413784316,0.8911154640402418,,,
curve_endpoint,Urban Scaling,GDP,FULL,,,,,,,log10(population),log10(gdp),SCL-BPA2-FULL-R009,9.0,end,7.817300674258532,3.5494727435754823,0.8911154640402418,,,
curve_endpoint,Urban Scaling,GDP,FULL,,,,,,,log10(population),log10(gdp),SCL-BPA2-FULL-R010,10.0,start,3.474355855226014,-0.941024836484769,1.0717993627471285,,,
curve_endpoint,Urban Scaling,GDP,FULL,,,,,,,log10(population),log10(gdp),SCL-BPA2-FULL-R010,10.0,end,7.817300674258532,3.7137406530002273,1.0717993627471285,,,
curve_endpoint,Urban Scaling,GDP,FULL,,,,,,,log10(population),log10(gdp),SCL-BPA2-FULL-R011,11.0,start,3.474355855226014,-0.7843701719240246,1.0376711404805563,,,
curve_endpoint,Urban Scaling,GDP,FULL,,,,,,,log10(population),log10(gdp),SCL-BPA2-FULL-R011,11.0,end,7.817300674258532,3.722178331485572,1.0376711404805563,,,
curve_endpoint,Urban Scaling,GDP,FULL,,,,,,,log10(population),log10(gdp),SCL-BPA2-FULL-R012,12.0,start,3.474355855226014,-0.49423579482580265,0.881254099662572,,,
curve_endpoint,Urban Scaling,GDP,FULL,,,,,,,log10(population),log10(gdp),SCL-BPA2-FULL-R012,12.0,end,7.817300674258532,3.33300213155493,0.881254099662572,,,
curve_endpoint,Urban Scaling,GDP,FULL,,,,,,,log10(population),log10(gdp),SCL-BPA2-FULL-R013,13.0,start,3.474355855226014,-0.32402279942611556,0.8765669179242519,,,
curve_endpoint,Urban Scaling,GDP,FULL,,,,,,,log10(population),log10(gdp),SCL-BPA2-FULL-R013,13.0,end,7.817300674258532,3.482858955308316,0.8765669179242519,,,
curve_endpoint,Urban Scaling,GDP,FULL,,,,,,,log10(population),log10(gdp),SCL-BPA2-FULL-R014,14.0,start,3.474355855226014,-0.5619788471133302,0.9246662034326004,,,
curve_endpoint,Urban Scaling,GDP,FULL,,,,,,,log10(population),log10(gdp),SCL-BPA2-FULL-R014,14.0,end,7.817300674258532,3.4537954504187494,0.9246662034326004,,,
curve_endpoint,Urban Scaling,GDP,FULL,,,,,,,log10(population),log10(gdp),SCL-BPA2-FULL-R015,15.0,start,3.474355855226014,-0.7783175993594652,1.021953808716895,,,
curve_endpoint,Urban Scaling,GDP,FULL,,,,,,,log10(population),log10(gdp),SCL-BPA2-FULL-R015,15.0,end,7.817300674258532,3.659971399498122,1.021953808716895,,,
curve_endpoint,Urban Scaling,GDP,FULL,,,,,,,log10(population),log10(gdp),SCL-BPA2-FULL-R016,16.0,start,3.474355855226014,-1.0198380036382648,1.0672545423884254,,,
curve_endpoint,Urban Scaling,GDP,FULL,,,,,,,log10(population),log10(gdp),SCL-BPA2-FULL-R016,16.0,end,7.817300674258532,3.6151895818164683,1.0672545423884254,,,
curve_endpoint,Urban Scaling,GDP,FULL,,,,,,,log10(population),log10(gdp),SCL-BPA2-FULL-R017,17.0,start,3.474355855226014,-0.20159615553604876,0.8180600736295741,,,
curve_endpoint,Urban Scaling,GDP,FULL,,,,,,,log10(population),log10(gdp),SCL-BPA2-FULL-R017,17.0,end,7.817300674258532,3.3511936028908704,0.8180600736295741,,,
curve_endpoint,Urban Scaling,GDP,FULL,,,,,,,log10(population),log10(gdp),SCL-BPA2-FULL-R018,18.0,start,3.474355855226014,-0.9305528754127024,1.015254109805003,,,
curve_endpoint,Urban Scaling,GDP,FULL,,,,,,,log10(population),log10(gdp),SCL-BPA2-FULL-R018,18.0,end,7.817300674258532,3.478639700766406,1.015254109805003,,,
curve_endpoint,Urban Scaling,GDP,FULL,,,,,,,log10(population),log10(gdp),SCL-BPA2-FULL-R019,19.0,start,3.474355855226014,-0.7906354639065959,1.0299509932817403,,,
curve_endpoint,Urban Scaling,GDP,FULL,,,,,,,log10(population),log10(gdp),SCL-BPA2-FULL-R019,19.0,end,7.817300674258532,3.6823848662237344,1.0299509932817403,,,
curve_endpoint,Urban Scaling,GDP,FULL,,,,,,,log10(population),log10(gdp),SCL-BPA2-FULL-R020,20.0,start,3.474355855226014,-0.27613233580896235,0.8734830399297531,,,
curve_endpoint,Urban Scaling,GDP,FULL,,,,,,,log10(population),log10(gdp),SCL-BPA2-FULL-R020,20.0,end,7.817300674258532,3.517356306966733,0.8734830399297531,,,
curve_endpoint,Urban Scaling,GDP,FULL,,,,,,,log10(population),log10(gdp),SCL-BPA2-FULL-R021,21.0,start,3.474355855226014,-0.7804736040143555,0.9946022200472512,,,
curve_endpoint,Urban Scaling,GDP,FULL,,,,,,,log10(population),log10(gdp),SCL-BPA2-FULL-R021,21.0,end,7.817300674258532,3.5390289545380944,0.9946022200472512,,,
curve_endpoint,Urban Scaling,GDP,FULL,,,,,,,log10(population),log10(gdp),SCL-BPA2-FULL-R022,22.0,start,3.474355855226014,-0.8822407361130263,1.0243700291321982,,,
curve_endpoint,Urban Scaling,GDP,FULL,,,,,,,log10(population),log10(gdp),SCL-BPA2-FULL-R022,22.0,end,7.817300674258532,3.5665417746788433,1.0243700291321982,,,
curve_endpoint,Urban Scaling,GDP,FULL,,,,,,,log10(population),log10(gdp),SCL-BPA2-FULL-R023,23.0,start,3.474355855226014,-0.528255073019498,0.972757769590856,,,
curve_endpoint,Urban Scaling,GDP,FULL,,,,,,,log10(population),log10(gdp),SCL-BPA2-FULL-R023,23.0,end,7.817300674258532,3.696378242598738,0.972757769590856,,,
curve_endpoint,Urban Scaling,GDP,FULL,,,,,,,log10(population),log10(gdp),SCL-BPA2-FULL-R024,24.0,start,3.474355855226014,0.06717871615102361,0.7752977262806331,,,
curve_endpoint,Urban Scaling,GDP,FULL,,,,,,,log10(population),log10(gdp),SCL-BPA2-FULL-R024,24.0,end,7.817300674258532,3.4342539597091903,0.7752977262806331,,,
curve_endpoint,Urban Scaling,GDP,FULL,,,,,,,log10(population),log10(gdp),SCL-BPA2-FULL-R025,25.0,start,3.474355855226014,-1.0383025205041496,1.0556445008090365,,,
curve_endpoint,Urban Scaling,GDP,FULL,,,,,,,log10(population),log10(gdp),SCL-BPA2-FULL-R025,25.0,end,7.817300674258532,3.5463032950246234,1.0556445008090365,,,
curve_endpoint,Urban Scaling,GDP,FULL,,,,,,,log10(population),log10(gdp),SCL-BPA2-FULL-R026,26.0,start,3.474355855226014,-1.4900715378710196,1.275009664379774,,,
curve_endpoint,Urban Scaling,GDP,FULL,,,,,,,log10(population),log10(gdp),SCL-BPA2-FULL-R026,26.0,end,7.817300674258532,4.047225078263509,1.275009664379774,,,
curve_endpoint,Urban Scaling,GDP,FULL,,,,,,,log10(population),log10(gdp),SCL-BPA2-FULL-R027,27.0,start,3.474355855226014,0.1822939645967445,0.7658448994878353,,,
curve_endpoint,Urban Scaling,GDP,FULL,,,,,,,log10(population),log10(gdp),SCL-BPA2-FULL-R027,27.0,end,7.817300674258532,3.5083161030099177,0.7658448994878353,,,
curve_endpoint,Urban Scaling,GDP,FULL,,,,,,,log10(population),log10(gdp),SCL-BPA2-FULL-R028,28.0,start,3.474355855226014,-0.5839235564314673,0.9650366108242016,,,
curve_endpoint,Urban Scaling,GDP,FULL,,,,,,,log10(population),log10(gdp),SCL-BPA2-FULL-R028,28.0,end,7.817300674258532,3.6071771927242,0.9650366108242016,,,
curve_endpoint,Urban Scaling,GDP,FULL,,,,,,,log10(population),log10(gdp),SCL-BPA2-FULL-R029,29.0,start,3.474355855226014,-0.5711524610718589,0.9774082129101906,,,
curve_endpoint,Urban Scaling,GDP,FULL,,,,,,,log10(population),log10(gdp),SCL-BPA2-FULL-R029,29.0,end,7.817300674258532,3.6736774732662862,0.9774082129101906,,,
curve_endpoint,Urban Scaling,GDP,FULL,,,,,,,log10(population),log10(gdp),SCL-BPA2-FULL-R030,30.0,start,3.474355855226014,0.5125692528067228,0.5932823198014922,,,
curve_endpoint,Urban Scaling,GDP,FULL,,,,,,,log10(population),log10(gdp),SCL-BPA2-FULL-R030,30.0,end,7.817300674258532,3.0891616298122067,0.5932823198014922,,,
curve_endpoint,Urban Scaling,GDP,FULL,,,,,,,log10(population),log10(gdp),SCL-BPA2-FULL-R031,31.0,start,3.474355855226014,-0.9644640887472659,1.0697579968897366,,,
curve_endpoint,Urban Scaling,GDP,FULL,,,,,,,log10(population),log10(gdp),SCL-BPA2-FULL-R031,31.0,end,7.817300674258532,3.6814358614636196,1.0697579968897366,,,
curve_endpoint,Urban Scaling,GDP,FULL,,,,,,,log10(population),log10(gdp),SCL-BPA2-FULL-R032,32.0,start,3.474355855226014,-0.9987970116886838,1.0480475748111855,,,
curve_endpoint,Urban Scaling,GDP,FULL,,,,,,,log10(population),log10(gdp),SCL-BPA2-FULL-R032,32.0,end,7.817300674258532,3.5528157734371497,1.0480475748111855,,,
curve_endpoint,Urban Scaling,GDP,FULL,,,,,,,log10(population),log10(gdp),SCL-BPA2-FULL-R033,33.0,start,3.474355855226014,-1.184782398074718,1.134889753992804,,,
curve_endpoint,Urban Scaling,GDP,FULL,,,,,,,log10(population),log10(gdp),SCL-BPA2-FULL-R033,33.0,end,7.817300674258532,3.7439811792014184,1.134889753992804,,,
curve_endpoint,Urban Scaling,GDP,FULL,,,,,,,log10(population),log10(gdp),SCL-BPA2-FULL-R034,34.0,start,3.474355855226014,-0.561600255762101,0.9015109806402164,,,
curve_endpoint,Urban Scaling,GDP,FULL,,,,,,,log10(population),log10(gdp),SCL-BPA2-FULL-R034,34.0,end,7.817300674258532,3.353612186910251,0.9015109806402164,,,
curve_endpoint,Urban Scaling,GDP,FULL,,,,,,,log10(population),log10(gdp),SCL-BPA2-FULL-R035,35.0,start,3.474355855226014,-0.8916351176188143,1.077434435032134,,,
curve_endpoint,Urban Scaling,GDP,FULL,,,,,,,log10(population),log10(gdp),SCL-BPA2-FULL-R035,35.0,end,7.817300674258532,3.7876031798512213,1.077434435032134,,,
curve_endpoint,Urban Scaling,GDP,FULL,,,,,,,log10(population),log10(gdp),SCL-BPA2-FULL-R036,36.0,start,3.474355855226014,-0.9676025929652161,1.16622610469738,,,
curve_endpoint,Urban Scaling,GDP,FULL,,,,,,,log10(population),log10(gdp),SCL-BPA2-FULL-R036,36.0,end,7.817300674258532,4.097253026250745,1.16622610469738,,,
curve_endpoint,Urban Scaling,GDP,FULL,,,,,,,log10(population),log10(gdp),SCL-BPA2-FULL-R037,37.0,start,3.474355855226014,-0.9454898409194175,1.0675338498655045,,,
curve_endpoint,Urban Scaling,GDP,FULL,,,,,,,log10(population),log10(gdp),SCL-BPA2-FULL-R037,37.0,end,7.817300674258532,3.6907507614958135,1.0675338498655045,,,
curve_endpoint,Urban Scaling,GDP,FULL,,,,,,,log10(population),log10(gdp),SCL-BPA2-FULL-R038,38.0,start,3.474355855226014,-1.0181015619788403,1.154779260976948,,,
curve_endpoint,Urban Scaling,GDP,FULL,,,,,,,log10(population),log10(gdp),SCL-BPA2-FULL-R038,38.0,end,7.817300674258532,3.997041046607196,1.154779260976948,,,
curve_endpoint,Urban Scaling,GDP,FULL,,,,,,,log10(population),log10(gdp),SCL-BPA2-FULL-R039,39.0,start,3.474355855226014,-1.2364906663733632,1.1443677572700524,,,
curve_endpoint,Urban Scaling,GDP,FULL,,,,,,,log10(population),log10(gdp),SCL-BPA2-FULL-R039,39.0,end,7.817300674258532,3.7334353561304723,1.1443677572700524,,,
curve_endpoint,Urban Scaling,GDP,FULL,,,,,,,log10(population),log10(gdp),SCL-BPA2-FULL-R040,40.0,start,3.474355855226014,-0.7959818124532095,1.0592894075463852,,,
curve_endpoint,Urban Scaling,GDP,FULL,,,,,,,log10(population),log10(gdp),SCL-BPA2-FULL-R040,40.0,end,7.817300674258532,3.80445363190639,1.0592894075463852,,,
curve_endpoint,Urban Scaling,GDP,FULL,,,,,,,log10(population),log10(gdp),SCL-BPA2-FULL-R041,41.0,start,3.474355855226014,-0.8244664681812601,0.9975910097816586,,,
curve_endpoint,Urban Scaling,GDP,FULL,,,,,,,log10(population),log10(gdp),SCL-BPA2-FULL-R041,41.0,end,7.817300674258532,3.508016239263412,0.9975910097816586,,,
curve_endpoint,Urban Scaling,GDP,FULL,,,,,,,log10(population),log10(gdp),SCL-BPA2-FULL-R042,42.0,start,3.474355855226014,-0.8634799529035007,1.09532605563895,,,
curve_endpoint,Urban Scaling,GDP,FULL,,,,,,,log10(population),log10(gdp),SCL-BPA2-FULL-R042,42.0,end,7.817300674258532,3.8934606655849997,1.09532605563895,,,
curve_endpoint,Urban Scaling,GDP,FULL,,,,,,,log10(population),log10(gdp),SCL-BPA2-FULL-R044,44.0,start,3.474355855226014,-0.9588018901795411,1.0558333182738449,,,
curve_endpoint,Urban Scaling,GDP,FULL,,,,,,,log10(population),log10(gdp),SCL-BPA2-FULL-R044,44.0,end,7.817300674258532,3.6266239491797645,1.0558333182738449,,,
curve_endpoint,Urban Scaling,GDP,FULL,,,,,,,log10(population),log10(gdp),SCL-BPA2-FULL-R045,45.0,start,3.474355855226014,-0.5709725937637337,0.9291409105100238,,,
curve_endpoint,Urban Scaling,GDP,FULL,,,,,,,log10(population),log10(gdp),SCL-BPA2-FULL-R045,45.0,end,7.817300674258532,3.4642351096869306,0.9291409105100238,,,
curve_endpoint,Urban Scaling,GDP,FULL,,,,,,,log10(population),log10(gdp),SCL-BPA2-FULL-R046,46.0,start,3.474355855226014,-1.1977742953340524,1.2270971832246604,,,
curve_endpoint,Urban Scaling,GDP,FULL,,,,,,,log10(population),log10(gdp),SCL-BPA2-FULL-R046,46.0,end,7.817300674258532,4.131441059000883,1.2270971832246604,,,
curve_endpoint,Urban Scaling,GDP,FULL,,,,,,,log10(population),log10(gdp),SCL-BPA2-FULL-R047,47.0,start,3.474355855226014,-0.3198110040105946,0.8582856109747069,,,
curve_endpoint,Urban Scaling,GDP,FULL,,,,,,,log10(population),log10(gdp),SCL-BPA2-FULL-R047,47.0,end,7.817300674258532,3.407676043422168,0.8582856109747069,,,
curve_endpoint,Urban Scaling,GDP,FULL,,,,,,,log10(population),log10(gdp),SCL-BPA2-FULL-R048,48.0,start,3.474355855226014,-1.3531616298220834,1.172635655576135,,,
curve_endpoint,Urban Scaling,GDP,FULL,,,,,,,log10(population),log10(gdp),SCL-BPA2-FULL-R048,48.0,end,7.817300674258532,3.7395303151750925,1.172635655576135,,,
curve_endpoint,Urban Scaling,GDP,FULL,,,,,,,log10(population),log10(gdp),SCL-BPA2-FULL-R049,49.0,start,3.474355855226014,-0.5927021458117522,0.9546270177452328,,,
curve_endpoint,Urban Scaling,GDP,FULL,,,,,,,log10(population),log10(gdp),SCL-BPA2-FULL-R049,49.0,end,7.817300674258532,3.55319031501337,0.9546270177452328,,,
curve_endpoint,Urban Scaling,GDP,FULL,,,,,,,log10(population),log10(gdp),SCL-BPA2-FULL-R050,50.0,start,3.474355855226014,-1.2825298469928799,1.2123695406336787,,,
curve_endpoint,Urban Scaling,GDP,FULL,,,,,,,log10(population),log10(gdp),SCL-BPA2-FULL-R050,50.0,end,7.817300674258532,3.982724168254989,1.2123695406336787,,,
curve_endpoint,Urban Scaling,GDP,FULL,,,,,,,log10(population),log10(gdp),SCL-BPA2-FULL-R051,51.0,start,3.474355855226014,-0.7984404917843555,0.9637851665568136,,,
curve_endpoint,Urban Scaling,GDP,FULL,,,,,,,log10(population),log10(gdp),SCL-BPA2-FULL-R051,51.0,end,7.817300674258532,3.387225303973951,0.9637851665568136,,,
curve_endpoint,Urban Scaling,GDP,FULL,,,,,,,log10(population),log10(gdp),SCL-BPA2-FULL-R052,52.0,start,3.474355855226014,-1.116156653662075,1.1075803312670345,,,
curve_endpoint,Urban Scaling,GDP,FULL,,,,,,,log10(population),log10(gdp),SCL-BPA2-FULL-R052,52.0,end,7.817300674258532,3.694003607676412,1.1075803312670345,,,
curve_endpoint,Urban Scaling,GDP,FULL,,,,,,,log10(population),log10(gdp),SCL-BPA2-FULL-R053,53.0,start,3.474355855226014,-1.0697855628138566,1.107898324458576,,,
curve_endpoint,Urban Scaling,GDP,FULL,,,,,,,log10(population),log10(gdp),SCL-BPA2-FULL-R053,53.0,end,7.817300674258532,3.7417557254083236,1.107898324458576,,,
curve_endpoint,Urban Scaling,GDP,FULL,,,,,,,log10(population),log10(gdp),SCL-BPA2-FULL-R054,54.0,start,3.474355855226014,-0.8228587964595354,1.0197528045258384,,,
curve_endpoint,Urban Scaling,GDP,FULL,,,,,,,log10(population),log10(gdp),SCL-BPA2-FULL-R054,54.0,end,7.817300674258532,3.605871362649834,1.0197528045258384,,,
curve_endpoint,Urban Scaling,GDP,FULL,,,,,,,log10(population),log10(gdp),SCL-BPA2-FULL-R055,55.0,start,3.474355855226014,-0.6872344966034387,1.0077247234963485,,,
curve_endpoint,Urban Scaling,GDP,FULL,,,,,,,log10(population),log10(gdp),SCL-BPA2-FULL-R055,55.0,end,7.817300674258532,3.6892583703160047,1.0077247234963485,,,
curve_endpoint,Urban Scaling,GDP,FULL,,,,,,,log10(population),log10(gdp),SCL-BPA2-FULL-R056,56.0,start,3.474355855226014,-1.2591758835266533,1.1599163484550183,,,
curve_endpoint,Urban Scaling,GDP,FULL,,,,,,,log10(population),log10(gdp),SCL-BPA2-FULL-R056,56.0,end,7.817300674258532,3.7782768125071855,1.1599163484550183,,,
curve_endpoint,Urban Scaling,GDP,FULL,,,,,,,log10(population),log10(gdp),SCL-BPA2-FULL-R057,57.0,start,3.474355855226014,-0.9353512493552406,1.1309046701276275,,,
curve_endpoint,Urban Scaling,GDP,FULL,,,,,,,log10(population),log10(gdp),SCL-BPA2-FULL-R057,57.0,end,7.817300674258532,3.9761053285952177,1.1309046701276275,,,
curve_endpoint,Urban Scaling,GDP,FULL,,,,,,,log10(population),log10(gdp),SCL-BPA2-FULL-R058,58.0,start,3.474355855226014,-1.5222400851758162,1.226676970486945,,,
curve_endpoint,Urban Scaling,GDP,FULL,,,,,,,log10(population),log10(gdp),SCL-BPA2-FULL-R058,58.0,end,7.817300674258532,3.8051503084269664,1.226676970486945,,,
curve_endpoint,Urban Scaling,GDP,FULL,,,,,,,log10(population),log10(gdp),SCL-BPA2-FULL-R059,59.0,start,3.474355855226014,-0.42949252274434163,0.9500121609830584,,,
curve_endpoint,Urban Scaling,GDP,FULL,,,,,,,log10(population),log10(gdp),SCL-BPA2-FULL-R059,59.0,end,7.817300674258532,3.6963578698149178,0.9500121609830584,,,
curve_endpoint,Urban Scaling,GDP,FULL,,,,,,,log10(population),log10(gdp),SCL-BPA2-FULL-R060,60.0,start,3.474355855226014,-0.5128097878115712,0.9410632718329448,,,
curve_endpoint,Urban Scaling,GDP,FULL,,,,,,,log10(population),log10(gdp),SCL-BPA2-FULL-R060,60.0,end,7.817300674258532,3.5741760729771066,0.9410632718329448,,,
curve_endpoint,Urban Scaling,GDP,FULL,,,,,,,log10(population),log10(gdp),SCL-BPA2-FULL-R061,61.0,start,3.474355855226014,-0.32161633183615385,0.8149161410181747,,,
curve_endpoint,Urban Scaling,GDP,FULL,,,,,,,log10(population),log10(gdp),SCL-BPA2-FULL-R061,61.0,end,7.817300674258532,3.217519500744701,0.8149161410181747,,,
curve_endpoint,Urban Scaling,GDP,FULL,,,,,,,log10(population),log10(gdp),SCL-BPA2-FULL-R062,62.0,start,3.474355855226014,-0.7456389453057206,1.0218910599035345,,,
curve_endpoint,Urban Scaling,GDP,FULL,,,,,,,log10(population),log10(gdp),SCL-BPA2-FULL-R062,62.0,end,7.817300674258532,3.6923775389179827,1.0218910599035345,,,
curve_endpoint,Urban Scaling,GDP,FULL,,,,,,,log10(population),log10(gdp),SCL-BPA2-FULL-R063,63.0,start,3.474355855226014,-0.5972842391290925,0.977952033817718,,,
curve_endpoint,Urban Scaling,GDP,FULL,,,,,,,log10(population),log10(gdp),SCL-BPA2-FULL-R063,63.0,end,7.817300674258532,3.6499074794018793,0.977952033817718,,,
curve_endpoint,Urban Scaling,GDP,FULL,,,,,,,log10(population),log10(gdp),SCL-BPA2-FULL-R064,64.0,start,3.474355855226014,-0.8055476753019668,1.0012673266720662,,,
curve_endpoint,Urban Scaling,GDP,FULL,,,,,,,log10(population),log10(gdp),SCL-BPA2-FULL-R064,64.0,end,7.817300674258532,3.542901073535022,1.0012673266720662,,,
curve_endpoint,Urban Scaling,GDP,FULL,,,,,,,log10(population),log10(gdp),SCL-BPA2-FULL-R065,65.0,start,3.474355855226014,-1.153069237443268,1.1332733713181105,,,
curve_endpoint,Urban Scaling,GDP,FULL,,,,,,,log10(population),log10(gdp),SCL-BPA2-FULL-R065,65.0,end,7.817300674258532,3.7686744790702353,1.1332733713181105,,,
curve_endpoint,Urban Scaling,GDP,FULL,,,,,,,log10(population),log10(gdp),SCL-BPA2-FULL-R066,66.0,start,3.474355855226014,-1.034165175948767,1.0734286976636729,,,
curve_endpoint,Urban Scaling,GDP,FULL,,,,,,,log10(population),log10(gdp),SCL-BPA2-FULL-R066,66.0,end,7.817300674258532,3.627676425170504,1.0734286976636729,,,
curve_endpoint,Urban Scaling,GDP,FULL,,,,,,,log10(population),log10(gdp),SCL-BPA2-FULL-R067,67.0,start,3.474355855226014,-0.9411717312753796,1.0343404810840309,,,
curve_endpoint,Urban Scaling,GDP,FULL,,,,,,,log10(population),log10(gdp),SCL-BPA2-FULL-R067,67.0,end,7.817300674258532,3.550911902164115,1.0343404810840309,,,
curve_endpoint,Urban Scaling,GDP,FULL,,,,,,,log10(population),log10(gdp),SCL-BPA2-FULL-R068,68.0,start,3.474355855226014,-0.8236084955319227,1.0307295234340528,,,
curve_endpoint,Urban Scaling,GDP,FULL,,,,,,,log10(population),log10(gdp),SCL-BPA2-FULL-R068,68.0,end,7.817300674258532,3.6527929480898527,1.0307295234340528,,,
curve_endpoint,Urban Scaling,GDP,FULL,,,,,,,log10(population),log10(gdp),SCL-BPA2-FULL-R069,69.0,start,3.474355855226014,-0.7253710995050857,0.9683214784344546,,,
curve_endpoint,Urban Scaling,GDP,FULL,,,,,,,log10(population),log10(gdp),SCL-BPA2-FULL-R069,69.0,end,7.817300674258532,3.479995648419737,0.9683214784344546,,,
curve_endpoint,Urban Scaling,GDP,FULL,,,,,,,log10(population),log10(gdp),SCL-BPA2-FULL-R070,70.0,start,3.474355855226014,-0.8334120194440715,1.059629481891481,,,
curve_endpoint,Urban Scaling,GDP,FULL,,,,,,,log10(population),log10(gdp),SCL-BPA2-FULL-R070,70.0,end,7.817300674258532,3.768500349030647,1.059629481891481,,,
curve_endpoint,Urban Scaling,GDP,FULL,,,,,,,log10(population),log10(gdp),SCL-BPA2-FULL-R071,71.0,start,3.474355855226014,-0.48137456170026116,0.9465945775429988,,,
curve_endpoint,Urban Scaling,GDP,FULL,,,,,,,log10(population),log10(gdp),SCL-BPA2-FULL-R071,71.0,end,7.817300674258532,3.62963345456438,0.9465945775429988,,,
curve_endpoint,Urban Scaling,GDP,FULL,,,,,,,log10(population),log10(gdp),SCL-BPA2-FULL-R072,72.0,start,3.474355855226014,-0.6885951448109618,0.9351461796790568,,,
curve_endpoint,Urban Scaling,GDP,FULL,,,,,,,log10(population),log10(gdp),SCL-BPA2-FULL-R072,72.0,end,7.817300674258532,3.37269311126425,0.9351461796790568,,,
curve_endpoint,Urban Scaling,GDP,FULL,,,,,,,log10(population),log10(gdp),SCL-BPA2-FULL-R073,73.0,start,3.474355855226014,-1.4201727023931394,1.1592377722235998,,,
curve_endpoint,Urban Scaling,GDP,FULL,,,,,,,log10(population),log10(gdp),SCL-BPA2-FULL-R073,73.0,end,7.817300674258532,3.6143329745121413,1.1592377722235998,,,
curve_endpoint,Urban Scaling,GDP,FULL,,,,,,,log10(population),log10(gdp),SCL-BPA2-FULL-R074,74.0,start,3.474355855226014,-0.646862627262655,0.896478817322932,,,
curve_endpoint,Urban Scaling,GDP,FULL,,,,,,,log10(population),log10(gdp),SCL-BPA2-FULL-R074,74.0,end,7.817300674258532,3.246495407802372,0.896478817322932,,,
curve_endpoint,Urban Scaling,GDP,FULL,,,,,,,log10(population),log10(gdp),SCL-BPA2-FULL-R075,75.0,start,3.474355855226014,-0.44231172896854526,0.8621815690310888,,,
curve_endpoint,Urban Scaling,GDP,FULL,,,,,,,log10(population),log10(gdp),SCL-BPA2-FULL-R075,75.0,end,7.817300674258532,3.302095249320349,0.8621815690310888,,,
curve_endpoint,Urban Scaling,GDP,FULL,,,,,,,log10(population),log10(gdp),SCL-BPA2-FULL-R076,76.0,start,3.474355855226014,-0.5791766778822549,0.9633491861199628,,,
curve_endpoint,Urban Scaling,GDP,FULL,,,,,,,log10(population),log10(gdp),SCL-BPA2-FULL-R076,76.0,end,7.817300674258532,3.6045956788966307,0.9633491861199628,,,
curve_endpoint,Urban Scaling,GDP,FULL,,,,,,,log10(population),log10(gdp),SCL-BPA2-FULL-R077,77.0,start,3.474355855226014,-1.0140311024908144,1.075658249621929,,,
curve_endpoint,Urban Scaling,GDP,FULL,,,,,,,log10(population),log10(gdp),SCL-BPA2-FULL-R077,77.0,end,7.817300674258532,3.657493319754329,1.075658249621929,,,
curve_endpoint,Urban Scaling,GDP,FULL,,,,,,,log10(population),log10(gdp),SCL-BPA2-FULL-R078,78.0,start,3.474355855226014,-0.7419280116866768,0.9825965067167202,,,
curve_endpoint,Urban Scaling,GDP,FULL,,,,,,,log10(population),log10(gdp),SCL-BPA2-FULL-R078,78.0,end,7.817300674258532,3.5254343963581545,0.9825965067167202,,,
curve_endpoint,Urban Scaling,GDP,FULL,,,,,,,log10(population),log10(gdp),SCL-BPA2-FULL-R079,79.0,start,3.474355855226014,-0.6246312665198687,0.9737633643621006,,,
curve_endpoint,Urban Scaling,GDP,FULL,,,,,,,log10(population),log10(gdp),SCL-BPA2-FULL-R079,79.0,end,7.817300674258532,3.604369291700191,0.9737633643621006,,,
curve_endpoint,Urban Scaling,GDP,FULL,,,,,,,log10(population),log10(gdp),SCL-BPA2-FULL-R080,80.0,start,3.474355855226014,-0.6220115323686062,1.0285558439795743,,,
curve_endpoint,Urban Scaling,GDP,FULL,,,,,,,log10(population),log10(gdp),SCL-BPA2-FULL-R080,80.0,end,7.817300674258532,3.8449497413281057,1.0285558439795743,,,
curve_endpoint,Urban Scaling,GDP,FULL,,,,,,,log10(population),log10(gdp),SCL-BPA2-FULL-R081,81.0,start,3.474355855226014,-1.4893808148352283,1.2752084687026592,,,
curve_endpoint,Urban Scaling,GDP,FULL,,,,,,,log10(population),log10(gdp),SCL-BPA2-FULL-R081,81.0,end,7.817300674258532,4.048779197503377,1.2752084687026592,,,
curve_endpoint,Urban Scaling,GDP,FULL,,,,,,,log10(population),log10(gdp),SCL-BPA2-FULL-R082,82.0,start,3.474355855226014,-0.4506501934182607,0.8873619495288936,,,
curve_endpoint,Urban Scaling,GDP,FULL,,,,,,,log10(population),log10(gdp),SCL-BPA2-FULL-R082,82.0,end,7.817300674258532,3.403113787894842,0.8873619495288936,,,
curve_endpoint,Urban Scaling,GDP,FULL,,,,,,,log10(population),log10(gdp),SCL-BPA2-FULL-R083,83.0,start,3.474355855226014,-0.92008586377525,1.0557925070692544,,,
curve_endpoint,Urban Scaling,GDP,FULL,,,,,,,log10(population),log10(gdp),SCL-BPA2-FULL-R083,83.0,end,7.817300674258532,3.6651627347745213,1.0557925070692544,,,
curve_endpoint,Urban Scaling,GDP,FULL,,,,,,,log10(population),log10(gdp),SCL-BPA2-FULL-R084,84.0,start,3.474355855226014,-0.8767672885728929,1.0748559201287364,,,
curve_endpoint,Urban Scaling,GDP,FULL,,,,,,,log10(population),log10(gdp),SCL-BPA2-FULL-R084,84.0,end,7.817300674258532,3.7912726609566336,1.0748559201287364,,,
curve_endpoint,Urban Scaling,GDP,FULL,,,,,,,log10(population),log10(gdp),SCL-BPA2-FULL-R085,85.0,start,3.474355855226014,-0.8559273705758643,1.0526094047939991,,,
curve_endpoint,Urban Scaling,GDP,FULL,,,,,,,log10(population),log10(gdp),SCL-BPA2-FULL-R085,85.0,end,7.817300674258532,3.715497190439137,1.0526094047939991,,,
curve_endpoint,Urban Scaling,GDP,FULL,,,,,,,log10(population),log10(gdp),SCL-BPA2-FULL-R086,86.0,start,3.474355855226014,-0.5404614731504398,0.97301764855148,,,
curve_endpoint,Urban Scaling,GDP,FULL,,,,,,,log10(population),log10(gdp),SCL-BPA2-FULL-R086,86.0,end,7.817300674258532,3.685300482453414,0.97301764855148,,,
curve_endpoint,Urban Scaling,GDP,FULL,,,,,,,log10(population),log10(gdp),SCL-BPA2-FULL-R087,87.0,start,3.474355855226014,-1.3753297895686571,1.3392059636693876,,,
curve_endpoint,Urban Scaling,GDP,FULL,,,,,,,log10(population),log10(gdp),SCL-BPA2-FULL-R087,87.0,end,7.817300674258532,4.44076781196676,1.3392059636693876,,,
curve_endpoint,Urban Scaling,GDP,FULL,,,,,,,log10(population),log10(gdp),SCL-BPA2-FULL-R088,88.0,start,3.474355855226014,-1.0354380781207637,1.1033426054175322,,,
curve_endpoint,Urban Scaling,GDP,FULL,,,,,,,log10(population),log10(gdp),SCL-BPA2-FULL-R088,88.0,end,7.817300674258532,3.7563179736951477,1.1033426054175322,,,
curve_endpoint,Urban Scaling,GDP,FULL,,,,,,,log10(population),log10(gdp),SCL-BPA2-FULL-R089,89.0,start,3.474355855226014,-0.14900814358874742,0.7905883602793584,,,
curve_endpoint,Urban Scaling,GDP,FULL,,,,,,,log10(population),log10(gdp),SCL-BPA2-FULL-R089,89.0,end,7.817300674258532,3.2844734796739057,0.7905883602793584,,,
curve_endpoint,Urban Scaling,GDP,FULL,,,,,,,log10(population),log10(gdp),SCL-BPA2-FULL-R090,90.0,start,3.474355855226014,-0.2708053513836678,0.8958803667612228,,,
curve_endpoint,Urban Scaling,GDP,FULL,,,,,,,log10(population),log10(gdp),SCL-BPA2-FULL-R090,90.0,end,7.817300674258532,3.619953645914937,0.8958803667612228,,,
curve_endpoint,Urban Scaling,GDP,FULL,,,,,,,log10(population),log10(gdp),SCL-BPA2-FULL-R091,91.0,start,3.474355855226014,-0.8227302900918793,1.015144089433261,,,
curve_endpoint,Urban Scaling,GDP,FULL,,,,,,,log10(population),log10(gdp),SCL-BPA2-FULL-R091,91.0,end,7.817300674258532,3.585984473683784,1.015144089433261,,,
curve_endpoint,Urban Scaling,GDP,FULL,,,,,,,log10(population),log10(gdp),SCL-BPA2-FULL-R092,92.0,start,3.474355855226014,-0.9117062302346014,0.9944226529678216,,,
curve_endpoint,Urban Scaling,GDP,FULL,,,,,,,log10(population),log10(gdp),SCL-BPA2-FULL-R092,92.0,end,7.817300674258532,3.4070164784005708,0.9944226529678216,,,
curve_endpoint,Urban Scaling,GDP,FULL,,,,,,,log10(population),log10(gdp),SCL-BPA2-FULL-R093,93.0,start,3.474355855226014,-1.5450434147030265,1.253586706918466,,,
curve_endpoint,Urban Scaling,GDP,FULL,,,,,,,log10(population),log10(gdp),SCL-BPA2-FULL-R093,93.0,end,7.817300674258532,3.8992144793165604,1.253586706918466,,,
curve_endpoint,Urban Scaling,GDP,FULL,,,,,,,log10(population),log10(gdp),SCL-BPA2-FULL-R094,94.0,start,3.474355855226014,-0.37612258948916477,0.8689460535619292,,,
curve_endpoint,Urban Scaling,GDP,FULL,,,,,,,log10(population),log10(gdp),SCL-BPA2-FULL-R094,94.0,end,7.817300674258532,3.3976621718463687,0.8689460535619292,,,
curve_endpoint,Urban Scaling,GDP,FULL,,,,,,,log10(population),log10(gdp),SCL-BPA2-FULL-R095,95.0,start,3.474355855226014,-0.8577777519931722,1.0252310681563803,,,
curve_endpoint,Urban Scaling,GDP,FULL,,,,,,,log10(population),log10(gdp),SCL-BPA2-FULL-R095,95.0,end,7.817300674258532,3.5947442037677537,1.0252310681563803,,,
curve_endpoint,Urban Scaling,GDP,FULL,,,,,,,log10(population),log10(gdp),SCL-BPA2-FULL-R096,96.0,start,3.474355855226014,0.38405702652088275,0.5961870215222818,,,
curve_endpoint,Urban Scaling,GDP,FULL,,,,,,,log10(population),log10(gdp),SCL-BPA2-FULL-R096,96.0,end,7.817300674258532,2.973264362815504,0.5961870215222818,,,
curve_endpoint,Urban Scaling,GDP,FULL,,,,,,,log10(population),log10(gdp),SCL-BPA2-FULL-R097,97.0,start,3.474355855226014,-0.8137357340796071,1.0646309752183056,,,
curve_endpoint,Urban Scaling,GDP,FULL,,,,,,,log10(population),log10(gdp),SCL-BPA2-FULL-R097,97.0,end,7.817300674258532,3.80989784392627,1.0646309752183056,,,
curve_endpoint,Urban Scaling,GDP,FULL,,,,,,,log10(population),log10(gdp),SCL-BPA2-FULL-R098,98.0,start,3.474355855226014,-1.043816021420053,1.0770504123721416,,,
curve_endpoint,Urban Scaling,GDP,FULL,,,,,,,log10(population),log10(gdp),SCL-BPA2-FULL-R098,98.0,end,7.817300674258532,3.6337544868283764,1.0770504123721416,,,
curve_endpoint,Urban Scaling,GDP,FULL,,,,,,,log10(population),log10(gdp),SCL-BPA2-FULL-R099,99.0,start,3.474355855226014,-1.2308178829961876,1.1315985304486231,,,
curve_endpoint,Urban Scaling,GDP,FULL,,,,,,,log10(population),log10(gdp),SCL-BPA2-FULL-R099,99.0,end,7.817300674258532,3.683652092040472,1.1315985304486231,,,
curve_endpoint,Urban Scaling,GDP,FULL,,,,,,,log10(population),log10(gdp),SCL-BPA2-FULL-R100,100.0,start,3.474355855226014,-0.8326569142525603,1.0538497989466549,,,
curve_endpoint,Urban Scaling,GDP,FULL,,,,,,,log10(population),log10(gdp),SCL-BPA2-FULL-R100,100.0,end,7.817300674258532,3.7441546101212744,1.0538497989466549,,,
,Distance Decay,,Empirical,,,,,,50.0,,,,,,,,,,,
,Distance Decay,,Baseline,,,,,,94.0,,,,,,,,,,,
,Distance Decay,,Blueprint,,,,,,95.0,,,,,,,,,,,
,Distance Decay,,Published 50-city parameters,3.21,2.48,3.915,,,150.0,,,,,,,,,alpha_hat,,
,Distance Decay,,Baseline,1.4292370592299068,1.281334717717905,1.5749996358349163,,,94.0,,,,,,,,,alpha_hat,,
,Distance Decay,,Blueprint,1.6912159124674249,1.5328823773082552,1.8209053022445356,,,95.0,,,,,,,,,alpha_hat,,
,Distance Decay,,Published 50-city parameters,0.07,0.03,0.12,,,150.0,,,,,,,,,c_hat,,
,Distance Decay,,Baseline,0.009667176703062049,0.00683307516633285,0.013513356914414024,,,94.0,,,,,,,,,c_hat,,
,Distance Decay,,Blueprint,0.0156286393936631,0.0072329736515969,0.0278564846771913,,,95.0,,,,,,,,,c_hat,,
,Distance Decay,,Published 50-city parameters,15.75,11.37,25.322499999999998,,,150.0,,,,,,,,,D_hat_km,,
,Distance Decay,,Baseline,22.891659015919288,18.248510861202515,26.250836328215964,,,94.0,,,,,,,,,D_hat_km,,
,Distance Decay,,Blueprint,37.11386539210978,31.112241995115497,43.733694893668606,,,95.0,,,,,,,,,D_hat_km,,
,Vitality,,Baseline,0.5993276423326741,0.11853150605061251,1.0506842847257156,,,100.0,,,,,,,,,,Residential Density,
,Vitality,,Full Blueprint,0.6988741810649853,0.37450861069059177,1.1213837699890552,,,100.0,,,,,,,,,,Residential Density,
,Vitality,,52-site empirical,0.2871113618435384,-0.0199127079746801,0.594135431661757,,,52.0,,,,,,,,,,Residential Density,
,Vitality,,Baseline,0.1710734525158354,-0.10112135770809615,0.47287444333612866,,,100.0,,,,,,,,,,Functional Mix,
,Vitality,,Full Blueprint,0.08080198091486585,-0.17002895095177928,0.366901607030632,,,100.0,,,,,,,,,,Functional Mix,
,Vitality,,52-site empirical,0.3119621227090868,0.0681517307626764,0.5557725146554973,,,52.0,,,,,,,,,,Functional Mix,
,Vitality,,Baseline,0.1364579977551033,-0.20921757568685312,0.5602255903473486,,,100.0,,,,,,,,,,Short Blocks,
,Vitality,,Full Blueprint,0.15721785116646805,-0.24880638157311524,0.5066928929177849,,,100.0,,,,,,,,,,Short Blocks,
,Vitality,,52-site empirical,-0.8413143130933598,-1.5735307012747173,-0.1090979249120022,,,52.0,,,,,,,,,,Short Blocks,
,Vitality,,Baseline,-0.04830175816073879,-0.44193012178612756,0.36135767840619676,,,100.0,,,,,,,,,,Aged Buildings,
,Vitality,,Full Blueprint,-0.07527386965334541,-0.493722493025503,0.2754336664664455,,,100.0,,,,,,,,,,Aged Buildings,
,Vitality,,52-site empirical,1.1890916852143532,0.4734538203221409,1.9047295501065653,,,52.0,,,,,,,,,,Aged Buildings,
,Vitality,,Baseline,-0.04537330101108356,-0.49601050411368564,0.25279858459440735,,,100.0,,,,,,,,,,Tall Buildings,
,Vitality,,Full Blueprint,-0.07166811153130102,-0.4416762995148929,0.24665862254899154,,,100.0,,,,,,,,,,Tall Buildings,
,Vitality,,52-site empirical,0.0800376200008416,-0.1452476936049114,0.3053229336065947,,,52.0,,,,,,,,,,Tall Buildings,
,Perception,,beautiful,0.594,0.561,0.624,,,1000.0,,,,,,,,,,,Three-class accuracy
,Perception,,wealthy,0.579,0.549,0.609,,,1000.0,,,,,,,,,,,Three-class accuracy
,Perception,,safety,0.572,0.54,0.6020249999999998,,,1000.0,,,,,,,,,,,Three-class accuracy
,Perception,,depressing,0.523,0.491,0.553,,,1000.0,,,,,,,,,,,Three-class accuracy
,Perception,,lively,0.528,0.497,0.558,,,1000.0,,,,,,,,,,,Three-class accuracy
,Perception,,boring,0.501,0.47,0.532,,,1000.0,,,,,,,,,,,Three-class accuracy
,Perception,,beautiful,0.2719747952653256,0.2179580930576469,0.3205672852392491,,,1000.0,,,,,,,,,,,Three-class Cohen kappa
,Perception,,wealthy,0.2510176197660185,0.2003077982921561,0.2995351657627096,,,1000.0,,,,,,,,,,,Three-class Cohen kappa
,Perception,,safety,0.2453987838226192,0.1947833037951442,0.2956046970547821,,,1000.0,,,,,,,,,,,Three-class Cohen kappa
,Perception,,depressing,0.1874336702275355,0.1391396358336709,0.2340831805270453,,,1000.0,,,,,,,,,,,Three-class Cohen kappa
,Perception,,lively,0.1576242147344375,0.1058218674366376,0.2072493487058928,,,1000.0,,,,,,,,,,,Three-class Cohen kappa
,Perception,,boring,0.1558311933061981,0.1097686597626357,0.2039655752097236,,,1000.0,,,,,,,,,,,Three-class Cohen kappa
