profile_id,prompt_condition,radius_km,density
decay_setting_001,Baseline prompt,0.5,0.83
decay_setting_001,Baseline prompt,1.5,0.79
decay_setting_001,Baseline prompt,2.5,0.72
decay_setting_001,Baseline prompt,3.5,0.66
decay_setting_001,Baseline prompt,4.5,0.61
decay_setting_001,Baseline prompt,5.5,0.57
decay_setting_001,Baseline prompt,6.5,0.52
decay_setting_001,Baseline prompt,7.5,0.48
decay_setting_001,Baseline prompt,8.5,0.44
decay_setting_001,Baseline prompt,9.5,0.4
decay_setting_001,Baseline prompt,10.5,0.36
decay_setting_001,Baseline prompt,11.5,0.32
decay_setting_001,Baseline prompt,12.5,0.28
decay_setting_001,Baseline prompt,13.5,0.25
decay_setting_001,Baseline prompt,14.5,0.23
decay_setting_001,Baseline prompt,15.5,0.21
decay_setting_001,Baseline prompt,16.5,0.19
decay_setting_001,Baseline prompt,17.5,0.17
decay_setting_001,Baseline prompt,18.5,0.15
decay_setting_001,Baseline prompt,19.5,0.13
decay_setting_001,Baseline prompt,20.5,0.12
decay_setting_001,Baseline prompt,21.5,0.11
decay_setting_001,Baseline prompt,22.5,0.1
decay_setting_001,Baseline prompt,23.5,0.09
decay_setting_001,Baseline prompt,24.5,0.08
decay_setting_001,Baseline prompt,25.5,0.08
decay_setting_001,Baseline prompt,26.5,0.07
decay_setting_001,Baseline prompt,27.5,0.07
decay_setting_001,Baseline prompt,28.5,0.06
decay_setting_001,Baseline prompt,29.5,0.06
decay_setting_001,Baseline prompt,30.5,0.05
decay_setting_001,Baseline prompt,31.5,0.05
decay_setting_001,Baseline prompt,32.5,0.04
decay_setting_001,Baseline prompt,33.5,0.04
decay_setting_001,Baseline prompt,34.5,0.04
decay_setting_001,Baseline prompt,35.5,0.03
decay_setting_001,Baseline prompt,36.5,0.03
decay_setting_001,Baseline prompt,37.5,0.03
decay_setting_001,Baseline prompt,38.5,0.02
decay_setting_001,Baseline prompt,39.5,0.02
decay_setting_001,Baseline prompt,40.5,0.02
decay_setting_001,Baseline prompt,41.5,0.02
decay_setting_001,Baseline prompt,42.5,0.02
decay_setting_001,Baseline prompt,43.5,0.01
decay_setting_001,Baseline prompt,44.5,0.01
decay_setting_001,Baseline prompt,45.5,0.01
decay_setting_001,Baseline prompt,46.5,0.01
decay_setting_001,Baseline prompt,47.5,0.01
decay_setting_001,Baseline prompt,48.5,0.01
decay_setting_001,Baseline prompt,49.5,0.01
decay_setting_001,Baseline prompt,50.5,0.01
decay_setting_001,Baseline prompt,51.5,0.01
decay_setting_001,Baseline prompt,52.5,0.01
decay_setting_001,Baseline prompt,53.5,0.01
decay_setting_001,Baseline prompt,54.5,0.01
decay_setting_001,Baseline prompt,55.5,0.01
decay_setting_001,Baseline prompt,56.5,0.01
decay_setting_001,Baseline prompt,57.5,0.01
decay_setting_001,Baseline prompt,58.5,0.01
decay_setting_001,Baseline prompt,59.5,0.01
decay_setting_001,Baseline prompt,60.5,0.01
decay_setting_001,Baseline prompt,61.5,0.01
decay_setting_001,Baseline prompt,62.5,0.01
decay_setting_001,Baseline prompt,63.5,0.01
decay_setting_001,Baseline prompt,64.5,0.01
decay_setting_001,Baseline prompt,65.5,0.01
decay_setting_001,Baseline prompt,66.5,0.01
decay_setting_001,Baseline prompt,67.5,0.01
decay_setting_001,Baseline prompt,68.5,0.01
decay_setting_001,Baseline prompt,69.5,0.01
decay_setting_001,Baseline prompt,70.5,0.01
decay_setting_001,Baseline prompt,71.5,0.01
decay_setting_001,Baseline prompt,72.5,0.01
decay_setting_001,Baseline prompt,73.5,0.01
decay_setting_001,Baseline prompt,74.5,0.01
decay_setting_001,Baseline prompt,75.5,0.01
decay_setting_001,Baseline prompt,76.5,0.01
decay_setting_001,Baseline prompt,77.5,0.01
decay_setting_001,Baseline prompt,78.5,0.01
decay_setting_001,Baseline prompt,79.5,0.01
decay_setting_001,Baseline prompt,80.5,0.01
decay_setting_001,Baseline prompt,81.5,0.01
decay_setting_001,Baseline prompt,82.5,0.01
decay_setting_001,Baseline prompt,83.5,0.01
decay_setting_001,Baseline prompt,84.5,0.01
decay_setting_001,Baseline prompt,85.5,0.01
decay_setting_001,Baseline prompt,86.5,0.01
decay_setting_001,Baseline prompt,87.5,0.01
decay_setting_001,Baseline prompt,88.5,0.01
decay_setting_001,Baseline prompt,89.5,0.01
decay_setting_001,Baseline prompt,90.5,0.01
decay_setting_001,Baseline prompt,91.5,0.01
decay_setting_001,Baseline prompt,92.5,0.01
decay_setting_001,Baseline prompt,93.5,0.01
decay_setting_001,Baseline prompt,94.5,0.01
decay_setting_001,Baseline prompt,95.5,0.01
decay_setting_001,Baseline prompt,96.5,0.01
decay_setting_001,Baseline prompt,97.5,0.01
decay_setting_001,Baseline prompt,98.5,0.01
decay_setting_001,Baseline prompt,99.5,0.01
decay_setting_001,Blueprint prompt,0.5,0.88
decay_setting_001,Blueprint prompt,1.5,0.87
decay_setting_001,Blueprint prompt,2.5,0.86
decay_setting_001,Blueprint prompt,3.5,0.84
decay_setting_001,Blueprint prompt,4.5,0.83
decay_setting_001,Blueprint prompt,5.5,0.82
decay_setting_001,Blueprint prompt,6.5,0.81
decay_setting_001,Blueprint prompt,7.5,0.79
decay_setting_001,Blueprint prompt,8.5,0.78
decay_setting_001,Blueprint prompt,9.5,0.76
decay_setting_001,Blueprint prompt,10.5,0.74
decay_setting_001,Blueprint prompt,11.5,0.72
decay_setting_001,Blueprint prompt,12.5,0.71
decay_setting_001,Blueprint prompt,13.5,0.69
decay_setting_001,Blueprint prompt,14.5,0.66
decay_setting_001,Blueprint prompt,15.5,0.64
decay_setting_001,Blueprint prompt,16.5,0.62
decay_setting_001,Blueprint prompt,17.5,0.6
decay_setting_001,Blueprint prompt,18.5,0.58
decay_setting_001,Blueprint prompt,19.5,0.56
decay_setting_001,Blueprint prompt,20.5,0.53
decay_setting_001,Blueprint prompt,21.5,0.51
decay_setting_001,Blueprint prompt,22.5,0.5
decay_setting_001,Blueprint prompt,23.5,0.48
decay_setting_001,Blueprint prompt,24.5,0.47
decay_setting_001,Blueprint prompt,25.5,0.45
decay_setting_001,Blueprint prompt,26.5,0.43
decay_setting_001,Blueprint prompt,27.5,0.41
decay_setting_001,Blueprint prompt,28.5,0.38
decay_setting_001,Blueprint prompt,29.5,0.36
decay_setting_001,Blueprint prompt,30.5,0.34
decay_setting_001,Blueprint prompt,31.5,0.33
decay_setting_001,Blueprint prompt,32.5,0.32
decay_setting_001,Blueprint prompt,33.5,0.3
decay_setting_001,Blueprint prompt,34.5,0.28
decay_setting_001,Blueprint prompt,35.5,0.26
decay_setting_001,Blueprint prompt,36.5,0.25
decay_setting_001,Blueprint prompt,37.5,0.24
decay_setting_001,Blueprint prompt,38.5,0.23
decay_setting_001,Blueprint prompt,39.5,0.22
decay_setting_001,Blueprint prompt,40.5,0.2
decay_setting_001,Blueprint prompt,41.5,0.19
decay_setting_001,Blueprint prompt,42.5,0.19
decay_setting_001,Blueprint prompt,43.5,0.18
decay_setting_001,Blueprint prompt,44.5,0.17
decay_setting_001,Blueprint prompt,45.5,0.16
decay_setting_001,Blueprint prompt,46.5,0.15
decay_setting_001,Blueprint prompt,47.5,0.14
decay_setting_001,Blueprint prompt,48.5,0.13
decay_setting_001,Blueprint prompt,49.5,0.12
decay_setting_001,Blueprint prompt,50.5,0.11
decay_setting_001,Blueprint prompt,51.5,0.11
decay_setting_001,Blueprint prompt,52.5,0.1
decay_setting_001,Blueprint prompt,53.5,0.09
decay_setting_001,Blueprint prompt,54.5,0.08
decay_setting_001,Blueprint prompt,55.5,0.07
decay_setting_001,Blueprint prompt,56.5,0.07
decay_setting_001,Blueprint prompt,57.5,0.06
decay_setting_001,Blueprint prompt,58.5,0.06
decay_setting_001,Blueprint prompt,59.5,0.05
decay_setting_001,Blueprint prompt,60.5,0.05
decay_setting_001,Blueprint prompt,61.5,0.04
decay_setting_001,Blueprint prompt,62.5,0.04
decay_setting_001,Blueprint prompt,63.5,0.03
decay_setting_001,Blueprint prompt,64.5,0.03
decay_setting_001,Blueprint prompt,65.5,0.03
decay_setting_001,Blueprint prompt,66.5,0.02
decay_setting_001,Blueprint prompt,67.5,0.02
decay_setting_001,Blueprint prompt,68.5,0.02
decay_setting_001,Blueprint prompt,69.5,0.02
decay_setting_001,Blueprint prompt,70.5,0.02
decay_setting_001,Blueprint prompt,71.5,0.01
decay_setting_001,Blueprint prompt,72.5,0.01
decay_setting_001,Blueprint prompt,73.5,0.01
decay_setting_001,Blueprint prompt,74.5,0.01
decay_setting_001,Blueprint prompt,75.5,0.01
decay_setting_001,Blueprint prompt,76.5,0.01
decay_setting_001,Blueprint prompt,77.5,0.01
decay_setting_001,Blueprint prompt,78.5,0.01
decay_setting_001,Blueprint prompt,79.5,0.01
decay_setting_001,Blueprint prompt,80.5,0.01
decay_setting_001,Blueprint prompt,81.5,0.01
decay_setting_001,Blueprint prompt,82.5,0.01
decay_setting_001,Blueprint prompt,83.5,0.01
decay_setting_001,Blueprint prompt,84.5,0.01
decay_setting_001,Blueprint prompt,85.5,0.01
decay_setting_001,Blueprint prompt,86.5,0.01
decay_setting_001,Blueprint prompt,87.5,0.01
decay_setting_001,Blueprint prompt,88.5,0.01
decay_setting_001,Blueprint prompt,89.5,0.01
decay_setting_001,Blueprint prompt,90.5,0.01
decay_setting_001,Blueprint prompt,91.5,0.01
decay_setting_001,Blueprint prompt,92.5,0.01
decay_setting_001,Blueprint prompt,93.5,0.01
decay_setting_001,Blueprint prompt,94.5,0.01
decay_setting_001,Blueprint prompt,95.5,0.01
decay_setting_001,Blueprint prompt,96.5,0.01
decay_setting_001,Blueprint prompt,97.5,0.01
decay_setting_001,Blueprint prompt,98.5,0.01
decay_setting_001,Blueprint prompt,99.5,0.01
decay_setting_002,Baseline prompt,0.5,0.95
decay_setting_002,Baseline prompt,1.5,0.94
decay_setting_002,Baseline prompt,2.5,0.92
decay_setting_002,Baseline prompt,3.5,0.89
decay_setting_002,Baseline prompt,4.5,0.86
decay_setting_002,Baseline prompt,5.5,0.84
decay_setting_002,Baseline prompt,6.5,0.81
decay_setting_002,Baseline prompt,7.5,0.78
decay_setting_002,Baseline prompt,8.5,0.74
decay_setting_002,Baseline prompt,9.5,0.71
decay_setting_002,Baseline prompt,10.5,0.68
decay_setting_002,Baseline prompt,11.5,0.65
decay_setting_002,Baseline prompt,12.5,0.62
decay_setting_002,Baseline prompt,13.5,0.59
decay_setting_002,Baseline prompt,14.5,0.56
decay_setting_002,Baseline prompt,15.5,0.54
decay_setting_002,Baseline prompt,16.5,0.51
decay_setting_002,Baseline prompt,17.5,0.48
decay_setting_002,Baseline prompt,18.5,0.46
decay_setting_002,Baseline prompt,19.5,0.43
decay_setting_002,Baseline prompt,20.5,0.41
decay_setting_002,Baseline prompt,21.5,0.38
decay_setting_002,Baseline prompt,22.5,0.35
decay_setting_002,Baseline prompt,23.5,0.33
decay_setting_002,Baseline prompt,24.5,0.31
decay_setting_002,Baseline prompt,25.5,0.29
decay_setting_002,Baseline prompt,26.5,0.27
decay_setting_002,Baseline prompt,27.5,0.25
decay_setting_002,Baseline prompt,28.5,0.23
decay_setting_002,Baseline prompt,29.5,0.22
decay_setting_002,Baseline prompt,30.5,0.2
decay_setting_002,Baseline prompt,31.5,0.18
decay_setting_002,Baseline prompt,32.5,0.17
decay_setting_002,Baseline prompt,33.5,0.15
decay_setting_002,Baseline prompt,34.5,0.14
decay_setting_002,Baseline prompt,35.5,0.13
decay_setting_002,Baseline prompt,36.5,0.12
decay_setting_002,Baseline prompt,37.5,0.11
decay_setting_002,Baseline prompt,38.5,0.1
decay_setting_002,Baseline prompt,39.5,0.09
decay_setting_002,Baseline prompt,40.5,0.09
decay_setting_002,Baseline prompt,41.5,0.08
decay_setting_002,Baseline prompt,42.5,0.08
decay_setting_002,Baseline prompt,43.5,0.07
decay_setting_002,Baseline prompt,44.5,0.07
decay_setting_002,Baseline prompt,45.5,0.06
decay_setting_002,Baseline prompt,46.5,0.06
decay_setting_002,Baseline prompt,47.5,0.06
decay_setting_002,Baseline prompt,48.5,0.05
decay_setting_002,Baseline prompt,49.5,0.05
decay_setting_002,Baseline prompt,50.5,0.04
decay_setting_002,Baseline prompt,51.5,0.04
decay_setting_002,Baseline prompt,52.5,0.04
decay_setting_002,Baseline prompt,53.5,0.03
decay_setting_002,Baseline prompt,54.5,0.03
decay_setting_002,Baseline prompt,55.5,0.03
decay_setting_002,Baseline prompt,56.5,0.02
decay_setting_002,Baseline prompt,57.5,0.02
decay_setting_002,Baseline prompt,58.5,0.02
decay_setting_002,Baseline prompt,59.5,0.02
decay_setting_002,Baseline prompt,60.5,0.01
decay_setting_002,Baseline prompt,61.5,0.01
decay_setting_002,Baseline prompt,62.5,0.01
decay_setting_002,Baseline prompt,63.5,0.01
decay_setting_002,Baseline prompt,64.5,0.01
decay_setting_002,Baseline prompt,65.5,0.01
decay_setting_002,Baseline prompt,66.5,0.01
decay_setting_002,Baseline prompt,67.5,0.01
decay_setting_002,Baseline prompt,68.5,0.01
decay_setting_002,Baseline prompt,69.5,0.01
decay_setting_002,Baseline prompt,70.5,0.01
decay_setting_002,Baseline prompt,71.5,0.01
decay_setting_002,Baseline prompt,72.5,0.01
decay_setting_002,Baseline prompt,73.5,0.01
decay_setting_002,Baseline prompt,74.5,0.01
decay_setting_002,Baseline prompt,75.5,0.01
decay_setting_002,Baseline prompt,76.5,0.01
decay_setting_002,Baseline prompt,77.5,0.01
decay_setting_002,Baseline prompt,78.5,0.01
decay_setting_002,Baseline prompt,79.5,0.01
decay_setting_002,Baseline prompt,80.5,0.01
decay_setting_002,Baseline prompt,81.5,0.01
decay_setting_002,Baseline prompt,82.5,0.01
decay_setting_002,Baseline prompt,83.5,0.01
decay_setting_002,Baseline prompt,84.5,0.01
decay_setting_002,Baseline prompt,85.5,0.01
decay_setting_002,Baseline prompt,86.5,0.01
decay_setting_002,Baseline prompt,87.5,0.01
decay_setting_002,Baseline prompt,88.5,0.01
decay_setting_002,Baseline prompt,89.5,0.01
decay_setting_002,Baseline prompt,90.5,0.01
decay_setting_002,Baseline prompt,91.5,0.01
decay_setting_002,Baseline prompt,92.5,0.01
decay_setting_002,Baseline prompt,93.5,0.01
decay_setting_002,Baseline prompt,94.5,0.01
decay_setting_002,Baseline prompt,95.5,0.01
decay_setting_002,Baseline prompt,96.5,0.01
decay_setting_002,Baseline prompt,97.5,0.01
decay_setting_002,Baseline prompt,98.5,0.01
decay_setting_002,Baseline prompt,99.5,0.01
decay_setting_002,Blueprint prompt,0.5,0.88
decay_setting_002,Blueprint prompt,1.5,0.87
decay_setting_002,Blueprint prompt,2.5,0.85
decay_setting_002,Blueprint prompt,3.5,0.83
decay_setting_002,Blueprint prompt,4.5,0.8
decay_setting_002,Blueprint prompt,5.5,0.78
decay_setting_002,Blueprint prompt,6.5,0.76
decay_setting_002,Blueprint prompt,7.5,0.74
decay_setting_002,Blueprint prompt,8.5,0.71
decay_setting_002,Blueprint prompt,9.5,0.69
decay_setting_002,Blueprint prompt,10.5,0.66
decay_setting_002,Blueprint prompt,11.5,0.63
decay_setting_002,Blueprint prompt,12.5,0.6
decay_setting_002,Blueprint prompt,13.5,0.59
decay_setting_002,Blueprint prompt,14.5,0.58
decay_setting_002,Blueprint prompt,15.5,0.56
decay_setting_002,Blueprint prompt,16.5,0.54
decay_setting_002,Blueprint prompt,17.5,0.51
decay_setting_002,Blueprint prompt,18.5,0.49
decay_setting_002,Blueprint prompt,19.5,0.46
decay_setting_002,Blueprint prompt,20.5,0.43
decay_setting_002,Blueprint prompt,21.5,0.41
decay_setting_002,Blueprint prompt,22.5,0.38
decay_setting_002,Blueprint prompt,23.5,0.36
decay_setting_002,Blueprint prompt,24.5,0.33
decay_setting_002,Blueprint prompt,25.5,0.31
decay_setting_002,Blueprint prompt,26.5,0.29
decay_setting_002,Blueprint prompt,27.5,0.28
decay_setting_002,Blueprint prompt,28.5,0.26
decay_setting_002,Blueprint prompt,29.5,0.24
decay_setting_002,Blueprint prompt,30.5,0.22
decay_setting_002,Blueprint prompt,31.5,0.21
decay_setting_002,Blueprint prompt,32.5,0.2
decay_setting_002,Blueprint prompt,33.5,0.19
decay_setting_002,Blueprint prompt,34.5,0.18
decay_setting_002,Blueprint prompt,35.5,0.16
decay_setting_002,Blueprint prompt,36.5,0.15
decay_setting_002,Blueprint prompt,37.5,0.14
decay_setting_002,Blueprint prompt,38.5,0.13
decay_setting_002,Blueprint prompt,39.5,0.12
decay_setting_002,Blueprint prompt,40.5,0.11
decay_setting_002,Blueprint prompt,41.5,0.1
decay_setting_002,Blueprint prompt,42.5,0.1
decay_setting_002,Blueprint prompt,43.5,0.09
decay_setting_002,Blueprint prompt,44.5,0.09
decay_setting_002,Blueprint prompt,45.5,0.08
decay_setting_002,Blueprint prompt,46.5,0.08
decay_setting_002,Blueprint prompt,47.5,0.07
decay_setting_002,Blueprint prompt,48.5,0.07
decay_setting_002,Blueprint prompt,49.5,0.06
decay_setting_002,Blueprint prompt,50.5,0.06
decay_setting_002,Blueprint prompt,51.5,0.05
decay_setting_002,Blueprint prompt,52.5,0.05
decay_setting_002,Blueprint prompt,53.5,0.05
decay_setting_002,Blueprint prompt,54.5,0.04
decay_setting_002,Blueprint prompt,55.5,0.04
decay_setting_002,Blueprint prompt,56.5,0.04
decay_setting_002,Blueprint prompt,57.5,0.03
decay_setting_002,Blueprint prompt,58.5,0.03
decay_setting_002,Blueprint prompt,59.5,0.03
decay_setting_002,Blueprint prompt,60.5,0.02
decay_setting_002,Blueprint prompt,61.5,0.02
decay_setting_002,Blueprint prompt,62.5,0.02
decay_setting_002,Blueprint prompt,63.5,0.02
decay_setting_002,Blueprint prompt,64.5,0.02
decay_setting_002,Blueprint prompt,65.5,0.02
decay_setting_002,Blueprint prompt,66.5,0.02
decay_setting_002,Blueprint prompt,67.5,0.01
decay_setting_002,Blueprint prompt,68.5,0.01
decay_setting_002,Blueprint prompt,69.5,0.01
decay_setting_002,Blueprint prompt,70.5,0.01
decay_setting_002,Blueprint prompt,71.5,0.01
decay_setting_002,Blueprint prompt,72.5,0.01
decay_setting_002,Blueprint prompt,73.5,0.01
decay_setting_002,Blueprint prompt,74.5,0.01
decay_setting_002,Blueprint prompt,75.5,0.01
decay_setting_002,Blueprint prompt,76.5,0.01
decay_setting_002,Blueprint prompt,77.5,0.01
decay_setting_002,Blueprint prompt,78.5,0.01
decay_setting_002,Blueprint prompt,79.5,0.01
decay_setting_002,Blueprint prompt,80.5,0.01
decay_setting_002,Blueprint prompt,81.5,0.01
decay_setting_002,Blueprint prompt,82.5,0.01
decay_setting_002,Blueprint prompt,83.5,0.01
decay_setting_002,Blueprint prompt,84.5,0.01
decay_setting_002,Blueprint prompt,85.5,0.01
decay_setting_002,Blueprint prompt,86.5,0.01
decay_setting_002,Blueprint prompt,87.5,0.01
decay_setting_002,Blueprint prompt,88.5,0.01
decay_setting_002,Blueprint prompt,89.5,0.01
decay_setting_002,Blueprint prompt,90.5,0.01
decay_setting_002,Blueprint prompt,91.5,0.01
decay_setting_002,Blueprint prompt,92.5,0.01
decay_setting_002,Blueprint prompt,93.5,0.01
decay_setting_002,Blueprint prompt,94.5,0.01
decay_setting_002,Blueprint prompt,95.5,0.01
decay_setting_002,Blueprint prompt,96.5,0.01
decay_setting_002,Blueprint prompt,97.5,0.01
decay_setting_002,Blueprint prompt,98.5,0.01
decay_setting_002,Blueprint prompt,99.5,0.01
decay_setting_003,Baseline prompt,0.5,0.85
decay_setting_003,Baseline prompt,1.5,0.81
decay_setting_003,Baseline prompt,2.5,0.78
decay_setting_003,Baseline prompt,3.5,0.75
decay_setting_003,Baseline prompt,4.5,0.72
decay_setting_003,Baseline prompt,5.5,0.68
decay_setting_003,Baseline prompt,6.5,0.65
decay_setting_003,Baseline prompt,7.5,0.62
decay_setting_003,Baseline prompt,8.5,0.58
decay_setting_003,Baseline prompt,9.5,0.54
decay_setting_003,Baseline prompt,10.5,0.51
decay_setting_003,Baseline prompt,11.5,0.48
decay_setting_003,Baseline prompt,12.5,0.45
decay_setting_003,Baseline prompt,13.5,0.43
decay_setting_003,Baseline prompt,14.5,0.41
decay_setting_003,Baseline prompt,15.5,0.39
decay_setting_003,Baseline prompt,16.5,0.36
decay_setting_003,Baseline prompt,17.5,0.34
decay_setting_003,Baseline prompt,18.5,0.31
decay_setting_003,Baseline prompt,19.5,0.28
decay_setting_003,Baseline prompt,20.5,0.26
decay_setting_003,Baseline prompt,21.5,0.24
decay_setting_003,Baseline prompt,22.5,0.22
decay_setting_003,Baseline prompt,23.5,0.21
decay_setting_003,Baseline prompt,24.5,0.19
decay_setting_003,Baseline prompt,25.5,0.18
decay_setting_003,Baseline prompt,26.5,0.16
decay_setting_003,Baseline prompt,27.5,0.15
decay_setting_003,Baseline prompt,28.5,0.14
decay_setting_003,Baseline prompt,29.5,0.13
decay_setting_003,Baseline prompt,30.5,0.12
decay_setting_003,Baseline prompt,31.5,0.12
decay_setting_003,Baseline prompt,32.5,0.11
decay_setting_003,Baseline prompt,33.5,0.1
decay_setting_003,Baseline prompt,34.5,0.09
decay_setting_003,Baseline prompt,35.5,0.09
decay_setting_003,Baseline prompt,36.5,0.08
decay_setting_003,Baseline prompt,37.5,0.07
decay_setting_003,Baseline prompt,38.5,0.07
decay_setting_003,Baseline prompt,39.5,0.06
decay_setting_003,Baseline prompt,40.5,0.06
decay_setting_003,Baseline prompt,41.5,0.05
decay_setting_003,Baseline prompt,42.5,0.05
decay_setting_003,Baseline prompt,43.5,0.05
decay_setting_003,Baseline prompt,44.5,0.04
decay_setting_003,Baseline prompt,45.5,0.04
decay_setting_003,Baseline prompt,46.5,0.04
decay_setting_003,Baseline prompt,47.5,0.03
decay_setting_003,Baseline prompt,48.5,0.03
decay_setting_003,Baseline prompt,49.5,0.03
decay_setting_003,Baseline prompt,50.5,0.03
decay_setting_003,Baseline prompt,51.5,0.03
decay_setting_003,Baseline prompt,52.5,0.02
decay_setting_003,Baseline prompt,53.5,0.02
decay_setting_003,Baseline prompt,54.5,0.02
decay_setting_003,Baseline prompt,55.5,0.02
decay_setting_003,Baseline prompt,56.5,0.02
decay_setting_003,Baseline prompt,57.5,0.02
decay_setting_003,Baseline prompt,58.5,0.02
decay_setting_003,Baseline prompt,59.5,0.02
decay_setting_003,Baseline prompt,60.5,0.02
decay_setting_003,Baseline prompt,61.5,0.02
decay_setting_003,Baseline prompt,62.5,0.02
decay_setting_003,Baseline prompt,63.5,0.01
decay_setting_003,Baseline prompt,64.5,0.01
decay_setting_003,Baseline prompt,65.5,0.01
decay_setting_003,Baseline prompt,66.5,0.01
decay_setting_003,Baseline prompt,67.5,0.01
decay_setting_003,Baseline prompt,68.5,0.01
decay_setting_003,Baseline prompt,69.5,0.01
decay_setting_003,Baseline prompt,70.5,0.01
decay_setting_003,Baseline prompt,71.5,0.01
decay_setting_003,Baseline prompt,72.5,0.01
decay_setting_003,Baseline prompt,73.5,0.01
decay_setting_003,Baseline prompt,74.5,0.01
decay_setting_003,Baseline prompt,75.5,0.01
decay_setting_003,Baseline prompt,76.5,0.01
decay_setting_003,Baseline prompt,77.5,0.01
decay_setting_003,Baseline prompt,78.5,0.01
decay_setting_003,Baseline prompt,79.5,0.01
decay_setting_003,Baseline prompt,80.5,0.01
decay_setting_003,Baseline prompt,81.5,0.01
decay_setting_003,Baseline prompt,82.5,0.01
decay_setting_003,Baseline prompt,83.5,0.01
decay_setting_003,Baseline prompt,84.5,0.01
decay_setting_003,Baseline prompt,85.5,0.01
decay_setting_003,Baseline prompt,86.5,0.01
decay_setting_003,Baseline prompt,87.5,0.01
decay_setting_003,Baseline prompt,88.5,0.01
decay_setting_003,Baseline prompt,89.5,0.01
decay_setting_003,Baseline prompt,90.5,0.01
decay_setting_003,Baseline prompt,91.5,0.01
decay_setting_003,Baseline prompt,92.5,0.01
decay_setting_003,Baseline prompt,93.5,0.01
decay_setting_003,Baseline prompt,94.5,0.01
decay_setting_003,Baseline prompt,95.5,0.01
decay_setting_003,Baseline prompt,96.5,0.01
decay_setting_003,Baseline prompt,97.5,0.01
decay_setting_003,Baseline prompt,98.5,0.01
decay_setting_003,Baseline prompt,99.5,0.01
decay_setting_003,Blueprint prompt,0.5,0.9
decay_setting_003,Blueprint prompt,1.5,0.88
decay_setting_003,Blueprint prompt,2.5,0.87
decay_setting_003,Blueprint prompt,3.5,0.85
decay_setting_003,Blueprint prompt,4.5,0.83
decay_setting_003,Blueprint prompt,5.5,0.8
decay_setting_003,Blueprint prompt,6.5,0.78
decay_setting_003,Blueprint prompt,7.5,0.76
decay_setting_003,Blueprint prompt,8.5,0.74
decay_setting_003,Blueprint prompt,9.5,0.72
decay_setting_003,Blueprint prompt,10.5,0.69
decay_setting_003,Blueprint prompt,11.5,0.67
decay_setting_003,Blueprint prompt,12.5,0.65
decay_setting_003,Blueprint prompt,13.5,0.63
decay_setting_003,Blueprint prompt,14.5,0.6
decay_setting_003,Blueprint prompt,15.5,0.58
decay_setting_003,Blueprint prompt,16.5,0.55
decay_setting_003,Blueprint prompt,17.5,0.53
decay_setting_003,Blueprint prompt,18.5,0.5
decay_setting_003,Blueprint prompt,19.5,0.48
decay_setting_003,Blueprint prompt,20.5,0.46
decay_setting_003,Blueprint prompt,21.5,0.43
decay_setting_003,Blueprint prompt,22.5,0.41
decay_setting_003,Blueprint prompt,23.5,0.39
decay_setting_003,Blueprint prompt,24.5,0.37
decay_setting_003,Blueprint prompt,25.5,0.35
decay_setting_003,Blueprint prompt,26.5,0.34
decay_setting_003,Blueprint prompt,27.5,0.33
decay_setting_003,Blueprint prompt,28.5,0.31
decay_setting_003,Blueprint prompt,29.5,0.3
decay_setting_003,Blueprint prompt,30.5,0.28
decay_setting_003,Blueprint prompt,31.5,0.26
decay_setting_003,Blueprint prompt,32.5,0.24
decay_setting_003,Blueprint prompt,33.5,0.23
decay_setting_003,Blueprint prompt,34.5,0.21
decay_setting_003,Blueprint prompt,35.5,0.2
decay_setting_003,Blueprint prompt,36.5,0.19
decay_setting_003,Blueprint prompt,37.5,0.18
decay_setting_003,Blueprint prompt,38.5,0.16
decay_setting_003,Blueprint prompt,39.5,0.15
decay_setting_003,Blueprint prompt,40.5,0.14
decay_setting_003,Blueprint prompt,41.5,0.14
decay_setting_003,Blueprint prompt,42.5,0.13
decay_setting_003,Blueprint prompt,43.5,0.12
decay_setting_003,Blueprint prompt,44.5,0.11
decay_setting_003,Blueprint prompt,45.5,0.11
decay_setting_003,Blueprint prompt,46.5,0.1
decay_setting_003,Blueprint prompt,47.5,0.09
decay_setting_003,Blueprint prompt,48.5,0.09
decay_setting_003,Blueprint prompt,49.5,0.08
decay_setting_003,Blueprint prompt,50.5,0.08
decay_setting_003,Blueprint prompt,51.5,0.07
decay_setting_003,Blueprint prompt,52.5,0.07
decay_setting_003,Blueprint prompt,53.5,0.07
decay_setting_003,Blueprint prompt,54.5,0.06
decay_setting_003,Blueprint prompt,55.5,0.06
decay_setting_003,Blueprint prompt,56.5,0.05
decay_setting_003,Blueprint prompt,57.5,0.05
decay_setting_003,Blueprint prompt,58.5,0.05
decay_setting_003,Blueprint prompt,59.5,0.05
decay_setting_003,Blueprint prompt,60.5,0.05
decay_setting_003,Blueprint prompt,61.5,0.05
decay_setting_003,Blueprint prompt,62.5,0.04
decay_setting_003,Blueprint prompt,63.5,0.04
decay_setting_003,Blueprint prompt,64.5,0.04
decay_setting_003,Blueprint prompt,65.5,0.04
decay_setting_003,Blueprint prompt,66.5,0.04
decay_setting_003,Blueprint prompt,67.5,0.03
decay_setting_003,Blueprint prompt,68.5,0.03
decay_setting_003,Blueprint prompt,69.5,0.03
decay_setting_003,Blueprint prompt,70.5,0.03
decay_setting_003,Blueprint prompt,71.5,0.03
decay_setting_003,Blueprint prompt,72.5,0.03
decay_setting_003,Blueprint prompt,73.5,0.03
decay_setting_003,Blueprint prompt,74.5,0.02
decay_setting_003,Blueprint prompt,75.5,0.02
decay_setting_003,Blueprint prompt,76.5,0.02
decay_setting_003,Blueprint prompt,77.5,0.02
decay_setting_003,Blueprint prompt,78.5,0.02
decay_setting_003,Blueprint prompt,79.5,0.02
decay_setting_003,Blueprint prompt,80.5,0.02
decay_setting_003,Blueprint prompt,81.5,0.01
decay_setting_003,Blueprint prompt,82.5,0.01
decay_setting_003,Blueprint prompt,83.5,0.01
decay_setting_003,Blueprint prompt,84.5,0.01
decay_setting_003,Blueprint prompt,85.5,0.01
decay_setting_003,Blueprint prompt,86.5,0.01
decay_setting_003,Blueprint prompt,87.5,0.01
decay_setting_003,Blueprint prompt,88.5,0.01
decay_setting_003,Blueprint prompt,89.5,0.01
decay_setting_003,Blueprint prompt,90.5,0.01
decay_setting_003,Blueprint prompt,91.5,0.01
decay_setting_003,Blueprint prompt,92.5,0.01
decay_setting_003,Blueprint prompt,93.5,0.01
decay_setting_003,Blueprint prompt,94.5,0.01
decay_setting_003,Blueprint prompt,95.5,0.01
decay_setting_003,Blueprint prompt,96.5,0.01
decay_setting_003,Blueprint prompt,97.5,0.01
decay_setting_003,Blueprint prompt,98.5,0.01
decay_setting_003,Blueprint prompt,99.5,0.01
decay_setting_004,Baseline prompt,0.5,0.85
decay_setting_004,Baseline prompt,1.5,0.83
decay_setting_004,Baseline prompt,2.5,0.81
decay_setting_004,Baseline prompt,3.5,0.78
decay_setting_004,Baseline prompt,4.5,0.75
decay_setting_004,Baseline prompt,5.5,0.72
decay_setting_004,Baseline prompt,6.5,0.68
decay_setting_004,Baseline prompt,7.5,0.63
decay_setting_004,Baseline prompt,8.5,0.58
decay_setting_004,Baseline prompt,9.5,0.55
decay_setting_004,Baseline prompt,10.5,0.5
decay_setting_004,Baseline prompt,11.5,0.47
decay_setting_004,Baseline prompt,12.5,0.45
decay_setting_004,Baseline prompt,13.5,0.43
decay_setting_004,Baseline prompt,14.5,0.4
decay_setting_004,Baseline prompt,15.5,0.37
decay_setting_004,Baseline prompt,16.5,0.35
decay_setting_004,Baseline prompt,17.5,0.32
decay_setting_004,Baseline prompt,18.5,0.3
decay_setting_004,Baseline prompt,19.5,0.28
decay_setting_004,Baseline prompt,20.5,0.25
decay_setting_004,Baseline prompt,21.5,0.23
decay_setting_004,Baseline prompt,22.5,0.22
decay_setting_004,Baseline prompt,23.5,0.2
decay_setting_004,Baseline prompt,24.5,0.18
decay_setting_004,Baseline prompt,25.5,0.17
decay_setting_004,Baseline prompt,26.5,0.15
decay_setting_004,Baseline prompt,27.5,0.14
decay_setting_004,Baseline prompt,28.5,0.12
decay_setting_004,Baseline prompt,29.5,0.12
decay_setting_004,Baseline prompt,30.5,0.1
decay_setting_004,Baseline prompt,31.5,0.09
decay_setting_004,Baseline prompt,32.5,0.09
decay_setting_004,Baseline prompt,33.5,0.08
decay_setting_004,Baseline prompt,34.5,0.07
decay_setting_004,Baseline prompt,35.5,0.07
decay_setting_004,Baseline prompt,36.5,0.06
decay_setting_004,Baseline prompt,37.5,0.06
decay_setting_004,Baseline prompt,38.5,0.05
decay_setting_004,Baseline prompt,39.5,0.05
decay_setting_004,Baseline prompt,40.5,0.04
decay_setting_004,Baseline prompt,41.5,0.04
decay_setting_004,Baseline prompt,42.5,0.04
decay_setting_004,Baseline prompt,43.5,0.03
decay_setting_004,Baseline prompt,44.5,0.03
decay_setting_004,Baseline prompt,45.5,0.03
decay_setting_004,Baseline prompt,46.5,0.02
decay_setting_004,Baseline prompt,47.5,0.02
decay_setting_004,Baseline prompt,48.5,0.02
decay_setting_004,Baseline prompt,49.5,0.02
decay_setting_004,Baseline prompt,50.5,0.02
decay_setting_004,Baseline prompt,51.5,0.02
decay_setting_004,Baseline prompt,52.5,0.01
decay_setting_004,Baseline prompt,53.5,0.01
decay_setting_004,Baseline prompt,54.5,0.01
decay_setting_004,Baseline prompt,55.5,0.01
decay_setting_004,Baseline prompt,56.5,0.01
decay_setting_004,Baseline prompt,57.5,0.01
decay_setting_004,Baseline prompt,58.5,0.01
decay_setting_004,Baseline prompt,59.5,0.01
decay_setting_004,Baseline prompt,60.5,0.01
decay_setting_004,Baseline prompt,61.5,0.01
decay_setting_004,Baseline prompt,62.5,0.01
decay_setting_004,Baseline prompt,63.5,0.01
decay_setting_004,Baseline prompt,64.5,0.01
decay_setting_004,Baseline prompt,65.5,0.01
decay_setting_004,Baseline prompt,66.5,0.01
decay_setting_004,Baseline prompt,67.5,0.01
decay_setting_004,Baseline prompt,68.5,0.01
decay_setting_004,Baseline prompt,69.5,0.01
decay_setting_004,Baseline prompt,70.5,0.01
decay_setting_004,Baseline prompt,71.5,0.01
decay_setting_004,Baseline prompt,72.5,0.01
decay_setting_004,Baseline prompt,73.5,0.01
decay_setting_004,Baseline prompt,74.5,0.01
decay_setting_004,Baseline prompt,75.5,0.01
decay_setting_004,Baseline prompt,76.5,0.01
decay_setting_004,Baseline prompt,77.5,0.01
decay_setting_004,Baseline prompt,78.5,0.01
decay_setting_004,Baseline prompt,79.5,0.01
decay_setting_004,Baseline prompt,80.5,0.01
decay_setting_004,Baseline prompt,81.5,0.01
decay_setting_004,Baseline prompt,82.5,0.01
decay_setting_004,Baseline prompt,83.5,0.01
decay_setting_004,Baseline prompt,84.5,0.01
decay_setting_004,Baseline prompt,85.5,0.01
decay_setting_004,Baseline prompt,86.5,0.01
decay_setting_004,Baseline prompt,87.5,0.01
decay_setting_004,Baseline prompt,88.5,0.01
decay_setting_004,Baseline prompt,89.5,0.01
decay_setting_004,Baseline prompt,90.5,0.01
decay_setting_004,Baseline prompt,91.5,0.01
decay_setting_004,Baseline prompt,92.5,0.01
decay_setting_004,Baseline prompt,93.5,0.01
decay_setting_004,Baseline prompt,94.5,0.01
decay_setting_004,Baseline prompt,95.5,0.01
decay_setting_004,Baseline prompt,96.5,0.01
decay_setting_004,Baseline prompt,97.5,0.01
decay_setting_004,Baseline prompt,98.5,0.01
decay_setting_004,Baseline prompt,99.5,0.01
decay_setting_006,Baseline prompt,0.5,0.87
decay_setting_006,Baseline prompt,1.5,0.85
decay_setting_006,Baseline prompt,2.5,0.83
decay_setting_006,Baseline prompt,3.5,0.8
decay_setting_006,Baseline prompt,4.5,0.78
decay_setting_006,Baseline prompt,5.5,0.76
decay_setting_006,Baseline prompt,6.5,0.74
decay_setting_006,Baseline prompt,7.5,0.72
decay_setting_006,Baseline prompt,8.5,0.69
decay_setting_006,Baseline prompt,9.5,0.66
decay_setting_006,Baseline prompt,10.5,0.64
decay_setting_006,Baseline prompt,11.5,0.61
decay_setting_006,Baseline prompt,12.5,0.58
decay_setting_006,Baseline prompt,13.5,0.55
decay_setting_006,Baseline prompt,14.5,0.52
decay_setting_006,Baseline prompt,15.5,0.5
decay_setting_006,Baseline prompt,16.5,0.47
decay_setting_006,Baseline prompt,17.5,0.44
decay_setting_006,Baseline prompt,18.5,0.42
decay_setting_006,Baseline prompt,19.5,0.4
decay_setting_006,Baseline prompt,20.5,0.37
decay_setting_006,Baseline prompt,21.5,0.35
decay_setting_006,Baseline prompt,22.5,0.33
decay_setting_006,Baseline prompt,23.5,0.31
decay_setting_006,Baseline prompt,24.5,0.29
decay_setting_006,Baseline prompt,25.5,0.27
decay_setting_006,Baseline prompt,26.5,0.25
decay_setting_006,Baseline prompt,27.5,0.23
decay_setting_006,Baseline prompt,28.5,0.21
decay_setting_006,Baseline prompt,29.5,0.19
decay_setting_006,Baseline prompt,30.5,0.17
decay_setting_006,Baseline prompt,31.5,0.16
decay_setting_006,Baseline prompt,32.5,0.15
decay_setting_006,Baseline prompt,33.5,0.14
decay_setting_006,Baseline prompt,34.5,0.13
decay_setting_006,Baseline prompt,35.5,0.12
decay_setting_006,Baseline prompt,36.5,0.11
decay_setting_006,Baseline prompt,37.5,0.1
decay_setting_006,Baseline prompt,38.5,0.09
decay_setting_006,Baseline prompt,39.5,0.08
decay_setting_006,Baseline prompt,40.5,0.07
decay_setting_006,Baseline prompt,41.5,0.07
decay_setting_006,Baseline prompt,42.5,0.06
decay_setting_006,Baseline prompt,43.5,0.06
decay_setting_006,Baseline prompt,44.5,0.05
decay_setting_006,Baseline prompt,45.5,0.05
decay_setting_006,Baseline prompt,46.5,0.04
decay_setting_006,Baseline prompt,47.5,0.04
decay_setting_006,Baseline prompt,48.5,0.03
decay_setting_006,Baseline prompt,49.5,0.03
decay_setting_006,Baseline prompt,50.5,0.03
decay_setting_006,Baseline prompt,51.5,0.02
decay_setting_006,Baseline prompt,52.5,0.02
decay_setting_006,Baseline prompt,53.5,0.02
decay_setting_006,Baseline prompt,54.5,0.02
decay_setting_006,Baseline prompt,55.5,0.01
decay_setting_006,Baseline prompt,56.5,0.01
decay_setting_006,Baseline prompt,57.5,0.01
decay_setting_006,Baseline prompt,58.5,0.01
decay_setting_006,Baseline prompt,59.5,0.01
decay_setting_006,Baseline prompt,60.5,0.01
decay_setting_006,Baseline prompt,61.5,0.01
decay_setting_006,Baseline prompt,62.5,0.01
decay_setting_006,Baseline prompt,63.5,0.01
decay_setting_006,Baseline prompt,64.5,0.01
decay_setting_006,Baseline prompt,65.5,0.01
decay_setting_006,Baseline prompt,66.5,0.01
decay_setting_006,Baseline prompt,67.5,0.01
decay_setting_006,Baseline prompt,68.5,0.01
decay_setting_006,Baseline prompt,69.5,0.01
decay_setting_006,Baseline prompt,70.5,0.01
decay_setting_006,Baseline prompt,71.5,0.01
decay_setting_006,Baseline prompt,72.5,0.01
decay_setting_006,Baseline prompt,73.5,0.01
decay_setting_006,Baseline prompt,74.5,0.01
decay_setting_006,Baseline prompt,75.5,0.01
decay_setting_006,Baseline prompt,76.5,0.01
decay_setting_006,Baseline prompt,77.5,0.01
decay_setting_006,Baseline prompt,78.5,0.01
decay_setting_006,Baseline prompt,79.5,0.01
decay_setting_006,Baseline prompt,80.5,0.01
decay_setting_006,Baseline prompt,81.5,0.01
decay_setting_006,Baseline prompt,82.5,0.01
decay_setting_006,Baseline prompt,83.5,0.01
decay_setting_006,Baseline prompt,84.5,0.01
decay_setting_006,Baseline prompt,85.5,0.01
decay_setting_006,Baseline prompt,86.5,0.01
decay_setting_006,Baseline prompt,87.5,0.01
decay_setting_006,Baseline prompt,88.5,0.01
decay_setting_006,Baseline prompt,89.5,0.01
decay_setting_006,Baseline prompt,90.5,0.01
decay_setting_006,Baseline prompt,91.5,0.01
decay_setting_006,Baseline prompt,92.5,0.01
decay_setting_006,Baseline prompt,93.5,0.01
decay_setting_006,Baseline prompt,94.5,0.01
decay_setting_006,Baseline prompt,95.5,0.01
decay_setting_006,Baseline prompt,96.5,0.01
decay_setting_006,Baseline prompt,97.5,0.01
decay_setting_006,Baseline prompt,98.5,0.01
decay_setting_006,Baseline prompt,99.5,0.01
decay_setting_004,Blueprint prompt,0.5,0.92
decay_setting_004,Blueprint prompt,1.5,0.9
decay_setting_004,Blueprint prompt,2.5,0.87
decay_setting_004,Blueprint prompt,3.5,0.85
decay_setting_004,Blueprint prompt,4.5,0.82
decay_setting_004,Blueprint prompt,5.5,0.8
decay_setting_004,Blueprint prompt,6.5,0.77
decay_setting_004,Blueprint prompt,7.5,0.74
decay_setting_004,Blueprint prompt,8.5,0.7
decay_setting_004,Blueprint prompt,9.5,0.68
decay_setting_004,Blueprint prompt,10.5,0.66
decay_setting_004,Blueprint prompt,11.5,0.63
decay_setting_004,Blueprint prompt,12.5,0.6
decay_setting_004,Blueprint prompt,13.5,0.57
decay_setting_004,Blueprint prompt,14.5,0.55
decay_setting_004,Blueprint prompt,15.5,0.52
decay_setting_004,Blueprint prompt,16.5,0.5
decay_setting_004,Blueprint prompt,17.5,0.47
decay_setting_004,Blueprint prompt,18.5,0.44
decay_setting_004,Blueprint prompt,19.5,0.42
decay_setting_004,Blueprint prompt,20.5,0.4
decay_setting_004,Blueprint prompt,21.5,0.38
decay_setting_004,Blueprint prompt,22.5,0.35
decay_setting_004,Blueprint prompt,23.5,0.33
decay_setting_004,Blueprint prompt,24.5,0.3
decay_setting_004,Blueprint prompt,25.5,0.28
decay_setting_004,Blueprint prompt,26.5,0.26
decay_setting_004,Blueprint prompt,27.5,0.25
decay_setting_004,Blueprint prompt,28.5,0.23
decay_setting_004,Blueprint prompt,29.5,0.22
decay_setting_004,Blueprint prompt,30.5,0.21
decay_setting_004,Blueprint prompt,31.5,0.19
decay_setting_004,Blueprint prompt,32.5,0.18
decay_setting_004,Blueprint prompt,33.5,0.16
decay_setting_004,Blueprint prompt,34.5,0.15
decay_setting_004,Blueprint prompt,35.5,0.14
decay_setting_004,Blueprint prompt,36.5,0.13
decay_setting_004,Blueprint prompt,37.5,0.12
decay_setting_004,Blueprint prompt,38.5,0.11
decay_setting_004,Blueprint prompt,39.5,0.1
decay_setting_004,Blueprint prompt,40.5,0.1
decay_setting_004,Blueprint prompt,41.5,0.09
decay_setting_004,Blueprint prompt,42.5,0.09
decay_setting_004,Blueprint prompt,43.5,0.08
decay_setting_004,Blueprint prompt,44.5,0.08
decay_setting_004,Blueprint prompt,45.5,0.07
decay_setting_004,Blueprint prompt,46.5,0.07
decay_setting_004,Blueprint prompt,47.5,0.06
decay_setting_004,Blueprint prompt,48.5,0.06
decay_setting_004,Blueprint prompt,49.5,0.05
decay_setting_004,Blueprint prompt,50.5,0.05
decay_setting_004,Blueprint prompt,51.5,0.04
decay_setting_004,Blueprint prompt,52.5,0.04
decay_setting_004,Blueprint prompt,53.5,0.04
decay_setting_004,Blueprint prompt,54.5,0.03
decay_setting_004,Blueprint prompt,55.5,0.03
decay_setting_004,Blueprint prompt,56.5,0.03
decay_setting_004,Blueprint prompt,57.5,0.02
decay_setting_004,Blueprint prompt,58.5,0.02
decay_setting_004,Blueprint prompt,59.5,0.02
decay_setting_004,Blueprint prompt,60.5,0.02
decay_setting_004,Blueprint prompt,61.5,0.01
decay_setting_004,Blueprint prompt,62.5,0.01
decay_setting_004,Blueprint prompt,63.5,0.01
decay_setting_004,Blueprint prompt,64.5,0.01
decay_setting_004,Blueprint prompt,65.5,0.01
decay_setting_004,Blueprint prompt,66.5,0.01
decay_setting_004,Blueprint prompt,67.5,0.01
decay_setting_004,Blueprint prompt,68.5,0.01
decay_setting_004,Blueprint prompt,69.5,0.01
decay_setting_004,Blueprint prompt,70.5,0.01
decay_setting_004,Blueprint prompt,71.5,0.01
decay_setting_004,Blueprint prompt,72.5,0.0
decay_setting_004,Blueprint prompt,73.5,0.0
decay_setting_004,Blueprint prompt,74.5,0.0
decay_setting_004,Blueprint prompt,75.5,0.0
decay_setting_004,Blueprint prompt,76.5,0.0
decay_setting_004,Blueprint prompt,77.5,0.0
decay_setting_004,Blueprint prompt,78.5,0.0
decay_setting_004,Blueprint prompt,79.5,0.0
decay_setting_004,Blueprint prompt,80.5,0.0
decay_setting_004,Blueprint prompt,81.5,0.0
decay_setting_004,Blueprint prompt,82.5,0.0
decay_setting_004,Blueprint prompt,83.5,0.0
decay_setting_004,Blueprint prompt,84.5,0.0
decay_setting_004,Blueprint prompt,85.5,0.0
decay_setting_004,Blueprint prompt,86.5,0.0
decay_setting_004,Blueprint prompt,87.5,0.0
decay_setting_004,Blueprint prompt,88.5,0.0
decay_setting_004,Blueprint prompt,89.5,0.0
decay_setting_004,Blueprint prompt,90.5,0.0
decay_setting_004,Blueprint prompt,91.5,0.0
decay_setting_004,Blueprint prompt,92.5,0.0
decay_setting_004,Blueprint prompt,93.5,0.0
decay_setting_004,Blueprint prompt,94.5,0.0
decay_setting_004,Blueprint prompt,95.5,0.0
decay_setting_004,Blueprint prompt,96.5,0.0
decay_setting_004,Blueprint prompt,97.5,0.0
decay_setting_004,Blueprint prompt,98.5,0.0
decay_setting_004,Blueprint prompt,99.5,0.0
decay_setting_006,Blueprint prompt,0.5,0.9
decay_setting_006,Blueprint prompt,1.5,0.89
decay_setting_006,Blueprint prompt,2.5,0.88
decay_setting_006,Blueprint prompt,3.5,0.86
decay_setting_006,Blueprint prompt,4.5,0.85
decay_setting_006,Blueprint prompt,5.5,0.83
decay_setting_006,Blueprint prompt,6.5,0.81
decay_setting_006,Blueprint prompt,7.5,0.79
decay_setting_006,Blueprint prompt,8.5,0.76
decay_setting_006,Blueprint prompt,9.5,0.74
decay_setting_006,Blueprint prompt,10.5,0.71
decay_setting_006,Blueprint prompt,11.5,0.69
decay_setting_006,Blueprint prompt,12.5,0.66
decay_setting_006,Blueprint prompt,13.5,0.63
decay_setting_006,Blueprint prompt,14.5,0.61
decay_setting_006,Blueprint prompt,15.5,0.59
decay_setting_006,Blueprint prompt,16.5,0.56
decay_setting_006,Blueprint prompt,17.5,0.54
decay_setting_006,Blueprint prompt,18.5,0.52
decay_setting_006,Blueprint prompt,19.5,0.5
decay_setting_006,Blueprint prompt,20.5,0.48
decay_setting_006,Blueprint prompt,21.5,0.46
decay_setting_006,Blueprint prompt,22.5,0.44
decay_setting_006,Blueprint prompt,23.5,0.42
decay_setting_006,Blueprint prompt,24.5,0.4
decay_setting_006,Blueprint prompt,25.5,0.38
decay_setting_006,Blueprint prompt,26.5,0.36
decay_setting_006,Blueprint prompt,27.5,0.34
decay_setting_006,Blueprint prompt,28.5,0.32
decay_setting_006,Blueprint prompt,29.5,0.3
decay_setting_006,Blueprint prompt,30.5,0.29
decay_setting_006,Blueprint prompt,31.5,0.27
decay_setting_006,Blueprint prompt,32.5,0.25
decay_setting_006,Blueprint prompt,33.5,0.24
decay_setting_006,Blueprint prompt,34.5,0.23
decay_setting_006,Blueprint prompt,35.5,0.21
decay_setting_006,Blueprint prompt,36.5,0.2
decay_setting_006,Blueprint prompt,37.5,0.19
decay_setting_006,Blueprint prompt,38.5,0.18
decay_setting_006,Blueprint prompt,39.5,0.17
decay_setting_006,Blueprint prompt,40.5,0.16
decay_setting_006,Blueprint prompt,41.5,0.15
decay_setting_006,Blueprint prompt,42.5,0.14
decay_setting_006,Blueprint prompt,43.5,0.13
decay_setting_006,Blueprint prompt,44.5,0.12
decay_setting_006,Blueprint prompt,45.5,0.1
decay_setting_006,Blueprint prompt,46.5,0.09
decay_setting_006,Blueprint prompt,47.5,0.08
decay_setting_006,Blueprint prompt,48.5,0.08
decay_setting_006,Blueprint prompt,49.5,0.07
decay_setting_006,Blueprint prompt,50.5,0.07
decay_setting_006,Blueprint prompt,51.5,0.06
decay_setting_006,Blueprint prompt,52.5,0.06
decay_setting_006,Blueprint prompt,53.5,0.06
decay_setting_006,Blueprint prompt,54.5,0.05
decay_setting_006,Blueprint prompt,55.5,0.05
decay_setting_006,Blueprint prompt,56.5,0.05
decay_setting_006,Blueprint prompt,57.5,0.05
decay_setting_006,Blueprint prompt,58.5,0.04
decay_setting_006,Blueprint prompt,59.5,0.04
decay_setting_006,Blueprint prompt,60.5,0.04
decay_setting_006,Blueprint prompt,61.5,0.03
decay_setting_006,Blueprint prompt,62.5,0.03
decay_setting_006,Blueprint prompt,63.5,0.03
decay_setting_006,Blueprint prompt,64.5,0.03
decay_setting_006,Blueprint prompt,65.5,0.03
decay_setting_006,Blueprint prompt,66.5,0.02
decay_setting_006,Blueprint prompt,67.5,0.02
decay_setting_006,Blueprint prompt,68.5,0.02
decay_setting_006,Blueprint prompt,69.5,0.02
decay_setting_006,Blueprint prompt,70.5,0.02
decay_setting_006,Blueprint prompt,71.5,0.02
decay_setting_006,Blueprint prompt,72.5,0.02
decay_setting_006,Blueprint prompt,73.5,0.02
decay_setting_006,Blueprint prompt,74.5,0.01
decay_setting_006,Blueprint prompt,75.5,0.01
decay_setting_006,Blueprint prompt,76.5,0.01
decay_setting_006,Blueprint prompt,77.5,0.01
decay_setting_006,Blueprint prompt,78.5,0.01
decay_setting_006,Blueprint prompt,79.5,0.01
decay_setting_006,Blueprint prompt,80.5,0.01
decay_setting_006,Blueprint prompt,81.5,0.01
decay_setting_006,Blueprint prompt,82.5,0.01
decay_setting_006,Blueprint prompt,83.5,0.01
decay_setting_006,Blueprint prompt,84.5,0.01
decay_setting_006,Blueprint prompt,85.5,0.01
decay_setting_006,Blueprint prompt,86.5,0.01
decay_setting_006,Blueprint prompt,87.5,0.01
decay_setting_006,Blueprint prompt,88.5,0.01
decay_setting_006,Blueprint prompt,89.5,0.01
decay_setting_006,Blueprint prompt,90.5,0.0
decay_setting_006,Blueprint prompt,91.5,0.0
decay_setting_006,Blueprint prompt,92.5,0.0
decay_setting_006,Blueprint prompt,93.5,0.0
decay_setting_006,Blueprint prompt,94.5,0.0
decay_setting_006,Blueprint prompt,95.5,0.0
decay_setting_006,Blueprint prompt,96.5,0.0
decay_setting_006,Blueprint prompt,97.5,0.0
decay_setting_006,Blueprint prompt,98.5,0.0
decay_setting_006,Blueprint prompt,99.5,0.0
decay_setting_005,Blueprint prompt,0.5,0.91
decay_setting_005,Blueprint prompt,1.5,0.88
decay_setting_005,Blueprint prompt,2.5,0.84
decay_setting_005,Blueprint prompt,3.5,0.81
decay_setting_005,Blueprint prompt,4.5,0.78
decay_setting_005,Blueprint prompt,5.5,0.74
decay_setting_005,Blueprint prompt,6.5,0.72
decay_setting_005,Blueprint prompt,7.5,0.69
decay_setting_005,Blueprint prompt,8.5,0.65
decay_setting_005,Blueprint prompt,9.5,0.63
decay_setting_005,Blueprint prompt,10.5,0.6
decay_setting_005,Blueprint prompt,11.5,0.58
decay_setting_005,Blueprint prompt,12.5,0.55
decay_setting_005,Blueprint prompt,13.5,0.53
decay_setting_005,Blueprint prompt,14.5,0.51
decay_setting_005,Blueprint prompt,15.5,0.49
decay_setting_005,Blueprint prompt,16.5,0.46
decay_setting_005,Blueprint prompt,17.5,0.44
decay_setting_005,Blueprint prompt,18.5,0.41
decay_setting_005,Blueprint prompt,19.5,0.39
decay_setting_005,Blueprint prompt,20.5,0.36
decay_setting_005,Blueprint prompt,21.5,0.34
decay_setting_005,Blueprint prompt,22.5,0.32
decay_setting_005,Blueprint prompt,23.5,0.3
decay_setting_005,Blueprint prompt,24.5,0.28
decay_setting_005,Blueprint prompt,25.5,0.26
decay_setting_005,Blueprint prompt,26.5,0.25
decay_setting_005,Blueprint prompt,27.5,0.23
decay_setting_005,Blueprint prompt,28.5,0.21
decay_setting_005,Blueprint prompt,29.5,0.2
decay_setting_005,Blueprint prompt,30.5,0.19
decay_setting_005,Blueprint prompt,31.5,0.18
decay_setting_005,Blueprint prompt,32.5,0.17
decay_setting_005,Blueprint prompt,33.5,0.16
decay_setting_005,Blueprint prompt,34.5,0.14
decay_setting_005,Blueprint prompt,35.5,0.13
decay_setting_005,Blueprint prompt,36.5,0.12
decay_setting_005,Blueprint prompt,37.5,0.11
decay_setting_005,Blueprint prompt,38.5,0.1
decay_setting_005,Blueprint prompt,39.5,0.09
decay_setting_005,Blueprint prompt,40.5,0.09
decay_setting_005,Blueprint prompt,41.5,0.08
decay_setting_005,Blueprint prompt,42.5,0.07
decay_setting_005,Blueprint prompt,43.5,0.06
decay_setting_005,Blueprint prompt,44.5,0.06
decay_setting_005,Blueprint prompt,45.5,0.05
decay_setting_005,Blueprint prompt,46.5,0.04
decay_setting_005,Blueprint prompt,47.5,0.05
decay_setting_005,Blueprint prompt,48.5,0.05
decay_setting_005,Blueprint prompt,49.5,0.04
decay_setting_005,Blueprint prompt,50.5,0.04
decay_setting_005,Blueprint prompt,51.5,0.03
decay_setting_005,Blueprint prompt,52.5,0.03
decay_setting_005,Blueprint prompt,53.5,0.03
decay_setting_005,Blueprint prompt,54.5,0.03
decay_setting_005,Blueprint prompt,55.5,0.02
decay_setting_005,Blueprint prompt,56.5,0.02
decay_setting_005,Blueprint prompt,57.5,0.02
decay_setting_005,Blueprint prompt,58.5,0.02
decay_setting_005,Blueprint prompt,59.5,0.02
decay_setting_005,Blueprint prompt,60.5,0.02
decay_setting_005,Blueprint prompt,61.5,0.01
decay_setting_005,Blueprint prompt,62.5,0.01
decay_setting_005,Blueprint prompt,63.5,0.01
decay_setting_005,Blueprint prompt,64.5,0.01
decay_setting_005,Blueprint prompt,65.5,0.01
decay_setting_005,Blueprint prompt,66.5,0.01
decay_setting_005,Blueprint prompt,67.5,0.01
decay_setting_005,Blueprint prompt,68.5,0.01
decay_setting_005,Blueprint prompt,69.5,0.01
decay_setting_005,Blueprint prompt,70.5,0.01
decay_setting_005,Blueprint prompt,71.5,0.01
decay_setting_005,Blueprint prompt,72.5,0.01
decay_setting_005,Blueprint prompt,73.5,0.01
decay_setting_005,Blueprint prompt,74.5,0.01
decay_setting_005,Blueprint prompt,75.5,0.01
decay_setting_005,Blueprint prompt,76.5,0.01
decay_setting_005,Blueprint prompt,77.5,0.01
decay_setting_005,Blueprint prompt,78.5,0.01
decay_setting_005,Blueprint prompt,79.5,0.01
decay_setting_005,Blueprint prompt,80.5,0.01
decay_setting_005,Blueprint prompt,81.5,0.01
decay_setting_005,Blueprint prompt,82.5,0.01
decay_setting_005,Blueprint prompt,83.5,0.01
decay_setting_005,Blueprint prompt,84.5,0.01
decay_setting_005,Blueprint prompt,85.5,0.01
decay_setting_005,Blueprint prompt,86.5,0.01
decay_setting_005,Blueprint prompt,87.5,0.01
decay_setting_005,Blueprint prompt,88.5,0.01
decay_setting_005,Blueprint prompt,89.5,0.01
decay_setting_005,Blueprint prompt,90.5,0.01
decay_setting_005,Blueprint prompt,91.5,0.01
decay_setting_005,Blueprint prompt,92.5,0.01
decay_setting_005,Blueprint prompt,93.5,0.01
decay_setting_005,Blueprint prompt,94.5,0.01
decay_setting_005,Blueprint prompt,95.5,0.01
decay_setting_005,Blueprint prompt,96.5,0.01
decay_setting_005,Blueprint prompt,97.5,0.01
decay_setting_005,Blueprint prompt,98.5,0.01
decay_setting_005,Blueprint prompt,99.5,0.01
decay_setting_007,Blueprint prompt,0.5,0.92
decay_setting_007,Blueprint prompt,1.5,0.91
decay_setting_007,Blueprint prompt,2.5,0.9
decay_setting_007,Blueprint prompt,3.5,0.89
decay_setting_007,Blueprint prompt,4.5,0.87
decay_setting_007,Blueprint prompt,5.5,0.85
decay_setting_007,Blueprint prompt,6.5,0.83
decay_setting_007,Blueprint prompt,7.5,0.82
decay_setting_007,Blueprint prompt,8.5,0.81
decay_setting_007,Blueprint prompt,9.5,0.79
decay_setting_007,Blueprint prompt,10.5,0.76
decay_setting_007,Blueprint prompt,11.5,0.74
decay_setting_007,Blueprint prompt,12.5,0.72
decay_setting_007,Blueprint prompt,13.5,0.7
decay_setting_007,Blueprint prompt,14.5,0.68
decay_setting_007,Blueprint prompt,15.5,0.66
decay_setting_007,Blueprint prompt,16.5,0.64
decay_setting_007,Blueprint prompt,17.5,0.62
decay_setting_007,Blueprint prompt,18.5,0.59
decay_setting_007,Blueprint prompt,19.5,0.56
decay_setting_007,Blueprint prompt,20.5,0.54
decay_setting_007,Blueprint prompt,21.5,0.52
decay_setting_007,Blueprint prompt,22.5,0.5
decay_setting_007,Blueprint prompt,23.5,0.48
decay_setting_007,Blueprint prompt,24.5,0.46
decay_setting_007,Blueprint prompt,25.5,0.44
decay_setting_007,Blueprint prompt,26.5,0.42
decay_setting_007,Blueprint prompt,27.5,0.4
decay_setting_007,Blueprint prompt,28.5,0.39
decay_setting_007,Blueprint prompt,29.5,0.37
decay_setting_007,Blueprint prompt,30.5,0.35
decay_setting_007,Blueprint prompt,31.5,0.33
decay_setting_007,Blueprint prompt,32.5,0.32
decay_setting_007,Blueprint prompt,33.5,0.3
decay_setting_007,Blueprint prompt,34.5,0.29
decay_setting_007,Blueprint prompt,35.5,0.27
decay_setting_007,Blueprint prompt,36.5,0.26
decay_setting_007,Blueprint prompt,37.5,0.25
decay_setting_007,Blueprint prompt,38.5,0.23
decay_setting_007,Blueprint prompt,39.5,0.22
decay_setting_007,Blueprint prompt,40.5,0.21
decay_setting_007,Blueprint prompt,41.5,0.2
decay_setting_007,Blueprint prompt,42.5,0.19
decay_setting_007,Blueprint prompt,43.5,0.18
decay_setting_007,Blueprint prompt,44.5,0.17
decay_setting_007,Blueprint prompt,45.5,0.16
decay_setting_007,Blueprint prompt,46.5,0.15
decay_setting_007,Blueprint prompt,47.5,0.13
decay_setting_007,Blueprint prompt,48.5,0.12
decay_setting_007,Blueprint prompt,49.5,0.11
decay_setting_007,Blueprint prompt,50.5,0.1
decay_setting_007,Blueprint prompt,51.5,0.09
decay_setting_007,Blueprint prompt,52.5,0.09
decay_setting_007,Blueprint prompt,53.5,0.08
decay_setting_007,Blueprint prompt,54.5,0.07
decay_setting_007,Blueprint prompt,55.5,0.07
decay_setting_007,Blueprint prompt,56.5,0.06
decay_setting_007,Blueprint prompt,57.5,0.06
decay_setting_007,Blueprint prompt,58.5,0.05
decay_setting_007,Blueprint prompt,59.5,0.05
decay_setting_007,Blueprint prompt,60.5,0.05
decay_setting_007,Blueprint prompt,61.5,0.04
decay_setting_007,Blueprint prompt,62.5,0.04
decay_setting_007,Blueprint prompt,63.5,0.04
decay_setting_007,Blueprint prompt,64.5,0.03
decay_setting_007,Blueprint prompt,65.5,0.03
decay_setting_007,Blueprint prompt,66.5,0.03
decay_setting_007,Blueprint prompt,67.5,0.03
decay_setting_007,Blueprint prompt,68.5,0.02
decay_setting_007,Blueprint prompt,69.5,0.02
decay_setting_007,Blueprint prompt,70.5,0.02
decay_setting_007,Blueprint prompt,71.5,0.02
decay_setting_007,Blueprint prompt,72.5,0.02
decay_setting_007,Blueprint prompt,73.5,0.01
decay_setting_007,Blueprint prompt,74.5,0.01
decay_setting_007,Blueprint prompt,75.5,0.01
decay_setting_007,Blueprint prompt,76.5,0.01
decay_setting_007,Blueprint prompt,77.5,0.01
decay_setting_007,Blueprint prompt,78.5,0.01
decay_setting_007,Blueprint prompt,79.5,0.01
decay_setting_007,Blueprint prompt,80.5,0.01
decay_setting_007,Blueprint prompt,81.5,0.01
decay_setting_007,Blueprint prompt,82.5,0.01
decay_setting_007,Blueprint prompt,83.5,0.01
decay_setting_007,Blueprint prompt,84.5,0.01
decay_setting_007,Blueprint prompt,85.5,0.01
decay_setting_007,Blueprint prompt,86.5,0.01
decay_setting_007,Blueprint prompt,87.5,0.01
decay_setting_007,Blueprint prompt,88.5,0.01
decay_setting_007,Blueprint prompt,89.5,0.01
decay_setting_007,Blueprint prompt,90.5,0.01
decay_setting_007,Blueprint prompt,91.5,0.01
decay_setting_007,Blueprint prompt,92.5,0.01
decay_setting_007,Blueprint prompt,93.5,0.01
decay_setting_007,Blueprint prompt,94.5,0.01
decay_setting_007,Blueprint prompt,95.5,0.01
decay_setting_007,Blueprint prompt,96.5,0.01
decay_setting_007,Blueprint prompt,97.5,0.01
decay_setting_007,Blueprint prompt,98.5,0.01
decay_setting_007,Blueprint prompt,99.5,0.01
decay_setting_009,Baseline prompt,0.5,0.85
decay_setting_009,Baseline prompt,1.5,0.78
decay_setting_009,Baseline prompt,2.5,0.72
decay_setting_009,Baseline prompt,3.5,0.65
decay_setting_009,Baseline prompt,4.5,0.6
decay_setting_009,Baseline prompt,5.5,0.54
decay_setting_009,Baseline prompt,6.5,0.48
decay_setting_009,Baseline prompt,7.5,0.42
decay_setting_009,Baseline prompt,8.5,0.38
decay_setting_009,Baseline prompt,9.5,0.33
decay_setting_009,Baseline prompt,10.5,0.28
decay_setting_009,Baseline prompt,11.5,0.25
decay_setting_009,Baseline prompt,12.5,0.22
decay_setting_009,Baseline prompt,13.5,0.18
decay_setting_009,Baseline prompt,14.5,0.16
decay_setting_009,Baseline prompt,15.5,0.14
decay_setting_009,Baseline prompt,16.5,0.12
decay_setting_009,Baseline prompt,17.5,0.1
decay_setting_009,Baseline prompt,18.5,0.08
decay_setting_009,Baseline prompt,19.5,0.07
decay_setting_009,Baseline prompt,20.5,0.06
decay_setting_009,Baseline prompt,21.5,0.05
decay_setting_009,Baseline prompt,22.5,0.04
decay_setting_009,Baseline prompt,23.5,0.035
decay_setting_009,Baseline prompt,24.5,0.03
decay_setting_009,Baseline prompt,25.5,0.025
decay_setting_009,Baseline prompt,26.5,0.02
decay_setting_009,Baseline prompt,27.5,0.018
decay_setting_009,Baseline prompt,28.5,0.016
decay_setting_009,Baseline prompt,29.5,0.014
decay_setting_009,Baseline prompt,30.5,0.012
decay_setting_009,Baseline prompt,31.5,0.01
decay_setting_009,Baseline prompt,32.5,0.009
decay_setting_009,Baseline prompt,33.5,0.008
decay_setting_009,Baseline prompt,34.5,0.007
decay_setting_009,Baseline prompt,35.5,0.006
decay_setting_009,Baseline prompt,36.5,0.0055
decay_setting_009,Baseline prompt,37.5,0.005
decay_setting_009,Baseline prompt,38.5,0.0045
decay_setting_009,Baseline prompt,39.5,0.004
decay_setting_009,Baseline prompt,40.5,0.0035
decay_setting_009,Baseline prompt,41.5,0.003
decay_setting_009,Baseline prompt,42.5,0.0028
decay_setting_009,Baseline prompt,43.5,0.0026
decay_setting_009,Baseline prompt,44.5,0.0024
decay_setting_009,Baseline prompt,45.5,0.0022
decay_setting_009,Baseline prompt,46.5,0.002
decay_setting_009,Baseline prompt,47.5,0.0018
decay_setting_009,Baseline prompt,48.5,0.0016
decay_setting_009,Baseline prompt,49.5,0.0015
decay_setting_009,Baseline prompt,50.5,0.0014
decay_setting_009,Baseline prompt,51.5,0.0013
decay_setting_009,Baseline prompt,52.5,0.0012
decay_setting_009,Baseline prompt,53.5,0.0011
decay_setting_009,Baseline prompt,54.5,0.001
decay_setting_009,Baseline prompt,55.5,0.0009
decay_setting_009,Baseline prompt,56.5,0.0008
decay_setting_009,Baseline prompt,57.5,0.0007
decay_setting_009,Baseline prompt,58.5,0.0006
decay_setting_009,Baseline prompt,59.5,0.0005
decay_setting_009,Baseline prompt,60.5,0.00045
decay_setting_009,Baseline prompt,61.5,0.0004
decay_setting_009,Baseline prompt,62.5,0.00036
decay_setting_009,Baseline prompt,63.5,0.00032
decay_setting_009,Baseline prompt,64.5,0.00028
decay_setting_009,Baseline prompt,65.5,0.00026
decay_setting_009,Baseline prompt,66.5,0.00024
decay_setting_009,Baseline prompt,67.5,0.00022
decay_setting_009,Baseline prompt,68.5,0.0002
decay_setting_009,Baseline prompt,69.5,0.00018
decay_setting_009,Baseline prompt,70.5,0.00016
decay_setting_009,Baseline prompt,71.5,0.00014
decay_setting_009,Baseline prompt,72.5,0.00012
decay_setting_009,Baseline prompt,73.5,0.0001
decay_setting_009,Baseline prompt,74.5,9e-05
decay_setting_009,Baseline prompt,75.5,8e-05
decay_setting_009,Baseline prompt,76.5,7e-05
decay_setting_009,Baseline prompt,77.5,6e-05
decay_setting_009,Baseline prompt,78.5,5e-05
decay_setting_009,Baseline prompt,79.5,4.5e-05
decay_setting_009,Baseline prompt,80.5,4e-05
decay_setting_009,Baseline prompt,81.5,3.6e-05
decay_setting_009,Baseline prompt,82.5,3.2e-05
decay_setting_009,Baseline prompt,83.5,2.8e-05
decay_setting_009,Baseline prompt,84.5,2.5e-05
decay_setting_009,Baseline prompt,85.5,2.2e-05
decay_setting_009,Baseline prompt,86.5,2e-05
decay_setting_009,Baseline prompt,87.5,1.8e-05
decay_setting_009,Baseline prompt,88.5,1.6e-05
decay_setting_009,Baseline prompt,89.5,1.4e-05
decay_setting_009,Baseline prompt,90.5,1.2e-05
decay_setting_009,Baseline prompt,91.5,1e-05
decay_setting_009,Baseline prompt,92.5,9e-06
decay_setting_009,Baseline prompt,93.5,8e-06
decay_setting_009,Baseline prompt,94.5,7e-06
decay_setting_009,Baseline prompt,95.5,6e-06
decay_setting_009,Baseline prompt,96.5,5e-06
decay_setting_009,Baseline prompt,97.5,4e-06
decay_setting_009,Baseline prompt,98.5,3e-06
decay_setting_009,Baseline prompt,99.5,2e-06
decay_setting_009,Blueprint prompt,0.5,0.92
decay_setting_009,Blueprint prompt,1.5,0.91
decay_setting_009,Blueprint prompt,2.5,0.89
decay_setting_009,Blueprint prompt,3.5,0.87
decay_setting_009,Blueprint prompt,4.5,0.84
decay_setting_009,Blueprint prompt,5.5,0.8
decay_setting_009,Blueprint prompt,6.5,0.77
decay_setting_009,Blueprint prompt,7.5,0.75
decay_setting_009,Blueprint prompt,8.5,0.71
decay_setting_009,Blueprint prompt,9.5,0.68
decay_setting_009,Blueprint prompt,10.5,0.64
decay_setting_009,Blueprint prompt,11.5,0.61
decay_setting_009,Blueprint prompt,12.5,0.58
decay_setting_009,Blueprint prompt,13.5,0.54
decay_setting_009,Blueprint prompt,14.5,0.51
decay_setting_009,Blueprint prompt,15.5,0.48
decay_setting_009,Blueprint prompt,16.5,0.46
decay_setting_009,Blueprint prompt,17.5,0.43
decay_setting_009,Blueprint prompt,18.5,0.4
decay_setting_009,Blueprint prompt,19.5,0.36
decay_setting_009,Blueprint prompt,20.5,0.33
decay_setting_009,Blueprint prompt,21.5,0.31
decay_setting_009,Blueprint prompt,22.5,0.28
decay_setting_009,Blueprint prompt,23.5,0.26
decay_setting_009,Blueprint prompt,24.5,0.24
decay_setting_009,Blueprint prompt,25.5,0.22
decay_setting_009,Blueprint prompt,26.5,0.2
decay_setting_009,Blueprint prompt,27.5,0.19
decay_setting_009,Blueprint prompt,28.5,0.17
decay_setting_009,Blueprint prompt,29.5,0.15
decay_setting_009,Blueprint prompt,30.5,0.14
decay_setting_009,Blueprint prompt,31.5,0.13
decay_setting_009,Blueprint prompt,32.5,0.12
decay_setting_009,Blueprint prompt,33.5,0.11
decay_setting_009,Blueprint prompt,34.5,0.1
decay_setting_009,Blueprint prompt,35.5,0.09
decay_setting_009,Blueprint prompt,36.5,0.09
decay_setting_009,Blueprint prompt,37.5,0.08
decay_setting_009,Blueprint prompt,38.5,0.07
decay_setting_009,Blueprint prompt,39.5,0.07
decay_setting_009,Blueprint prompt,40.5,0.06
decay_setting_009,Blueprint prompt,41.5,0.06
decay_setting_009,Blueprint prompt,42.5,0.05
decay_setting_009,Blueprint prompt,43.5,0.05
decay_setting_009,Blueprint prompt,44.5,0.05
decay_setting_009,Blueprint prompt,45.5,0.04
decay_setting_009,Blueprint prompt,46.5,0.04
decay_setting_009,Blueprint prompt,47.5,0.04
decay_setting_009,Blueprint prompt,48.5,0.03
decay_setting_009,Blueprint prompt,49.5,0.03
decay_setting_009,Blueprint prompt,50.5,0.03
decay_setting_009,Blueprint prompt,51.5,0.03
decay_setting_009,Blueprint prompt,52.5,0.02
decay_setting_009,Blueprint prompt,53.5,0.02
decay_setting_009,Blueprint prompt,54.5,0.02
decay_setting_009,Blueprint prompt,55.5,0.02
decay_setting_009,Blueprint prompt,56.5,0.02
decay_setting_009,Blueprint prompt,57.5,0.01
decay_setting_009,Blueprint prompt,58.5,0.01
decay_setting_009,Blueprint prompt,59.5,0.01
decay_setting_009,Blueprint prompt,60.5,0.01
decay_setting_009,Blueprint prompt,61.5,0.01
decay_setting_009,Blueprint prompt,62.5,0.01
decay_setting_009,Blueprint prompt,63.5,0.01
decay_setting_009,Blueprint prompt,64.5,0.01
decay_setting_009,Blueprint prompt,65.5,0.01
decay_setting_009,Blueprint prompt,66.5,0.01
decay_setting_009,Blueprint prompt,67.5,0.01
decay_setting_009,Blueprint prompt,68.5,0.01
decay_setting_009,Blueprint prompt,69.5,0.01
decay_setting_009,Blueprint prompt,70.5,0.01
decay_setting_009,Blueprint prompt,71.5,0.01
decay_setting_009,Blueprint prompt,72.5,0.01
decay_setting_009,Blueprint prompt,73.5,0.01
decay_setting_009,Blueprint prompt,74.5,0.01
decay_setting_009,Blueprint prompt,75.5,0.01
decay_setting_009,Blueprint prompt,76.5,0.01
decay_setting_009,Blueprint prompt,77.5,0.02
decay_setting_009,Blueprint prompt,78.5,0.02
decay_setting_009,Blueprint prompt,79.5,0.02
decay_setting_009,Blueprint prompt,80.5,0.02
decay_setting_009,Blueprint prompt,81.5,0.03
decay_setting_009,Blueprint prompt,82.5,0.03
decay_setting_009,Blueprint prompt,83.5,0.03
decay_setting_009,Blueprint prompt,84.5,0.03
decay_setting_009,Blueprint prompt,85.5,0.03
decay_setting_009,Blueprint prompt,86.5,0.03
decay_setting_009,Blueprint prompt,87.5,0.03
decay_setting_009,Blueprint prompt,88.5,0.03
decay_setting_009,Blueprint prompt,89.5,0.03
decay_setting_009,Blueprint prompt,90.5,0.03
decay_setting_009,Blueprint prompt,91.5,0.03
decay_setting_009,Blueprint prompt,92.5,0.03
decay_setting_009,Blueprint prompt,93.5,0.03
decay_setting_009,Blueprint prompt,94.5,0.02
decay_setting_009,Blueprint prompt,95.5,0.02
decay_setting_009,Blueprint prompt,96.5,0.02
decay_setting_009,Blueprint prompt,97.5,0.02
decay_setting_009,Blueprint prompt,98.5,0.02
decay_setting_009,Blueprint prompt,99.5,0.02
decay_setting_008,Blueprint prompt,0.5,0.92
decay_setting_008,Blueprint prompt,1.5,0.9
decay_setting_008,Blueprint prompt,2.5,0.88
decay_setting_008,Blueprint prompt,3.5,0.85
decay_setting_008,Blueprint prompt,4.5,0.83
decay_setting_008,Blueprint prompt,5.5,0.8
decay_setting_008,Blueprint prompt,6.5,0.76
decay_setting_008,Blueprint prompt,7.5,0.73
decay_setting_008,Blueprint prompt,8.5,0.69
decay_setting_008,Blueprint prompt,9.5,0.66
decay_setting_008,Blueprint prompt,10.5,0.63
decay_setting_008,Blueprint prompt,11.5,0.61
decay_setting_008,Blueprint prompt,12.5,0.58
decay_setting_008,Blueprint prompt,13.5,0.56
decay_setting_008,Blueprint prompt,14.5,0.53
decay_setting_008,Blueprint prompt,15.5,0.51
decay_setting_008,Blueprint prompt,16.5,0.48
decay_setting_008,Blueprint prompt,17.5,0.45
decay_setting_008,Blueprint prompt,18.5,0.42
decay_setting_008,Blueprint prompt,19.5,0.39
decay_setting_008,Blueprint prompt,20.5,0.37
decay_setting_008,Blueprint prompt,21.5,0.34
decay_setting_008,Blueprint prompt,22.5,0.32
decay_setting_008,Blueprint prompt,23.5,0.3
decay_setting_008,Blueprint prompt,24.5,0.28
decay_setting_008,Blueprint prompt,25.5,0.25
decay_setting_008,Blueprint prompt,26.5,0.23
decay_setting_008,Blueprint prompt,27.5,0.21
decay_setting_008,Blueprint prompt,28.5,0.19
decay_setting_008,Blueprint prompt,29.5,0.18
decay_setting_008,Blueprint prompt,30.5,0.16
decay_setting_008,Blueprint prompt,31.5,0.15
decay_setting_008,Blueprint prompt,32.5,0.14
decay_setting_008,Blueprint prompt,33.5,0.13
decay_setting_008,Blueprint prompt,34.5,0.12
decay_setting_008,Blueprint prompt,35.5,0.11
decay_setting_008,Blueprint prompt,36.5,0.1
decay_setting_008,Blueprint prompt,37.5,0.1
decay_setting_008,Blueprint prompt,38.5,0.09
decay_setting_008,Blueprint prompt,39.5,0.08
decay_setting_008,Blueprint prompt,40.5,0.08
decay_setting_008,Blueprint prompt,41.5,0.07
decay_setting_008,Blueprint prompt,42.5,0.07
decay_setting_008,Blueprint prompt,43.5,0.06
decay_setting_008,Blueprint prompt,44.5,0.06
decay_setting_008,Blueprint prompt,45.5,0.05
decay_setting_008,Blueprint prompt,46.5,0.05
decay_setting_008,Blueprint prompt,47.5,0.04
decay_setting_008,Blueprint prompt,48.5,0.04
decay_setting_008,Blueprint prompt,49.5,0.04
decay_setting_008,Blueprint prompt,50.5,0.03
decay_setting_008,Blueprint prompt,51.5,0.03
decay_setting_008,Blueprint prompt,52.5,0.03
decay_setting_008,Blueprint prompt,53.5,0.02
decay_setting_008,Blueprint prompt,54.5,0.02
decay_setting_008,Blueprint prompt,55.5,0.02
decay_setting_008,Blueprint prompt,56.5,0.02
decay_setting_008,Blueprint prompt,57.5,0.02
decay_setting_008,Blueprint prompt,58.5,0.01
decay_setting_008,Blueprint prompt,59.5,0.01
decay_setting_008,Blueprint prompt,60.5,0.01
decay_setting_008,Blueprint prompt,61.5,0.01
decay_setting_008,Blueprint prompt,62.5,0.01
decay_setting_008,Blueprint prompt,63.5,0.01
decay_setting_008,Blueprint prompt,64.5,0.01
decay_setting_008,Blueprint prompt,65.5,0.01
decay_setting_008,Blueprint prompt,66.5,0.01
decay_setting_008,Blueprint prompt,67.5,0.01
decay_setting_008,Blueprint prompt,68.5,0.01
decay_setting_008,Blueprint prompt,69.5,0.01
decay_setting_008,Blueprint prompt,70.5,0.01
decay_setting_008,Blueprint prompt,71.5,0.01
decay_setting_008,Blueprint prompt,72.5,0.01
decay_setting_008,Blueprint prompt,73.5,0.01
decay_setting_008,Blueprint prompt,74.5,0.01
decay_setting_008,Blueprint prompt,75.5,0.01
decay_setting_008,Blueprint prompt,76.5,0.01
decay_setting_008,Blueprint prompt,77.5,0.01
decay_setting_008,Blueprint prompt,78.5,0.01
decay_setting_008,Blueprint prompt,79.5,0.01
decay_setting_008,Blueprint prompt,80.5,0.01
decay_setting_008,Blueprint prompt,81.5,0.01
decay_setting_008,Blueprint prompt,82.5,0.01
decay_setting_008,Blueprint prompt,83.5,0.01
decay_setting_008,Blueprint prompt,84.5,0.01
decay_setting_008,Blueprint prompt,85.5,0.01
decay_setting_008,Blueprint prompt,86.5,0.01
decay_setting_008,Blueprint prompt,87.5,0.01
decay_setting_008,Blueprint prompt,88.5,0.01
decay_setting_008,Blueprint prompt,89.5,0.01
decay_setting_008,Blueprint prompt,90.5,0.01
decay_setting_008,Blueprint prompt,91.5,0.01
decay_setting_008,Blueprint prompt,92.5,0.01
decay_setting_008,Blueprint prompt,93.5,0.01
decay_setting_008,Blueprint prompt,94.5,0.01
decay_setting_008,Blueprint prompt,95.5,0.01
decay_setting_008,Blueprint prompt,96.5,0.01
decay_setting_008,Blueprint prompt,97.5,0.01
decay_setting_008,Blueprint prompt,98.5,0.01
decay_setting_008,Blueprint prompt,99.5,0.01
decay_setting_008,Baseline prompt,0.5,0.85
decay_setting_008,Baseline prompt,1.5,0.82
decay_setting_008,Baseline prompt,2.5,0.78
decay_setting_008,Baseline prompt,3.5,0.74
decay_setting_008,Baseline prompt,4.5,0.7
decay_setting_008,Baseline prompt,5.5,0.68
decay_setting_008,Baseline prompt,6.5,0.65
decay_setting_008,Baseline prompt,7.5,0.62
decay_setting_008,Baseline prompt,8.5,0.6
decay_setting_008,Baseline prompt,9.5,0.58
decay_setting_008,Baseline prompt,10.5,0.55
decay_setting_008,Baseline prompt,11.5,0.52
decay_setting_008,Baseline prompt,12.5,0.5
decay_setting_008,Baseline prompt,13.5,0.48
decay_setting_008,Baseline prompt,14.5,0.46
decay_setting_008,Baseline prompt,15.5,0.44
decay_setting_008,Baseline prompt,16.5,0.42
decay_setting_008,Baseline prompt,17.5,0.4
decay_setting_008,Baseline prompt,18.5,0.37
decay_setting_008,Baseline prompt,19.5,0.35
decay_setting_008,Baseline prompt,20.5,0.33
decay_setting_008,Baseline prompt,21.5,0.31
decay_setting_008,Baseline prompt,22.5,0.29
decay_setting_008,Baseline prompt,23.5,0.27
decay_setting_008,Baseline prompt,24.5,0.25
decay_setting_008,Baseline prompt,25.5,0.24
decay_setting_008,Baseline prompt,26.5,0.22
decay_setting_008,Baseline prompt,27.5,0.21
decay_setting_008,Baseline prompt,28.5,0.2
decay_setting_008,Baseline prompt,29.5,0.18
decay_setting_008,Baseline prompt,30.5,0.17
decay_setting_008,Baseline prompt,31.5,0.16
decay_setting_008,Baseline prompt,32.5,0.15
decay_setting_008,Baseline prompt,33.5,0.14
decay_setting_008,Baseline prompt,34.5,0.13
decay_setting_008,Baseline prompt,35.5,0.12
decay_setting_008,Baseline prompt,36.5,0.11
decay_setting_008,Baseline prompt,37.5,0.1
decay_setting_008,Baseline prompt,38.5,0.09
decay_setting_008,Baseline prompt,39.5,0.08
decay_setting_008,Baseline prompt,40.5,0.07
decay_setting_008,Baseline prompt,41.5,0.07
decay_setting_008,Baseline prompt,42.5,0.06
decay_setting_008,Baseline prompt,43.5,0.06
decay_setting_008,Baseline prompt,44.5,0.05
decay_setting_008,Baseline prompt,45.5,0.05
decay_setting_008,Baseline prompt,46.5,0.05
decay_setting_008,Baseline prompt,47.5,0.04
decay_setting_008,Baseline prompt,48.5,0.04
decay_setting_008,Baseline prompt,49.5,0.04
decay_setting_008,Baseline prompt,50.5,0.03
decay_setting_008,Baseline prompt,51.5,0.03
decay_setting_008,Baseline prompt,52.5,0.03
decay_setting_008,Baseline prompt,53.5,0.03
decay_setting_008,Baseline prompt,54.5,0.02
decay_setting_008,Baseline prompt,55.5,0.02
decay_setting_008,Baseline prompt,56.5,0.02
decay_setting_008,Baseline prompt,57.5,0.02
decay_setting_008,Baseline prompt,58.5,0.02
decay_setting_008,Baseline prompt,59.5,0.01
decay_setting_008,Baseline prompt,60.5,0.01
decay_setting_008,Baseline prompt,61.5,0.01
decay_setting_008,Baseline prompt,62.5,0.01
decay_setting_008,Baseline prompt,63.5,0.01
decay_setting_008,Baseline prompt,64.5,0.01
decay_setting_008,Baseline prompt,65.5,0.01
decay_setting_008,Baseline prompt,66.5,0.01
decay_setting_008,Baseline prompt,67.5,0.01
decay_setting_008,Baseline prompt,68.5,0.01
decay_setting_008,Baseline prompt,69.5,0.01
decay_setting_008,Baseline prompt,70.5,0.01
decay_setting_008,Baseline prompt,71.5,0.01
decay_setting_008,Baseline prompt,72.5,0.01
decay_setting_008,Baseline prompt,73.5,0.01
decay_setting_008,Baseline prompt,74.5,0.01
decay_setting_008,Baseline prompt,75.5,0.01
decay_setting_008,Baseline prompt,76.5,0.01
decay_setting_008,Baseline prompt,77.5,0.01
decay_setting_008,Baseline prompt,78.5,0.01
decay_setting_008,Baseline prompt,79.5,0.01
decay_setting_008,Baseline prompt,80.5,0.01
decay_setting_008,Baseline prompt,81.5,0.01
decay_setting_008,Baseline prompt,82.5,0.01
decay_setting_008,Baseline prompt,83.5,0.01
decay_setting_008,Baseline prompt,84.5,0.01
decay_setting_008,Baseline prompt,85.5,0.01
decay_setting_008,Baseline prompt,86.5,0.01
decay_setting_008,Baseline prompt,87.5,0.01
decay_setting_008,Baseline prompt,88.5,0.01
decay_setting_008,Baseline prompt,89.5,0.01
decay_setting_008,Baseline prompt,90.5,0.01
decay_setting_008,Baseline prompt,91.5,0.01
decay_setting_008,Baseline prompt,92.5,0.01
decay_setting_008,Baseline prompt,93.5,0.01
decay_setting_008,Baseline prompt,94.5,0.01
decay_setting_008,Baseline prompt,95.5,0.01
decay_setting_008,Baseline prompt,96.5,0.01
decay_setting_008,Baseline prompt,97.5,0.01
decay_setting_008,Baseline prompt,98.5,0.01
decay_setting_008,Baseline prompt,99.5,0.01
decay_setting_010,Baseline prompt,0.5,0.85
decay_setting_010,Baseline prompt,1.5,0.83
decay_setting_010,Baseline prompt,2.5,0.8
decay_setting_010,Baseline prompt,3.5,0.78
decay_setting_010,Baseline prompt,4.5,0.75
decay_setting_010,Baseline prompt,5.5,0.72
decay_setting_010,Baseline prompt,6.5,0.68
decay_setting_010,Baseline prompt,7.5,0.63
decay_setting_010,Baseline prompt,8.5,0.58
decay_setting_010,Baseline prompt,9.5,0.53
decay_setting_010,Baseline prompt,10.5,0.5
decay_setting_010,Baseline prompt,11.5,0.48
decay_setting_010,Baseline prompt,12.5,0.45
decay_setting_010,Baseline prompt,13.5,0.42
decay_setting_010,Baseline prompt,14.5,0.38
decay_setting_010,Baseline prompt,15.5,0.34
decay_setting_010,Baseline prompt,16.5,0.3
decay_setting_010,Baseline prompt,17.5,0.27
decay_setting_010,Baseline prompt,18.5,0.24
decay_setting_010,Baseline prompt,19.5,0.2
decay_setting_010,Baseline prompt,20.5,0.18
decay_setting_010,Baseline prompt,21.5,0.16
decay_setting_010,Baseline prompt,22.5,0.14
decay_setting_010,Baseline prompt,23.5,0.13
decay_setting_010,Baseline prompt,24.5,0.12
decay_setting_010,Baseline prompt,25.5,0.11
decay_setting_010,Baseline prompt,26.5,0.095
decay_setting_010,Baseline prompt,27.5,0.085
decay_setting_010,Baseline prompt,28.5,0.075
decay_setting_010,Baseline prompt,29.5,0.065
decay_setting_010,Baseline prompt,30.5,0.06
decay_setting_010,Baseline prompt,31.5,0.055
decay_setting_010,Baseline prompt,32.5,0.05
decay_setting_010,Baseline prompt,33.5,0.045
decay_setting_010,Baseline prompt,34.5,0.04
decay_setting_010,Baseline prompt,35.5,0.035
decay_setting_010,Baseline prompt,36.5,0.03
decay_setting_010,Baseline prompt,37.5,0.025
decay_setting_010,Baseline prompt,38.5,0.02
decay_setting_010,Baseline prompt,39.5,0.015
decay_setting_010,Baseline prompt,40.5,0.012
decay_setting_010,Baseline prompt,41.5,0.01
decay_setting_010,Baseline prompt,42.5,0.009
decay_setting_010,Baseline prompt,43.5,0.008
decay_setting_010,Baseline prompt,44.5,0.007
decay_setting_010,Baseline prompt,45.5,0.006
decay_setting_010,Baseline prompt,46.5,0.005
decay_setting_010,Baseline prompt,47.5,0.004
decay_setting_010,Baseline prompt,48.5,0.003
decay_setting_010,Baseline prompt,49.5,0.002
decay_setting_010,Baseline prompt,50.5,0.005
decay_setting_010,Baseline prompt,51.5,0.003
decay_setting_010,Baseline prompt,52.5,0.002
decay_setting_010,Baseline prompt,53.5,0.0015
decay_setting_010,Baseline prompt,54.5,0.0012
decay_setting_010,Baseline prompt,55.5,0.001
decay_setting_010,Baseline prompt,56.5,0.0009
decay_setting_010,Baseline prompt,57.5,0.0008
decay_setting_010,Baseline prompt,58.5,0.0007
decay_setting_010,Baseline prompt,59.5,0.0006
decay_setting_010,Baseline prompt,60.5,0.00052
decay_setting_010,Baseline prompt,61.5,0.00045
decay_setting_010,Baseline prompt,62.5,0.0004
decay_setting_010,Baseline prompt,63.5,0.00035
decay_setting_010,Baseline prompt,64.5,0.0003
decay_setting_010,Baseline prompt,65.5,0.00027
decay_setting_010,Baseline prompt,66.5,0.00025
decay_setting_010,Baseline prompt,67.5,0.0002
decay_setting_010,Baseline prompt,68.5,0.00018
decay_setting_010,Baseline prompt,69.5,0.00016
decay_setting_010,Baseline prompt,70.5,0.00015
decay_setting_010,Baseline prompt,71.5,0.00012
decay_setting_010,Baseline prompt,72.5,0.0001
decay_setting_010,Baseline prompt,73.5,9e-05
decay_setting_010,Baseline prompt,74.5,8e-05
decay_setting_010,Baseline prompt,75.5,7e-05
decay_setting_010,Baseline prompt,76.5,6e-05
decay_setting_010,Baseline prompt,77.5,5e-05
decay_setting_010,Baseline prompt,78.5,4e-05
decay_setting_010,Baseline prompt,79.5,3e-05
decay_setting_010,Baseline prompt,80.5,2.5e-05
decay_setting_010,Baseline prompt,81.5,2.2e-05
decay_setting_010,Baseline prompt,82.5,2e-05
decay_setting_010,Baseline prompt,83.5,1.8e-05
decay_setting_010,Baseline prompt,84.5,1.6e-05
decay_setting_010,Baseline prompt,85.5,1.4e-05
decay_setting_010,Baseline prompt,86.5,1.2e-05
decay_setting_010,Baseline prompt,87.5,1.1e-05
decay_setting_010,Baseline prompt,88.5,1e-05
decay_setting_010,Baseline prompt,89.5,9e-06
decay_setting_010,Baseline prompt,90.5,8e-06
decay_setting_010,Baseline prompt,91.5,7e-06
decay_setting_010,Baseline prompt,92.5,6e-06
decay_setting_010,Baseline prompt,93.5,5e-06
decay_setting_010,Baseline prompt,94.5,4e-06
decay_setting_010,Baseline prompt,95.5,3e-06
decay_setting_010,Baseline prompt,96.5,2e-06
decay_setting_010,Baseline prompt,97.5,1e-06
decay_setting_010,Baseline prompt,98.5,1e-06
decay_setting_010,Baseline prompt,99.5,1e-06
decay_setting_010,Blueprint prompt,0.5,0.91
decay_setting_010,Blueprint prompt,1.5,0.89
decay_setting_010,Blueprint prompt,2.5,0.88
decay_setting_010,Blueprint prompt,3.5,0.87
decay_setting_010,Blueprint prompt,4.5,0.86
decay_setting_010,Blueprint prompt,5.5,0.85
decay_setting_010,Blueprint prompt,6.5,0.83
decay_setting_010,Blueprint prompt,7.5,0.82
decay_setting_010,Blueprint prompt,8.5,0.8
decay_setting_010,Blueprint prompt,9.5,0.78
decay_setting_010,Blueprint prompt,10.5,0.76
decay_setting_010,Blueprint prompt,11.5,0.74
decay_setting_010,Blueprint prompt,12.5,0.72
decay_setting_010,Blueprint prompt,13.5,0.7
decay_setting_010,Blueprint prompt,14.5,0.68
decay_setting_010,Blueprint prompt,15.5,0.67
decay_setting_010,Blueprint prompt,16.5,0.65
decay_setting_010,Blueprint prompt,17.5,0.63
decay_setting_010,Blueprint prompt,18.5,0.62
decay_setting_010,Blueprint prompt,19.5,0.6
decay_setting_010,Blueprint prompt,20.5,0.58
decay_setting_010,Blueprint prompt,21.5,0.56
decay_setting_010,Blueprint prompt,22.5,0.54
decay_setting_010,Blueprint prompt,23.5,0.53
decay_setting_010,Blueprint prompt,24.5,0.52
decay_setting_010,Blueprint prompt,25.5,0.5
decay_setting_010,Blueprint prompt,26.5,0.49
decay_setting_010,Blueprint prompt,27.5,0.48
decay_setting_010,Blueprint prompt,28.5,0.46
decay_setting_010,Blueprint prompt,29.5,0.45
decay_setting_010,Blueprint prompt,30.5,0.44
decay_setting_010,Blueprint prompt,31.5,0.42
decay_setting_010,Blueprint prompt,32.5,0.41
decay_setting_010,Blueprint prompt,33.5,0.4
decay_setting_010,Blueprint prompt,34.5,0.39
decay_setting_010,Blueprint prompt,35.5,0.38
decay_setting_010,Blueprint prompt,36.5,0.36
decay_setting_010,Blueprint prompt,37.5,0.35
decay_setting_010,Blueprint prompt,38.5,0.34
decay_setting_010,Blueprint prompt,39.5,0.33
decay_setting_010,Blueprint prompt,40.5,0.32
decay_setting_010,Blueprint prompt,41.5,0.31
decay_setting_010,Blueprint prompt,42.5,0.3
decay_setting_010,Blueprint prompt,43.5,0.29
decay_setting_010,Blueprint prompt,44.5,0.28
decay_setting_010,Blueprint prompt,45.5,0.27
decay_setting_010,Blueprint prompt,46.5,0.26
decay_setting_010,Blueprint prompt,47.5,0.25
decay_setting_010,Blueprint prompt,48.5,0.24
decay_setting_010,Blueprint prompt,49.5,0.23
decay_setting_010,Blueprint prompt,50.5,0.22
decay_setting_010,Blueprint prompt,51.5,0.21
decay_setting_010,Blueprint prompt,52.5,0.2
decay_setting_010,Blueprint prompt,53.5,0.19
decay_setting_010,Blueprint prompt,54.5,0.18
decay_setting_010,Blueprint prompt,55.5,0.17
decay_setting_010,Blueprint prompt,56.5,0.17
decay_setting_010,Blueprint prompt,57.5,0.16
decay_setting_010,Blueprint prompt,58.5,0.15
decay_setting_010,Blueprint prompt,59.5,0.14
decay_setting_010,Blueprint prompt,60.5,0.14
decay_setting_010,Blueprint prompt,61.5,0.13
decay_setting_010,Blueprint prompt,62.5,0.13
decay_setting_010,Blueprint prompt,63.5,0.12
decay_setting_010,Blueprint prompt,64.5,0.12
decay_setting_010,Blueprint prompt,65.5,0.11
decay_setting_010,Blueprint prompt,66.5,0.11
decay_setting_010,Blueprint prompt,67.5,0.1
decay_setting_010,Blueprint prompt,68.5,0.1
decay_setting_010,Blueprint prompt,69.5,0.09
decay_setting_010,Blueprint prompt,70.5,0.09
decay_setting_010,Blueprint prompt,71.5,0.08
decay_setting_010,Blueprint prompt,72.5,0.08
decay_setting_010,Blueprint prompt,73.5,0.08
decay_setting_010,Blueprint prompt,74.5,0.07
decay_setting_010,Blueprint prompt,75.5,0.07
decay_setting_010,Blueprint prompt,76.5,0.07
decay_setting_010,Blueprint prompt,77.5,0.06
decay_setting_010,Blueprint prompt,78.5,0.06
decay_setting_010,Blueprint prompt,79.5,0.06
decay_setting_010,Blueprint prompt,80.5,0.05
decay_setting_010,Blueprint prompt,81.5,0.05
decay_setting_010,Blueprint prompt,82.5,0.05
decay_setting_010,Blueprint prompt,83.5,0.05
decay_setting_010,Blueprint prompt,84.5,0.04
decay_setting_010,Blueprint prompt,85.5,0.04
decay_setting_010,Blueprint prompt,86.5,0.04
decay_setting_010,Blueprint prompt,87.5,0.04
decay_setting_010,Blueprint prompt,88.5,0.04
decay_setting_010,Blueprint prompt,89.5,0.03
decay_setting_010,Blueprint prompt,90.5,0.03
decay_setting_010,Blueprint prompt,91.5,0.03
decay_setting_010,Blueprint prompt,92.5,0.03
decay_setting_010,Blueprint prompt,93.5,0.03
decay_setting_010,Blueprint prompt,94.5,0.02
decay_setting_010,Blueprint prompt,95.5,0.02
decay_setting_010,Blueprint prompt,96.5,0.02
decay_setting_010,Blueprint prompt,97.5,0.02
decay_setting_010,Blueprint prompt,98.5,0.02
decay_setting_010,Blueprint prompt,99.5,0.01
decay_setting_011,Baseline prompt,0.5,0.85
decay_setting_011,Baseline prompt,1.5,0.83
decay_setting_011,Baseline prompt,2.5,0.8
decay_setting_011,Baseline prompt,3.5,0.77
decay_setting_011,Baseline prompt,4.5,0.72
decay_setting_011,Baseline prompt,5.5,0.68
decay_setting_011,Baseline prompt,6.5,0.63
decay_setting_011,Baseline prompt,7.5,0.6
decay_setting_011,Baseline prompt,8.5,0.56
decay_setting_011,Baseline prompt,9.5,0.53
decay_setting_011,Baseline prompt,10.5,0.5
decay_setting_011,Baseline prompt,11.5,0.47
decay_setting_011,Baseline prompt,12.5,0.44
decay_setting_011,Baseline prompt,13.5,0.4
decay_setting_011,Baseline prompt,14.5,0.37
decay_setting_011,Baseline prompt,15.5,0.33
decay_setting_011,Baseline prompt,16.5,0.3
decay_setting_011,Baseline prompt,17.5,0.27
decay_setting_011,Baseline prompt,18.5,0.24
decay_setting_011,Baseline prompt,19.5,0.22
decay_setting_011,Baseline prompt,20.5,0.19
decay_setting_011,Baseline prompt,21.5,0.16
decay_setting_011,Baseline prompt,22.5,0.14
decay_setting_011,Baseline prompt,23.5,0.12
decay_setting_011,Baseline prompt,24.5,0.1
decay_setting_011,Baseline prompt,25.5,0.09
decay_setting_011,Baseline prompt,26.5,0.08
decay_setting_011,Baseline prompt,27.5,0.07
decay_setting_011,Baseline prompt,28.5,0.06
decay_setting_011,Baseline prompt,29.5,0.05
decay_setting_011,Baseline prompt,30.5,0.04
decay_setting_011,Baseline prompt,31.5,0.04
decay_setting_011,Baseline prompt,32.5,0.03
decay_setting_011,Baseline prompt,33.5,0.03
decay_setting_011,Baseline prompt,34.5,0.03
decay_setting_011,Baseline prompt,35.5,0.02
decay_setting_011,Baseline prompt,36.5,0.02
decay_setting_011,Baseline prompt,37.5,0.02
decay_setting_011,Baseline prompt,38.5,0.02
decay_setting_011,Baseline prompt,39.5,0.02
decay_setting_011,Baseline prompt,40.5,0.02
decay_setting_011,Baseline prompt,41.5,0.015
decay_setting_011,Baseline prompt,42.5,0.015
decay_setting_011,Baseline prompt,43.5,0.015
decay_setting_011,Baseline prompt,44.5,0.015
decay_setting_011,Baseline prompt,45.5,0.01
decay_setting_011,Baseline prompt,46.5,0.01
decay_setting_011,Baseline prompt,47.5,0.01
decay_setting_011,Baseline prompt,48.5,0.01
decay_setting_011,Baseline prompt,49.5,0.01
decay_setting_011,Baseline prompt,50.5,0.01
decay_setting_011,Baseline prompt,51.5,0.009
decay_setting_011,Baseline prompt,52.5,0.009
decay_setting_011,Baseline prompt,53.5,0.009
decay_setting_011,Baseline prompt,54.5,0.009
decay_setting_011,Baseline prompt,55.5,0.008
decay_setting_011,Baseline prompt,56.5,0.008
decay_setting_011,Baseline prompt,57.5,0.008
decay_setting_011,Baseline prompt,58.5,0.007
decay_setting_011,Baseline prompt,59.5,0.007
decay_setting_011,Baseline prompt,60.5,0.007
decay_setting_011,Baseline prompt,61.5,0.007
decay_setting_011,Baseline prompt,62.5,0.006
decay_setting_011,Baseline prompt,63.5,0.006
decay_setting_011,Baseline prompt,64.5,0.006
decay_setting_011,Baseline prompt,65.5,0.006
decay_setting_011,Baseline prompt,66.5,0.005
decay_setting_011,Baseline prompt,67.5,0.005
decay_setting_011,Baseline prompt,68.5,0.005
decay_setting_011,Baseline prompt,69.5,0.005
decay_setting_011,Baseline prompt,70.5,0.005
decay_setting_011,Baseline prompt,71.5,0.005
decay_setting_011,Baseline prompt,72.5,0.005
decay_setting_011,Baseline prompt,73.5,0.005
decay_setting_011,Baseline prompt,74.5,0.005
decay_setting_011,Baseline prompt,75.5,0.004
decay_setting_011,Baseline prompt,76.5,0.004
decay_setting_011,Baseline prompt,77.5,0.004
decay_setting_011,Baseline prompt,78.5,0.004
decay_setting_011,Baseline prompt,79.5,0.004
decay_setting_011,Baseline prompt,80.5,0.004
decay_setting_011,Baseline prompt,81.5,0.004
decay_setting_011,Baseline prompt,82.5,0.004
decay_setting_011,Baseline prompt,83.5,0.004
decay_setting_011,Baseline prompt,84.5,0.004
decay_setting_011,Baseline prompt,85.5,0.004
decay_setting_011,Baseline prompt,86.5,0.004
decay_setting_011,Baseline prompt,87.5,0.004
decay_setting_011,Baseline prompt,88.5,0.004
decay_setting_011,Baseline prompt,89.5,0.004
decay_setting_011,Baseline prompt,90.5,0.003
decay_setting_011,Baseline prompt,91.5,0.003
decay_setting_011,Baseline prompt,92.5,0.003
decay_setting_011,Baseline prompt,93.5,0.003
decay_setting_011,Baseline prompt,94.5,0.003
decay_setting_011,Baseline prompt,95.5,0.003
decay_setting_011,Baseline prompt,96.5,0.003
decay_setting_011,Baseline prompt,97.5,0.003
decay_setting_011,Baseline prompt,98.5,0.003
decay_setting_011,Baseline prompt,99.5,0.003
decay_setting_012,Baseline prompt,0.5,0.72
decay_setting_012,Baseline prompt,1.5,0.68
decay_setting_012,Baseline prompt,2.5,0.65
decay_setting_012,Baseline prompt,3.5,0.61
decay_setting_012,Baseline prompt,4.5,0.58
decay_setting_012,Baseline prompt,5.5,0.55
decay_setting_012,Baseline prompt,6.5,0.52
decay_setting_012,Baseline prompt,7.5,0.48
decay_setting_012,Baseline prompt,8.5,0.45
decay_setting_012,Baseline prompt,9.5,0.41
decay_setting_012,Baseline prompt,10.5,0.38
decay_setting_012,Baseline prompt,11.5,0.35
decay_setting_012,Baseline prompt,12.5,0.33
decay_setting_012,Baseline prompt,13.5,0.31
decay_setting_012,Baseline prompt,14.5,0.28
decay_setting_012,Baseline prompt,15.5,0.26
decay_setting_012,Baseline prompt,16.5,0.24
decay_setting_012,Baseline prompt,17.5,0.22
decay_setting_012,Baseline prompt,18.5,0.2
decay_setting_012,Baseline prompt,19.5,0.18
decay_setting_012,Baseline prompt,20.5,0.16
decay_setting_012,Baseline prompt,21.5,0.15
decay_setting_012,Baseline prompt,22.5,0.13
decay_setting_012,Baseline prompt,23.5,0.12
decay_setting_012,Baseline prompt,24.5,0.11
decay_setting_012,Baseline prompt,25.5,0.1
decay_setting_012,Baseline prompt,26.5,0.08
decay_setting_012,Baseline prompt,27.5,0.08
decay_setting_012,Baseline prompt,28.5,0.07
decay_setting_012,Baseline prompt,29.5,0.06
decay_setting_012,Baseline prompt,30.5,0.05
decay_setting_012,Baseline prompt,31.5,0.05
decay_setting_012,Baseline prompt,32.5,0.04
decay_setting_012,Baseline prompt,33.5,0.04
decay_setting_012,Baseline prompt,34.5,0.03
decay_setting_012,Baseline prompt,35.5,0.03
decay_setting_012,Baseline prompt,36.5,0.02
decay_setting_012,Baseline prompt,37.5,0.02
decay_setting_012,Baseline prompt,38.5,0.02
decay_setting_012,Baseline prompt,39.5,0.01
decay_setting_012,Baseline prompt,40.5,0.01
decay_setting_012,Baseline prompt,41.5,0.01
decay_setting_012,Baseline prompt,42.5,0.01
decay_setting_012,Baseline prompt,43.5,0.01
decay_setting_012,Baseline prompt,44.5,0.01
decay_setting_012,Baseline prompt,45.5,0.01
decay_setting_012,Baseline prompt,46.5,0.01
decay_setting_012,Baseline prompt,47.5,0.01
decay_setting_012,Baseline prompt,48.5,0.01
decay_setting_012,Baseline prompt,49.5,0.01
decay_setting_012,Baseline prompt,50.5,0.01
decay_setting_012,Baseline prompt,51.5,0.01
decay_setting_012,Baseline prompt,52.5,0.01
decay_setting_012,Baseline prompt,53.5,0.01
decay_setting_012,Baseline prompt,54.5,0.01
decay_setting_012,Baseline prompt,55.5,0.01
decay_setting_012,Baseline prompt,56.5,0.01
decay_setting_012,Baseline prompt,57.5,0.01
decay_setting_012,Baseline prompt,58.5,0.01
decay_setting_012,Baseline prompt,59.5,0.01
decay_setting_012,Baseline prompt,60.5,0.01
decay_setting_012,Baseline prompt,61.5,0.01
decay_setting_012,Baseline prompt,62.5,0.01
decay_setting_012,Baseline prompt,63.5,0.01
decay_setting_012,Baseline prompt,64.5,0.01
decay_setting_012,Baseline prompt,65.5,0.01
decay_setting_012,Baseline prompt,66.5,0.01
decay_setting_012,Baseline prompt,67.5,0.01
decay_setting_012,Baseline prompt,68.5,0.01
decay_setting_012,Baseline prompt,69.5,0.01
decay_setting_012,Baseline prompt,70.5,0.01
decay_setting_012,Baseline prompt,71.5,0.01
decay_setting_012,Baseline prompt,72.5,0.01
decay_setting_012,Baseline prompt,73.5,0.01
decay_setting_012,Baseline prompt,74.5,0.01
decay_setting_012,Baseline prompt,75.5,0.01
decay_setting_012,Baseline prompt,76.5,0.01
decay_setting_012,Baseline prompt,77.5,0.01
decay_setting_012,Baseline prompt,78.5,0.01
decay_setting_012,Baseline prompt,79.5,0.01
decay_setting_012,Baseline prompt,80.5,0.01
decay_setting_012,Baseline prompt,81.5,0.01
decay_setting_012,Baseline prompt,82.5,0.01
decay_setting_012,Baseline prompt,83.5,0.01
decay_setting_012,Baseline prompt,84.5,0.01
decay_setting_012,Baseline prompt,85.5,0.01
decay_setting_012,Baseline prompt,86.5,0.01
decay_setting_012,Baseline prompt,87.5,0.01
decay_setting_012,Baseline prompt,88.5,0.01
decay_setting_012,Baseline prompt,89.5,0.01
decay_setting_012,Baseline prompt,90.5,0.01
decay_setting_012,Baseline prompt,91.5,0.01
decay_setting_012,Baseline prompt,92.5,0.01
decay_setting_012,Baseline prompt,93.5,0.01
decay_setting_012,Baseline prompt,94.5,0.01
decay_setting_012,Baseline prompt,95.5,0.01
decay_setting_012,Baseline prompt,96.5,0.01
decay_setting_012,Baseline prompt,97.5,0.01
decay_setting_012,Baseline prompt,98.5,0.01
decay_setting_012,Baseline prompt,99.5,0.01
decay_setting_013,Baseline prompt,0.5,0.78
decay_setting_013,Baseline prompt,1.5,0.75
decay_setting_013,Baseline prompt,2.5,0.72
decay_setting_013,Baseline prompt,3.5,0.68
decay_setting_013,Baseline prompt,4.5,0.64
decay_setting_013,Baseline prompt,5.5,0.6
decay_setting_013,Baseline prompt,6.5,0.57
decay_setting_013,Baseline prompt,7.5,0.54
decay_setting_013,Baseline prompt,8.5,0.5
decay_setting_013,Baseline prompt,9.5,0.46
decay_setting_013,Baseline prompt,10.5,0.42
decay_setting_013,Baseline prompt,11.5,0.39
decay_setting_013,Baseline prompt,12.5,0.35
decay_setting_013,Baseline prompt,13.5,0.31
decay_setting_013,Baseline prompt,14.5,0.28
decay_setting_013,Baseline prompt,15.5,0.25
decay_setting_013,Baseline prompt,16.5,0.22
decay_setting_013,Baseline prompt,17.5,0.19
decay_setting_013,Baseline prompt,18.5,0.16
decay_setting_013,Baseline prompt,19.5,0.14
decay_setting_013,Baseline prompt,20.5,0.12
decay_setting_013,Baseline prompt,21.5,0.1
decay_setting_013,Baseline prompt,22.5,0.09
decay_setting_013,Baseline prompt,23.5,0.08
decay_setting_013,Baseline prompt,24.5,0.07
decay_setting_013,Baseline prompt,25.5,0.06
decay_setting_013,Baseline prompt,26.5,0.05
decay_setting_013,Baseline prompt,27.5,0.04
decay_setting_013,Baseline prompt,28.5,0.04
decay_setting_013,Baseline prompt,29.5,0.03
decay_setting_013,Baseline prompt,30.5,0.03
decay_setting_013,Baseline prompt,31.5,0.03
decay_setting_013,Baseline prompt,32.5,0.02
decay_setting_013,Baseline prompt,33.5,0.02
decay_setting_013,Baseline prompt,34.5,0.02
decay_setting_013,Baseline prompt,35.5,0.02
decay_setting_013,Baseline prompt,36.5,0.02
decay_setting_013,Baseline prompt,37.5,0.01
decay_setting_013,Baseline prompt,38.5,0.01
decay_setting_013,Baseline prompt,39.5,0.01
decay_setting_013,Baseline prompt,40.5,0.01
decay_setting_013,Baseline prompt,41.5,0.01
decay_setting_013,Baseline prompt,42.5,0.01
decay_setting_013,Baseline prompt,43.5,0.01
decay_setting_013,Baseline prompt,44.5,0.01
decay_setting_013,Baseline prompt,45.5,0.01
decay_setting_013,Baseline prompt,46.5,0.01
decay_setting_013,Baseline prompt,47.5,0.01
decay_setting_013,Baseline prompt,48.5,0.01
decay_setting_013,Baseline prompt,49.5,0.01
decay_setting_013,Baseline prompt,50.5,0.01
decay_setting_013,Baseline prompt,51.5,0.01
decay_setting_013,Baseline prompt,52.5,0.01
decay_setting_013,Baseline prompt,53.5,0.01
decay_setting_013,Baseline prompt,54.5,0.01
decay_setting_013,Baseline prompt,55.5,0.01
decay_setting_013,Baseline prompt,56.5,0.01
decay_setting_013,Baseline prompt,57.5,0.01
decay_setting_013,Baseline prompt,58.5,0.01
decay_setting_013,Baseline prompt,59.5,0.01
decay_setting_013,Baseline prompt,60.5,0.01
decay_setting_013,Baseline prompt,61.5,0.01
decay_setting_013,Baseline prompt,62.5,0.01
decay_setting_013,Baseline prompt,63.5,0.01
decay_setting_013,Baseline prompt,64.5,0.01
decay_setting_013,Baseline prompt,65.5,0.01
decay_setting_013,Baseline prompt,66.5,0.01
decay_setting_013,Baseline prompt,67.5,0.01
decay_setting_013,Baseline prompt,68.5,0.01
decay_setting_013,Baseline prompt,69.5,0.01
decay_setting_013,Baseline prompt,70.5,0.01
decay_setting_013,Baseline prompt,71.5,0.01
decay_setting_013,Baseline prompt,72.5,0.01
decay_setting_013,Baseline prompt,73.5,0.01
decay_setting_013,Baseline prompt,74.5,0.01
decay_setting_013,Baseline prompt,75.5,0.01
decay_setting_013,Baseline prompt,76.5,0.01
decay_setting_013,Baseline prompt,77.5,0.01
decay_setting_013,Baseline prompt,78.5,0.01
decay_setting_013,Baseline prompt,79.5,0.01
decay_setting_013,Baseline prompt,80.5,0.01
decay_setting_013,Baseline prompt,81.5,0.01
decay_setting_013,Baseline prompt,82.5,0.01
decay_setting_013,Baseline prompt,83.5,0.01
decay_setting_013,Baseline prompt,84.5,0.01
decay_setting_013,Baseline prompt,85.5,0.01
decay_setting_013,Baseline prompt,86.5,0.01
decay_setting_013,Baseline prompt,87.5,0.01
decay_setting_013,Baseline prompt,88.5,0.01
decay_setting_013,Baseline prompt,89.5,0.01
decay_setting_013,Baseline prompt,90.5,0.01
decay_setting_013,Baseline prompt,91.5,0.01
decay_setting_013,Baseline prompt,92.5,0.01
decay_setting_013,Baseline prompt,93.5,0.01
decay_setting_013,Baseline prompt,94.5,0.01
decay_setting_013,Baseline prompt,95.5,0.01
decay_setting_013,Baseline prompt,96.5,0.01
decay_setting_013,Baseline prompt,97.5,0.01
decay_setting_013,Baseline prompt,98.5,0.01
decay_setting_013,Baseline prompt,99.5,0.01
decay_setting_014,Blueprint prompt,0.5,0.89
decay_setting_014,Blueprint prompt,1.5,0.87
decay_setting_014,Blueprint prompt,2.5,0.85
decay_setting_014,Blueprint prompt,3.5,0.83
decay_setting_014,Blueprint prompt,4.5,0.84
decay_setting_014,Blueprint prompt,5.5,0.8
decay_setting_014,Blueprint prompt,6.5,0.79
decay_setting_014,Blueprint prompt,7.5,0.75
decay_setting_014,Blueprint prompt,8.5,0.72
decay_setting_014,Blueprint prompt,9.5,0.68
decay_setting_014,Blueprint prompt,10.5,0.65
decay_setting_014,Blueprint prompt,11.5,0.62
decay_setting_014,Blueprint prompt,12.5,0.59
decay_setting_014,Blueprint prompt,13.5,0.56
decay_setting_014,Blueprint prompt,14.5,0.53
decay_setting_014,Blueprint prompt,15.5,0.51
decay_setting_014,Blueprint prompt,16.5,0.48
decay_setting_014,Blueprint prompt,17.5,0.47
decay_setting_014,Blueprint prompt,18.5,0.45
decay_setting_014,Blueprint prompt,19.5,0.43
decay_setting_014,Blueprint prompt,20.5,0.41
decay_setting_014,Blueprint prompt,21.5,0.39
decay_setting_014,Blueprint prompt,22.5,0.36
decay_setting_014,Blueprint prompt,23.5,0.34
decay_setting_014,Blueprint prompt,24.5,0.33
decay_setting_014,Blueprint prompt,25.5,0.3
decay_setting_014,Blueprint prompt,26.5,0.28
decay_setting_014,Blueprint prompt,27.5,0.27
decay_setting_014,Blueprint prompt,28.5,0.25
decay_setting_014,Blueprint prompt,29.5,0.24
decay_setting_014,Blueprint prompt,30.5,0.22
decay_setting_014,Blueprint prompt,31.5,0.21
decay_setting_014,Blueprint prompt,32.5,0.2
decay_setting_014,Blueprint prompt,33.5,0.18
decay_setting_014,Blueprint prompt,34.5,0.17
decay_setting_014,Blueprint prompt,35.5,0.16
decay_setting_014,Blueprint prompt,36.5,0.15
decay_setting_014,Blueprint prompt,37.5,0.14
decay_setting_014,Blueprint prompt,38.5,0.13
decay_setting_014,Blueprint prompt,39.5,0.12
decay_setting_014,Blueprint prompt,40.5,0.11
decay_setting_014,Blueprint prompt,41.5,0.11
decay_setting_014,Blueprint prompt,42.5,0.1
decay_setting_014,Blueprint prompt,43.5,0.1
decay_setting_014,Blueprint prompt,44.5,0.09
decay_setting_014,Blueprint prompt,45.5,0.08
decay_setting_014,Blueprint prompt,46.5,0.08
decay_setting_014,Blueprint prompt,47.5,0.07
decay_setting_014,Blueprint prompt,48.5,0.07
decay_setting_014,Blueprint prompt,49.5,0.06
decay_setting_014,Blueprint prompt,50.5,0.06
decay_setting_014,Blueprint prompt,51.5,0.05
decay_setting_014,Blueprint prompt,52.5,0.05
decay_setting_014,Blueprint prompt,53.5,0.05
decay_setting_014,Blueprint prompt,54.5,0.04
decay_setting_014,Blueprint prompt,55.5,0.04
decay_setting_014,Blueprint prompt,56.5,0.04
decay_setting_014,Blueprint prompt,57.5,0.03
decay_setting_014,Blueprint prompt,58.5,0.03
decay_setting_014,Blueprint prompt,59.5,0.03
decay_setting_014,Blueprint prompt,60.5,0.02
decay_setting_014,Blueprint prompt,61.5,0.02
decay_setting_014,Blueprint prompt,62.5,0.02
decay_setting_014,Blueprint prompt,63.5,0.02
decay_setting_014,Blueprint prompt,64.5,0.02
decay_setting_014,Blueprint prompt,65.5,0.02
decay_setting_014,Blueprint prompt,66.5,0.01
decay_setting_014,Blueprint prompt,67.5,0.01
decay_setting_014,Blueprint prompt,68.5,0.01
decay_setting_014,Blueprint prompt,69.5,0.01
decay_setting_014,Blueprint prompt,70.5,0.01
decay_setting_014,Blueprint prompt,71.5,0.01
decay_setting_014,Blueprint prompt,72.5,0.01
decay_setting_014,Blueprint prompt,73.5,0.01
decay_setting_014,Blueprint prompt,74.5,0.01
decay_setting_014,Blueprint prompt,75.5,0.01
decay_setting_014,Blueprint prompt,76.5,0.01
decay_setting_014,Blueprint prompt,77.5,0.01
decay_setting_014,Blueprint prompt,78.5,0.01
decay_setting_014,Blueprint prompt,79.5,0.01
decay_setting_014,Blueprint prompt,80.5,0.01
decay_setting_014,Blueprint prompt,81.5,0.01
decay_setting_014,Blueprint prompt,82.5,0.01
decay_setting_014,Blueprint prompt,83.5,0.01
decay_setting_014,Blueprint prompt,84.5,0.01
decay_setting_014,Blueprint prompt,85.5,0.01
decay_setting_014,Blueprint prompt,86.5,0.01
decay_setting_014,Blueprint prompt,87.5,0.01
decay_setting_014,Blueprint prompt,88.5,0.01
decay_setting_014,Blueprint prompt,89.5,0.01
decay_setting_014,Blueprint prompt,90.5,0.01
decay_setting_014,Blueprint prompt,91.5,0.01
decay_setting_014,Blueprint prompt,92.5,0.01
decay_setting_014,Blueprint prompt,93.5,0.01
decay_setting_014,Blueprint prompt,94.5,0.01
decay_setting_014,Blueprint prompt,95.5,0.01
decay_setting_014,Blueprint prompt,96.5,0.01
decay_setting_014,Blueprint prompt,97.5,0.01
decay_setting_014,Blueprint prompt,98.5,0.01
decay_setting_014,Blueprint prompt,99.5,0.01
decay_setting_011,Blueprint prompt,0.5,0.9
decay_setting_011,Blueprint prompt,1.5,0.89
decay_setting_011,Blueprint prompt,2.5,0.87
decay_setting_011,Blueprint prompt,3.5,0.85
decay_setting_011,Blueprint prompt,4.5,0.82
decay_setting_011,Blueprint prompt,5.5,0.8
decay_setting_011,Blueprint prompt,6.5,0.79
decay_setting_011,Blueprint prompt,7.5,0.76
decay_setting_011,Blueprint prompt,8.5,0.72
decay_setting_011,Blueprint prompt,9.5,0.69
decay_setting_011,Blueprint prompt,10.5,0.66
decay_setting_011,Blueprint prompt,11.5,0.63
decay_setting_011,Blueprint prompt,12.5,0.6
decay_setting_011,Blueprint prompt,13.5,0.58
decay_setting_011,Blueprint prompt,14.5,0.56
decay_setting_011,Blueprint prompt,15.5,0.54
decay_setting_011,Blueprint prompt,16.5,0.52
decay_setting_011,Blueprint prompt,17.5,0.5
decay_setting_011,Blueprint prompt,18.5,0.47
decay_setting_011,Blueprint prompt,19.5,0.44
decay_setting_011,Blueprint prompt,20.5,0.41
decay_setting_011,Blueprint prompt,21.5,0.39
decay_setting_011,Blueprint prompt,22.5,0.36
decay_setting_011,Blueprint prompt,23.5,0.34
decay_setting_011,Blueprint prompt,24.5,0.32
decay_setting_011,Blueprint prompt,25.5,0.3
decay_setting_011,Blueprint prompt,26.5,0.28
decay_setting_011,Blueprint prompt,27.5,0.26
decay_setting_011,Blueprint prompt,28.5,0.25
decay_setting_011,Blueprint prompt,29.5,0.24
decay_setting_011,Blueprint prompt,30.5,0.23
decay_setting_011,Blueprint prompt,31.5,0.22
decay_setting_011,Blueprint prompt,32.5,0.21
decay_setting_011,Blueprint prompt,33.5,0.2
decay_setting_011,Blueprint prompt,34.5,0.19
decay_setting_011,Blueprint prompt,35.5,0.19
decay_setting_011,Blueprint prompt,36.5,0.18
decay_setting_011,Blueprint prompt,37.5,0.18
decay_setting_011,Blueprint prompt,38.5,0.17
decay_setting_011,Blueprint prompt,39.5,0.17
decay_setting_011,Blueprint prompt,40.5,0.16
decay_setting_011,Blueprint prompt,41.5,0.16
decay_setting_011,Blueprint prompt,42.5,0.15
decay_setting_011,Blueprint prompt,43.5,0.15
decay_setting_011,Blueprint prompt,44.5,0.14
decay_setting_011,Blueprint prompt,45.5,0.14
decay_setting_011,Blueprint prompt,46.5,0.13
decay_setting_011,Blueprint prompt,47.5,0.13
decay_setting_011,Blueprint prompt,48.5,0.12
decay_setting_011,Blueprint prompt,49.5,0.12
decay_setting_011,Blueprint prompt,50.5,0.11
decay_setting_011,Blueprint prompt,51.5,0.11
decay_setting_011,Blueprint prompt,52.5,0.1
decay_setting_011,Blueprint prompt,53.5,0.1
decay_setting_011,Blueprint prompt,54.5,0.09
decay_setting_011,Blueprint prompt,55.5,0.09
decay_setting_011,Blueprint prompt,56.5,0.08
decay_setting_011,Blueprint prompt,57.5,0.08
decay_setting_011,Blueprint prompt,58.5,0.07
decay_setting_011,Blueprint prompt,59.5,0.07
decay_setting_011,Blueprint prompt,60.5,0.07
decay_setting_011,Blueprint prompt,61.5,0.06
decay_setting_011,Blueprint prompt,62.5,0.06
decay_setting_011,Blueprint prompt,63.5,0.06
decay_setting_011,Blueprint prompt,64.5,0.05
decay_setting_011,Blueprint prompt,65.5,0.05
decay_setting_011,Blueprint prompt,66.5,0.05
decay_setting_011,Blueprint prompt,67.5,0.05
decay_setting_011,Blueprint prompt,68.5,0.05
decay_setting_011,Blueprint prompt,69.5,0.04
decay_setting_011,Blueprint prompt,70.5,0.04
decay_setting_011,Blueprint prompt,71.5,0.04
decay_setting_011,Blueprint prompt,72.5,0.04
decay_setting_011,Blueprint prompt,73.5,0.03
decay_setting_011,Blueprint prompt,74.5,0.03
decay_setting_011,Blueprint prompt,75.5,0.03
decay_setting_011,Blueprint prompt,76.5,0.03
decay_setting_011,Blueprint prompt,77.5,0.03
decay_setting_011,Blueprint prompt,78.5,0.02
decay_setting_011,Blueprint prompt,79.5,0.02
decay_setting_011,Blueprint prompt,80.5,0.02
decay_setting_011,Blueprint prompt,81.5,0.02
decay_setting_011,Blueprint prompt,82.5,0.02
decay_setting_011,Blueprint prompt,83.5,0.02
decay_setting_011,Blueprint prompt,84.5,0.01
decay_setting_011,Blueprint prompt,85.5,0.01
decay_setting_011,Blueprint prompt,86.5,0.01
decay_setting_011,Blueprint prompt,87.5,0.01
decay_setting_011,Blueprint prompt,88.5,0.01
decay_setting_011,Blueprint prompt,89.5,0.01
decay_setting_011,Blueprint prompt,90.5,0.01
decay_setting_011,Blueprint prompt,91.5,0.01
decay_setting_011,Blueprint prompt,92.5,0.01
decay_setting_011,Blueprint prompt,93.5,0.01
decay_setting_011,Blueprint prompt,94.5,0.01
decay_setting_011,Blueprint prompt,95.5,0.01
decay_setting_011,Blueprint prompt,96.5,0.01
decay_setting_011,Blueprint prompt,97.5,0.01
decay_setting_011,Blueprint prompt,98.5,0.01
decay_setting_011,Blueprint prompt,99.5,0.01
decay_setting_013,Blueprint prompt,0.5,0.88
decay_setting_013,Blueprint prompt,1.5,0.87
decay_setting_013,Blueprint prompt,2.5,0.86
decay_setting_013,Blueprint prompt,3.5,0.84
decay_setting_013,Blueprint prompt,4.5,0.81
decay_setting_013,Blueprint prompt,5.5,0.78
decay_setting_013,Blueprint prompt,6.5,0.76
decay_setting_013,Blueprint prompt,7.5,0.73
decay_setting_013,Blueprint prompt,8.5,0.71
decay_setting_013,Blueprint prompt,9.5,0.68
decay_setting_013,Blueprint prompt,10.5,0.65
decay_setting_013,Blueprint prompt,11.5,0.63
decay_setting_013,Blueprint prompt,12.5,0.61
decay_setting_013,Blueprint prompt,13.5,0.58
decay_setting_013,Blueprint prompt,14.5,0.56
decay_setting_013,Blueprint prompt,15.5,0.54
decay_setting_013,Blueprint prompt,16.5,0.51
decay_setting_013,Blueprint prompt,17.5,0.49
decay_setting_013,Blueprint prompt,18.5,0.47
decay_setting_013,Blueprint prompt,19.5,0.46
decay_setting_013,Blueprint prompt,20.5,0.44
decay_setting_013,Blueprint prompt,21.5,0.42
decay_setting_013,Blueprint prompt,22.5,0.39
decay_setting_013,Blueprint prompt,23.5,0.37
decay_setting_013,Blueprint prompt,24.5,0.35
decay_setting_013,Blueprint prompt,25.5,0.33
decay_setting_013,Blueprint prompt,26.5,0.31
decay_setting_013,Blueprint prompt,27.5,0.3
decay_setting_013,Blueprint prompt,28.5,0.29
decay_setting_013,Blueprint prompt,29.5,0.28
decay_setting_013,Blueprint prompt,30.5,0.27
decay_setting_013,Blueprint prompt,31.5,0.25
decay_setting_013,Blueprint prompt,32.5,0.24
decay_setting_013,Blueprint prompt,33.5,0.22
decay_setting_013,Blueprint prompt,34.5,0.21
decay_setting_013,Blueprint prompt,35.5,0.18
decay_setting_013,Blueprint prompt,36.5,0.17
decay_setting_013,Blueprint prompt,37.5,0.16
decay_setting_013,Blueprint prompt,38.5,0.14
decay_setting_013,Blueprint prompt,39.5,0.13
decay_setting_013,Blueprint prompt,40.5,0.12
decay_setting_013,Blueprint prompt,41.5,0.11
decay_setting_013,Blueprint prompt,42.5,0.1
decay_setting_013,Blueprint prompt,43.5,0.09
decay_setting_013,Blueprint prompt,44.5,0.08
decay_setting_013,Blueprint prompt,45.5,0.08
decay_setting_013,Blueprint prompt,46.5,0.07
decay_setting_013,Blueprint prompt,47.5,0.07
decay_setting_013,Blueprint prompt,48.5,0.06
decay_setting_013,Blueprint prompt,49.5,0.06
decay_setting_013,Blueprint prompt,50.5,0.05
decay_setting_013,Blueprint prompt,51.5,0.05
decay_setting_013,Blueprint prompt,52.5,0.05
decay_setting_013,Blueprint prompt,53.5,0.05
decay_setting_013,Blueprint prompt,54.5,0.04
decay_setting_013,Blueprint prompt,55.5,0.04
decay_setting_013,Blueprint prompt,56.5,0.03
decay_setting_013,Blueprint prompt,57.5,0.03
decay_setting_013,Blueprint prompt,58.5,0.03
decay_setting_013,Blueprint prompt,59.5,0.03
decay_setting_013,Blueprint prompt,60.5,0.03
decay_setting_013,Blueprint prompt,61.5,0.03
decay_setting_013,Blueprint prompt,62.5,0.02
decay_setting_013,Blueprint prompt,63.5,0.02
decay_setting_013,Blueprint prompt,64.5,0.02
decay_setting_013,Blueprint prompt,65.5,0.02
decay_setting_013,Blueprint prompt,66.5,0.02
decay_setting_013,Blueprint prompt,67.5,0.02
decay_setting_013,Blueprint prompt,68.5,0.02
decay_setting_013,Blueprint prompt,69.5,0.01
decay_setting_013,Blueprint prompt,70.5,0.01
decay_setting_013,Blueprint prompt,71.5,0.01
decay_setting_013,Blueprint prompt,72.5,0.01
decay_setting_013,Blueprint prompt,73.5,0.01
decay_setting_013,Blueprint prompt,74.5,0.01
decay_setting_013,Blueprint prompt,75.5,0.01
decay_setting_013,Blueprint prompt,76.5,0.01
decay_setting_013,Blueprint prompt,77.5,0.01
decay_setting_013,Blueprint prompt,78.5,0.01
decay_setting_013,Blueprint prompt,79.5,0.01
decay_setting_013,Blueprint prompt,80.5,0.01
decay_setting_013,Blueprint prompt,81.5,0.01
decay_setting_013,Blueprint prompt,82.5,0.01
decay_setting_013,Blueprint prompt,83.5,0.01
decay_setting_013,Blueprint prompt,84.5,0.01
decay_setting_013,Blueprint prompt,85.5,0.01
decay_setting_013,Blueprint prompt,86.5,0.01
decay_setting_013,Blueprint prompt,87.5,0.01
decay_setting_013,Blueprint prompt,88.5,0.0
decay_setting_013,Blueprint prompt,89.5,0.0
decay_setting_013,Blueprint prompt,90.5,0.0
decay_setting_013,Blueprint prompt,91.5,0.0
decay_setting_013,Blueprint prompt,92.5,0.0
decay_setting_013,Blueprint prompt,93.5,0.0
decay_setting_013,Blueprint prompt,94.5,0.0
decay_setting_013,Blueprint prompt,95.5,0.0
decay_setting_013,Blueprint prompt,96.5,0.0
decay_setting_013,Blueprint prompt,97.5,0.0
decay_setting_013,Blueprint prompt,98.5,0.0
decay_setting_013,Blueprint prompt,99.5,0.0
decay_setting_015,Baseline prompt,0.5,0.85
decay_setting_015,Baseline prompt,1.5,0.82
decay_setting_015,Baseline prompt,2.5,0.78
decay_setting_015,Baseline prompt,3.5,0.76
decay_setting_015,Baseline prompt,4.5,0.73
decay_setting_015,Baseline prompt,5.5,0.71
decay_setting_015,Baseline prompt,6.5,0.68
decay_setting_015,Baseline prompt,7.5,0.64
decay_setting_015,Baseline prompt,8.5,0.6
decay_setting_015,Baseline prompt,9.5,0.57
decay_setting_015,Baseline prompt,10.5,0.53
decay_setting_015,Baseline prompt,11.5,0.49
decay_setting_015,Baseline prompt,12.5,0.45
decay_setting_015,Baseline prompt,13.5,0.42
decay_setting_015,Baseline prompt,14.5,0.38
decay_setting_015,Baseline prompt,15.5,0.35
decay_setting_015,Baseline prompt,16.5,0.31
decay_setting_015,Baseline prompt,17.5,0.28
decay_setting_015,Baseline prompt,18.5,0.26
decay_setting_015,Baseline prompt,19.5,0.23
decay_setting_015,Baseline prompt,20.5,0.2
decay_setting_015,Baseline prompt,21.5,0.18
decay_setting_015,Baseline prompt,22.5,0.16
decay_setting_015,Baseline prompt,23.5,0.14
decay_setting_015,Baseline prompt,24.5,0.13
decay_setting_015,Baseline prompt,25.5,0.12
decay_setting_015,Baseline prompt,26.5,0.11
decay_setting_015,Baseline prompt,27.5,0.1
decay_setting_015,Baseline prompt,28.5,0.09
decay_setting_015,Baseline prompt,29.5,0.08
decay_setting_015,Baseline prompt,30.5,0.07
decay_setting_015,Baseline prompt,31.5,0.06
decay_setting_015,Baseline prompt,32.5,0.06
decay_setting_015,Baseline prompt,33.5,0.05
decay_setting_015,Baseline prompt,34.5,0.05
decay_setting_015,Baseline prompt,35.5,0.04
decay_setting_015,Baseline prompt,36.5,0.04
decay_setting_015,Baseline prompt,37.5,0.03
decay_setting_015,Baseline prompt,38.5,0.03
decay_setting_015,Baseline prompt,39.5,0.02
decay_setting_015,Baseline prompt,40.5,0.02
decay_setting_015,Baseline prompt,41.5,0.02
decay_setting_015,Baseline prompt,42.5,0.02
decay_setting_015,Baseline prompt,43.5,0.01
decay_setting_015,Baseline prompt,44.5,0.01
decay_setting_015,Baseline prompt,45.5,0.01
decay_setting_015,Baseline prompt,46.5,0.01
decay_setting_015,Baseline prompt,47.5,0.01
decay_setting_015,Baseline prompt,48.5,0.01
decay_setting_015,Baseline prompt,49.5,0.01
decay_setting_015,Baseline prompt,50.5,0.01
decay_setting_015,Baseline prompt,51.5,0.01
decay_setting_015,Baseline prompt,52.5,0.01
decay_setting_015,Baseline prompt,53.5,0.01
decay_setting_015,Baseline prompt,54.5,0.01
decay_setting_015,Baseline prompt,55.5,0.01
decay_setting_015,Baseline prompt,56.5,0.01
decay_setting_015,Baseline prompt,57.5,0.01
decay_setting_015,Baseline prompt,58.5,0.01
decay_setting_015,Baseline prompt,59.5,0.01
decay_setting_015,Baseline prompt,60.5,0.01
decay_setting_015,Baseline prompt,61.5,0.01
decay_setting_015,Baseline prompt,62.5,0.01
decay_setting_015,Baseline prompt,63.5,0.01
decay_setting_015,Baseline prompt,64.5,0.01
decay_setting_015,Baseline prompt,65.5,0.01
decay_setting_015,Baseline prompt,66.5,0.01
decay_setting_015,Baseline prompt,67.5,0.01
decay_setting_015,Baseline prompt,68.5,0.01
decay_setting_015,Baseline prompt,69.5,0.01
decay_setting_015,Baseline prompt,70.5,0.01
decay_setting_015,Baseline prompt,71.5,0.01
decay_setting_015,Baseline prompt,72.5,0.01
decay_setting_015,Baseline prompt,73.5,0.01
decay_setting_015,Baseline prompt,74.5,0.01
decay_setting_015,Baseline prompt,75.5,0.01
decay_setting_015,Baseline prompt,76.5,0.01
decay_setting_015,Baseline prompt,77.5,0.01
decay_setting_015,Baseline prompt,78.5,0.01
decay_setting_015,Baseline prompt,79.5,0.01
decay_setting_015,Baseline prompt,80.5,0.01
decay_setting_015,Baseline prompt,81.5,0.01
decay_setting_015,Baseline prompt,82.5,0.01
decay_setting_015,Baseline prompt,83.5,0.01
decay_setting_015,Baseline prompt,84.5,0.01
decay_setting_015,Baseline prompt,85.5,0.01
decay_setting_015,Baseline prompt,86.5,0.01
decay_setting_015,Baseline prompt,87.5,0.01
decay_setting_015,Baseline prompt,88.5,0.01
decay_setting_015,Baseline prompt,89.5,0.01
decay_setting_015,Baseline prompt,90.5,0.01
decay_setting_015,Baseline prompt,91.5,0.01
decay_setting_015,Baseline prompt,92.5,0.01
decay_setting_015,Baseline prompt,93.5,0.01
decay_setting_015,Baseline prompt,94.5,0.01
decay_setting_015,Baseline prompt,95.5,0.01
decay_setting_015,Baseline prompt,96.5,0.01
decay_setting_015,Baseline prompt,97.5,0.01
decay_setting_015,Baseline prompt,98.5,0.01
decay_setting_015,Baseline prompt,99.5,0.01
decay_setting_014,Baseline prompt,0.5,0.85
decay_setting_014,Baseline prompt,1.5,0.82
decay_setting_014,Baseline prompt,2.5,0.78
decay_setting_014,Baseline prompt,3.5,0.74
decay_setting_014,Baseline prompt,4.5,0.7
decay_setting_014,Baseline prompt,5.5,0.65
decay_setting_014,Baseline prompt,6.5,0.61
decay_setting_014,Baseline prompt,7.5,0.57
decay_setting_014,Baseline prompt,8.5,0.52
decay_setting_014,Baseline prompt,9.5,0.48
decay_setting_014,Baseline prompt,10.5,0.44
decay_setting_014,Baseline prompt,11.5,0.4
decay_setting_014,Baseline prompt,12.5,0.36
decay_setting_014,Baseline prompt,13.5,0.32
decay_setting_014,Baseline prompt,14.5,0.29
decay_setting_014,Baseline prompt,15.5,0.26
decay_setting_014,Baseline prompt,16.5,0.23
decay_setting_014,Baseline prompt,17.5,0.21
decay_setting_014,Baseline prompt,18.5,0.19
decay_setting_014,Baseline prompt,19.5,0.17
decay_setting_014,Baseline prompt,20.5,0.15
decay_setting_014,Baseline prompt,21.5,0.14
decay_setting_014,Baseline prompt,22.5,0.12
decay_setting_014,Baseline prompt,23.5,0.11
decay_setting_014,Baseline prompt,24.5,0.1
decay_setting_014,Baseline prompt,25.5,0.09
decay_setting_014,Baseline prompt,26.5,0.08
decay_setting_014,Baseline prompt,27.5,0.07
decay_setting_014,Baseline prompt,28.5,0.06
decay_setting_014,Baseline prompt,29.5,0.05
decay_setting_014,Baseline prompt,30.5,0.045
decay_setting_014,Baseline prompt,31.5,0.04
decay_setting_014,Baseline prompt,32.5,0.035
decay_setting_014,Baseline prompt,33.5,0.03
decay_setting_014,Baseline prompt,34.5,0.027
decay_setting_014,Baseline prompt,35.5,0.025
decay_setting_014,Baseline prompt,36.5,0.023
decay_setting_014,Baseline prompt,37.5,0.021
decay_setting_014,Baseline prompt,38.5,0.019
decay_setting_014,Baseline prompt,39.5,0.017
decay_setting_014,Baseline prompt,40.5,0.015
decay_setting_014,Baseline prompt,41.5,0.013
decay_setting_014,Baseline prompt,42.5,0.012
decay_setting_014,Baseline prompt,43.5,0.011
decay_setting_014,Baseline prompt,44.5,0.01
decay_setting_014,Baseline prompt,45.5,0.009
decay_setting_014,Baseline prompt,46.5,0.008
decay_setting_014,Baseline prompt,47.5,0.007
decay_setting_014,Baseline prompt,48.5,0.006
decay_setting_014,Baseline prompt,49.5,0.005
decay_setting_014,Baseline prompt,50.5,0.0048
decay_setting_014,Baseline prompt,51.5,0.0046
decay_setting_014,Baseline prompt,52.5,0.0044
decay_setting_014,Baseline prompt,53.5,0.0042
decay_setting_014,Baseline prompt,54.5,0.004
decay_setting_014,Baseline prompt,55.5,0.0038
decay_setting_014,Baseline prompt,56.5,0.0036
decay_setting_014,Baseline prompt,57.5,0.0034
decay_setting_014,Baseline prompt,58.5,0.0032
decay_setting_014,Baseline prompt,59.5,0.003
decay_setting_014,Baseline prompt,60.5,0.0029
decay_setting_014,Baseline prompt,61.5,0.0028
decay_setting_014,Baseline prompt,62.5,0.0027
decay_setting_014,Baseline prompt,63.5,0.0026
decay_setting_014,Baseline prompt,64.5,0.0025
decay_setting_014,Baseline prompt,65.5,0.0024
decay_setting_014,Baseline prompt,66.5,0.0023
decay_setting_014,Baseline prompt,67.5,0.0022
decay_setting_014,Baseline prompt,68.5,0.0021
decay_setting_014,Baseline prompt,69.5,0.002
decay_setting_014,Baseline prompt,70.5,0.00195
decay_setting_014,Baseline prompt,71.5,0.0019
decay_setting_014,Baseline prompt,72.5,0.00185
decay_setting_014,Baseline prompt,73.5,0.0018
decay_setting_014,Baseline prompt,74.5,0.00175
decay_setting_014,Baseline prompt,75.5,0.0017
decay_setting_014,Baseline prompt,76.5,0.00165
decay_setting_014,Baseline prompt,77.5,0.0016
decay_setting_014,Baseline prompt,78.5,0.00155
decay_setting_014,Baseline prompt,79.5,0.0015
decay_setting_014,Baseline prompt,80.5,0.00145
decay_setting_014,Baseline prompt,81.5,0.0014
decay_setting_014,Baseline prompt,82.5,0.00135
decay_setting_014,Baseline prompt,83.5,0.0013
decay_setting_014,Baseline prompt,84.5,0.00125
decay_setting_014,Baseline prompt,85.5,0.0012
decay_setting_014,Baseline prompt,86.5,0.00115
decay_setting_014,Baseline prompt,87.5,0.0011
decay_setting_014,Baseline prompt,88.5,0.00105
decay_setting_014,Baseline prompt,89.5,0.001
decay_setting_014,Baseline prompt,90.5,0.00095
decay_setting_014,Baseline prompt,91.5,0.0009
decay_setting_014,Baseline prompt,92.5,0.00085
decay_setting_014,Baseline prompt,93.5,0.0008
decay_setting_014,Baseline prompt,94.5,0.00075
decay_setting_014,Baseline prompt,95.5,0.0007
decay_setting_014,Baseline prompt,96.5,0.00065
decay_setting_014,Baseline prompt,97.5,0.0006
decay_setting_014,Baseline prompt,98.5,0.00055
decay_setting_014,Baseline prompt,99.5,0.0005
decay_setting_015,Blueprint prompt,0.5,0.82
decay_setting_015,Blueprint prompt,1.5,0.81
decay_setting_015,Blueprint prompt,2.5,0.8
decay_setting_015,Blueprint prompt,3.5,0.78
decay_setting_015,Blueprint prompt,4.5,0.76
decay_setting_015,Blueprint prompt,5.5,0.75
decay_setting_015,Blueprint prompt,6.5,0.74
decay_setting_015,Blueprint prompt,7.5,0.72
decay_setting_015,Blueprint prompt,8.5,0.71
decay_setting_015,Blueprint prompt,9.5,0.7
decay_setting_015,Blueprint prompt,10.5,0.69
decay_setting_015,Blueprint prompt,11.5,0.67
decay_setting_015,Blueprint prompt,12.5,0.65
decay_setting_015,Blueprint prompt,13.5,0.63
decay_setting_015,Blueprint prompt,14.5,0.61
decay_setting_015,Blueprint prompt,15.5,0.6
decay_setting_015,Blueprint prompt,16.5,0.58
decay_setting_015,Blueprint prompt,17.5,0.56
decay_setting_015,Blueprint prompt,18.5,0.55
decay_setting_015,Blueprint prompt,19.5,0.54
decay_setting_015,Blueprint prompt,20.5,0.52
decay_setting_015,Blueprint prompt,21.5,0.51
decay_setting_015,Blueprint prompt,22.5,0.49
decay_setting_015,Blueprint prompt,23.5,0.48
decay_setting_015,Blueprint prompt,24.5,0.46
decay_setting_015,Blueprint prompt,25.5,0.44
decay_setting_015,Blueprint prompt,26.5,0.42
decay_setting_015,Blueprint prompt,27.5,0.41
decay_setting_015,Blueprint prompt,28.5,0.39
decay_setting_015,Blueprint prompt,29.5,0.38
decay_setting_015,Blueprint prompt,30.5,0.36
decay_setting_015,Blueprint prompt,31.5,0.34
decay_setting_015,Blueprint prompt,32.5,0.33
decay_setting_015,Blueprint prompt,33.5,0.32
decay_setting_015,Blueprint prompt,34.5,0.31
decay_setting_015,Blueprint prompt,35.5,0.3
decay_setting_015,Blueprint prompt,36.5,0.28
decay_setting_015,Blueprint prompt,37.5,0.27
decay_setting_015,Blueprint prompt,38.5,0.25
decay_setting_015,Blueprint prompt,39.5,0.24
decay_setting_015,Blueprint prompt,40.5,0.23
decay_setting_015,Blueprint prompt,41.5,0.22
decay_setting_015,Blueprint prompt,42.5,0.2
decay_setting_015,Blueprint prompt,43.5,0.19
decay_setting_015,Blueprint prompt,44.5,0.18
decay_setting_015,Blueprint prompt,45.5,0.17
decay_setting_015,Blueprint prompt,46.5,0.15
decay_setting_015,Blueprint prompt,47.5,0.15
decay_setting_015,Blueprint prompt,48.5,0.14
decay_setting_015,Blueprint prompt,49.5,0.12
decay_setting_015,Blueprint prompt,50.5,0.12
decay_setting_015,Blueprint prompt,51.5,0.11
decay_setting_015,Blueprint prompt,52.5,0.1
decay_setting_015,Blueprint prompt,53.5,0.09
decay_setting_015,Blueprint prompt,54.5,0.08
decay_setting_015,Blueprint prompt,55.5,0.07
decay_setting_015,Blueprint prompt,56.5,0.07
decay_setting_015,Blueprint prompt,57.5,0.06
decay_setting_015,Blueprint prompt,58.5,0.05
decay_setting_015,Blueprint prompt,59.5,0.05
decay_setting_015,Blueprint prompt,60.5,0.05
decay_setting_015,Blueprint prompt,61.5,0.04
decay_setting_015,Blueprint prompt,62.5,0.04
decay_setting_015,Blueprint prompt,63.5,0.03
decay_setting_015,Blueprint prompt,64.5,0.03
decay_setting_015,Blueprint prompt,65.5,0.02
decay_setting_015,Blueprint prompt,66.5,0.02
decay_setting_015,Blueprint prompt,67.5,0.02
decay_setting_015,Blueprint prompt,68.5,0.02
decay_setting_015,Blueprint prompt,69.5,0.01
decay_setting_015,Blueprint prompt,70.5,0.01
decay_setting_015,Blueprint prompt,71.5,0.01
decay_setting_015,Blueprint prompt,72.5,0.01
decay_setting_015,Blueprint prompt,73.5,0.01
decay_setting_015,Blueprint prompt,74.5,0.01
decay_setting_015,Blueprint prompt,75.5,0.01
decay_setting_015,Blueprint prompt,76.5,0.01
decay_setting_015,Blueprint prompt,77.5,0.01
decay_setting_015,Blueprint prompt,78.5,0.01
decay_setting_015,Blueprint prompt,79.5,0.01
decay_setting_015,Blueprint prompt,80.5,0.01
decay_setting_015,Blueprint prompt,81.5,0.01
decay_setting_015,Blueprint prompt,82.5,0.01
decay_setting_015,Blueprint prompt,83.5,0.01
decay_setting_015,Blueprint prompt,84.5,0.01
decay_setting_015,Blueprint prompt,85.5,0.01
decay_setting_015,Blueprint prompt,86.5,0.01
decay_setting_015,Blueprint prompt,87.5,0.01
decay_setting_015,Blueprint prompt,88.5,0.01
decay_setting_015,Blueprint prompt,89.5,0.01
decay_setting_015,Blueprint prompt,90.5,0.01
decay_setting_015,Blueprint prompt,91.5,0.01
decay_setting_015,Blueprint prompt,92.5,0.01
decay_setting_015,Blueprint prompt,93.5,0.01
decay_setting_015,Blueprint prompt,94.5,0.01
decay_setting_015,Blueprint prompt,95.5,0.01
decay_setting_015,Blueprint prompt,96.5,0.01
decay_setting_015,Blueprint prompt,97.5,0.01
decay_setting_015,Blueprint prompt,98.5,0.01
decay_setting_015,Blueprint prompt,99.5,0.01
decay_setting_016,Baseline prompt,0.5,0.75
decay_setting_016,Baseline prompt,1.5,0.72
decay_setting_016,Baseline prompt,2.5,0.7
decay_setting_016,Baseline prompt,3.5,0.68
decay_setting_016,Baseline prompt,4.5,0.64
decay_setting_016,Baseline prompt,5.5,0.61
decay_setting_016,Baseline prompt,6.5,0.57
decay_setting_016,Baseline prompt,7.5,0.53
decay_setting_016,Baseline prompt,8.5,0.5
decay_setting_016,Baseline prompt,9.5,0.46
decay_setting_016,Baseline prompt,10.5,0.42
decay_setting_016,Baseline prompt,11.5,0.39
decay_setting_016,Baseline prompt,12.5,0.36
decay_setting_016,Baseline prompt,13.5,0.34
decay_setting_016,Baseline prompt,14.5,0.32
decay_setting_016,Baseline prompt,15.5,0.3
decay_setting_016,Baseline prompt,16.5,0.27
decay_setting_016,Baseline prompt,17.5,0.25
decay_setting_016,Baseline prompt,18.5,0.22
decay_setting_016,Baseline prompt,19.5,0.2
decay_setting_016,Baseline prompt,20.5,0.18
decay_setting_016,Baseline prompt,21.5,0.16
decay_setting_016,Baseline prompt,22.5,0.15
decay_setting_016,Baseline prompt,23.5,0.14
decay_setting_016,Baseline prompt,24.5,0.13
decay_setting_016,Baseline prompt,25.5,0.12
decay_setting_016,Baseline prompt,26.5,0.11
decay_setting_016,Baseline prompt,27.5,0.1
decay_setting_016,Baseline prompt,28.5,0.09
decay_setting_016,Baseline prompt,29.5,0.08
decay_setting_016,Baseline prompt,30.5,0.07
decay_setting_016,Baseline prompt,31.5,0.06
decay_setting_016,Baseline prompt,32.5,0.05
decay_setting_016,Baseline prompt,33.5,0.04
decay_setting_016,Baseline prompt,34.5,0.04
decay_setting_016,Baseline prompt,35.5,0.03
decay_setting_016,Baseline prompt,36.5,0.03
decay_setting_016,Baseline prompt,37.5,0.03
decay_setting_016,Baseline prompt,38.5,0.02
decay_setting_016,Baseline prompt,39.5,0.02
decay_setting_016,Baseline prompt,40.5,0.02
decay_setting_016,Baseline prompt,41.5,0.02
decay_setting_016,Baseline prompt,42.5,0.01
decay_setting_016,Baseline prompt,43.5,0.01
decay_setting_016,Baseline prompt,44.5,0.01
decay_setting_016,Baseline prompt,45.5,0.01
decay_setting_016,Baseline prompt,46.5,0.01
decay_setting_016,Baseline prompt,47.5,0.01
decay_setting_016,Baseline prompt,48.5,0.01
decay_setting_016,Baseline prompt,49.5,0.01
decay_setting_016,Baseline prompt,50.5,0.01
decay_setting_016,Baseline prompt,51.5,0.01
decay_setting_016,Baseline prompt,52.5,0.01
decay_setting_016,Baseline prompt,53.5,0.01
decay_setting_016,Baseline prompt,54.5,0.01
decay_setting_016,Baseline prompt,55.5,0.01
decay_setting_016,Baseline prompt,56.5,0.01
decay_setting_016,Baseline prompt,57.5,0.01
decay_setting_016,Baseline prompt,58.5,0.01
decay_setting_016,Baseline prompt,59.5,0.01
decay_setting_016,Baseline prompt,60.5,0.01
decay_setting_016,Baseline prompt,61.5,0.01
decay_setting_016,Baseline prompt,62.5,0.01
decay_setting_016,Baseline prompt,63.5,0.01
decay_setting_016,Baseline prompt,64.5,0.01
decay_setting_016,Baseline prompt,65.5,0.01
decay_setting_016,Baseline prompt,66.5,0.01
decay_setting_016,Baseline prompt,67.5,0.01
decay_setting_016,Baseline prompt,68.5,0.01
decay_setting_016,Baseline prompt,69.5,0.01
decay_setting_016,Baseline prompt,70.5,0.01
decay_setting_016,Baseline prompt,71.5,0.01
decay_setting_016,Baseline prompt,72.5,0.01
decay_setting_016,Baseline prompt,73.5,0.01
decay_setting_016,Baseline prompt,74.5,0.01
decay_setting_016,Baseline prompt,75.5,0.01
decay_setting_016,Baseline prompt,76.5,0.01
decay_setting_016,Baseline prompt,77.5,0.01
decay_setting_016,Baseline prompt,78.5,0.01
decay_setting_016,Baseline prompt,79.5,0.01
decay_setting_016,Baseline prompt,80.5,0.01
decay_setting_016,Baseline prompt,81.5,0.01
decay_setting_016,Baseline prompt,82.5,0.01
decay_setting_016,Baseline prompt,83.5,0.01
decay_setting_016,Baseline prompt,84.5,0.01
decay_setting_016,Baseline prompt,85.5,0.01
decay_setting_016,Baseline prompt,86.5,0.01
decay_setting_016,Baseline prompt,87.5,0.01
decay_setting_016,Baseline prompt,88.5,0.01
decay_setting_016,Baseline prompt,89.5,0.01
decay_setting_016,Baseline prompt,90.5,0.01
decay_setting_016,Baseline prompt,91.5,0.01
decay_setting_016,Baseline prompt,92.5,0.01
decay_setting_016,Baseline prompt,93.5,0.01
decay_setting_016,Baseline prompt,94.5,0.01
decay_setting_016,Baseline prompt,95.5,0.01
decay_setting_016,Baseline prompt,96.5,0.01
decay_setting_016,Baseline prompt,97.5,0.01
decay_setting_016,Baseline prompt,98.5,0.01
decay_setting_016,Baseline prompt,99.5,0.01
decay_setting_016,Blueprint prompt,0.5,0.88
decay_setting_016,Blueprint prompt,1.5,0.85
decay_setting_016,Blueprint prompt,2.5,0.82
decay_setting_016,Blueprint prompt,3.5,0.78
decay_setting_016,Blueprint prompt,4.5,0.76
decay_setting_016,Blueprint prompt,5.5,0.72
decay_setting_016,Blueprint prompt,6.5,0.68
decay_setting_016,Blueprint prompt,7.5,0.65
decay_setting_016,Blueprint prompt,8.5,0.62
decay_setting_016,Blueprint prompt,9.5,0.58
decay_setting_016,Blueprint prompt,10.5,0.55
decay_setting_016,Blueprint prompt,11.5,0.52
decay_setting_016,Blueprint prompt,12.5,0.49
decay_setting_016,Blueprint prompt,13.5,0.47
decay_setting_016,Blueprint prompt,14.5,0.45
decay_setting_016,Blueprint prompt,15.5,0.42
decay_setting_016,Blueprint prompt,16.5,0.4
decay_setting_016,Blueprint prompt,17.5,0.37
decay_setting_016,Blueprint prompt,18.5,0.36
decay_setting_016,Blueprint prompt,19.5,0.34
decay_setting_016,Blueprint prompt,20.5,0.33
decay_setting_016,Blueprint prompt,21.5,0.31
decay_setting_016,Blueprint prompt,22.5,0.3
decay_setting_016,Blueprint prompt,23.5,0.28
decay_setting_016,Blueprint prompt,24.5,0.26
decay_setting_016,Blueprint prompt,25.5,0.25
decay_setting_016,Blueprint prompt,26.5,0.23
decay_setting_016,Blueprint prompt,27.5,0.22
decay_setting_016,Blueprint prompt,28.5,0.21
decay_setting_016,Blueprint prompt,29.5,0.19
decay_setting_016,Blueprint prompt,30.5,0.18
decay_setting_016,Blueprint prompt,31.5,0.17
decay_setting_016,Blueprint prompt,32.5,0.16
decay_setting_016,Blueprint prompt,33.5,0.15
decay_setting_016,Blueprint prompt,34.5,0.14
decay_setting_016,Blueprint prompt,35.5,0.13
decay_setting_016,Blueprint prompt,36.5,0.12
decay_setting_016,Blueprint prompt,37.5,0.11
decay_setting_016,Blueprint prompt,38.5,0.1
decay_setting_016,Blueprint prompt,39.5,0.09
decay_setting_016,Blueprint prompt,40.5,0.08
decay_setting_016,Blueprint prompt,41.5,0.08
decay_setting_016,Blueprint prompt,42.5,0.07
decay_setting_016,Blueprint prompt,43.5,0.07
decay_setting_016,Blueprint prompt,44.5,0.06
decay_setting_016,Blueprint prompt,45.5,0.06
decay_setting_016,Blueprint prompt,46.5,0.05
decay_setting_016,Blueprint prompt,47.5,0.05
decay_setting_016,Blueprint prompt,48.5,0.05
decay_setting_016,Blueprint prompt,49.5,0.04
decay_setting_016,Blueprint prompt,50.5,0.04
decay_setting_016,Blueprint prompt,51.5,0.04
decay_setting_016,Blueprint prompt,52.5,0.04
decay_setting_016,Blueprint prompt,53.5,0.03
decay_setting_016,Blueprint prompt,54.5,0.03
decay_setting_016,Blueprint prompt,55.5,0.03
decay_setting_016,Blueprint prompt,56.5,0.03
decay_setting_016,Blueprint prompt,57.5,0.03
decay_setting_016,Blueprint prompt,58.5,0.02
decay_setting_016,Blueprint prompt,59.5,0.02
decay_setting_016,Blueprint prompt,60.5,0.02
decay_setting_016,Blueprint prompt,61.5,0.02
decay_setting_016,Blueprint prompt,62.5,0.02
decay_setting_016,Blueprint prompt,63.5,0.02
decay_setting_016,Blueprint prompt,64.5,0.01
decay_setting_016,Blueprint prompt,65.5,0.01
decay_setting_016,Blueprint prompt,66.5,0.01
decay_setting_016,Blueprint prompt,67.5,0.01
decay_setting_016,Blueprint prompt,68.5,0.01
decay_setting_016,Blueprint prompt,69.5,0.01
decay_setting_016,Blueprint prompt,70.5,0.01
decay_setting_016,Blueprint prompt,71.5,0.01
decay_setting_016,Blueprint prompt,72.5,0.01
decay_setting_016,Blueprint prompt,73.5,0.01
decay_setting_016,Blueprint prompt,74.5,0.01
decay_setting_016,Blueprint prompt,75.5,0.01
decay_setting_016,Blueprint prompt,76.5,0.01
decay_setting_016,Blueprint prompt,77.5,0.01
decay_setting_016,Blueprint prompt,78.5,0.01
decay_setting_016,Blueprint prompt,79.5,0.01
decay_setting_016,Blueprint prompt,80.5,0.01
decay_setting_016,Blueprint prompt,81.5,0.01
decay_setting_016,Blueprint prompt,82.5,0.01
decay_setting_016,Blueprint prompt,83.5,0.01
decay_setting_016,Blueprint prompt,84.5,0.01
decay_setting_016,Blueprint prompt,85.5,0.01
decay_setting_016,Blueprint prompt,86.5,0.01
decay_setting_016,Blueprint prompt,87.5,0.01
decay_setting_016,Blueprint prompt,88.5,0.01
decay_setting_016,Blueprint prompt,89.5,0.0
decay_setting_016,Blueprint prompt,90.5,0.0
decay_setting_016,Blueprint prompt,91.5,0.0
decay_setting_016,Blueprint prompt,92.5,0.0
decay_setting_016,Blueprint prompt,93.5,0.0
decay_setting_016,Blueprint prompt,94.5,0.0
decay_setting_016,Blueprint prompt,95.5,0.0
decay_setting_016,Blueprint prompt,96.5,0.0
decay_setting_016,Blueprint prompt,97.5,0.0
decay_setting_016,Blueprint prompt,98.5,0.0
decay_setting_016,Blueprint prompt,99.5,0.0
decay_setting_017,Baseline prompt,0.5,0.82
decay_setting_017,Baseline prompt,1.5,0.78
decay_setting_017,Baseline prompt,2.5,0.74
decay_setting_017,Baseline prompt,3.5,0.71
decay_setting_017,Baseline prompt,4.5,0.67
decay_setting_017,Baseline prompt,5.5,0.63
decay_setting_017,Baseline prompt,6.5,0.6
decay_setting_017,Baseline prompt,7.5,0.56
decay_setting_017,Baseline prompt,8.5,0.53
decay_setting_017,Baseline prompt,9.5,0.49
decay_setting_017,Baseline prompt,10.5,0.45
decay_setting_017,Baseline prompt,11.5,0.42
decay_setting_017,Baseline prompt,12.5,0.38
decay_setting_017,Baseline prompt,13.5,0.36
decay_setting_017,Baseline prompt,14.5,0.33
decay_setting_017,Baseline prompt,15.5,0.3
decay_setting_017,Baseline prompt,16.5,0.28
decay_setting_017,Baseline prompt,17.5,0.26
decay_setting_017,Baseline prompt,18.5,0.23
decay_setting_017,Baseline prompt,19.5,0.21
decay_setting_017,Baseline prompt,20.5,0.18
decay_setting_017,Baseline prompt,21.5,0.16
decay_setting_017,Baseline prompt,22.5,0.14
decay_setting_017,Baseline prompt,23.5,0.12
decay_setting_017,Baseline prompt,24.5,0.11
decay_setting_017,Baseline prompt,25.5,0.09
decay_setting_017,Baseline prompt,26.5,0.08
decay_setting_017,Baseline prompt,27.5,0.07
decay_setting_017,Baseline prompt,28.5,0.06
decay_setting_017,Baseline prompt,29.5,0.05
decay_setting_017,Baseline prompt,30.5,0.04
decay_setting_017,Baseline prompt,31.5,0.04
decay_setting_017,Baseline prompt,32.5,0.03
decay_setting_017,Baseline prompt,33.5,0.03
decay_setting_017,Baseline prompt,34.5,0.03
decay_setting_017,Baseline prompt,35.5,0.02
decay_setting_017,Baseline prompt,36.5,0.02
decay_setting_017,Baseline prompt,37.5,0.02
decay_setting_017,Baseline prompt,38.5,0.01
decay_setting_017,Baseline prompt,39.5,0.01
decay_setting_017,Baseline prompt,40.5,0.01
decay_setting_017,Baseline prompt,41.5,0.01
decay_setting_017,Baseline prompt,42.5,0.01
decay_setting_017,Baseline prompt,43.5,0.01
decay_setting_017,Baseline prompt,44.5,0.01
decay_setting_017,Baseline prompt,45.5,0.01
decay_setting_017,Baseline prompt,46.5,0.01
decay_setting_017,Baseline prompt,47.5,0.01
decay_setting_017,Baseline prompt,48.5,0.01
decay_setting_017,Baseline prompt,49.5,0.01
decay_setting_017,Baseline prompt,50.5,0.01
decay_setting_017,Baseline prompt,51.5,0.01
decay_setting_017,Baseline prompt,52.5,0.01
decay_setting_017,Baseline prompt,53.5,0.01
decay_setting_017,Baseline prompt,54.5,0.01
decay_setting_017,Baseline prompt,55.5,0.01
decay_setting_017,Baseline prompt,56.5,0.01
decay_setting_017,Baseline prompt,57.5,0.01
decay_setting_017,Baseline prompt,58.5,0.01
decay_setting_017,Baseline prompt,59.5,0.01
decay_setting_017,Baseline prompt,60.5,0.01
decay_setting_017,Baseline prompt,61.5,0.01
decay_setting_017,Baseline prompt,62.5,0.01
decay_setting_017,Baseline prompt,63.5,0.01
decay_setting_017,Baseline prompt,64.5,0.01
decay_setting_017,Baseline prompt,65.5,0.01
decay_setting_017,Baseline prompt,66.5,0.01
decay_setting_017,Baseline prompt,67.5,0.01
decay_setting_017,Baseline prompt,68.5,0.01
decay_setting_017,Baseline prompt,69.5,0.01
decay_setting_017,Baseline prompt,70.5,0.01
decay_setting_017,Baseline prompt,71.5,0.01
decay_setting_017,Baseline prompt,72.5,0.01
decay_setting_017,Baseline prompt,73.5,0.01
decay_setting_017,Baseline prompt,74.5,0.01
decay_setting_017,Baseline prompt,75.5,0.01
decay_setting_017,Baseline prompt,76.5,0.01
decay_setting_017,Baseline prompt,77.5,0.01
decay_setting_017,Baseline prompt,78.5,0.01
decay_setting_017,Baseline prompt,79.5,0.01
decay_setting_017,Baseline prompt,80.5,0.01
decay_setting_017,Baseline prompt,81.5,0.01
decay_setting_017,Baseline prompt,82.5,0.01
decay_setting_017,Baseline prompt,83.5,0.01
decay_setting_017,Baseline prompt,84.5,0.01
decay_setting_017,Baseline prompt,85.5,0.01
decay_setting_017,Baseline prompt,86.5,0.01
decay_setting_017,Baseline prompt,87.5,0.01
decay_setting_017,Baseline prompt,88.5,0.01
decay_setting_017,Baseline prompt,89.5,0.01
decay_setting_017,Baseline prompt,90.5,0.01
decay_setting_017,Baseline prompt,91.5,0.01
decay_setting_017,Baseline prompt,92.5,0.01
decay_setting_017,Baseline prompt,93.5,0.01
decay_setting_017,Baseline prompt,94.5,0.01
decay_setting_017,Baseline prompt,95.5,0.01
decay_setting_017,Baseline prompt,96.5,0.01
decay_setting_017,Baseline prompt,97.5,0.01
decay_setting_017,Baseline prompt,98.5,0.01
decay_setting_017,Baseline prompt,99.5,0.01
decay_setting_017,Blueprint prompt,0.5,0.91
decay_setting_017,Blueprint prompt,1.5,0.88
decay_setting_017,Blueprint prompt,2.5,0.84
decay_setting_017,Blueprint prompt,3.5,0.8
decay_setting_017,Blueprint prompt,4.5,0.78
decay_setting_017,Blueprint prompt,5.5,0.75
decay_setting_017,Blueprint prompt,6.5,0.72
decay_setting_017,Blueprint prompt,7.5,0.7
decay_setting_017,Blueprint prompt,8.5,0.68
decay_setting_017,Blueprint prompt,9.5,0.65
decay_setting_017,Blueprint prompt,10.5,0.62
decay_setting_017,Blueprint prompt,11.5,0.59
decay_setting_017,Blueprint prompt,12.5,0.57
decay_setting_017,Blueprint prompt,13.5,0.55
decay_setting_017,Blueprint prompt,14.5,0.53
decay_setting_017,Blueprint prompt,15.5,0.51
decay_setting_017,Blueprint prompt,16.5,0.48
decay_setting_017,Blueprint prompt,17.5,0.46
decay_setting_017,Blueprint prompt,18.5,0.44
decay_setting_017,Blueprint prompt,19.5,0.42
decay_setting_017,Blueprint prompt,20.5,0.4
decay_setting_017,Blueprint prompt,21.5,0.38
decay_setting_017,Blueprint prompt,22.5,0.36
decay_setting_017,Blueprint prompt,23.5,0.34
decay_setting_017,Blueprint prompt,24.5,0.33
decay_setting_017,Blueprint prompt,25.5,0.32
decay_setting_017,Blueprint prompt,26.5,0.3
decay_setting_017,Blueprint prompt,27.5,0.28
decay_setting_017,Blueprint prompt,28.5,0.26
decay_setting_017,Blueprint prompt,29.5,0.25
decay_setting_017,Blueprint prompt,30.5,0.24
decay_setting_017,Blueprint prompt,31.5,0.23
decay_setting_017,Blueprint prompt,32.5,0.22
decay_setting_017,Blueprint prompt,33.5,0.21
decay_setting_017,Blueprint prompt,34.5,0.2
decay_setting_017,Blueprint prompt,35.5,0.19
decay_setting_017,Blueprint prompt,36.5,0.18
decay_setting_017,Blueprint prompt,37.5,0.17
decay_setting_017,Blueprint prompt,38.5,0.16
decay_setting_017,Blueprint prompt,39.5,0.15
decay_setting_017,Blueprint prompt,40.5,0.14
decay_setting_017,Blueprint prompt,41.5,0.13
decay_setting_017,Blueprint prompt,42.5,0.12
decay_setting_017,Blueprint prompt,43.5,0.12
decay_setting_017,Blueprint prompt,44.5,0.11
decay_setting_017,Blueprint prompt,45.5,0.11
decay_setting_017,Blueprint prompt,46.5,0.1
decay_setting_017,Blueprint prompt,47.5,0.1
decay_setting_017,Blueprint prompt,48.5,0.1
decay_setting_017,Blueprint prompt,49.5,0.09
decay_setting_017,Blueprint prompt,50.5,0.09
decay_setting_017,Blueprint prompt,51.5,0.08
decay_setting_017,Blueprint prompt,52.5,0.08
decay_setting_017,Blueprint prompt,53.5,0.07
decay_setting_017,Blueprint prompt,54.5,0.07
decay_setting_017,Blueprint prompt,55.5,0.06
decay_setting_017,Blueprint prompt,56.5,0.06
decay_setting_017,Blueprint prompt,57.5,0.05
decay_setting_017,Blueprint prompt,58.5,0.05
decay_setting_017,Blueprint prompt,59.5,0.05
decay_setting_017,Blueprint prompt,60.5,0.04
decay_setting_017,Blueprint prompt,61.5,0.04
decay_setting_017,Blueprint prompt,62.5,0.04
decay_setting_017,Blueprint prompt,63.5,0.03
decay_setting_017,Blueprint prompt,64.5,0.03
decay_setting_017,Blueprint prompt,65.5,0.03
decay_setting_017,Blueprint prompt,66.5,0.03
decay_setting_017,Blueprint prompt,67.5,0.03
decay_setting_017,Blueprint prompt,68.5,0.02
decay_setting_017,Blueprint prompt,69.5,0.02
decay_setting_017,Blueprint prompt,70.5,0.02
decay_setting_017,Blueprint prompt,71.5,0.02
decay_setting_017,Blueprint prompt,72.5,0.02
decay_setting_017,Blueprint prompt,73.5,0.02
decay_setting_017,Blueprint prompt,74.5,0.01
decay_setting_017,Blueprint prompt,75.5,0.01
decay_setting_017,Blueprint prompt,76.5,0.01
decay_setting_017,Blueprint prompt,77.5,0.01
decay_setting_017,Blueprint prompt,78.5,0.01
decay_setting_017,Blueprint prompt,79.5,0.01
decay_setting_017,Blueprint prompt,80.5,0.01
decay_setting_017,Blueprint prompt,81.5,0.01
decay_setting_017,Blueprint prompt,82.5,0.01
decay_setting_017,Blueprint prompt,83.5,0.01
decay_setting_017,Blueprint prompt,84.5,0.01
decay_setting_017,Blueprint prompt,85.5,0.01
decay_setting_017,Blueprint prompt,86.5,0.01
decay_setting_017,Blueprint prompt,87.5,0.01
decay_setting_017,Blueprint prompt,88.5,0.01
decay_setting_017,Blueprint prompt,89.5,0.01
decay_setting_017,Blueprint prompt,90.5,0.01
decay_setting_017,Blueprint prompt,91.5,0.01
decay_setting_017,Blueprint prompt,92.5,0.01
decay_setting_017,Blueprint prompt,93.5,0.01
decay_setting_017,Blueprint prompt,94.5,0.01
decay_setting_017,Blueprint prompt,95.5,0.01
decay_setting_017,Blueprint prompt,96.5,0.01
decay_setting_017,Blueprint prompt,97.5,0.01
decay_setting_017,Blueprint prompt,98.5,0.01
decay_setting_017,Blueprint prompt,99.5,0.01
decay_setting_018,Baseline prompt,0.5,0.9
decay_setting_018,Baseline prompt,1.5,0.88
decay_setting_018,Baseline prompt,2.5,0.85
decay_setting_018,Baseline prompt,3.5,0.81
decay_setting_018,Baseline prompt,4.5,0.77
decay_setting_018,Baseline prompt,5.5,0.72
decay_setting_018,Baseline prompt,6.5,0.68
decay_setting_018,Baseline prompt,7.5,0.63
decay_setting_018,Baseline prompt,8.5,0.59
decay_setting_018,Baseline prompt,9.5,0.54
decay_setting_018,Baseline prompt,10.5,0.5
decay_setting_018,Baseline prompt,11.5,0.46
decay_setting_018,Baseline prompt,12.5,0.42
decay_setting_018,Baseline prompt,13.5,0.38
decay_setting_018,Baseline prompt,14.5,0.35
decay_setting_018,Baseline prompt,15.5,0.31
decay_setting_018,Baseline prompt,16.5,0.28
decay_setting_018,Baseline prompt,17.5,0.26
decay_setting_018,Baseline prompt,18.5,0.23
decay_setting_018,Baseline prompt,19.5,0.21
decay_setting_018,Baseline prompt,20.5,0.18
decay_setting_018,Baseline prompt,21.5,0.16
decay_setting_018,Baseline prompt,22.5,0.14
decay_setting_018,Baseline prompt,23.5,0.13
decay_setting_018,Baseline prompt,24.5,0.11
decay_setting_018,Baseline prompt,25.5,0.1
decay_setting_018,Baseline prompt,26.5,0.09
decay_setting_018,Baseline prompt,27.5,0.08
decay_setting_018,Baseline prompt,28.5,0.07
decay_setting_018,Baseline prompt,29.5,0.06
decay_setting_018,Baseline prompt,30.5,0.055
decay_setting_018,Baseline prompt,31.5,0.05
decay_setting_018,Baseline prompt,32.5,0.045
decay_setting_018,Baseline prompt,33.5,0.04
decay_setting_018,Baseline prompt,34.5,0.037
decay_setting_018,Baseline prompt,35.5,0.035
decay_setting_018,Baseline prompt,36.5,0.033
decay_setting_018,Baseline prompt,37.5,0.03
decay_setting_018,Baseline prompt,38.5,0.028
decay_setting_018,Baseline prompt,39.5,0.025
decay_setting_018,Baseline prompt,40.5,0.023
decay_setting_018,Baseline prompt,41.5,0.022
decay_setting_018,Baseline prompt,42.5,0.02
decay_setting_018,Baseline prompt,43.5,0.018
decay_setting_018,Baseline prompt,44.5,0.017
decay_setting_018,Baseline prompt,45.5,0.016
decay_setting_018,Baseline prompt,46.5,0.015
decay_setting_018,Baseline prompt,47.5,0.014
decay_setting_018,Baseline prompt,48.5,0.013
decay_setting_018,Baseline prompt,49.5,0.012
decay_setting_018,Baseline prompt,50.5,0.011
decay_setting_018,Baseline prompt,51.5,0.01
decay_setting_018,Baseline prompt,52.5,0.0095
decay_setting_018,Baseline prompt,53.5,0.009
decay_setting_018,Baseline prompt,54.5,0.0085
decay_setting_018,Baseline prompt,55.5,0.008
decay_setting_018,Baseline prompt,56.5,0.0075
decay_setting_018,Baseline prompt,57.5,0.007
decay_setting_018,Baseline prompt,58.5,0.0068
decay_setting_018,Baseline prompt,59.5,0.0066
decay_setting_018,Baseline prompt,60.5,0.0064
decay_setting_018,Baseline prompt,61.5,0.0062
decay_setting_018,Baseline prompt,62.5,0.006
decay_setting_018,Baseline prompt,63.5,0.0058
decay_setting_018,Baseline prompt,64.5,0.0056
decay_setting_018,Baseline prompt,65.5,0.0055
decay_setting_018,Baseline prompt,66.5,0.0053
decay_setting_018,Baseline prompt,67.5,0.0052
decay_setting_018,Baseline prompt,68.5,0.0051
decay_setting_018,Baseline prompt,69.5,0.005
decay_setting_018,Baseline prompt,70.5,0.0048
decay_setting_018,Baseline prompt,71.5,0.0047
decay_setting_018,Baseline prompt,72.5,0.0046
decay_setting_018,Baseline prompt,73.5,0.0045
decay_setting_018,Baseline prompt,74.5,0.0044
decay_setting_018,Baseline prompt,75.5,0.0043
decay_setting_018,Baseline prompt,76.5,0.0042
decay_setting_018,Baseline prompt,77.5,0.0041
decay_setting_018,Baseline prompt,78.5,0.004
decay_setting_018,Baseline prompt,79.5,0.0039
decay_setting_018,Baseline prompt,80.5,0.0038
decay_setting_018,Baseline prompt,81.5,0.0037
decay_setting_018,Baseline prompt,82.5,0.0036
decay_setting_018,Baseline prompt,83.5,0.0035
decay_setting_018,Baseline prompt,84.5,0.0034
decay_setting_018,Baseline prompt,85.5,0.0033
decay_setting_018,Baseline prompt,86.5,0.0032
decay_setting_018,Baseline prompt,87.5,0.0031
decay_setting_018,Baseline prompt,88.5,0.003
decay_setting_018,Baseline prompt,89.5,0.0029
decay_setting_018,Baseline prompt,90.5,0.0028
decay_setting_018,Baseline prompt,91.5,0.0027
decay_setting_018,Baseline prompt,92.5,0.0026
decay_setting_018,Baseline prompt,93.5,0.0025
decay_setting_018,Baseline prompt,94.5,0.0024
decay_setting_018,Baseline prompt,95.5,0.0023
decay_setting_018,Baseline prompt,96.5,0.0022
decay_setting_018,Baseline prompt,97.5,0.0021
decay_setting_018,Baseline prompt,98.5,0.002
decay_setting_018,Baseline prompt,99.5,0.0019
decay_setting_019,Baseline prompt,0.5,0.85
decay_setting_019,Baseline prompt,1.5,0.83
decay_setting_019,Baseline prompt,2.5,0.81
decay_setting_019,Baseline prompt,3.5,0.78
decay_setting_019,Baseline prompt,4.5,0.76
decay_setting_019,Baseline prompt,5.5,0.73
decay_setting_019,Baseline prompt,6.5,0.7
decay_setting_019,Baseline prompt,7.5,0.68
decay_setting_019,Baseline prompt,8.5,0.65
decay_setting_019,Baseline prompt,9.5,0.62
decay_setting_019,Baseline prompt,10.5,0.58
decay_setting_019,Baseline prompt,11.5,0.55
decay_setting_019,Baseline prompt,12.5,0.52
decay_setting_019,Baseline prompt,13.5,0.48
decay_setting_019,Baseline prompt,14.5,0.45
decay_setting_019,Baseline prompt,15.5,0.42
decay_setting_019,Baseline prompt,16.5,0.39
decay_setting_019,Baseline prompt,17.5,0.36
decay_setting_019,Baseline prompt,18.5,0.34
decay_setting_019,Baseline prompt,19.5,0.31
decay_setting_019,Baseline prompt,20.5,0.29
decay_setting_019,Baseline prompt,21.5,0.27
decay_setting_019,Baseline prompt,22.5,0.24
decay_setting_019,Baseline prompt,23.5,0.22
decay_setting_019,Baseline prompt,24.5,0.2
decay_setting_019,Baseline prompt,25.5,0.18
decay_setting_019,Baseline prompt,26.5,0.16
decay_setting_019,Baseline prompt,27.5,0.14
decay_setting_019,Baseline prompt,28.5,0.13
decay_setting_019,Baseline prompt,29.5,0.11
decay_setting_019,Baseline prompt,30.5,0.1
decay_setting_019,Baseline prompt,31.5,0.09
decay_setting_019,Baseline prompt,32.5,0.08
decay_setting_019,Baseline prompt,33.5,0.07
decay_setting_019,Baseline prompt,34.5,0.06
decay_setting_019,Baseline prompt,35.5,0.05
decay_setting_019,Baseline prompt,36.5,0.05
decay_setting_019,Baseline prompt,37.5,0.04
decay_setting_019,Baseline prompt,38.5,0.04
decay_setting_019,Baseline prompt,39.5,0.03
decay_setting_019,Baseline prompt,40.5,0.03
decay_setting_019,Baseline prompt,41.5,0.03
decay_setting_019,Baseline prompt,42.5,0.02
decay_setting_019,Baseline prompt,43.5,0.02
decay_setting_019,Baseline prompt,44.5,0.02
decay_setting_019,Baseline prompt,45.5,0.02
decay_setting_019,Baseline prompt,46.5,0.01
decay_setting_019,Baseline prompt,47.5,0.01
decay_setting_019,Baseline prompt,48.5,0.01
decay_setting_019,Baseline prompt,49.5,0.01
decay_setting_019,Baseline prompt,50.5,0.01
decay_setting_019,Baseline prompt,51.5,0.01
decay_setting_019,Baseline prompt,52.5,0.01
decay_setting_019,Baseline prompt,53.5,0.01
decay_setting_019,Baseline prompt,54.5,0.01
decay_setting_019,Baseline prompt,55.5,0.01
decay_setting_019,Baseline prompt,56.5,0.01
decay_setting_019,Baseline prompt,57.5,0.01
decay_setting_019,Baseline prompt,58.5,0.01
decay_setting_019,Baseline prompt,59.5,0.01
decay_setting_019,Baseline prompt,60.5,0.01
decay_setting_019,Baseline prompt,61.5,0.01
decay_setting_019,Baseline prompt,62.5,0.01
decay_setting_019,Baseline prompt,63.5,0.01
decay_setting_019,Baseline prompt,64.5,0.01
decay_setting_019,Baseline prompt,65.5,0.01
decay_setting_019,Baseline prompt,66.5,0.01
decay_setting_019,Baseline prompt,67.5,0.01
decay_setting_019,Baseline prompt,68.5,0.01
decay_setting_019,Baseline prompt,69.5,0.01
decay_setting_019,Baseline prompt,70.5,0.01
decay_setting_019,Baseline prompt,71.5,0.01
decay_setting_019,Baseline prompt,72.5,0.01
decay_setting_019,Baseline prompt,73.5,0.01
decay_setting_019,Baseline prompt,74.5,0.01
decay_setting_019,Baseline prompt,75.5,0.01
decay_setting_019,Baseline prompt,76.5,0.01
decay_setting_019,Baseline prompt,77.5,0.01
decay_setting_019,Baseline prompt,78.5,0.01
decay_setting_019,Baseline prompt,79.5,0.01
decay_setting_019,Baseline prompt,80.5,0.01
decay_setting_019,Baseline prompt,81.5,0.01
decay_setting_019,Baseline prompt,82.5,0.01
decay_setting_019,Baseline prompt,83.5,0.01
decay_setting_019,Baseline prompt,84.5,0.01
decay_setting_019,Baseline prompt,85.5,0.01
decay_setting_019,Baseline prompt,86.5,0.01
decay_setting_019,Baseline prompt,87.5,0.01
decay_setting_019,Baseline prompt,88.5,0.01
decay_setting_019,Baseline prompt,89.5,0.01
decay_setting_019,Baseline prompt,90.5,0.01
decay_setting_019,Baseline prompt,91.5,0.01
decay_setting_019,Baseline prompt,92.5,0.01
decay_setting_019,Baseline prompt,93.5,0.01
decay_setting_019,Baseline prompt,94.5,0.01
decay_setting_019,Baseline prompt,95.5,0.01
decay_setting_019,Baseline prompt,96.5,0.01
decay_setting_019,Baseline prompt,97.5,0.01
decay_setting_019,Baseline prompt,98.5,0.01
decay_setting_019,Baseline prompt,99.5,0.01
decay_setting_020,Blueprint prompt,0.5,0.83
decay_setting_020,Blueprint prompt,1.5,0.82
decay_setting_020,Blueprint prompt,2.5,0.81
decay_setting_020,Blueprint prompt,3.5,0.79
decay_setting_020,Blueprint prompt,4.5,0.76
decay_setting_020,Blueprint prompt,5.5,0.74
decay_setting_020,Blueprint prompt,6.5,0.72
decay_setting_020,Blueprint prompt,7.5,0.7
decay_setting_020,Blueprint prompt,8.5,0.67
decay_setting_020,Blueprint prompt,9.5,0.64
decay_setting_020,Blueprint prompt,10.5,0.6
decay_setting_020,Blueprint prompt,11.5,0.58
decay_setting_020,Blueprint prompt,12.5,0.55
decay_setting_020,Blueprint prompt,13.5,0.52
decay_setting_020,Blueprint prompt,14.5,0.49
decay_setting_020,Blueprint prompt,15.5,0.47
decay_setting_020,Blueprint prompt,16.5,0.44
decay_setting_020,Blueprint prompt,17.5,0.41
decay_setting_020,Blueprint prompt,18.5,0.39
decay_setting_020,Blueprint prompt,19.5,0.37
decay_setting_020,Blueprint prompt,20.5,0.34
decay_setting_020,Blueprint prompt,21.5,0.32
decay_setting_020,Blueprint prompt,22.5,0.3
decay_setting_020,Blueprint prompt,23.5,0.28
decay_setting_020,Blueprint prompt,24.5,0.26
decay_setting_020,Blueprint prompt,25.5,0.25
decay_setting_020,Blueprint prompt,26.5,0.23
decay_setting_020,Blueprint prompt,27.5,0.22
decay_setting_020,Blueprint prompt,28.5,0.21
decay_setting_020,Blueprint prompt,29.5,0.2
decay_setting_020,Blueprint prompt,30.5,0.19
decay_setting_020,Blueprint prompt,31.5,0.18
decay_setting_020,Blueprint prompt,32.5,0.18
decay_setting_020,Blueprint prompt,33.5,0.17
decay_setting_020,Blueprint prompt,34.5,0.16
decay_setting_020,Blueprint prompt,35.5,0.15
decay_setting_020,Blueprint prompt,36.5,0.14
decay_setting_020,Blueprint prompt,37.5,0.13
decay_setting_020,Blueprint prompt,38.5,0.12
decay_setting_020,Blueprint prompt,39.5,0.12
decay_setting_020,Blueprint prompt,40.5,0.11
decay_setting_020,Blueprint prompt,41.5,0.1
decay_setting_020,Blueprint prompt,42.5,0.1
decay_setting_020,Blueprint prompt,43.5,0.09
decay_setting_020,Blueprint prompt,44.5,0.09
decay_setting_020,Blueprint prompt,45.5,0.08
decay_setting_020,Blueprint prompt,46.5,0.08
decay_setting_020,Blueprint prompt,47.5,0.07
decay_setting_020,Blueprint prompt,48.5,0.07
decay_setting_020,Blueprint prompt,49.5,0.06
decay_setting_020,Blueprint prompt,50.5,0.06
decay_setting_020,Blueprint prompt,51.5,0.06
decay_setting_020,Blueprint prompt,52.5,0.05
decay_setting_020,Blueprint prompt,53.5,0.05
decay_setting_020,Blueprint prompt,54.5,0.05
decay_setting_020,Blueprint prompt,55.5,0.04
decay_setting_020,Blueprint prompt,56.5,0.04
decay_setting_020,Blueprint prompt,57.5,0.04
decay_setting_020,Blueprint prompt,58.5,0.04
decay_setting_020,Blueprint prompt,59.5,0.03
decay_setting_020,Blueprint prompt,60.5,0.03
decay_setting_020,Blueprint prompt,61.5,0.03
decay_setting_020,Blueprint prompt,62.5,0.03
decay_setting_020,Blueprint prompt,63.5,0.03
decay_setting_020,Blueprint prompt,64.5,0.03
decay_setting_020,Blueprint prompt,65.5,0.02
decay_setting_020,Blueprint prompt,66.5,0.02
decay_setting_020,Blueprint prompt,67.5,0.02
decay_setting_020,Blueprint prompt,68.5,0.02
decay_setting_020,Blueprint prompt,69.5,0.02
decay_setting_020,Blueprint prompt,70.5,0.01
decay_setting_020,Blueprint prompt,71.5,0.01
decay_setting_020,Blueprint prompt,72.5,0.01
decay_setting_020,Blueprint prompt,73.5,0.01
decay_setting_020,Blueprint prompt,74.5,0.01
decay_setting_020,Blueprint prompt,75.5,0.01
decay_setting_020,Blueprint prompt,76.5,0.01
decay_setting_020,Blueprint prompt,77.5,0.01
decay_setting_020,Blueprint prompt,78.5,0.01
decay_setting_020,Blueprint prompt,79.5,0.01
decay_setting_020,Blueprint prompt,80.5,0.01
decay_setting_020,Blueprint prompt,81.5,0.0
decay_setting_020,Blueprint prompt,82.5,0.0
decay_setting_020,Blueprint prompt,83.5,0.0
decay_setting_020,Blueprint prompt,84.5,0.0
decay_setting_020,Blueprint prompt,85.5,0.0
decay_setting_020,Blueprint prompt,86.5,0.0
decay_setting_020,Blueprint prompt,87.5,0.0
decay_setting_020,Blueprint prompt,88.5,0.0
decay_setting_020,Blueprint prompt,89.5,0.0
decay_setting_020,Blueprint prompt,90.5,0.0
decay_setting_020,Blueprint prompt,91.5,0.0
decay_setting_020,Blueprint prompt,92.5,0.0
decay_setting_020,Blueprint prompt,93.5,0.0
decay_setting_020,Blueprint prompt,94.5,0.0
decay_setting_020,Blueprint prompt,95.5,0.0
decay_setting_020,Blueprint prompt,96.5,0.0
decay_setting_020,Blueprint prompt,97.5,0.0
decay_setting_020,Blueprint prompt,98.5,0.0
decay_setting_020,Blueprint prompt,99.5,0.0
decay_setting_018,Blueprint prompt,0.5,0.93
decay_setting_018,Blueprint prompt,1.5,0.91
decay_setting_018,Blueprint prompt,2.5,0.9
decay_setting_018,Blueprint prompt,3.5,0.89
decay_setting_018,Blueprint prompt,4.5,0.88
decay_setting_018,Blueprint prompt,5.5,0.86
decay_setting_018,Blueprint prompt,6.5,0.84
decay_setting_018,Blueprint prompt,7.5,0.82
decay_setting_018,Blueprint prompt,8.5,0.8
decay_setting_018,Blueprint prompt,9.5,0.78
decay_setting_018,Blueprint prompt,10.5,0.75
decay_setting_018,Blueprint prompt,11.5,0.72
decay_setting_018,Blueprint prompt,12.5,0.7
decay_setting_018,Blueprint prompt,13.5,0.68
decay_setting_018,Blueprint prompt,14.5,0.66
decay_setting_018,Blueprint prompt,15.5,0.63
decay_setting_018,Blueprint prompt,16.5,0.61
decay_setting_018,Blueprint prompt,17.5,0.58
decay_setting_018,Blueprint prompt,18.5,0.55
decay_setting_018,Blueprint prompt,19.5,0.52
decay_setting_018,Blueprint prompt,20.5,0.5
decay_setting_018,Blueprint prompt,21.5,0.48
decay_setting_018,Blueprint prompt,22.5,0.45
decay_setting_018,Blueprint prompt,23.5,0.42
decay_setting_018,Blueprint prompt,24.5,0.4
decay_setting_018,Blueprint prompt,25.5,0.38
decay_setting_018,Blueprint prompt,26.5,0.35
decay_setting_018,Blueprint prompt,27.5,0.33
decay_setting_018,Blueprint prompt,28.5,0.3
decay_setting_018,Blueprint prompt,29.5,0.28
decay_setting_018,Blueprint prompt,30.5,0.26
decay_setting_018,Blueprint prompt,31.5,0.25
decay_setting_018,Blueprint prompt,32.5,0.23
decay_setting_018,Blueprint prompt,33.5,0.22
decay_setting_018,Blueprint prompt,34.5,0.21
decay_setting_018,Blueprint prompt,35.5,0.2
decay_setting_018,Blueprint prompt,36.5,0.19
decay_setting_018,Blueprint prompt,37.5,0.18
decay_setting_018,Blueprint prompt,38.5,0.16
decay_setting_018,Blueprint prompt,39.5,0.15
decay_setting_018,Blueprint prompt,40.5,0.14
decay_setting_018,Blueprint prompt,41.5,0.13
decay_setting_018,Blueprint prompt,42.5,0.12
decay_setting_018,Blueprint prompt,43.5,0.12
decay_setting_018,Blueprint prompt,44.5,0.11
decay_setting_018,Blueprint prompt,45.5,0.1
decay_setting_018,Blueprint prompt,46.5,0.1
decay_setting_018,Blueprint prompt,47.5,0.09
decay_setting_018,Blueprint prompt,48.5,0.08
decay_setting_018,Blueprint prompt,49.5,0.08
decay_setting_018,Blueprint prompt,50.5,0.07
decay_setting_018,Blueprint prompt,51.5,0.07
decay_setting_018,Blueprint prompt,52.5,0.06
decay_setting_018,Blueprint prompt,53.5,0.06
decay_setting_018,Blueprint prompt,54.5,0.05
decay_setting_018,Blueprint prompt,55.5,0.05
decay_setting_018,Blueprint prompt,56.5,0.05
decay_setting_018,Blueprint prompt,57.5,0.05
decay_setting_018,Blueprint prompt,58.5,0.04
decay_setting_018,Blueprint prompt,59.5,0.04
decay_setting_018,Blueprint prompt,60.5,0.04
decay_setting_018,Blueprint prompt,61.5,0.04
decay_setting_018,Blueprint prompt,62.5,0.04
decay_setting_018,Blueprint prompt,63.5,0.03
decay_setting_018,Blueprint prompt,64.5,0.03
decay_setting_018,Blueprint prompt,65.5,0.03
decay_setting_018,Blueprint prompt,66.5,0.03
decay_setting_018,Blueprint prompt,67.5,0.02
decay_setting_018,Blueprint prompt,68.5,0.02
decay_setting_018,Blueprint prompt,69.5,0.02
decay_setting_018,Blueprint prompt,70.5,0.02
decay_setting_018,Blueprint prompt,71.5,0.02
decay_setting_018,Blueprint prompt,72.5,0.02
decay_setting_018,Blueprint prompt,73.5,0.02
decay_setting_018,Blueprint prompt,74.5,0.01
decay_setting_018,Blueprint prompt,75.5,0.01
decay_setting_018,Blueprint prompt,76.5,0.01
decay_setting_018,Blueprint prompt,77.5,0.01
decay_setting_018,Blueprint prompt,78.5,0.01
decay_setting_018,Blueprint prompt,79.5,0.01
decay_setting_018,Blueprint prompt,80.5,0.01
decay_setting_018,Blueprint prompt,81.5,0.01
decay_setting_018,Blueprint prompt,82.5,0.01
decay_setting_018,Blueprint prompt,83.5,0.01
decay_setting_018,Blueprint prompt,84.5,0.01
decay_setting_018,Blueprint prompt,85.5,0.01
decay_setting_018,Blueprint prompt,86.5,0.01
decay_setting_018,Blueprint prompt,87.5,0.01
decay_setting_018,Blueprint prompt,88.5,0.01
decay_setting_018,Blueprint prompt,89.5,0.01
decay_setting_018,Blueprint prompt,90.5,0.01
decay_setting_018,Blueprint prompt,91.5,0.01
decay_setting_018,Blueprint prompt,92.5,0.01
decay_setting_018,Blueprint prompt,93.5,0.01
decay_setting_018,Blueprint prompt,94.5,0.01
decay_setting_018,Blueprint prompt,95.5,0.01
decay_setting_018,Blueprint prompt,96.5,0.01
decay_setting_018,Blueprint prompt,97.5,0.01
decay_setting_018,Blueprint prompt,98.5,0.01
decay_setting_018,Blueprint prompt,99.5,0.01
decay_setting_019,Blueprint prompt,0.5,0.91
decay_setting_019,Blueprint prompt,1.5,0.89
decay_setting_019,Blueprint prompt,2.5,0.88
decay_setting_019,Blueprint prompt,3.5,0.86
decay_setting_019,Blueprint prompt,4.5,0.84
decay_setting_019,Blueprint prompt,5.5,0.83
decay_setting_019,Blueprint prompt,6.5,0.81
decay_setting_019,Blueprint prompt,7.5,0.79
decay_setting_019,Blueprint prompt,8.5,0.76
decay_setting_019,Blueprint prompt,9.5,0.74
decay_setting_019,Blueprint prompt,10.5,0.72
decay_setting_019,Blueprint prompt,11.5,0.7
decay_setting_019,Blueprint prompt,12.5,0.68
decay_setting_019,Blueprint prompt,13.5,0.65
decay_setting_019,Blueprint prompt,14.5,0.63
decay_setting_019,Blueprint prompt,15.5,0.6
decay_setting_019,Blueprint prompt,16.5,0.58
decay_setting_019,Blueprint prompt,17.5,0.55
decay_setting_019,Blueprint prompt,18.5,0.53
decay_setting_019,Blueprint prompt,19.5,0.51
decay_setting_019,Blueprint prompt,20.5,0.48
decay_setting_019,Blueprint prompt,21.5,0.46
decay_setting_019,Blueprint prompt,22.5,0.44
decay_setting_019,Blueprint prompt,23.5,0.42
decay_setting_019,Blueprint prompt,24.5,0.4
decay_setting_019,Blueprint prompt,25.5,0.38
decay_setting_019,Blueprint prompt,26.5,0.36
decay_setting_019,Blueprint prompt,27.5,0.34
decay_setting_019,Blueprint prompt,28.5,0.33
decay_setting_019,Blueprint prompt,29.5,0.31
decay_setting_019,Blueprint prompt,30.5,0.3
decay_setting_019,Blueprint prompt,31.5,0.29
decay_setting_019,Blueprint prompt,32.5,0.27
decay_setting_019,Blueprint prompt,33.5,0.26
decay_setting_019,Blueprint prompt,34.5,0.25
decay_setting_019,Blueprint prompt,35.5,0.24
decay_setting_019,Blueprint prompt,36.5,0.23
decay_setting_019,Blueprint prompt,37.5,0.22
decay_setting_019,Blueprint prompt,38.5,0.21
decay_setting_019,Blueprint prompt,39.5,0.2
decay_setting_019,Blueprint prompt,40.5,0.19
decay_setting_019,Blueprint prompt,41.5,0.18
decay_setting_019,Blueprint prompt,42.5,0.17
decay_setting_019,Blueprint prompt,43.5,0.16
decay_setting_019,Blueprint prompt,44.5,0.15
decay_setting_019,Blueprint prompt,45.5,0.14
decay_setting_019,Blueprint prompt,46.5,0.13
decay_setting_019,Blueprint prompt,47.5,0.12
decay_setting_019,Blueprint prompt,48.5,0.11
decay_setting_019,Blueprint prompt,49.5,0.1
decay_setting_019,Blueprint prompt,50.5,0.09
decay_setting_019,Blueprint prompt,51.5,0.09
decay_setting_019,Blueprint prompt,52.5,0.08
decay_setting_019,Blueprint prompt,53.5,0.08
decay_setting_019,Blueprint prompt,54.5,0.07
decay_setting_019,Blueprint prompt,55.5,0.07
decay_setting_019,Blueprint prompt,56.5,0.06
decay_setting_019,Blueprint prompt,57.5,0.06
decay_setting_019,Blueprint prompt,58.5,0.05
decay_setting_019,Blueprint prompt,59.5,0.05
decay_setting_019,Blueprint prompt,60.5,0.05
decay_setting_019,Blueprint prompt,61.5,0.04
decay_setting_019,Blueprint prompt,62.5,0.04
decay_setting_019,Blueprint prompt,63.5,0.04
decay_setting_019,Blueprint prompt,64.5,0.03
decay_setting_019,Blueprint prompt,65.5,0.03
decay_setting_019,Blueprint prompt,66.5,0.03
decay_setting_019,Blueprint prompt,67.5,0.02
decay_setting_019,Blueprint prompt,68.5,0.02
decay_setting_019,Blueprint prompt,69.5,0.02
decay_setting_019,Blueprint prompt,70.5,0.02
decay_setting_019,Blueprint prompt,71.5,0.02
decay_setting_019,Blueprint prompt,72.5,0.02
decay_setting_019,Blueprint prompt,73.5,0.01
decay_setting_019,Blueprint prompt,74.5,0.01
decay_setting_019,Blueprint prompt,75.5,0.01
decay_setting_019,Blueprint prompt,76.5,0.01
decay_setting_019,Blueprint prompt,77.5,0.01
decay_setting_019,Blueprint prompt,78.5,0.01
decay_setting_019,Blueprint prompt,79.5,0.01
decay_setting_019,Blueprint prompt,80.5,0.01
decay_setting_019,Blueprint prompt,81.5,0.01
decay_setting_019,Blueprint prompt,82.5,0.01
decay_setting_019,Blueprint prompt,83.5,0.01
decay_setting_019,Blueprint prompt,84.5,0.01
decay_setting_019,Blueprint prompt,85.5,0.01
decay_setting_019,Blueprint prompt,86.5,0.01
decay_setting_019,Blueprint prompt,87.5,0.01
decay_setting_019,Blueprint prompt,88.5,0.01
decay_setting_019,Blueprint prompt,89.5,0.01
decay_setting_019,Blueprint prompt,90.5,0.0
decay_setting_019,Blueprint prompt,91.5,0.0
decay_setting_019,Blueprint prompt,92.5,0.0
decay_setting_019,Blueprint prompt,93.5,0.0
decay_setting_019,Blueprint prompt,94.5,0.0
decay_setting_019,Blueprint prompt,95.5,0.0
decay_setting_019,Blueprint prompt,96.5,0.0
decay_setting_019,Blueprint prompt,97.5,0.0
decay_setting_019,Blueprint prompt,98.5,0.0
decay_setting_019,Blueprint prompt,99.5,0.0
decay_setting_021,Baseline prompt,0.5,0.85
decay_setting_021,Baseline prompt,1.5,0.79
decay_setting_021,Baseline prompt,2.5,0.72
decay_setting_021,Baseline prompt,3.5,0.68
decay_setting_021,Baseline prompt,4.5,0.65
decay_setting_021,Baseline prompt,5.5,0.62
decay_setting_021,Baseline prompt,6.5,0.58
decay_setting_021,Baseline prompt,7.5,0.52
decay_setting_021,Baseline prompt,8.5,0.48
decay_setting_021,Baseline prompt,9.5,0.42
decay_setting_021,Baseline prompt,10.5,0.38
decay_setting_021,Baseline prompt,11.5,0.34
decay_setting_021,Baseline prompt,12.5,0.32
decay_setting_021,Baseline prompt,13.5,0.29
decay_setting_021,Baseline prompt,14.5,0.27
decay_setting_021,Baseline prompt,15.5,0.24
decay_setting_021,Baseline prompt,16.5,0.22
decay_setting_021,Baseline prompt,17.5,0.19
decay_setting_021,Baseline prompt,18.5,0.17
decay_setting_021,Baseline prompt,19.5,0.15
decay_setting_021,Baseline prompt,20.5,0.13
decay_setting_021,Baseline prompt,21.5,0.12
decay_setting_021,Baseline prompt,22.5,0.11
decay_setting_021,Baseline prompt,23.5,0.1
decay_setting_021,Baseline prompt,24.5,0.09
decay_setting_021,Baseline prompt,25.5,0.08
decay_setting_021,Baseline prompt,26.5,0.07
decay_setting_021,Baseline prompt,27.5,0.07
decay_setting_021,Baseline prompt,28.5,0.06
decay_setting_021,Baseline prompt,29.5,0.06
decay_setting_021,Baseline prompt,30.5,0.05
decay_setting_021,Baseline prompt,31.5,0.05
decay_setting_021,Baseline prompt,32.5,0.04
decay_setting_021,Baseline prompt,33.5,0.04
decay_setting_021,Baseline prompt,34.5,0.03
decay_setting_021,Baseline prompt,35.5,0.03
decay_setting_021,Baseline prompt,36.5,0.03
decay_setting_021,Baseline prompt,37.5,0.03
decay_setting_021,Baseline prompt,38.5,0.02
decay_setting_021,Baseline prompt,39.5,0.02
decay_setting_021,Baseline prompt,40.5,0.02
decay_setting_021,Baseline prompt,41.5,0.02
decay_setting_021,Baseline prompt,42.5,0.02
decay_setting_021,Baseline prompt,43.5,0.01
decay_setting_021,Baseline prompt,44.5,0.01
decay_setting_021,Baseline prompt,45.5,0.01
decay_setting_021,Baseline prompt,46.5,0.01
decay_setting_021,Baseline prompt,47.5,0.01
decay_setting_021,Baseline prompt,48.5,0.01
decay_setting_021,Baseline prompt,49.5,0.01
decay_setting_021,Baseline prompt,50.5,0.01
decay_setting_021,Baseline prompt,51.5,0.01
decay_setting_021,Baseline prompt,52.5,0.01
decay_setting_021,Baseline prompt,53.5,0.01
decay_setting_021,Baseline prompt,54.5,0.01
decay_setting_021,Baseline prompt,55.5,0.01
decay_setting_021,Baseline prompt,56.5,0.01
decay_setting_021,Baseline prompt,57.5,0.01
decay_setting_021,Baseline prompt,58.5,0.01
decay_setting_021,Baseline prompt,59.5,0.01
decay_setting_021,Baseline prompt,60.5,0.01
decay_setting_021,Baseline prompt,61.5,0.01
decay_setting_021,Baseline prompt,62.5,0.01
decay_setting_021,Baseline prompt,63.5,0.01
decay_setting_021,Baseline prompt,64.5,0.01
decay_setting_021,Baseline prompt,65.5,0.01
decay_setting_021,Baseline prompt,66.5,0.01
decay_setting_021,Baseline prompt,67.5,0.01
decay_setting_021,Baseline prompt,68.5,0.01
decay_setting_021,Baseline prompt,69.5,0.01
decay_setting_021,Baseline prompt,70.5,0.01
decay_setting_021,Baseline prompt,71.5,0.01
decay_setting_021,Baseline prompt,72.5,0.01
decay_setting_021,Baseline prompt,73.5,0.01
decay_setting_021,Baseline prompt,74.5,0.01
decay_setting_021,Baseline prompt,75.5,0.01
decay_setting_021,Baseline prompt,76.5,0.01
decay_setting_021,Baseline prompt,77.5,0.01
decay_setting_021,Baseline prompt,78.5,0.01
decay_setting_021,Baseline prompt,79.5,0.01
decay_setting_021,Baseline prompt,80.5,0.01
decay_setting_021,Baseline prompt,81.5,0.01
decay_setting_021,Baseline prompt,82.5,0.01
decay_setting_021,Baseline prompt,83.5,0.01
decay_setting_021,Baseline prompt,84.5,0.01
decay_setting_021,Baseline prompt,85.5,0.01
decay_setting_021,Baseline prompt,86.5,0.01
decay_setting_021,Baseline prompt,87.5,0.01
decay_setting_021,Baseline prompt,88.5,0.01
decay_setting_021,Baseline prompt,89.5,0.01
decay_setting_021,Baseline prompt,90.5,0.01
decay_setting_021,Baseline prompt,91.5,0.01
decay_setting_021,Baseline prompt,92.5,0.01
decay_setting_021,Baseline prompt,93.5,0.01
decay_setting_021,Baseline prompt,94.5,0.01
decay_setting_021,Baseline prompt,95.5,0.01
decay_setting_021,Baseline prompt,96.5,0.01
decay_setting_021,Baseline prompt,97.5,0.01
decay_setting_021,Baseline prompt,98.5,0.01
decay_setting_021,Baseline prompt,99.5,0.01
decay_setting_021,Blueprint prompt,0.5,0.89
decay_setting_021,Blueprint prompt,1.5,0.88
decay_setting_021,Blueprint prompt,2.5,0.87
decay_setting_021,Blueprint prompt,3.5,0.86
decay_setting_021,Blueprint prompt,4.5,0.84
decay_setting_021,Blueprint prompt,5.5,0.82
decay_setting_021,Blueprint prompt,6.5,0.81
decay_setting_021,Blueprint prompt,7.5,0.79
decay_setting_021,Blueprint prompt,8.5,0.78
decay_setting_021,Blueprint prompt,9.5,0.76
decay_setting_021,Blueprint prompt,10.5,0.73
decay_setting_021,Blueprint prompt,11.5,0.71
decay_setting_021,Blueprint prompt,12.5,0.69
decay_setting_021,Blueprint prompt,13.5,0.67
decay_setting_021,Blueprint prompt,14.5,0.65
decay_setting_021,Blueprint prompt,15.5,0.62
decay_setting_021,Blueprint prompt,16.5,0.6
decay_setting_021,Blueprint prompt,17.5,0.58
decay_setting_021,Blueprint prompt,18.5,0.55
decay_setting_021,Blueprint prompt,19.5,0.53
decay_setting_021,Blueprint prompt,20.5,0.5
decay_setting_021,Blueprint prompt,21.5,0.48
decay_setting_021,Blueprint prompt,22.5,0.46
decay_setting_021,Blueprint prompt,23.5,0.44
decay_setting_021,Blueprint prompt,24.5,0.42
decay_setting_021,Blueprint prompt,25.5,0.41
decay_setting_021,Blueprint prompt,26.5,0.39
decay_setting_021,Blueprint prompt,27.5,0.37
decay_setting_021,Blueprint prompt,28.5,0.36
decay_setting_021,Blueprint prompt,29.5,0.34
decay_setting_021,Blueprint prompt,30.5,0.33
decay_setting_021,Blueprint prompt,31.5,0.32
decay_setting_021,Blueprint prompt,32.5,0.31
decay_setting_021,Blueprint prompt,33.5,0.3
decay_setting_021,Blueprint prompt,34.5,0.29
decay_setting_021,Blueprint prompt,35.5,0.28
decay_setting_021,Blueprint prompt,36.5,0.27
decay_setting_021,Blueprint prompt,37.5,0.26
decay_setting_021,Blueprint prompt,38.5,0.25
decay_setting_021,Blueprint prompt,39.5,0.24
decay_setting_021,Blueprint prompt,40.5,0.23
decay_setting_021,Blueprint prompt,41.5,0.22
decay_setting_021,Blueprint prompt,42.5,0.21
decay_setting_021,Blueprint prompt,43.5,0.2
decay_setting_021,Blueprint prompt,44.5,0.19
decay_setting_021,Blueprint prompt,45.5,0.18
decay_setting_021,Blueprint prompt,46.5,0.17
decay_setting_021,Blueprint prompt,47.5,0.16
decay_setting_021,Blueprint prompt,48.5,0.15
decay_setting_021,Blueprint prompt,49.5,0.14
decay_setting_021,Blueprint prompt,50.5,0.13
decay_setting_021,Blueprint prompt,51.5,0.13
decay_setting_021,Blueprint prompt,52.5,0.12
decay_setting_021,Blueprint prompt,53.5,0.11
decay_setting_021,Blueprint prompt,54.5,0.11
decay_setting_021,Blueprint prompt,55.5,0.1
decay_setting_021,Blueprint prompt,56.5,0.1
decay_setting_021,Blueprint prompt,57.5,0.09
decay_setting_021,Blueprint prompt,58.5,0.09
decay_setting_021,Blueprint prompt,59.5,0.08
decay_setting_021,Blueprint prompt,60.5,0.08
decay_setting_021,Blueprint prompt,61.5,0.07
decay_setting_021,Blueprint prompt,62.5,0.07
decay_setting_021,Blueprint prompt,63.5,0.07
decay_setting_021,Blueprint prompt,64.5,0.06
decay_setting_021,Blueprint prompt,65.5,0.06
decay_setting_021,Blueprint prompt,66.5,0.06
decay_setting_021,Blueprint prompt,67.5,0.05
decay_setting_021,Blueprint prompt,68.5,0.05
decay_setting_021,Blueprint prompt,69.5,0.05
decay_setting_021,Blueprint prompt,70.5,0.04
decay_setting_021,Blueprint prompt,71.5,0.04
decay_setting_021,Blueprint prompt,72.5,0.04
decay_setting_021,Blueprint prompt,73.5,0.03
decay_setting_021,Blueprint prompt,74.5,0.03
decay_setting_021,Blueprint prompt,75.5,0.03
decay_setting_021,Blueprint prompt,76.5,0.03
decay_setting_021,Blueprint prompt,77.5,0.03
decay_setting_021,Blueprint prompt,78.5,0.02
decay_setting_021,Blueprint prompt,79.5,0.02
decay_setting_021,Blueprint prompt,80.5,0.02
decay_setting_021,Blueprint prompt,81.5,0.02
decay_setting_021,Blueprint prompt,82.5,0.02
decay_setting_021,Blueprint prompt,83.5,0.02
decay_setting_021,Blueprint prompt,84.5,0.02
decay_setting_021,Blueprint prompt,85.5,0.01
decay_setting_021,Blueprint prompt,86.5,0.01
decay_setting_021,Blueprint prompt,87.5,0.01
decay_setting_021,Blueprint prompt,88.5,0.01
decay_setting_021,Blueprint prompt,89.5,0.01
decay_setting_021,Blueprint prompt,90.5,0.01
decay_setting_021,Blueprint prompt,91.5,0.01
decay_setting_021,Blueprint prompt,92.5,0.01
decay_setting_021,Blueprint prompt,93.5,0.01
decay_setting_021,Blueprint prompt,94.5,0.01
decay_setting_021,Blueprint prompt,95.5,0.01
decay_setting_021,Blueprint prompt,96.5,0.01
decay_setting_021,Blueprint prompt,97.5,0.01
decay_setting_021,Blueprint prompt,98.5,0.01
decay_setting_021,Blueprint prompt,99.5,0.01
decay_setting_022,Blueprint prompt,0.5,0.84
decay_setting_022,Blueprint prompt,1.5,0.81
decay_setting_022,Blueprint prompt,2.5,0.79
decay_setting_022,Blueprint prompt,3.5,0.76
decay_setting_022,Blueprint prompt,4.5,0.72
decay_setting_022,Blueprint prompt,5.5,0.69
decay_setting_022,Blueprint prompt,6.5,0.65
decay_setting_022,Blueprint prompt,7.5,0.63
decay_setting_022,Blueprint prompt,8.5,0.61
decay_setting_022,Blueprint prompt,9.5,0.58
decay_setting_022,Blueprint prompt,10.5,0.56
decay_setting_022,Blueprint prompt,11.5,0.54
decay_setting_022,Blueprint prompt,12.5,0.52
decay_setting_022,Blueprint prompt,13.5,0.49
decay_setting_022,Blueprint prompt,14.5,0.47
decay_setting_022,Blueprint prompt,15.5,0.45
decay_setting_022,Blueprint prompt,16.5,0.43
decay_setting_022,Blueprint prompt,17.5,0.41
decay_setting_022,Blueprint prompt,18.5,0.39
decay_setting_022,Blueprint prompt,19.5,0.37
decay_setting_022,Blueprint prompt,20.5,0.35
decay_setting_022,Blueprint prompt,21.5,0.33
decay_setting_022,Blueprint prompt,22.5,0.32
decay_setting_022,Blueprint prompt,23.5,0.3
decay_setting_022,Blueprint prompt,24.5,0.28
decay_setting_022,Blueprint prompt,25.5,0.27
decay_setting_022,Blueprint prompt,26.5,0.28
decay_setting_022,Blueprint prompt,27.5,0.29
decay_setting_022,Blueprint prompt,28.5,0.31
decay_setting_022,Blueprint prompt,29.5,0.3
decay_setting_022,Blueprint prompt,30.5,0.28
decay_setting_022,Blueprint prompt,31.5,0.27
decay_setting_022,Blueprint prompt,32.5,0.25
decay_setting_022,Blueprint prompt,33.5,0.24
decay_setting_022,Blueprint prompt,34.5,0.22
decay_setting_022,Blueprint prompt,35.5,0.2
decay_setting_022,Blueprint prompt,36.5,0.19
decay_setting_022,Blueprint prompt,37.5,0.18
decay_setting_022,Blueprint prompt,38.5,0.17
decay_setting_022,Blueprint prompt,39.5,0.15
decay_setting_022,Blueprint prompt,40.5,0.14
decay_setting_022,Blueprint prompt,41.5,0.13
decay_setting_022,Blueprint prompt,42.5,0.12
decay_setting_022,Blueprint prompt,43.5,0.11
decay_setting_022,Blueprint prompt,44.5,0.1
decay_setting_022,Blueprint prompt,45.5,0.09
decay_setting_022,Blueprint prompt,46.5,0.08
decay_setting_022,Blueprint prompt,47.5,0.07
decay_setting_022,Blueprint prompt,48.5,0.07
decay_setting_022,Blueprint prompt,49.5,0.06
decay_setting_022,Blueprint prompt,50.5,0.05
decay_setting_022,Blueprint prompt,51.5,0.05
decay_setting_022,Blueprint prompt,52.5,0.04
decay_setting_022,Blueprint prompt,53.5,0.04
decay_setting_022,Blueprint prompt,54.5,0.04
decay_setting_022,Blueprint prompt,55.5,0.03
decay_setting_022,Blueprint prompt,56.5,0.03
decay_setting_022,Blueprint prompt,57.5,0.03
decay_setting_022,Blueprint prompt,58.5,0.02
decay_setting_022,Blueprint prompt,59.5,0.02
decay_setting_022,Blueprint prompt,60.5,0.02
decay_setting_022,Blueprint prompt,61.5,0.02
decay_setting_022,Blueprint prompt,62.5,0.02
decay_setting_022,Blueprint prompt,63.5,0.01
decay_setting_022,Blueprint prompt,64.5,0.01
decay_setting_022,Blueprint prompt,65.5,0.01
decay_setting_022,Blueprint prompt,66.5,0.01
decay_setting_022,Blueprint prompt,67.5,0.01
decay_setting_022,Blueprint prompt,68.5,0.01
decay_setting_022,Blueprint prompt,69.5,0.01
decay_setting_022,Blueprint prompt,70.5,0.01
decay_setting_022,Blueprint prompt,71.5,0.01
decay_setting_022,Blueprint prompt,72.5,0.01
decay_setting_022,Blueprint prompt,73.5,0.01
decay_setting_022,Blueprint prompt,74.5,0.01
decay_setting_022,Blueprint prompt,75.5,0.01
decay_setting_022,Blueprint prompt,76.5,0.01
decay_setting_022,Blueprint prompt,77.5,0.01
decay_setting_022,Blueprint prompt,78.5,0.01
decay_setting_022,Blueprint prompt,79.5,0.01
decay_setting_022,Blueprint prompt,80.5,0.01
decay_setting_022,Blueprint prompt,81.5,0.01
decay_setting_022,Blueprint prompt,82.5,0.01
decay_setting_022,Blueprint prompt,83.5,0.01
decay_setting_022,Blueprint prompt,84.5,0.01
decay_setting_022,Blueprint prompt,85.5,0.01
decay_setting_022,Blueprint prompt,86.5,0.01
decay_setting_022,Blueprint prompt,87.5,0.01
decay_setting_022,Blueprint prompt,88.5,0.01
decay_setting_022,Blueprint prompt,89.5,0.01
decay_setting_022,Blueprint prompt,90.5,0.01
decay_setting_022,Blueprint prompt,91.5,0.01
decay_setting_022,Blueprint prompt,92.5,0.01
decay_setting_022,Blueprint prompt,93.5,0.01
decay_setting_022,Blueprint prompt,94.5,0.01
decay_setting_022,Blueprint prompt,95.5,0.01
decay_setting_022,Blueprint prompt,96.5,0.01
decay_setting_022,Blueprint prompt,97.5,0.01
decay_setting_022,Blueprint prompt,98.5,0.01
decay_setting_022,Blueprint prompt,99.5,0.01
decay_setting_023,Baseline prompt,0.5,0.85
decay_setting_023,Baseline prompt,1.5,0.82
decay_setting_023,Baseline prompt,2.5,0.78
decay_setting_023,Baseline prompt,3.5,0.74
decay_setting_023,Baseline prompt,4.5,0.7
decay_setting_023,Baseline prompt,5.5,0.66
decay_setting_023,Baseline prompt,6.5,0.62
decay_setting_023,Baseline prompt,7.5,0.58
decay_setting_023,Baseline prompt,8.5,0.54
decay_setting_023,Baseline prompt,9.5,0.5
decay_setting_023,Baseline prompt,10.5,0.47
decay_setting_023,Baseline prompt,11.5,0.43
decay_setting_023,Baseline prompt,12.5,0.4
decay_setting_023,Baseline prompt,13.5,0.36
decay_setting_023,Baseline prompt,14.5,0.33
decay_setting_023,Baseline prompt,15.5,0.3
decay_setting_023,Baseline prompt,16.5,0.27
decay_setting_023,Baseline prompt,17.5,0.25
decay_setting_023,Baseline prompt,18.5,0.23
decay_setting_023,Baseline prompt,19.5,0.21
decay_setting_023,Baseline prompt,20.5,0.19
decay_setting_023,Baseline prompt,21.5,0.18
decay_setting_023,Baseline prompt,22.5,0.16
decay_setting_023,Baseline prompt,23.5,0.15
decay_setting_023,Baseline prompt,24.5,0.14
decay_setting_023,Baseline prompt,25.5,0.13
decay_setting_023,Baseline prompt,26.5,0.12
decay_setting_023,Baseline prompt,27.5,0.11
decay_setting_023,Baseline prompt,28.5,0.1
decay_setting_023,Baseline prompt,29.5,0.09
decay_setting_023,Baseline prompt,30.5,0.08
decay_setting_023,Baseline prompt,31.5,0.08
decay_setting_023,Baseline prompt,32.5,0.07
decay_setting_023,Baseline prompt,33.5,0.07
decay_setting_023,Baseline prompt,34.5,0.06
decay_setting_023,Baseline prompt,35.5,0.06
decay_setting_023,Baseline prompt,36.5,0.05
decay_setting_023,Baseline prompt,37.5,0.05
decay_setting_023,Baseline prompt,38.5,0.05
decay_setting_023,Baseline prompt,39.5,0.05
decay_setting_023,Baseline prompt,40.5,0.04
decay_setting_023,Baseline prompt,41.5,0.04
decay_setting_023,Baseline prompt,42.5,0.04
decay_setting_023,Baseline prompt,43.5,0.04
decay_setting_023,Baseline prompt,44.5,0.03
decay_setting_023,Baseline prompt,45.5,0.03
decay_setting_023,Baseline prompt,46.5,0.03
decay_setting_023,Baseline prompt,47.5,0.03
decay_setting_023,Baseline prompt,48.5,0.02
decay_setting_023,Baseline prompt,49.5,0.02
decay_setting_023,Baseline prompt,50.5,0.02
decay_setting_023,Baseline prompt,51.5,0.02
decay_setting_023,Baseline prompt,52.5,0.02
decay_setting_023,Baseline prompt,53.5,0.02
decay_setting_023,Baseline prompt,54.5,0.02
decay_setting_023,Baseline prompt,55.5,0.02
decay_setting_023,Baseline prompt,56.5,0.01
decay_setting_023,Baseline prompt,57.5,0.01
decay_setting_023,Baseline prompt,58.5,0.01
decay_setting_023,Baseline prompt,59.5,0.01
decay_setting_023,Baseline prompt,60.5,0.01
decay_setting_023,Baseline prompt,61.5,0.01
decay_setting_023,Baseline prompt,62.5,0.01
decay_setting_023,Baseline prompt,63.5,0.01
decay_setting_023,Baseline prompt,64.5,0.01
decay_setting_023,Baseline prompt,65.5,0.01
decay_setting_023,Baseline prompt,66.5,0.01
decay_setting_023,Baseline prompt,67.5,0.01
decay_setting_023,Baseline prompt,68.5,0.01
decay_setting_023,Baseline prompt,69.5,0.01
decay_setting_023,Baseline prompt,70.5,0.01
decay_setting_023,Baseline prompt,71.5,0.01
decay_setting_023,Baseline prompt,72.5,0.01
decay_setting_023,Baseline prompt,73.5,0.01
decay_setting_023,Baseline prompt,74.5,0.01
decay_setting_023,Baseline prompt,75.5,0.01
decay_setting_023,Baseline prompt,76.5,0.01
decay_setting_023,Baseline prompt,77.5,0.01
decay_setting_023,Baseline prompt,78.5,0.01
decay_setting_023,Baseline prompt,79.5,0.01
decay_setting_023,Baseline prompt,80.5,0.01
decay_setting_023,Baseline prompt,81.5,0.01
decay_setting_023,Baseline prompt,82.5,0.01
decay_setting_023,Baseline prompt,83.5,0.01
decay_setting_023,Baseline prompt,84.5,0.01
decay_setting_023,Baseline prompt,85.5,0.01
decay_setting_023,Baseline prompt,86.5,0.01
decay_setting_023,Baseline prompt,87.5,0.01
decay_setting_023,Baseline prompt,88.5,0.01
decay_setting_023,Baseline prompt,89.5,0.01
decay_setting_023,Baseline prompt,90.5,0.01
decay_setting_023,Baseline prompt,91.5,0.01
decay_setting_023,Baseline prompt,92.5,0.01
decay_setting_023,Baseline prompt,93.5,0.01
decay_setting_023,Baseline prompt,94.5,0.01
decay_setting_023,Baseline prompt,95.5,0.01
decay_setting_023,Baseline prompt,96.5,0.01
decay_setting_023,Baseline prompt,97.5,0.01
decay_setting_023,Baseline prompt,98.5,0.01
decay_setting_023,Baseline prompt,99.5,0.01
decay_setting_020,Baseline prompt,0.5,0.87
decay_setting_020,Baseline prompt,1.5,0.84
decay_setting_020,Baseline prompt,2.5,0.81
decay_setting_020,Baseline prompt,3.5,0.77
decay_setting_020,Baseline prompt,4.5,0.73
decay_setting_020,Baseline prompt,5.5,0.68
decay_setting_020,Baseline prompt,6.5,0.63
decay_setting_020,Baseline prompt,7.5,0.58
decay_setting_020,Baseline prompt,8.5,0.53
decay_setting_020,Baseline prompt,9.5,0.48
decay_setting_020,Baseline prompt,10.5,0.45
decay_setting_020,Baseline prompt,11.5,0.42
decay_setting_020,Baseline prompt,12.5,0.39
decay_setting_020,Baseline prompt,13.5,0.36
decay_setting_020,Baseline prompt,14.5,0.34
decay_setting_020,Baseline prompt,15.5,0.31
decay_setting_020,Baseline prompt,16.5,0.28
decay_setting_020,Baseline prompt,17.5,0.26
decay_setting_020,Baseline prompt,18.5,0.24
decay_setting_020,Baseline prompt,19.5,0.22
decay_setting_020,Baseline prompt,20.5,0.2
decay_setting_020,Baseline prompt,21.5,0.18
decay_setting_020,Baseline prompt,22.5,0.16
decay_setting_020,Baseline prompt,23.5,0.14
decay_setting_020,Baseline prompt,24.5,0.12
decay_setting_020,Baseline prompt,25.5,0.1
decay_setting_020,Baseline prompt,26.5,0.09
decay_setting_020,Baseline prompt,27.5,0.08
decay_setting_020,Baseline prompt,28.5,0.07
decay_setting_020,Baseline prompt,29.5,0.06
decay_setting_020,Baseline prompt,30.5,0.05
decay_setting_020,Baseline prompt,31.5,0.05
decay_setting_020,Baseline prompt,32.5,0.04
decay_setting_020,Baseline prompt,33.5,0.04
decay_setting_020,Baseline prompt,34.5,0.03
decay_setting_020,Baseline prompt,35.5,0.03
decay_setting_020,Baseline prompt,36.5,0.03
decay_setting_020,Baseline prompt,37.5,0.02
decay_setting_020,Baseline prompt,38.5,0.02
decay_setting_020,Baseline prompt,39.5,0.02
decay_setting_020,Baseline prompt,40.5,0.02
decay_setting_020,Baseline prompt,41.5,0.01
decay_setting_020,Baseline prompt,42.5,0.01
decay_setting_020,Baseline prompt,43.5,0.01
decay_setting_020,Baseline prompt,44.5,0.01
decay_setting_020,Baseline prompt,45.5,0.01
decay_setting_020,Baseline prompt,46.5,0.01
decay_setting_020,Baseline prompt,47.5,0.01
decay_setting_020,Baseline prompt,48.5,0.01
decay_setting_020,Baseline prompt,49.5,0.01
decay_setting_020,Baseline prompt,50.5,0.01
decay_setting_020,Baseline prompt,51.5,0.01
decay_setting_020,Baseline prompt,52.5,0.01
decay_setting_020,Baseline prompt,53.5,0.01
decay_setting_020,Baseline prompt,54.5,0.01
decay_setting_020,Baseline prompt,55.5,0.01
decay_setting_020,Baseline prompt,56.5,0.01
decay_setting_020,Baseline prompt,57.5,0.01
decay_setting_020,Baseline prompt,58.5,0.01
decay_setting_020,Baseline prompt,59.5,0.01
decay_setting_020,Baseline prompt,60.5,0.01
decay_setting_020,Baseline prompt,61.5,0.01
decay_setting_020,Baseline prompt,62.5,0.01
decay_setting_020,Baseline prompt,63.5,0.01
decay_setting_020,Baseline prompt,64.5,0.01
decay_setting_020,Baseline prompt,65.5,0.01
decay_setting_020,Baseline prompt,66.5,0.01
decay_setting_020,Baseline prompt,67.5,0.01
decay_setting_020,Baseline prompt,68.5,0.01
decay_setting_020,Baseline prompt,69.5,0.01
decay_setting_020,Baseline prompt,70.5,0.01
decay_setting_020,Baseline prompt,71.5,0.01
decay_setting_020,Baseline prompt,72.5,0.01
decay_setting_020,Baseline prompt,73.5,0.01
decay_setting_020,Baseline prompt,74.5,0.01
decay_setting_020,Baseline prompt,75.5,0.01
decay_setting_020,Baseline prompt,76.5,0.01
decay_setting_020,Baseline prompt,77.5,0.01
decay_setting_020,Baseline prompt,78.5,0.01
decay_setting_020,Baseline prompt,79.5,0.01
decay_setting_020,Baseline prompt,80.5,0.01
decay_setting_020,Baseline prompt,81.5,0.01
decay_setting_020,Baseline prompt,82.5,0.01
decay_setting_020,Baseline prompt,83.5,0.01
decay_setting_020,Baseline prompt,84.5,0.01
decay_setting_020,Baseline prompt,85.5,0.01
decay_setting_020,Baseline prompt,86.5,0.01
decay_setting_020,Baseline prompt,87.5,0.01
decay_setting_020,Baseline prompt,88.5,0.01
decay_setting_020,Baseline prompt,89.5,0.01
decay_setting_020,Baseline prompt,90.5,0.01
decay_setting_020,Baseline prompt,91.5,0.01
decay_setting_020,Baseline prompt,92.5,0.01
decay_setting_020,Baseline prompt,93.5,0.01
decay_setting_020,Baseline prompt,94.5,0.01
decay_setting_020,Baseline prompt,95.5,0.01
decay_setting_020,Baseline prompt,96.5,0.01
decay_setting_020,Baseline prompt,97.5,0.01
decay_setting_020,Baseline prompt,98.5,0.01
decay_setting_020,Baseline prompt,99.5,0.01
decay_setting_024,Baseline prompt,0.5,0.85
decay_setting_024,Baseline prompt,1.5,0.8
decay_setting_024,Baseline prompt,2.5,0.75
decay_setting_024,Baseline prompt,3.5,0.72
decay_setting_024,Baseline prompt,4.5,0.7
decay_setting_024,Baseline prompt,5.5,0.67
decay_setting_024,Baseline prompt,6.5,0.65
decay_setting_024,Baseline prompt,7.5,0.63
decay_setting_024,Baseline prompt,8.5,0.6
decay_setting_024,Baseline prompt,9.5,0.58
decay_setting_024,Baseline prompt,10.5,0.55
decay_setting_024,Baseline prompt,11.5,0.53
decay_setting_024,Baseline prompt,12.5,0.5
decay_setting_024,Baseline prompt,13.5,0.48
decay_setting_024,Baseline prompt,14.5,0.45
decay_setting_024,Baseline prompt,15.5,0.43
decay_setting_024,Baseline prompt,16.5,0.4
decay_setting_024,Baseline prompt,17.5,0.38
decay_setting_024,Baseline prompt,18.5,0.35
decay_setting_024,Baseline prompt,19.5,0.33
decay_setting_024,Baseline prompt,20.5,0.3
decay_setting_024,Baseline prompt,21.5,0.28
decay_setting_024,Baseline prompt,22.5,0.25
decay_setting_024,Baseline prompt,23.5,0.23
decay_setting_024,Baseline prompt,24.5,0.2
decay_setting_024,Baseline prompt,25.5,0.18
decay_setting_024,Baseline prompt,26.5,0.17
decay_setting_024,Baseline prompt,27.5,0.15
decay_setting_024,Baseline prompt,28.5,0.14
decay_setting_024,Baseline prompt,29.5,0.13
decay_setting_024,Baseline prompt,30.5,0.12
decay_setting_024,Baseline prompt,31.5,0.11
decay_setting_024,Baseline prompt,32.5,0.1
decay_setting_024,Baseline prompt,33.5,0.09
decay_setting_024,Baseline prompt,34.5,0.085
decay_setting_024,Baseline prompt,35.5,0.08
decay_setting_024,Baseline prompt,36.5,0.075
decay_setting_024,Baseline prompt,37.5,0.07
decay_setting_024,Baseline prompt,38.5,0.065
decay_setting_024,Baseline prompt,39.5,0.06
decay_setting_024,Baseline prompt,40.5,0.055
decay_setting_024,Baseline prompt,41.5,0.05
decay_setting_024,Baseline prompt,42.5,0.047
decay_setting_024,Baseline prompt,43.5,0.045
decay_setting_024,Baseline prompt,44.5,0.043
decay_setting_024,Baseline prompt,45.5,0.04
decay_setting_024,Baseline prompt,46.5,0.038
decay_setting_024,Baseline prompt,47.5,0.036
decay_setting_024,Baseline prompt,48.5,0.035
decay_setting_024,Baseline prompt,49.5,0.033
decay_setting_024,Baseline prompt,50.5,0.032
decay_setting_024,Baseline prompt,51.5,0.031
decay_setting_024,Baseline prompt,52.5,0.03
decay_setting_024,Baseline prompt,53.5,0.029
decay_setting_024,Baseline prompt,54.5,0.028
decay_setting_024,Baseline prompt,55.5,0.027
decay_setting_024,Baseline prompt,56.5,0.026
decay_setting_024,Baseline prompt,57.5,0.025
decay_setting_024,Baseline prompt,58.5,0.024
decay_setting_024,Baseline prompt,59.5,0.023
decay_setting_024,Baseline prompt,60.5,0.022
decay_setting_024,Baseline prompt,61.5,0.021
decay_setting_024,Baseline prompt,62.5,0.02
decay_setting_024,Baseline prompt,63.5,0.018
decay_setting_024,Baseline prompt,64.5,0.017
decay_setting_024,Baseline prompt,65.5,0.016
decay_setting_024,Baseline prompt,66.5,0.015
decay_setting_024,Baseline prompt,67.5,0.014
decay_setting_024,Baseline prompt,68.5,0.013
decay_setting_024,Baseline prompt,69.5,0.012
decay_setting_024,Baseline prompt,70.5,0.011
decay_setting_024,Baseline prompt,71.5,0.01
decay_setting_024,Baseline prompt,72.5,0.009
decay_setting_024,Baseline prompt,73.5,0.008
decay_setting_024,Baseline prompt,74.5,0.0075
decay_setting_024,Baseline prompt,75.5,0.007
decay_setting_024,Baseline prompt,76.5,0.0065
decay_setting_024,Baseline prompt,77.5,0.006
decay_setting_024,Baseline prompt,78.5,0.0055
decay_setting_024,Baseline prompt,79.5,0.005
decay_setting_024,Baseline prompt,80.5,0.0047
decay_setting_024,Baseline prompt,81.5,0.0045
decay_setting_024,Baseline prompt,82.5,0.0043
decay_setting_024,Baseline prompt,83.5,0.004
decay_setting_024,Baseline prompt,84.5,0.0038
decay_setting_024,Baseline prompt,85.5,0.0036
decay_setting_024,Baseline prompt,86.5,0.0035
decay_setting_024,Baseline prompt,87.5,0.0032
decay_setting_024,Baseline prompt,88.5,0.003
decay_setting_024,Baseline prompt,89.5,0.0028
decay_setting_024,Baseline prompt,90.5,0.0027
decay_setting_024,Baseline prompt,91.5,0.0025
decay_setting_024,Baseline prompt,92.5,0.0023
decay_setting_024,Baseline prompt,93.5,0.002
decay_setting_024,Baseline prompt,94.5,0.0018
decay_setting_024,Baseline prompt,95.5,0.0016
decay_setting_024,Baseline prompt,96.5,0.0015
decay_setting_024,Baseline prompt,97.5,0.0013
decay_setting_024,Baseline prompt,98.5,0.0012
decay_setting_024,Baseline prompt,99.5,0.001
decay_setting_024,Blueprint prompt,0.5,0.93
decay_setting_024,Blueprint prompt,1.5,0.92
decay_setting_024,Blueprint prompt,2.5,0.91
decay_setting_024,Blueprint prompt,3.5,0.88
decay_setting_024,Blueprint prompt,4.5,0.86
decay_setting_024,Blueprint prompt,5.5,0.84
decay_setting_024,Blueprint prompt,6.5,0.82
decay_setting_024,Blueprint prompt,7.5,0.8
decay_setting_024,Blueprint prompt,8.5,0.78
decay_setting_024,Blueprint prompt,9.5,0.77
decay_setting_024,Blueprint prompt,10.5,0.76
decay_setting_024,Blueprint prompt,11.5,0.75
decay_setting_024,Blueprint prompt,12.5,0.74
decay_setting_024,Blueprint prompt,13.5,0.73
decay_setting_024,Blueprint prompt,14.5,0.72
decay_setting_024,Blueprint prompt,15.5,0.71
decay_setting_024,Blueprint prompt,16.5,0.7
decay_setting_024,Blueprint prompt,17.5,0.69
decay_setting_024,Blueprint prompt,18.5,0.68
decay_setting_024,Blueprint prompt,19.5,0.66
decay_setting_024,Blueprint prompt,20.5,0.65
decay_setting_024,Blueprint prompt,21.5,0.64
decay_setting_024,Blueprint prompt,22.5,0.62
decay_setting_024,Blueprint prompt,23.5,0.61
decay_setting_024,Blueprint prompt,24.5,0.6
decay_setting_024,Blueprint prompt,25.5,0.58
decay_setting_024,Blueprint prompt,26.5,0.57
decay_setting_024,Blueprint prompt,27.5,0.56
decay_setting_024,Blueprint prompt,28.5,0.54
decay_setting_024,Blueprint prompt,29.5,0.52
decay_setting_024,Blueprint prompt,30.5,0.51
decay_setting_024,Blueprint prompt,31.5,0.5
decay_setting_024,Blueprint prompt,32.5,0.49
decay_setting_024,Blueprint prompt,33.5,0.48
decay_setting_024,Blueprint prompt,34.5,0.47
decay_setting_024,Blueprint prompt,35.5,0.45
decay_setting_024,Blueprint prompt,36.5,0.44
decay_setting_024,Blueprint prompt,37.5,0.43
decay_setting_024,Blueprint prompt,38.5,0.41
decay_setting_024,Blueprint prompt,39.5,0.39
decay_setting_024,Blueprint prompt,40.5,0.38
decay_setting_024,Blueprint prompt,41.5,0.37
decay_setting_024,Blueprint prompt,42.5,0.36
decay_setting_024,Blueprint prompt,43.5,0.34
decay_setting_024,Blueprint prompt,44.5,0.32
decay_setting_024,Blueprint prompt,45.5,0.31
decay_setting_024,Blueprint prompt,46.5,0.3
decay_setting_024,Blueprint prompt,47.5,0.29
decay_setting_024,Blueprint prompt,48.5,0.27
decay_setting_024,Blueprint prompt,49.5,0.25
decay_setting_024,Blueprint prompt,50.5,0.23
decay_setting_024,Blueprint prompt,51.5,0.22
decay_setting_024,Blueprint prompt,52.5,0.21
decay_setting_024,Blueprint prompt,53.5,0.19
decay_setting_024,Blueprint prompt,54.5,0.18
decay_setting_024,Blueprint prompt,55.5,0.17
decay_setting_024,Blueprint prompt,56.5,0.15
decay_setting_024,Blueprint prompt,57.5,0.14
decay_setting_024,Blueprint prompt,58.5,0.13
decay_setting_024,Blueprint prompt,59.5,0.12
decay_setting_024,Blueprint prompt,60.5,0.11
decay_setting_024,Blueprint prompt,61.5,0.1
decay_setting_024,Blueprint prompt,62.5,0.09
decay_setting_024,Blueprint prompt,63.5,0.08
decay_setting_024,Blueprint prompt,64.5,0.07
decay_setting_024,Blueprint prompt,65.5,0.06
decay_setting_024,Blueprint prompt,66.5,0.05
decay_setting_024,Blueprint prompt,67.5,0.05
decay_setting_024,Blueprint prompt,68.5,0.05
decay_setting_024,Blueprint prompt,69.5,0.05
decay_setting_024,Blueprint prompt,70.5,0.06
decay_setting_024,Blueprint prompt,71.5,0.07
decay_setting_024,Blueprint prompt,72.5,0.08
decay_setting_024,Blueprint prompt,73.5,0.09
decay_setting_024,Blueprint prompt,74.5,0.1
decay_setting_024,Blueprint prompt,75.5,0.11
decay_setting_024,Blueprint prompt,76.5,0.13
decay_setting_024,Blueprint prompt,77.5,0.14
decay_setting_024,Blueprint prompt,78.5,0.15
decay_setting_024,Blueprint prompt,79.5,0.17
decay_setting_024,Blueprint prompt,80.5,0.18
decay_setting_024,Blueprint prompt,81.5,0.19
decay_setting_024,Blueprint prompt,82.5,0.2
decay_setting_024,Blueprint prompt,83.5,0.18
decay_setting_024,Blueprint prompt,84.5,0.17
decay_setting_024,Blueprint prompt,85.5,0.16
decay_setting_024,Blueprint prompt,86.5,0.14
decay_setting_024,Blueprint prompt,87.5,0.13
decay_setting_024,Blueprint prompt,88.5,0.12
decay_setting_024,Blueprint prompt,89.5,0.11
decay_setting_024,Blueprint prompt,90.5,0.09
decay_setting_024,Blueprint prompt,91.5,0.08
decay_setting_024,Blueprint prompt,92.5,0.07
decay_setting_024,Blueprint prompt,93.5,0.06
decay_setting_024,Blueprint prompt,94.5,0.05
decay_setting_024,Blueprint prompt,95.5,0.05
decay_setting_024,Blueprint prompt,96.5,0.04
decay_setting_024,Blueprint prompt,97.5,0.03
decay_setting_024,Blueprint prompt,98.5,0.03
decay_setting_024,Blueprint prompt,99.5,0.03
decay_setting_025,Blueprint prompt,0.5,0.91
decay_setting_025,Blueprint prompt,1.5,0.89
decay_setting_025,Blueprint prompt,2.5,0.87
decay_setting_025,Blueprint prompt,3.5,0.86
decay_setting_025,Blueprint prompt,4.5,0.84
decay_setting_025,Blueprint prompt,5.5,0.83
decay_setting_025,Blueprint prompt,6.5,0.81
decay_setting_025,Blueprint prompt,7.5,0.79
decay_setting_025,Blueprint prompt,8.5,0.76
decay_setting_025,Blueprint prompt,9.5,0.74
decay_setting_025,Blueprint prompt,10.5,0.73
decay_setting_025,Blueprint prompt,11.5,0.71
decay_setting_025,Blueprint prompt,12.5,0.7
decay_setting_025,Blueprint prompt,13.5,0.68
decay_setting_025,Blueprint prompt,14.5,0.66
decay_setting_025,Blueprint prompt,15.5,0.64
decay_setting_025,Blueprint prompt,16.5,0.63
decay_setting_025,Blueprint prompt,17.5,0.61
decay_setting_025,Blueprint prompt,18.5,0.59
decay_setting_025,Blueprint prompt,19.5,0.57
decay_setting_025,Blueprint prompt,20.5,0.55
decay_setting_025,Blueprint prompt,21.5,0.53
decay_setting_025,Blueprint prompt,22.5,0.52
decay_setting_025,Blueprint prompt,23.5,0.51
decay_setting_025,Blueprint prompt,24.5,0.5
decay_setting_025,Blueprint prompt,25.5,0.48
decay_setting_025,Blueprint prompt,26.5,0.46
decay_setting_025,Blueprint prompt,27.5,0.45
decay_setting_025,Blueprint prompt,28.5,0.44
decay_setting_025,Blueprint prompt,29.5,0.43
decay_setting_025,Blueprint prompt,30.5,0.42
decay_setting_025,Blueprint prompt,31.5,0.4
decay_setting_025,Blueprint prompt,32.5,0.38
decay_setting_025,Blueprint prompt,33.5,0.35
decay_setting_025,Blueprint prompt,34.5,0.34
decay_setting_025,Blueprint prompt,35.5,0.32
decay_setting_025,Blueprint prompt,36.5,0.31
decay_setting_025,Blueprint prompt,37.5,0.3
decay_setting_025,Blueprint prompt,38.5,0.28
decay_setting_025,Blueprint prompt,39.5,0.27
decay_setting_025,Blueprint prompt,40.5,0.25
decay_setting_025,Blueprint prompt,41.5,0.24
decay_setting_025,Blueprint prompt,42.5,0.23
decay_setting_025,Blueprint prompt,43.5,0.22
decay_setting_025,Blueprint prompt,44.5,0.21
decay_setting_025,Blueprint prompt,45.5,0.2
decay_setting_025,Blueprint prompt,46.5,0.19
decay_setting_025,Blueprint prompt,47.5,0.18
decay_setting_025,Blueprint prompt,48.5,0.17
decay_setting_025,Blueprint prompt,49.5,0.16
decay_setting_025,Blueprint prompt,50.5,0.14
decay_setting_025,Blueprint prompt,51.5,0.13
decay_setting_025,Blueprint prompt,52.5,0.12
decay_setting_025,Blueprint prompt,53.5,0.11
decay_setting_025,Blueprint prompt,54.5,0.11
decay_setting_025,Blueprint prompt,55.5,0.1
decay_setting_025,Blueprint prompt,56.5,0.1
decay_setting_025,Blueprint prompt,57.5,0.09
decay_setting_025,Blueprint prompt,58.5,0.09
decay_setting_025,Blueprint prompt,59.5,0.08
decay_setting_025,Blueprint prompt,60.5,0.07
decay_setting_025,Blueprint prompt,61.5,0.07
decay_setting_025,Blueprint prompt,62.5,0.07
decay_setting_025,Blueprint prompt,63.5,0.06
decay_setting_025,Blueprint prompt,64.5,0.06
decay_setting_025,Blueprint prompt,65.5,0.06
decay_setting_025,Blueprint prompt,66.5,0.05
decay_setting_025,Blueprint prompt,67.5,0.05
decay_setting_025,Blueprint prompt,68.5,0.05
decay_setting_025,Blueprint prompt,69.5,0.04
decay_setting_025,Blueprint prompt,70.5,0.04
decay_setting_025,Blueprint prompt,71.5,0.04
decay_setting_025,Blueprint prompt,72.5,0.03
decay_setting_025,Blueprint prompt,73.5,0.03
decay_setting_025,Blueprint prompt,74.5,0.03
decay_setting_025,Blueprint prompt,75.5,0.02
decay_setting_025,Blueprint prompt,76.5,0.02
decay_setting_025,Blueprint prompt,77.5,0.02
decay_setting_025,Blueprint prompt,78.5,0.02
decay_setting_025,Blueprint prompt,79.5,0.02
decay_setting_025,Blueprint prompt,80.5,0.02
decay_setting_025,Blueprint prompt,81.5,0.02
decay_setting_025,Blueprint prompt,82.5,0.01
decay_setting_025,Blueprint prompt,83.5,0.01
decay_setting_025,Blueprint prompt,84.5,0.01
decay_setting_025,Blueprint prompt,85.5,0.01
decay_setting_025,Blueprint prompt,86.5,0.01
decay_setting_025,Blueprint prompt,87.5,0.01
decay_setting_025,Blueprint prompt,88.5,0.01
decay_setting_025,Blueprint prompt,89.5,0.01
decay_setting_025,Blueprint prompt,90.5,0.0
decay_setting_025,Blueprint prompt,91.5,0.0
decay_setting_025,Blueprint prompt,92.5,0.0
decay_setting_025,Blueprint prompt,93.5,0.0
decay_setting_025,Blueprint prompt,94.5,0.0
decay_setting_025,Blueprint prompt,95.5,0.0
decay_setting_025,Blueprint prompt,96.5,0.0
decay_setting_025,Blueprint prompt,97.5,0.0
decay_setting_025,Blueprint prompt,98.5,0.0
decay_setting_025,Blueprint prompt,99.5,0.0
decay_setting_023,Blueprint prompt,0.5,0.82
decay_setting_023,Blueprint prompt,1.5,0.81
decay_setting_023,Blueprint prompt,2.5,0.79
decay_setting_023,Blueprint prompt,3.5,0.78
decay_setting_023,Blueprint prompt,4.5,0.76
decay_setting_023,Blueprint prompt,5.5,0.74
decay_setting_023,Blueprint prompt,6.5,0.73
decay_setting_023,Blueprint prompt,7.5,0.72
decay_setting_023,Blueprint prompt,8.5,0.71
decay_setting_023,Blueprint prompt,9.5,0.7
decay_setting_023,Blueprint prompt,10.5,0.68
decay_setting_023,Blueprint prompt,11.5,0.66
decay_setting_023,Blueprint prompt,12.5,0.65
decay_setting_023,Blueprint prompt,13.5,0.64
decay_setting_023,Blueprint prompt,14.5,0.63
decay_setting_023,Blueprint prompt,15.5,0.61
decay_setting_023,Blueprint prompt,16.5,0.6
decay_setting_023,Blueprint prompt,17.5,0.59
decay_setting_023,Blueprint prompt,18.5,0.59
decay_setting_023,Blueprint prompt,19.5,0.58
decay_setting_023,Blueprint prompt,20.5,0.57
decay_setting_023,Blueprint prompt,21.5,0.55
decay_setting_023,Blueprint prompt,22.5,0.54
decay_setting_023,Blueprint prompt,23.5,0.53
decay_setting_023,Blueprint prompt,24.5,0.52
decay_setting_023,Blueprint prompt,25.5,0.5
decay_setting_023,Blueprint prompt,26.5,0.49
decay_setting_023,Blueprint prompt,27.5,0.48
decay_setting_023,Blueprint prompt,28.5,0.47
decay_setting_023,Blueprint prompt,29.5,0.45
decay_setting_023,Blueprint prompt,30.5,0.44
decay_setting_023,Blueprint prompt,31.5,0.42
decay_setting_023,Blueprint prompt,32.5,0.4
decay_setting_023,Blueprint prompt,33.5,0.38
decay_setting_023,Blueprint prompt,34.5,0.37
decay_setting_023,Blueprint prompt,35.5,0.36
decay_setting_023,Blueprint prompt,36.5,0.35
decay_setting_023,Blueprint prompt,37.5,0.35
decay_setting_023,Blueprint prompt,38.5,0.34
decay_setting_023,Blueprint prompt,39.5,0.33
decay_setting_023,Blueprint prompt,40.5,0.32
decay_setting_023,Blueprint prompt,41.5,0.31
decay_setting_023,Blueprint prompt,42.5,0.3
decay_setting_023,Blueprint prompt,43.5,0.28
decay_setting_023,Blueprint prompt,44.5,0.27
decay_setting_023,Blueprint prompt,45.5,0.26
decay_setting_023,Blueprint prompt,46.5,0.26
decay_setting_023,Blueprint prompt,47.5,0.25
decay_setting_023,Blueprint prompt,48.5,0.24
decay_setting_023,Blueprint prompt,49.5,0.23
decay_setting_023,Blueprint prompt,50.5,0.22
decay_setting_023,Blueprint prompt,51.5,0.21
decay_setting_023,Blueprint prompt,52.5,0.2
decay_setting_023,Blueprint prompt,53.5,0.19
decay_setting_023,Blueprint prompt,54.5,0.19
decay_setting_023,Blueprint prompt,55.5,0.18
decay_setting_023,Blueprint prompt,56.5,0.17
decay_setting_023,Blueprint prompt,57.5,0.16
decay_setting_023,Blueprint prompt,58.5,0.16
decay_setting_023,Blueprint prompt,59.5,0.15
decay_setting_023,Blueprint prompt,60.5,0.14
decay_setting_023,Blueprint prompt,61.5,0.13
decay_setting_023,Blueprint prompt,62.5,0.12
decay_setting_023,Blueprint prompt,63.5,0.12
decay_setting_023,Blueprint prompt,64.5,0.11
decay_setting_023,Blueprint prompt,65.5,0.1
decay_setting_023,Blueprint prompt,66.5,0.1
decay_setting_023,Blueprint prompt,67.5,0.09
decay_setting_023,Blueprint prompt,68.5,0.09
decay_setting_023,Blueprint prompt,69.5,0.08
decay_setting_023,Blueprint prompt,70.5,0.07
decay_setting_023,Blueprint prompt,71.5,0.07
decay_setting_023,Blueprint prompt,72.5,0.06
decay_setting_023,Blueprint prompt,73.5,0.06
decay_setting_023,Blueprint prompt,74.5,0.05
decay_setting_023,Blueprint prompt,75.5,0.05
decay_setting_023,Blueprint prompt,76.5,0.05
decay_setting_023,Blueprint prompt,77.5,0.04
decay_setting_023,Blueprint prompt,78.5,0.04
decay_setting_023,Blueprint prompt,79.5,0.03
decay_setting_023,Blueprint prompt,80.5,0.03
decay_setting_023,Blueprint prompt,81.5,0.02
decay_setting_023,Blueprint prompt,82.5,0.02
decay_setting_023,Blueprint prompt,83.5,0.02
decay_setting_023,Blueprint prompt,84.5,0.01
decay_setting_023,Blueprint prompt,85.5,0.01
decay_setting_023,Blueprint prompt,86.5,0.01
decay_setting_023,Blueprint prompt,87.5,0.01
decay_setting_023,Blueprint prompt,88.5,0.01
decay_setting_023,Blueprint prompt,89.5,0.01
decay_setting_023,Blueprint prompt,90.5,0.01
decay_setting_023,Blueprint prompt,91.5,0.01
decay_setting_023,Blueprint prompt,92.5,0.01
decay_setting_023,Blueprint prompt,93.5,0.01
decay_setting_023,Blueprint prompt,94.5,0.01
decay_setting_023,Blueprint prompt,95.5,0.01
decay_setting_023,Blueprint prompt,96.5,0.01
decay_setting_023,Blueprint prompt,97.5,0.01
decay_setting_023,Blueprint prompt,98.5,0.01
decay_setting_023,Blueprint prompt,99.5,0.01
decay_setting_027,Baseline prompt,0.5,0.85
decay_setting_027,Baseline prompt,1.5,0.82
decay_setting_027,Baseline prompt,2.5,0.78
decay_setting_027,Baseline prompt,3.5,0.75
decay_setting_027,Baseline prompt,4.5,0.72
decay_setting_027,Baseline prompt,5.5,0.68
decay_setting_027,Baseline prompt,6.5,0.65
decay_setting_027,Baseline prompt,7.5,0.62
decay_setting_027,Baseline prompt,8.5,0.58
decay_setting_027,Baseline prompt,9.5,0.55
decay_setting_027,Baseline prompt,10.5,0.51
decay_setting_027,Baseline prompt,11.5,0.48
decay_setting_027,Baseline prompt,12.5,0.45
decay_setting_027,Baseline prompt,13.5,0.42
decay_setting_027,Baseline prompt,14.5,0.38
decay_setting_027,Baseline prompt,15.5,0.35
decay_setting_027,Baseline prompt,16.5,0.32
decay_setting_027,Baseline prompt,17.5,0.3
decay_setting_027,Baseline prompt,18.5,0.28
decay_setting_027,Baseline prompt,19.5,0.25
decay_setting_027,Baseline prompt,20.5,0.23
decay_setting_027,Baseline prompt,21.5,0.21
decay_setting_027,Baseline prompt,22.5,0.19
decay_setting_027,Baseline prompt,23.5,0.17
decay_setting_027,Baseline prompt,24.5,0.15
decay_setting_027,Baseline prompt,25.5,0.14
decay_setting_027,Baseline prompt,26.5,0.12
decay_setting_027,Baseline prompt,27.5,0.1
decay_setting_027,Baseline prompt,28.5,0.09
decay_setting_027,Baseline prompt,29.5,0.08
decay_setting_027,Baseline prompt,30.5,0.07
decay_setting_027,Baseline prompt,31.5,0.06
decay_setting_027,Baseline prompt,32.5,0.05
decay_setting_027,Baseline prompt,33.5,0.04
decay_setting_027,Baseline prompt,34.5,0.04
decay_setting_027,Baseline prompt,35.5,0.03
decay_setting_027,Baseline prompt,36.5,0.03
decay_setting_027,Baseline prompt,37.5,0.03
decay_setting_027,Baseline prompt,38.5,0.02
decay_setting_027,Baseline prompt,39.5,0.02
decay_setting_027,Baseline prompt,40.5,0.02
decay_setting_027,Baseline prompt,41.5,0.01
decay_setting_027,Baseline prompt,42.5,0.01
decay_setting_027,Baseline prompt,43.5,0.01
decay_setting_027,Baseline prompt,44.5,0.01
decay_setting_027,Baseline prompt,45.5,0.01
decay_setting_027,Baseline prompt,46.5,0.01
decay_setting_027,Baseline prompt,47.5,0.01
decay_setting_027,Baseline prompt,48.5,0.01
decay_setting_027,Baseline prompt,49.5,0.01
decay_setting_027,Baseline prompt,50.5,0.01
decay_setting_027,Baseline prompt,51.5,0.01
decay_setting_027,Baseline prompt,52.5,0.01
decay_setting_027,Baseline prompt,53.5,0.01
decay_setting_027,Baseline prompt,54.5,0.01
decay_setting_027,Baseline prompt,55.5,0.01
decay_setting_027,Baseline prompt,56.5,0.01
decay_setting_027,Baseline prompt,57.5,0.01
decay_setting_027,Baseline prompt,58.5,0.01
decay_setting_027,Baseline prompt,59.5,0.01
decay_setting_027,Baseline prompt,60.5,0.01
decay_setting_027,Baseline prompt,61.5,0.01
decay_setting_027,Baseline prompt,62.5,0.01
decay_setting_027,Baseline prompt,63.5,0.01
decay_setting_027,Baseline prompt,64.5,0.01
decay_setting_027,Baseline prompt,65.5,0.01
decay_setting_027,Baseline prompt,66.5,0.01
decay_setting_027,Baseline prompt,67.5,0.01
decay_setting_027,Baseline prompt,68.5,0.01
decay_setting_027,Baseline prompt,69.5,0.01
decay_setting_027,Baseline prompt,70.5,0.01
decay_setting_027,Baseline prompt,71.5,0.01
decay_setting_027,Baseline prompt,72.5,0.01
decay_setting_027,Baseline prompt,73.5,0.01
decay_setting_027,Baseline prompt,74.5,0.01
decay_setting_027,Baseline prompt,75.5,0.01
decay_setting_027,Baseline prompt,76.5,0.01
decay_setting_027,Baseline prompt,77.5,0.01
decay_setting_027,Baseline prompt,78.5,0.01
decay_setting_027,Baseline prompt,79.5,0.01
decay_setting_027,Baseline prompt,80.5,0.01
decay_setting_027,Baseline prompt,81.5,0.01
decay_setting_027,Baseline prompt,82.5,0.01
decay_setting_027,Baseline prompt,83.5,0.01
decay_setting_027,Baseline prompt,84.5,0.01
decay_setting_027,Baseline prompt,85.5,0.01
decay_setting_027,Baseline prompt,86.5,0.01
decay_setting_027,Baseline prompt,87.5,0.01
decay_setting_027,Baseline prompt,88.5,0.01
decay_setting_027,Baseline prompt,89.5,0.01
decay_setting_027,Baseline prompt,90.5,0.01
decay_setting_027,Baseline prompt,91.5,0.01
decay_setting_027,Baseline prompt,92.5,0.01
decay_setting_027,Baseline prompt,93.5,0.01
decay_setting_027,Baseline prompt,94.5,0.01
decay_setting_027,Baseline prompt,95.5,0.01
decay_setting_027,Baseline prompt,96.5,0.01
decay_setting_027,Baseline prompt,97.5,0.01
decay_setting_027,Baseline prompt,98.5,0.01
decay_setting_027,Baseline prompt,99.5,0.01
decay_setting_026,Baseline prompt,0.5,0.85
decay_setting_026,Baseline prompt,1.5,0.82
decay_setting_026,Baseline prompt,2.5,0.79
decay_setting_026,Baseline prompt,3.5,0.75
decay_setting_026,Baseline prompt,4.5,0.72
decay_setting_026,Baseline prompt,5.5,0.69
decay_setting_026,Baseline prompt,6.5,0.65
decay_setting_026,Baseline prompt,7.5,0.61
decay_setting_026,Baseline prompt,8.5,0.58
decay_setting_026,Baseline prompt,9.5,0.55
decay_setting_026,Baseline prompt,10.5,0.52
decay_setting_026,Baseline prompt,11.5,0.5
decay_setting_026,Baseline prompt,12.5,0.47
decay_setting_026,Baseline prompt,13.5,0.45
decay_setting_026,Baseline prompt,14.5,0.43
decay_setting_026,Baseline prompt,15.5,0.41
decay_setting_026,Baseline prompt,16.5,0.38
decay_setting_026,Baseline prompt,17.5,0.36
decay_setting_026,Baseline prompt,18.5,0.34
decay_setting_026,Baseline prompt,19.5,0.32
decay_setting_026,Baseline prompt,20.5,0.31
decay_setting_026,Baseline prompt,21.5,0.3
decay_setting_026,Baseline prompt,22.5,0.29
decay_setting_026,Baseline prompt,23.5,0.28
decay_setting_026,Baseline prompt,24.5,0.27
decay_setting_026,Baseline prompt,25.5,0.26
decay_setting_026,Baseline prompt,26.5,0.25
decay_setting_026,Baseline prompt,27.5,0.24
decay_setting_026,Baseline prompt,28.5,0.23
decay_setting_026,Baseline prompt,29.5,0.22
decay_setting_026,Baseline prompt,30.5,0.21
decay_setting_026,Baseline prompt,31.5,0.2
decay_setting_026,Baseline prompt,32.5,0.19
decay_setting_026,Baseline prompt,33.5,0.19
decay_setting_026,Baseline prompt,34.5,0.18
decay_setting_026,Baseline prompt,35.5,0.17
decay_setting_026,Baseline prompt,36.5,0.16
decay_setting_026,Baseline prompt,37.5,0.16
decay_setting_026,Baseline prompt,38.5,0.15
decay_setting_026,Baseline prompt,39.5,0.15
decay_setting_026,Baseline prompt,40.5,0.14
decay_setting_026,Baseline prompt,41.5,0.14
decay_setting_026,Baseline prompt,42.5,0.13
decay_setting_026,Baseline prompt,43.5,0.13
decay_setting_026,Baseline prompt,44.5,0.12
decay_setting_026,Baseline prompt,45.5,0.12
decay_setting_026,Baseline prompt,46.5,0.11
decay_setting_026,Baseline prompt,47.5,0.11
decay_setting_026,Baseline prompt,48.5,0.1
decay_setting_026,Baseline prompt,49.5,0.1
decay_setting_026,Baseline prompt,50.5,0.09
decay_setting_026,Baseline prompt,51.5,0.09
decay_setting_026,Baseline prompt,52.5,0.08
decay_setting_026,Baseline prompt,53.5,0.08
decay_setting_026,Baseline prompt,54.5,0.08
decay_setting_026,Baseline prompt,55.5,0.07
decay_setting_026,Baseline prompt,56.5,0.07
decay_setting_026,Baseline prompt,57.5,0.06
decay_setting_026,Baseline prompt,58.5,0.06
decay_setting_026,Baseline prompt,59.5,0.06
decay_setting_026,Baseline prompt,60.5,0.05
decay_setting_026,Baseline prompt,61.5,0.05
decay_setting_026,Baseline prompt,62.5,0.05
decay_setting_026,Baseline prompt,63.5,0.04
decay_setting_026,Baseline prompt,64.5,0.04
decay_setting_026,Baseline prompt,65.5,0.04
decay_setting_026,Baseline prompt,66.5,0.03
decay_setting_026,Baseline prompt,67.5,0.03
decay_setting_026,Baseline prompt,68.5,0.03
decay_setting_026,Baseline prompt,69.5,0.02
decay_setting_026,Baseline prompt,70.5,0.02
decay_setting_026,Baseline prompt,71.5,0.02
decay_setting_026,Baseline prompt,72.5,0.02
decay_setting_026,Baseline prompt,73.5,0.01
decay_setting_026,Baseline prompt,74.5,0.01
decay_setting_026,Baseline prompt,75.5,0.01
decay_setting_026,Baseline prompt,76.5,0.01
decay_setting_026,Baseline prompt,77.5,0.01
decay_setting_026,Baseline prompt,78.5,0.01
decay_setting_026,Baseline prompt,79.5,0.01
decay_setting_026,Baseline prompt,80.5,0.005
decay_setting_026,Baseline prompt,81.5,0.005
decay_setting_026,Baseline prompt,82.5,0.005
decay_setting_026,Baseline prompt,83.5,0.005
decay_setting_026,Baseline prompt,84.5,0.005
decay_setting_026,Baseline prompt,85.5,0.002
decay_setting_026,Baseline prompt,86.5,0.002
decay_setting_026,Baseline prompt,87.5,0.001
decay_setting_026,Baseline prompt,88.5,0.001
decay_setting_026,Baseline prompt,89.5,0.001
decay_setting_026,Baseline prompt,90.5,0.001
decay_setting_026,Baseline prompt,91.5,0.001
decay_setting_026,Baseline prompt,92.5,0.001
decay_setting_026,Baseline prompt,93.5,0.001
decay_setting_026,Baseline prompt,94.5,0.0
decay_setting_026,Baseline prompt,95.5,0.0
decay_setting_026,Baseline prompt,96.5,0.0
decay_setting_026,Baseline prompt,97.5,0.0
decay_setting_026,Baseline prompt,98.5,0.0
decay_setting_026,Baseline prompt,99.5,0.0
decay_setting_026,Blueprint prompt,0.5,0.78
decay_setting_026,Blueprint prompt,1.5,0.82
decay_setting_026,Blueprint prompt,2.5,0.85
decay_setting_026,Blueprint prompt,3.5,0.89
decay_setting_026,Blueprint prompt,4.5,0.92
decay_setting_026,Blueprint prompt,5.5,0.93
decay_setting_026,Blueprint prompt,6.5,0.95
decay_setting_026,Blueprint prompt,7.5,0.94
decay_setting_026,Blueprint prompt,8.5,0.92
decay_setting_026,Blueprint prompt,9.5,0.88
decay_setting_026,Blueprint prompt,10.5,0.86
decay_setting_026,Blueprint prompt,11.5,0.83
decay_setting_026,Blueprint prompt,12.5,0.81
decay_setting_026,Blueprint prompt,13.5,0.79
decay_setting_026,Blueprint prompt,14.5,0.76
decay_setting_026,Blueprint prompt,15.5,0.74
decay_setting_026,Blueprint prompt,16.5,0.72
decay_setting_026,Blueprint prompt,17.5,0.7
decay_setting_026,Blueprint prompt,18.5,0.68
decay_setting_026,Blueprint prompt,19.5,0.66
decay_setting_026,Blueprint prompt,20.5,0.63
decay_setting_026,Blueprint prompt,21.5,0.6
decay_setting_026,Blueprint prompt,22.5,0.58
decay_setting_026,Blueprint prompt,23.5,0.56
decay_setting_026,Blueprint prompt,24.5,0.54
decay_setting_026,Blueprint prompt,25.5,0.52
decay_setting_026,Blueprint prompt,26.5,0.51
decay_setting_026,Blueprint prompt,27.5,0.49
decay_setting_026,Blueprint prompt,28.5,0.46
decay_setting_026,Blueprint prompt,29.5,0.44
decay_setting_026,Blueprint prompt,30.5,0.42
decay_setting_026,Blueprint prompt,31.5,0.41
decay_setting_026,Blueprint prompt,32.5,0.38
decay_setting_026,Blueprint prompt,33.5,0.37
decay_setting_026,Blueprint prompt,34.5,0.35
decay_setting_026,Blueprint prompt,35.5,0.33
decay_setting_026,Blueprint prompt,36.5,0.31
decay_setting_026,Blueprint prompt,37.5,0.3
decay_setting_026,Blueprint prompt,38.5,0.28
decay_setting_026,Blueprint prompt,39.5,0.26
decay_setting_026,Blueprint prompt,40.5,0.25
decay_setting_026,Blueprint prompt,41.5,0.24
decay_setting_026,Blueprint prompt,42.5,0.22
decay_setting_026,Blueprint prompt,43.5,0.21
decay_setting_026,Blueprint prompt,44.5,0.19
decay_setting_026,Blueprint prompt,45.5,0.18
decay_setting_026,Blueprint prompt,46.5,0.17
decay_setting_026,Blueprint prompt,47.5,0.16
decay_setting_026,Blueprint prompt,48.5,0.15
decay_setting_026,Blueprint prompt,49.5,0.14
decay_setting_026,Blueprint prompt,50.5,0.13
decay_setting_026,Blueprint prompt,51.5,0.12
decay_setting_026,Blueprint prompt,52.5,0.11
decay_setting_026,Blueprint prompt,53.5,0.11
decay_setting_026,Blueprint prompt,54.5,0.1
decay_setting_026,Blueprint prompt,55.5,0.1
decay_setting_026,Blueprint prompt,56.5,0.09
decay_setting_026,Blueprint prompt,57.5,0.09
decay_setting_026,Blueprint prompt,58.5,0.08
decay_setting_026,Blueprint prompt,59.5,0.08
decay_setting_026,Blueprint prompt,60.5,0.08
decay_setting_026,Blueprint prompt,61.5,0.07
decay_setting_026,Blueprint prompt,62.5,0.07
decay_setting_026,Blueprint prompt,63.5,0.07
decay_setting_026,Blueprint prompt,64.5,0.06
decay_setting_026,Blueprint prompt,65.5,0.06
decay_setting_026,Blueprint prompt,66.5,0.05
decay_setting_026,Blueprint prompt,67.5,0.05
decay_setting_026,Blueprint prompt,68.5,0.05
decay_setting_026,Blueprint prompt,69.5,0.04
decay_setting_026,Blueprint prompt,70.5,0.04
decay_setting_026,Blueprint prompt,71.5,0.04
decay_setting_026,Blueprint prompt,72.5,0.03
decay_setting_026,Blueprint prompt,73.5,0.03
decay_setting_026,Blueprint prompt,74.5,0.03
decay_setting_026,Blueprint prompt,75.5,0.03
decay_setting_026,Blueprint prompt,76.5,0.02
decay_setting_026,Blueprint prompt,77.5,0.02
decay_setting_026,Blueprint prompt,78.5,0.02
decay_setting_026,Blueprint prompt,79.5,0.02
decay_setting_026,Blueprint prompt,80.5,0.02
decay_setting_026,Blueprint prompt,81.5,0.01
decay_setting_026,Blueprint prompt,82.5,0.01
decay_setting_026,Blueprint prompt,83.5,0.01
decay_setting_026,Blueprint prompt,84.5,0.01
decay_setting_026,Blueprint prompt,85.5,0.01
decay_setting_026,Blueprint prompt,86.5,0.01
decay_setting_026,Blueprint prompt,87.5,0.01
decay_setting_026,Blueprint prompt,88.5,0.01
decay_setting_026,Blueprint prompt,89.5,0.01
decay_setting_026,Blueprint prompt,90.5,0.01
decay_setting_026,Blueprint prompt,91.5,0.01
decay_setting_026,Blueprint prompt,92.5,0.01
decay_setting_026,Blueprint prompt,93.5,0.01
decay_setting_026,Blueprint prompt,94.5,0.01
decay_setting_026,Blueprint prompt,95.5,0.01
decay_setting_026,Blueprint prompt,96.5,0.01
decay_setting_026,Blueprint prompt,97.5,0.01
decay_setting_026,Blueprint prompt,98.5,0.01
decay_setting_026,Blueprint prompt,99.5,0.01
decay_setting_027,Blueprint prompt,0.5,0.82
decay_setting_027,Blueprint prompt,1.5,0.88
decay_setting_027,Blueprint prompt,2.5,0.91
decay_setting_027,Blueprint prompt,3.5,0.93
decay_setting_027,Blueprint prompt,4.5,0.92
decay_setting_027,Blueprint prompt,5.5,0.87
decay_setting_027,Blueprint prompt,6.5,0.83
decay_setting_027,Blueprint prompt,7.5,0.78
decay_setting_027,Blueprint prompt,8.5,0.74
decay_setting_027,Blueprint prompt,9.5,0.69
decay_setting_027,Blueprint prompt,10.5,0.65
decay_setting_027,Blueprint prompt,11.5,0.62
decay_setting_027,Blueprint prompt,12.5,0.59
decay_setting_027,Blueprint prompt,13.5,0.55
decay_setting_027,Blueprint prompt,14.5,0.53
decay_setting_027,Blueprint prompt,15.5,0.5
decay_setting_027,Blueprint prompt,16.5,0.48
decay_setting_027,Blueprint prompt,17.5,0.46
decay_setting_027,Blueprint prompt,18.5,0.44
decay_setting_027,Blueprint prompt,19.5,0.42
decay_setting_027,Blueprint prompt,20.5,0.41
decay_setting_027,Blueprint prompt,21.5,0.4
decay_setting_027,Blueprint prompt,22.5,0.38
decay_setting_027,Blueprint prompt,23.5,0.36
decay_setting_027,Blueprint prompt,24.5,0.34
decay_setting_027,Blueprint prompt,25.5,0.33
decay_setting_027,Blueprint prompt,26.5,0.31
decay_setting_027,Blueprint prompt,27.5,0.29
decay_setting_027,Blueprint prompt,28.5,0.28
decay_setting_027,Blueprint prompt,29.5,0.27
decay_setting_027,Blueprint prompt,30.5,0.25
decay_setting_027,Blueprint prompt,31.5,0.23
decay_setting_027,Blueprint prompt,32.5,0.21
decay_setting_027,Blueprint prompt,33.5,0.2
decay_setting_027,Blueprint prompt,34.5,0.19
decay_setting_027,Blueprint prompt,35.5,0.17
decay_setting_027,Blueprint prompt,36.5,0.16
decay_setting_027,Blueprint prompt,37.5,0.15
decay_setting_027,Blueprint prompt,38.5,0.14
decay_setting_027,Blueprint prompt,39.5,0.13
decay_setting_027,Blueprint prompt,40.5,0.13
decay_setting_027,Blueprint prompt,41.5,0.12
decay_setting_027,Blueprint prompt,42.5,0.12
decay_setting_027,Blueprint prompt,43.5,0.11
decay_setting_027,Blueprint prompt,44.5,0.1
decay_setting_027,Blueprint prompt,45.5,0.09
decay_setting_027,Blueprint prompt,46.5,0.09
decay_setting_027,Blueprint prompt,47.5,0.08
decay_setting_027,Blueprint prompt,48.5,0.08
decay_setting_027,Blueprint prompt,49.5,0.07
decay_setting_027,Blueprint prompt,50.5,0.07
decay_setting_027,Blueprint prompt,51.5,0.07
decay_setting_027,Blueprint prompt,52.5,0.06
decay_setting_027,Blueprint prompt,53.5,0.06
decay_setting_027,Blueprint prompt,54.5,0.06
decay_setting_027,Blueprint prompt,55.5,0.05
decay_setting_027,Blueprint prompt,56.5,0.05
decay_setting_027,Blueprint prompt,57.5,0.05
decay_setting_027,Blueprint prompt,58.5,0.04
decay_setting_027,Blueprint prompt,59.5,0.04
decay_setting_027,Blueprint prompt,60.5,0.04
decay_setting_027,Blueprint prompt,61.5,0.04
decay_setting_027,Blueprint prompt,62.5,0.04
decay_setting_027,Blueprint prompt,63.5,0.04
decay_setting_027,Blueprint prompt,64.5,0.03
decay_setting_027,Blueprint prompt,65.5,0.03
decay_setting_027,Blueprint prompt,66.5,0.03
decay_setting_027,Blueprint prompt,67.5,0.03
decay_setting_027,Blueprint prompt,68.5,0.03
decay_setting_027,Blueprint prompt,69.5,0.02
decay_setting_027,Blueprint prompt,70.5,0.02
decay_setting_027,Blueprint prompt,71.5,0.02
decay_setting_027,Blueprint prompt,72.5,0.02
decay_setting_027,Blueprint prompt,73.5,0.02
decay_setting_027,Blueprint prompt,74.5,0.02
decay_setting_027,Blueprint prompt,75.5,0.02
decay_setting_027,Blueprint prompt,76.5,0.02
decay_setting_027,Blueprint prompt,77.5,0.02
decay_setting_027,Blueprint prompt,78.5,0.02
decay_setting_027,Blueprint prompt,79.5,0.02
decay_setting_027,Blueprint prompt,80.5,0.01
decay_setting_027,Blueprint prompt,81.5,0.01
decay_setting_027,Blueprint prompt,82.5,0.01
decay_setting_027,Blueprint prompt,83.5,0.01
decay_setting_027,Blueprint prompt,84.5,0.01
decay_setting_027,Blueprint prompt,85.5,0.01
decay_setting_027,Blueprint prompt,86.5,0.01
decay_setting_027,Blueprint prompt,87.5,0.01
decay_setting_027,Blueprint prompt,88.5,0.01
decay_setting_027,Blueprint prompt,89.5,0.01
decay_setting_027,Blueprint prompt,90.5,0.01
decay_setting_027,Blueprint prompt,91.5,0.01
decay_setting_027,Blueprint prompt,92.5,0.01
decay_setting_027,Blueprint prompt,93.5,0.01
decay_setting_027,Blueprint prompt,94.5,0.01
decay_setting_027,Blueprint prompt,95.5,0.01
decay_setting_027,Blueprint prompt,96.5,0.01
decay_setting_027,Blueprint prompt,97.5,0.01
decay_setting_027,Blueprint prompt,98.5,0.01
decay_setting_027,Blueprint prompt,99.5,0.01
decay_setting_028,Blueprint prompt,0.5,0.91
decay_setting_028,Blueprint prompt,1.5,0.88
decay_setting_028,Blueprint prompt,2.5,0.86
decay_setting_028,Blueprint prompt,3.5,0.84
decay_setting_028,Blueprint prompt,4.5,0.81
decay_setting_028,Blueprint prompt,5.5,0.78
decay_setting_028,Blueprint prompt,6.5,0.76
decay_setting_028,Blueprint prompt,7.5,0.74
decay_setting_028,Blueprint prompt,8.5,0.72
decay_setting_028,Blueprint prompt,9.5,0.69
decay_setting_028,Blueprint prompt,10.5,0.66
decay_setting_028,Blueprint prompt,11.5,0.63
decay_setting_028,Blueprint prompt,12.5,0.61
decay_setting_028,Blueprint prompt,13.5,0.59
decay_setting_028,Blueprint prompt,14.5,0.58
decay_setting_028,Blueprint prompt,15.5,0.56
decay_setting_028,Blueprint prompt,16.5,0.53
decay_setting_028,Blueprint prompt,17.5,0.51
decay_setting_028,Blueprint prompt,18.5,0.5
decay_setting_028,Blueprint prompt,19.5,0.48
decay_setting_028,Blueprint prompt,20.5,0.47
decay_setting_028,Blueprint prompt,21.5,0.45
decay_setting_028,Blueprint prompt,22.5,0.42
decay_setting_028,Blueprint prompt,23.5,0.4
decay_setting_028,Blueprint prompt,24.5,0.38
decay_setting_028,Blueprint prompt,25.5,0.36
decay_setting_028,Blueprint prompt,26.5,0.35
decay_setting_028,Blueprint prompt,27.5,0.33
decay_setting_028,Blueprint prompt,28.5,0.32
decay_setting_028,Blueprint prompt,29.5,0.31
decay_setting_028,Blueprint prompt,30.5,0.3
decay_setting_028,Blueprint prompt,31.5,0.29
decay_setting_028,Blueprint prompt,32.5,0.28
decay_setting_028,Blueprint prompt,33.5,0.26
decay_setting_028,Blueprint prompt,34.5,0.25
decay_setting_028,Blueprint prompt,35.5,0.24
decay_setting_028,Blueprint prompt,36.5,0.22
decay_setting_028,Blueprint prompt,37.5,0.21
decay_setting_028,Blueprint prompt,38.5,0.2
decay_setting_028,Blueprint prompt,39.5,0.19
decay_setting_028,Blueprint prompt,40.5,0.18
decay_setting_028,Blueprint prompt,41.5,0.17
decay_setting_028,Blueprint prompt,42.5,0.16
decay_setting_028,Blueprint prompt,43.5,0.16
decay_setting_028,Blueprint prompt,44.5,0.15
decay_setting_028,Blueprint prompt,45.5,0.14
decay_setting_028,Blueprint prompt,46.5,0.13
decay_setting_028,Blueprint prompt,47.5,0.13
decay_setting_028,Blueprint prompt,48.5,0.12
decay_setting_028,Blueprint prompt,49.5,0.11
decay_setting_028,Blueprint prompt,50.5,0.11
decay_setting_028,Blueprint prompt,51.5,0.1
decay_setting_028,Blueprint prompt,52.5,0.1
decay_setting_028,Blueprint prompt,53.5,0.1
decay_setting_028,Blueprint prompt,54.5,0.09
decay_setting_028,Blueprint prompt,55.5,0.09
decay_setting_028,Blueprint prompt,56.5,0.08
decay_setting_028,Blueprint prompt,57.5,0.08
decay_setting_028,Blueprint prompt,58.5,0.08
decay_setting_028,Blueprint prompt,59.5,0.08
decay_setting_028,Blueprint prompt,60.5,0.07
decay_setting_028,Blueprint prompt,61.5,0.07
decay_setting_028,Blueprint prompt,62.5,0.07
decay_setting_028,Blueprint prompt,63.5,0.07
decay_setting_028,Blueprint prompt,64.5,0.06
decay_setting_028,Blueprint prompt,65.5,0.06
decay_setting_028,Blueprint prompt,66.5,0.06
decay_setting_028,Blueprint prompt,67.5,0.06
decay_setting_028,Blueprint prompt,68.5,0.06
decay_setting_028,Blueprint prompt,69.5,0.06
decay_setting_028,Blueprint prompt,70.5,0.05
decay_setting_028,Blueprint prompt,71.5,0.05
decay_setting_028,Blueprint prompt,72.5,0.05
decay_setting_028,Blueprint prompt,73.5,0.05
decay_setting_028,Blueprint prompt,74.5,0.05
decay_setting_028,Blueprint prompt,75.5,0.05
decay_setting_028,Blueprint prompt,76.5,0.05
decay_setting_028,Blueprint prompt,77.5,0.05
decay_setting_028,Blueprint prompt,78.5,0.05
decay_setting_028,Blueprint prompt,79.5,0.05
decay_setting_028,Blueprint prompt,80.5,0.05
decay_setting_028,Blueprint prompt,81.5,0.05
decay_setting_028,Blueprint prompt,82.5,0.05
decay_setting_028,Blueprint prompt,83.5,0.05
decay_setting_028,Blueprint prompt,84.5,0.05
decay_setting_028,Blueprint prompt,85.5,0.05
decay_setting_028,Blueprint prompt,86.5,0.05
decay_setting_028,Blueprint prompt,87.5,0.04
decay_setting_028,Blueprint prompt,88.5,0.04
decay_setting_028,Blueprint prompt,89.5,0.04
decay_setting_028,Blueprint prompt,90.5,0.04
decay_setting_028,Blueprint prompt,91.5,0.04
decay_setting_028,Blueprint prompt,92.5,0.04
decay_setting_028,Blueprint prompt,93.5,0.03
decay_setting_028,Blueprint prompt,94.5,0.03
decay_setting_028,Blueprint prompt,95.5,0.03
decay_setting_028,Blueprint prompt,96.5,0.03
decay_setting_028,Blueprint prompt,97.5,0.03
decay_setting_028,Blueprint prompt,98.5,0.02
decay_setting_028,Blueprint prompt,99.5,0.02
decay_setting_028,Baseline prompt,0.5,0.95
decay_setting_028,Baseline prompt,1.5,0.92
decay_setting_028,Baseline prompt,2.5,0.89
decay_setting_028,Baseline prompt,3.5,0.85
decay_setting_028,Baseline prompt,4.5,0.81
decay_setting_028,Baseline prompt,5.5,0.78
decay_setting_028,Baseline prompt,6.5,0.73
decay_setting_028,Baseline prompt,7.5,0.69
decay_setting_028,Baseline prompt,8.5,0.64
decay_setting_028,Baseline prompt,9.5,0.6
decay_setting_028,Baseline prompt,10.5,0.56
decay_setting_028,Baseline prompt,11.5,0.53
decay_setting_028,Baseline prompt,12.5,0.49
decay_setting_028,Baseline prompt,13.5,0.46
decay_setting_028,Baseline prompt,14.5,0.42
decay_setting_028,Baseline prompt,15.5,0.39
decay_setting_028,Baseline prompt,16.5,0.36
decay_setting_028,Baseline prompt,17.5,0.33
decay_setting_028,Baseline prompt,18.5,0.3
decay_setting_028,Baseline prompt,19.5,0.27
decay_setting_028,Baseline prompt,20.5,0.25
decay_setting_028,Baseline prompt,21.5,0.23
decay_setting_028,Baseline prompt,22.5,0.2
decay_setting_028,Baseline prompt,23.5,0.18
decay_setting_028,Baseline prompt,24.5,0.17
decay_setting_028,Baseline prompt,25.5,0.15
decay_setting_028,Baseline prompt,26.5,0.13
decay_setting_028,Baseline prompt,27.5,0.12
decay_setting_028,Baseline prompt,28.5,0.11
decay_setting_028,Baseline prompt,29.5,0.1
decay_setting_028,Baseline prompt,30.5,0.09
decay_setting_028,Baseline prompt,31.5,0.09
decay_setting_028,Baseline prompt,32.5,0.08
decay_setting_028,Baseline prompt,33.5,0.07
decay_setting_028,Baseline prompt,34.5,0.06
decay_setting_028,Baseline prompt,35.5,0.06
decay_setting_028,Baseline prompt,36.5,0.05
decay_setting_028,Baseline prompt,37.5,0.05
decay_setting_028,Baseline prompt,38.5,0.04
decay_setting_028,Baseline prompt,39.5,0.04
decay_setting_028,Baseline prompt,40.5,0.03
decay_setting_028,Baseline prompt,41.5,0.03
decay_setting_028,Baseline prompt,42.5,0.03
decay_setting_028,Baseline prompt,43.5,0.02
decay_setting_028,Baseline prompt,44.5,0.02
decay_setting_028,Baseline prompt,45.5,0.02
decay_setting_028,Baseline prompt,46.5,0.01
decay_setting_028,Baseline prompt,47.5,0.01
decay_setting_028,Baseline prompt,48.5,0.01
decay_setting_028,Baseline prompt,49.5,0.01
decay_setting_028,Baseline prompt,50.5,0.01
decay_setting_028,Baseline prompt,51.5,0.009
decay_setting_028,Baseline prompt,52.5,0.008
decay_setting_028,Baseline prompt,53.5,0.007
decay_setting_028,Baseline prompt,54.5,0.007
decay_setting_028,Baseline prompt,55.5,0.006
decay_setting_028,Baseline prompt,56.5,0.006
decay_setting_028,Baseline prompt,57.5,0.005
decay_setting_028,Baseline prompt,58.5,0.005
decay_setting_028,Baseline prompt,59.5,0.004
decay_setting_028,Baseline prompt,60.5,0.004
decay_setting_028,Baseline prompt,61.5,0.003
decay_setting_028,Baseline prompt,62.5,0.003
decay_setting_028,Baseline prompt,63.5,0.003
decay_setting_028,Baseline prompt,64.5,0.002
decay_setting_028,Baseline prompt,65.5,0.002
decay_setting_028,Baseline prompt,66.5,0.002
decay_setting_028,Baseline prompt,67.5,0.002
decay_setting_028,Baseline prompt,68.5,0.001
decay_setting_028,Baseline prompt,69.5,0.001
decay_setting_028,Baseline prompt,70.5,0.001
decay_setting_028,Baseline prompt,71.5,0.001
decay_setting_028,Baseline prompt,72.5,0.001
decay_setting_028,Baseline prompt,73.5,0.001
decay_setting_028,Baseline prompt,74.5,0.0009
decay_setting_028,Baseline prompt,75.5,0.0008
decay_setting_028,Baseline prompt,76.5,0.0007
decay_setting_028,Baseline prompt,77.5,0.0007
decay_setting_028,Baseline prompt,78.5,0.0006
decay_setting_028,Baseline prompt,79.5,0.0006
decay_setting_028,Baseline prompt,80.5,0.0005
decay_setting_028,Baseline prompt,81.5,0.0005
decay_setting_028,Baseline prompt,82.5,0.0004
decay_setting_028,Baseline prompt,83.5,0.0004
decay_setting_028,Baseline prompt,84.5,0.0003
decay_setting_028,Baseline prompt,85.5,0.0003
decay_setting_028,Baseline prompt,86.5,0.0003
decay_setting_028,Baseline prompt,87.5,0.0002
decay_setting_028,Baseline prompt,88.5,0.0002
decay_setting_028,Baseline prompt,89.5,0.0002
decay_setting_028,Baseline prompt,90.5,0.0002
decay_setting_028,Baseline prompt,91.5,0.0001
decay_setting_028,Baseline prompt,92.5,0.0001
decay_setting_028,Baseline prompt,93.5,0.0001
decay_setting_028,Baseline prompt,94.5,0.0001
decay_setting_028,Baseline prompt,95.5,0.0001
decay_setting_028,Baseline prompt,96.5,0.0001
decay_setting_028,Baseline prompt,97.5,0.0
decay_setting_028,Baseline prompt,98.5,0.0
decay_setting_028,Baseline prompt,99.5,0.0
decay_setting_029,Baseline prompt,0.5,0.85
decay_setting_029,Baseline prompt,1.5,0.83
decay_setting_029,Baseline prompt,2.5,0.81
decay_setting_029,Baseline prompt,3.5,0.79
decay_setting_029,Baseline prompt,4.5,0.78
decay_setting_029,Baseline prompt,5.5,0.76
decay_setting_029,Baseline prompt,6.5,0.75
decay_setting_029,Baseline prompt,7.5,0.73
decay_setting_029,Baseline prompt,8.5,0.71
decay_setting_029,Baseline prompt,9.5,0.69
decay_setting_029,Baseline prompt,10.5,0.67
decay_setting_029,Baseline prompt,11.5,0.65
decay_setting_029,Baseline prompt,12.5,0.63
decay_setting_029,Baseline prompt,13.5,0.6
decay_setting_029,Baseline prompt,14.5,0.58
decay_setting_029,Baseline prompt,15.5,0.55
decay_setting_029,Baseline prompt,16.5,0.53
decay_setting_029,Baseline prompt,17.5,0.51
decay_setting_029,Baseline prompt,18.5,0.49
decay_setting_029,Baseline prompt,19.5,0.46
decay_setting_029,Baseline prompt,20.5,0.44
decay_setting_029,Baseline prompt,21.5,0.42
decay_setting_029,Baseline prompt,22.5,0.4
decay_setting_029,Baseline prompt,23.5,0.38
decay_setting_029,Baseline prompt,24.5,0.36
decay_setting_029,Baseline prompt,25.5,0.34
decay_setting_029,Baseline prompt,26.5,0.32
decay_setting_029,Baseline prompt,27.5,0.3
decay_setting_029,Baseline prompt,28.5,0.28
decay_setting_029,Baseline prompt,29.5,0.26
decay_setting_029,Baseline prompt,30.5,0.24
decay_setting_029,Baseline prompt,31.5,0.23
decay_setting_029,Baseline prompt,32.5,0.21
decay_setting_029,Baseline prompt,33.5,0.19
decay_setting_029,Baseline prompt,34.5,0.18
decay_setting_029,Baseline prompt,35.5,0.16
decay_setting_029,Baseline prompt,36.5,0.15
decay_setting_029,Baseline prompt,37.5,0.13
decay_setting_029,Baseline prompt,38.5,0.12
decay_setting_029,Baseline prompt,39.5,0.11
decay_setting_029,Baseline prompt,40.5,0.1
decay_setting_029,Baseline prompt,41.5,0.09
decay_setting_029,Baseline prompt,42.5,0.08
decay_setting_029,Baseline prompt,43.5,0.07
decay_setting_029,Baseline prompt,44.5,0.06
decay_setting_029,Baseline prompt,45.5,0.05
decay_setting_029,Baseline prompt,46.5,0.05
decay_setting_029,Baseline prompt,47.5,0.05
decay_setting_029,Baseline prompt,48.5,0.05
decay_setting_029,Baseline prompt,49.5,0.04
decay_setting_029,Baseline prompt,50.5,0.04
decay_setting_029,Baseline prompt,51.5,0.03
decay_setting_029,Baseline prompt,52.5,0.03
decay_setting_029,Baseline prompt,53.5,0.03
decay_setting_029,Baseline prompt,54.5,0.03
decay_setting_029,Baseline prompt,55.5,0.03
decay_setting_029,Baseline prompt,56.5,0.02
decay_setting_029,Baseline prompt,57.5,0.02
decay_setting_029,Baseline prompt,58.5,0.02
decay_setting_029,Baseline prompt,59.5,0.02
decay_setting_029,Baseline prompt,60.5,0.02
decay_setting_029,Baseline prompt,61.5,0.02
decay_setting_029,Baseline prompt,62.5,0.02
decay_setting_029,Baseline prompt,63.5,0.02
decay_setting_029,Baseline prompt,64.5,0.02
decay_setting_029,Baseline prompt,65.5,0.01
decay_setting_029,Baseline prompt,66.5,0.01
decay_setting_029,Baseline prompt,67.5,0.01
decay_setting_029,Baseline prompt,68.5,0.01
decay_setting_029,Baseline prompt,69.5,0.01
decay_setting_029,Baseline prompt,70.5,0.01
decay_setting_029,Baseline prompt,71.5,0.01
decay_setting_029,Baseline prompt,72.5,0.01
decay_setting_029,Baseline prompt,73.5,0.01
decay_setting_029,Baseline prompt,74.5,0.01
decay_setting_029,Baseline prompt,75.5,0.01
decay_setting_029,Baseline prompt,76.5,0.01
decay_setting_029,Baseline prompt,77.5,0.01
decay_setting_029,Baseline prompt,78.5,0.01
decay_setting_029,Baseline prompt,79.5,0.01
decay_setting_029,Baseline prompt,80.5,0.01
decay_setting_029,Baseline prompt,81.5,0.01
decay_setting_029,Baseline prompt,82.5,0.01
decay_setting_029,Baseline prompt,83.5,0.01
decay_setting_029,Baseline prompt,84.5,0.01
decay_setting_029,Baseline prompt,85.5,0.01
decay_setting_029,Baseline prompt,86.5,0.01
decay_setting_029,Baseline prompt,87.5,0.01
decay_setting_029,Baseline prompt,88.5,0.01
decay_setting_029,Baseline prompt,89.5,0.01
decay_setting_029,Baseline prompt,90.5,0.01
decay_setting_029,Baseline prompt,91.5,0.01
decay_setting_029,Baseline prompt,92.5,0.01
decay_setting_029,Baseline prompt,93.5,0.01
decay_setting_029,Baseline prompt,94.5,0.01
decay_setting_029,Baseline prompt,95.5,0.01
decay_setting_029,Baseline prompt,96.5,0.01
decay_setting_029,Baseline prompt,97.5,0.01
decay_setting_029,Baseline prompt,98.5,0.01
decay_setting_029,Baseline prompt,99.5,0.01
decay_setting_025,Baseline prompt,0.5,0.95
decay_setting_025,Baseline prompt,1.5,0.93
decay_setting_025,Baseline prompt,2.5,0.91
decay_setting_025,Baseline prompt,3.5,0.89
decay_setting_025,Baseline prompt,4.5,0.86
decay_setting_025,Baseline prompt,5.5,0.82
decay_setting_025,Baseline prompt,6.5,0.78
decay_setting_025,Baseline prompt,7.5,0.74
decay_setting_025,Baseline prompt,8.5,0.7
decay_setting_025,Baseline prompt,9.5,0.66
decay_setting_025,Baseline prompt,10.5,0.62
decay_setting_025,Baseline prompt,11.5,0.58
decay_setting_025,Baseline prompt,12.5,0.54
decay_setting_025,Baseline prompt,13.5,0.5
decay_setting_025,Baseline prompt,14.5,0.46
decay_setting_025,Baseline prompt,15.5,0.42
decay_setting_025,Baseline prompt,16.5,0.38
decay_setting_025,Baseline prompt,17.5,0.35
decay_setting_025,Baseline prompt,18.5,0.32
decay_setting_025,Baseline prompt,19.5,0.29
decay_setting_025,Baseline prompt,20.5,0.26
decay_setting_025,Baseline prompt,21.5,0.23
decay_setting_025,Baseline prompt,22.5,0.21
decay_setting_025,Baseline prompt,23.5,0.19
decay_setting_025,Baseline prompt,24.5,0.17
decay_setting_025,Baseline prompt,25.5,0.15
decay_setting_025,Baseline prompt,26.5,0.13
decay_setting_025,Baseline prompt,27.5,0.12
decay_setting_025,Baseline prompt,28.5,0.1
decay_setting_025,Baseline prompt,29.5,0.09
decay_setting_025,Baseline prompt,30.5,0.08
decay_setting_025,Baseline prompt,31.5,0.07
decay_setting_025,Baseline prompt,32.5,0.06
decay_setting_025,Baseline prompt,33.5,0.06
decay_setting_025,Baseline prompt,34.5,0.05
decay_setting_025,Baseline prompt,35.5,0.05
decay_setting_025,Baseline prompt,36.5,0.04
decay_setting_025,Baseline prompt,37.5,0.04
decay_setting_025,Baseline prompt,38.5,0.03
decay_setting_025,Baseline prompt,39.5,0.03
decay_setting_025,Baseline prompt,40.5,0.03
decay_setting_025,Baseline prompt,41.5,0.02
decay_setting_025,Baseline prompt,42.5,0.02
decay_setting_025,Baseline prompt,43.5,0.02
decay_setting_025,Baseline prompt,44.5,0.02
decay_setting_025,Baseline prompt,45.5,0.01
decay_setting_025,Baseline prompt,46.5,0.01
decay_setting_025,Baseline prompt,47.5,0.01
decay_setting_025,Baseline prompt,48.5,0.01
decay_setting_025,Baseline prompt,49.5,0.01
decay_setting_025,Baseline prompt,50.5,0.01
decay_setting_025,Baseline prompt,51.5,0.01
decay_setting_025,Baseline prompt,52.5,0.01
decay_setting_025,Baseline prompt,53.5,0.01
decay_setting_025,Baseline prompt,54.5,0.01
decay_setting_025,Baseline prompt,55.5,0.01
decay_setting_025,Baseline prompt,56.5,0.01
decay_setting_025,Baseline prompt,57.5,0.01
decay_setting_025,Baseline prompt,58.5,0.01
decay_setting_025,Baseline prompt,59.5,0.01
decay_setting_025,Baseline prompt,60.5,0.01
decay_setting_025,Baseline prompt,61.5,0.01
decay_setting_025,Baseline prompt,62.5,0.01
decay_setting_025,Baseline prompt,63.5,0.01
decay_setting_025,Baseline prompt,64.5,0.01
decay_setting_025,Baseline prompt,65.5,0.01
decay_setting_025,Baseline prompt,66.5,0.01
decay_setting_025,Baseline prompt,67.5,0.01
decay_setting_025,Baseline prompt,68.5,0.01
decay_setting_025,Baseline prompt,69.5,0.01
decay_setting_025,Baseline prompt,70.5,0.01
decay_setting_025,Baseline prompt,71.5,0.01
decay_setting_025,Baseline prompt,72.5,0.01
decay_setting_025,Baseline prompt,73.5,0.01
decay_setting_025,Baseline prompt,74.5,0.01
decay_setting_025,Baseline prompt,75.5,0.01
decay_setting_025,Baseline prompt,76.5,0.01
decay_setting_025,Baseline prompt,77.5,0.01
decay_setting_025,Baseline prompt,78.5,0.01
decay_setting_025,Baseline prompt,79.5,0.01
decay_setting_025,Baseline prompt,80.5,0.01
decay_setting_025,Baseline prompt,81.5,0.01
decay_setting_025,Baseline prompt,82.5,0.01
decay_setting_025,Baseline prompt,83.5,0.01
decay_setting_025,Baseline prompt,84.5,0.01
decay_setting_025,Baseline prompt,85.5,0.01
decay_setting_025,Baseline prompt,86.5,0.01
decay_setting_025,Baseline prompt,87.5,0.01
decay_setting_025,Baseline prompt,88.5,0.01
decay_setting_025,Baseline prompt,89.5,0.01
decay_setting_025,Baseline prompt,90.5,0.01
decay_setting_025,Baseline prompt,91.5,0.01
decay_setting_025,Baseline prompt,92.5,0.01
decay_setting_025,Baseline prompt,93.5,0.01
decay_setting_025,Baseline prompt,94.5,0.01
decay_setting_025,Baseline prompt,95.5,0.01
decay_setting_025,Baseline prompt,96.5,0.01
decay_setting_025,Baseline prompt,97.5,0.01
decay_setting_025,Baseline prompt,98.5,0.01
decay_setting_025,Baseline prompt,99.5,0.01
decay_setting_029,Blueprint prompt,0.5,0.88
decay_setting_029,Blueprint prompt,1.5,0.92
decay_setting_029,Blueprint prompt,2.5,0.91
decay_setting_029,Blueprint prompt,3.5,0.9
decay_setting_029,Blueprint prompt,4.5,0.89
decay_setting_029,Blueprint prompt,5.5,0.87
decay_setting_029,Blueprint prompt,6.5,0.85
decay_setting_029,Blueprint prompt,7.5,0.82
decay_setting_029,Blueprint prompt,8.5,0.8
decay_setting_029,Blueprint prompt,9.5,0.76
decay_setting_029,Blueprint prompt,10.5,0.74
decay_setting_029,Blueprint prompt,11.5,0.72
decay_setting_029,Blueprint prompt,12.5,0.71
decay_setting_029,Blueprint prompt,13.5,0.68
decay_setting_029,Blueprint prompt,14.5,0.66
decay_setting_029,Blueprint prompt,15.5,0.63
decay_setting_029,Blueprint prompt,16.5,0.61
decay_setting_029,Blueprint prompt,17.5,0.58
decay_setting_029,Blueprint prompt,18.5,0.55
decay_setting_029,Blueprint prompt,19.5,0.52
decay_setting_029,Blueprint prompt,20.5,0.5
decay_setting_029,Blueprint prompt,21.5,0.48
decay_setting_029,Blueprint prompt,22.5,0.45
decay_setting_029,Blueprint prompt,23.5,0.43
decay_setting_029,Blueprint prompt,24.5,0.41
decay_setting_029,Blueprint prompt,25.5,0.39
decay_setting_029,Blueprint prompt,26.5,0.37
decay_setting_029,Blueprint prompt,27.5,0.35
decay_setting_029,Blueprint prompt,28.5,0.34
decay_setting_029,Blueprint prompt,29.5,0.32
decay_setting_029,Blueprint prompt,30.5,0.31
decay_setting_029,Blueprint prompt,31.5,0.29
decay_setting_029,Blueprint prompt,32.5,0.28
decay_setting_029,Blueprint prompt,33.5,0.26
decay_setting_029,Blueprint prompt,34.5,0.25
decay_setting_029,Blueprint prompt,35.5,0.23
decay_setting_029,Blueprint prompt,36.5,0.22
decay_setting_029,Blueprint prompt,37.5,0.21
decay_setting_029,Blueprint prompt,38.5,0.2
decay_setting_029,Blueprint prompt,39.5,0.19
decay_setting_029,Blueprint prompt,40.5,0.18
decay_setting_029,Blueprint prompt,41.5,0.17
decay_setting_029,Blueprint prompt,42.5,0.16
decay_setting_029,Blueprint prompt,43.5,0.15
decay_setting_029,Blueprint prompt,44.5,0.15
decay_setting_029,Blueprint prompt,45.5,0.14
decay_setting_029,Blueprint prompt,46.5,0.14
decay_setting_029,Blueprint prompt,47.5,0.13
decay_setting_029,Blueprint prompt,48.5,0.13
decay_setting_029,Blueprint prompt,49.5,0.12
decay_setting_029,Blueprint prompt,50.5,0.12
decay_setting_029,Blueprint prompt,51.5,0.11
decay_setting_029,Blueprint prompt,52.5,0.11
decay_setting_029,Blueprint prompt,53.5,0.1
decay_setting_029,Blueprint prompt,54.5,0.1
decay_setting_029,Blueprint prompt,55.5,0.09
decay_setting_029,Blueprint prompt,56.5,0.09
decay_setting_029,Blueprint prompt,57.5,0.08
decay_setting_029,Blueprint prompt,58.5,0.08
decay_setting_029,Blueprint prompt,59.5,0.08
decay_setting_029,Blueprint prompt,60.5,0.07
decay_setting_029,Blueprint prompt,61.5,0.07
decay_setting_029,Blueprint prompt,62.5,0.07
decay_setting_029,Blueprint prompt,63.5,0.06
decay_setting_029,Blueprint prompt,64.5,0.06
decay_setting_029,Blueprint prompt,65.5,0.06
decay_setting_029,Blueprint prompt,66.5,0.05
decay_setting_029,Blueprint prompt,67.5,0.05
decay_setting_029,Blueprint prompt,68.5,0.05
decay_setting_029,Blueprint prompt,69.5,0.05
decay_setting_029,Blueprint prompt,70.5,0.04
decay_setting_029,Blueprint prompt,71.5,0.04
decay_setting_029,Blueprint prompt,72.5,0.04
decay_setting_029,Blueprint prompt,73.5,0.04
decay_setting_029,Blueprint prompt,74.5,0.03
decay_setting_029,Blueprint prompt,75.5,0.03
decay_setting_029,Blueprint prompt,76.5,0.03
decay_setting_029,Blueprint prompt,77.5,0.03
decay_setting_029,Blueprint prompt,78.5,0.03
decay_setting_029,Blueprint prompt,79.5,0.03
decay_setting_029,Blueprint prompt,80.5,0.02
decay_setting_029,Blueprint prompt,81.5,0.02
decay_setting_029,Blueprint prompt,82.5,0.02
decay_setting_029,Blueprint prompt,83.5,0.02
decay_setting_029,Blueprint prompt,84.5,0.02
decay_setting_029,Blueprint prompt,85.5,0.02
decay_setting_029,Blueprint prompt,86.5,0.02
decay_setting_029,Blueprint prompt,87.5,0.01
decay_setting_029,Blueprint prompt,88.5,0.01
decay_setting_029,Blueprint prompt,89.5,0.01
decay_setting_029,Blueprint prompt,90.5,0.01
decay_setting_029,Blueprint prompt,91.5,0.01
decay_setting_029,Blueprint prompt,92.5,0.01
decay_setting_029,Blueprint prompt,93.5,0.01
decay_setting_029,Blueprint prompt,94.5,0.01
decay_setting_029,Blueprint prompt,95.5,0.01
decay_setting_029,Blueprint prompt,96.5,0.01
decay_setting_029,Blueprint prompt,97.5,0.01
decay_setting_029,Blueprint prompt,98.5,0.01
decay_setting_029,Blueprint prompt,99.5,0.01
decay_setting_030,Baseline prompt,0.5,0.9
decay_setting_030,Baseline prompt,1.5,0.85
decay_setting_030,Baseline prompt,2.5,0.8
decay_setting_030,Baseline prompt,3.5,0.75
decay_setting_030,Baseline prompt,4.5,0.7
decay_setting_030,Baseline prompt,5.5,0.66
decay_setting_030,Baseline prompt,6.5,0.63
decay_setting_030,Baseline prompt,7.5,0.59
decay_setting_030,Baseline prompt,8.5,0.56
decay_setting_030,Baseline prompt,9.5,0.52
decay_setting_030,Baseline prompt,10.5,0.49
decay_setting_030,Baseline prompt,11.5,0.46
decay_setting_030,Baseline prompt,12.5,0.43
decay_setting_030,Baseline prompt,13.5,0.4
decay_setting_030,Baseline prompt,14.5,0.37
decay_setting_030,Baseline prompt,15.5,0.35
decay_setting_030,Baseline prompt,16.5,0.33
decay_setting_030,Baseline prompt,17.5,0.31
decay_setting_030,Baseline prompt,18.5,0.29
decay_setting_030,Baseline prompt,19.5,0.27
decay_setting_030,Baseline prompt,20.5,0.26
decay_setting_030,Baseline prompt,21.5,0.24
decay_setting_030,Baseline prompt,22.5,0.23
decay_setting_030,Baseline prompt,23.5,0.21
decay_setting_030,Baseline prompt,24.5,0.2
decay_setting_030,Baseline prompt,25.5,0.19
decay_setting_030,Baseline prompt,26.5,0.18
decay_setting_030,Baseline prompt,27.5,0.17
decay_setting_030,Baseline prompt,28.5,0.16
decay_setting_030,Baseline prompt,29.5,0.15
decay_setting_030,Baseline prompt,30.5,0.14
decay_setting_030,Baseline prompt,31.5,0.13
decay_setting_030,Baseline prompt,32.5,0.12
decay_setting_030,Baseline prompt,33.5,0.11
decay_setting_030,Baseline prompt,34.5,0.1
decay_setting_030,Baseline prompt,35.5,0.095
decay_setting_030,Baseline prompt,36.5,0.09
decay_setting_030,Baseline prompt,37.5,0.085
decay_setting_030,Baseline prompt,38.5,0.08
decay_setting_030,Baseline prompt,39.5,0.075
decay_setting_030,Baseline prompt,40.5,0.07
decay_setting_030,Baseline prompt,41.5,0.065
decay_setting_030,Baseline prompt,42.5,0.06
decay_setting_030,Baseline prompt,43.5,0.058
decay_setting_030,Baseline prompt,44.5,0.055
decay_setting_030,Baseline prompt,45.5,0.053
decay_setting_030,Baseline prompt,46.5,0.05
decay_setting_030,Baseline prompt,47.5,0.047
decay_setting_030,Baseline prompt,48.5,0.045
decay_setting_030,Baseline prompt,49.5,0.043
decay_setting_030,Baseline prompt,50.5,0.04
decay_setting_030,Baseline prompt,51.5,0.038
decay_setting_030,Baseline prompt,52.5,0.036
decay_setting_030,Baseline prompt,53.5,0.034
decay_setting_030,Baseline prompt,54.5,0.032
decay_setting_030,Baseline prompt,55.5,0.03
decay_setting_030,Baseline prompt,56.5,0.028
decay_setting_030,Baseline prompt,57.5,0.026
decay_setting_030,Baseline prompt,58.5,0.024
decay_setting_030,Baseline prompt,59.5,0.022
decay_setting_030,Baseline prompt,60.5,0.02
decay_setting_030,Baseline prompt,61.5,0.019
decay_setting_030,Baseline prompt,62.5,0.018
decay_setting_030,Baseline prompt,63.5,0.017
decay_setting_030,Baseline prompt,64.5,0.016
decay_setting_030,Baseline prompt,65.5,0.015
decay_setting_030,Baseline prompt,66.5,0.014
decay_setting_030,Baseline prompt,67.5,0.013
decay_setting_030,Baseline prompt,68.5,0.012
decay_setting_030,Baseline prompt,69.5,0.011
decay_setting_030,Baseline prompt,70.5,0.01
decay_setting_030,Baseline prompt,71.5,0.009
decay_setting_030,Baseline prompt,72.5,0.008
decay_setting_030,Baseline prompt,73.5,0.007
decay_setting_030,Baseline prompt,74.5,0.007
decay_setting_030,Baseline prompt,75.5,0.006
decay_setting_030,Baseline prompt,76.5,0.006
decay_setting_030,Baseline prompt,77.5,0.005
decay_setting_030,Baseline prompt,78.5,0.005
decay_setting_030,Baseline prompt,79.5,0.004
decay_setting_030,Baseline prompt,80.5,0.004
decay_setting_030,Baseline prompt,81.5,0.003
decay_setting_030,Baseline prompt,82.5,0.003
decay_setting_030,Baseline prompt,83.5,0.003
decay_setting_030,Baseline prompt,84.5,0.0025
decay_setting_030,Baseline prompt,85.5,0.0025
decay_setting_030,Baseline prompt,86.5,0.002
decay_setting_030,Baseline prompt,87.5,0.002
decay_setting_030,Baseline prompt,88.5,0.0015
decay_setting_030,Baseline prompt,89.5,0.0015
decay_setting_030,Baseline prompt,90.5,0.001
decay_setting_030,Baseline prompt,91.5,0.001
decay_setting_030,Baseline prompt,92.5,0.001
decay_setting_030,Baseline prompt,93.5,0.0008
decay_setting_030,Baseline prompt,94.5,0.0008
decay_setting_030,Baseline prompt,95.5,0.0005
decay_setting_030,Baseline prompt,96.5,0.0005
decay_setting_030,Baseline prompt,97.5,0.0003
decay_setting_030,Baseline prompt,98.5,0.0001
decay_setting_030,Baseline prompt,99.5,0.0001
decay_setting_030,Blueprint prompt,0.5,0.92
decay_setting_030,Blueprint prompt,1.5,0.89
decay_setting_030,Blueprint prompt,2.5,0.86
decay_setting_030,Blueprint prompt,3.5,0.83
decay_setting_030,Blueprint prompt,4.5,0.81
decay_setting_030,Blueprint prompt,5.5,0.78
decay_setting_030,Blueprint prompt,6.5,0.75
decay_setting_030,Blueprint prompt,7.5,0.72
decay_setting_030,Blueprint prompt,8.5,0.69
decay_setting_030,Blueprint prompt,9.5,0.65
decay_setting_030,Blueprint prompt,10.5,0.62
decay_setting_030,Blueprint prompt,11.5,0.59
decay_setting_030,Blueprint prompt,12.5,0.56
decay_setting_030,Blueprint prompt,13.5,0.53
decay_setting_030,Blueprint prompt,14.5,0.51
decay_setting_030,Blueprint prompt,15.5,0.49
decay_setting_030,Blueprint prompt,16.5,0.47
decay_setting_030,Blueprint prompt,17.5,0.44
decay_setting_030,Blueprint prompt,18.5,0.42
decay_setting_030,Blueprint prompt,19.5,0.4
decay_setting_030,Blueprint prompt,20.5,0.38
decay_setting_030,Blueprint prompt,21.5,0.36
decay_setting_030,Blueprint prompt,22.5,0.35
decay_setting_030,Blueprint prompt,23.5,0.33
decay_setting_030,Blueprint prompt,24.5,0.32
decay_setting_030,Blueprint prompt,25.5,0.3
decay_setting_030,Blueprint prompt,26.5,0.29
decay_setting_030,Blueprint prompt,27.5,0.28
decay_setting_030,Blueprint prompt,28.5,0.27
decay_setting_030,Blueprint prompt,29.5,0.25
decay_setting_030,Blueprint prompt,30.5,0.24
decay_setting_030,Blueprint prompt,31.5,0.23
decay_setting_030,Blueprint prompt,32.5,0.22
decay_setting_030,Blueprint prompt,33.5,0.21
decay_setting_030,Blueprint prompt,34.5,0.2
decay_setting_030,Blueprint prompt,35.5,0.19
decay_setting_030,Blueprint prompt,36.5,0.18
decay_setting_030,Blueprint prompt,37.5,0.18
decay_setting_030,Blueprint prompt,38.5,0.17
decay_setting_030,Blueprint prompt,39.5,0.16
decay_setting_030,Blueprint prompt,40.5,0.16
decay_setting_030,Blueprint prompt,41.5,0.15
decay_setting_030,Blueprint prompt,42.5,0.15
decay_setting_030,Blueprint prompt,43.5,0.14
decay_setting_030,Blueprint prompt,44.5,0.14
decay_setting_030,Blueprint prompt,45.5,0.13
decay_setting_030,Blueprint prompt,46.5,0.13
decay_setting_030,Blueprint prompt,47.5,0.12
decay_setting_030,Blueprint prompt,48.5,0.12
decay_setting_030,Blueprint prompt,49.5,0.11
decay_setting_030,Blueprint prompt,50.5,0.11
decay_setting_030,Blueprint prompt,51.5,0.1
decay_setting_030,Blueprint prompt,52.5,0.1
decay_setting_030,Blueprint prompt,53.5,0.09
decay_setting_030,Blueprint prompt,54.5,0.09
decay_setting_030,Blueprint prompt,55.5,0.08
decay_setting_030,Blueprint prompt,56.5,0.08
decay_setting_030,Blueprint prompt,57.5,0.08
decay_setting_030,Blueprint prompt,58.5,0.07
decay_setting_030,Blueprint prompt,59.5,0.07
decay_setting_030,Blueprint prompt,60.5,0.07
decay_setting_030,Blueprint prompt,61.5,0.06
decay_setting_030,Blueprint prompt,62.5,0.06
decay_setting_030,Blueprint prompt,63.5,0.06
decay_setting_030,Blueprint prompt,64.5,0.05
decay_setting_030,Blueprint prompt,65.5,0.05
decay_setting_030,Blueprint prompt,66.5,0.05
decay_setting_030,Blueprint prompt,67.5,0.05
decay_setting_030,Blueprint prompt,68.5,0.04
decay_setting_030,Blueprint prompt,69.5,0.04
decay_setting_030,Blueprint prompt,70.5,0.04
decay_setting_030,Blueprint prompt,71.5,0.04
decay_setting_030,Blueprint prompt,72.5,0.04
decay_setting_030,Blueprint prompt,73.5,0.03
decay_setting_030,Blueprint prompt,74.5,0.03
decay_setting_030,Blueprint prompt,75.5,0.03
decay_setting_030,Blueprint prompt,76.5,0.03
decay_setting_030,Blueprint prompt,77.5,0.03
decay_setting_030,Blueprint prompt,78.5,0.03
decay_setting_030,Blueprint prompt,79.5,0.02
decay_setting_030,Blueprint prompt,80.5,0.02
decay_setting_030,Blueprint prompt,81.5,0.02
decay_setting_030,Blueprint prompt,82.5,0.02
decay_setting_030,Blueprint prompt,83.5,0.02
decay_setting_030,Blueprint prompt,84.5,0.02
decay_setting_030,Blueprint prompt,85.5,0.02
decay_setting_030,Blueprint prompt,86.5,0.02
decay_setting_030,Blueprint prompt,87.5,0.01
decay_setting_030,Blueprint prompt,88.5,0.01
decay_setting_030,Blueprint prompt,89.5,0.01
decay_setting_030,Blueprint prompt,90.5,0.01
decay_setting_030,Blueprint prompt,91.5,0.01
decay_setting_030,Blueprint prompt,92.5,0.01
decay_setting_030,Blueprint prompt,93.5,0.01
decay_setting_030,Blueprint prompt,94.5,0.01
decay_setting_030,Blueprint prompt,95.5,0.01
decay_setting_030,Blueprint prompt,96.5,0.01
decay_setting_030,Blueprint prompt,97.5,0.01
decay_setting_030,Blueprint prompt,98.5,0.01
decay_setting_030,Blueprint prompt,99.5,0.01
decay_setting_032,Baseline prompt,0.5,0.85
decay_setting_032,Baseline prompt,1.5,0.81
decay_setting_032,Baseline prompt,2.5,0.78
decay_setting_032,Baseline prompt,3.5,0.76
decay_setting_032,Baseline prompt,4.5,0.73
decay_setting_032,Baseline prompt,5.5,0.7
decay_setting_032,Baseline prompt,6.5,0.67
decay_setting_032,Baseline prompt,7.5,0.62
decay_setting_032,Baseline prompt,8.5,0.58
decay_setting_032,Baseline prompt,9.5,0.54
decay_setting_032,Baseline prompt,10.5,0.51
decay_setting_032,Baseline prompt,11.5,0.48
decay_setting_032,Baseline prompt,12.5,0.45
decay_setting_032,Baseline prompt,13.5,0.42
decay_setting_032,Baseline prompt,14.5,0.39
decay_setting_032,Baseline prompt,15.5,0.37
decay_setting_032,Baseline prompt,16.5,0.35
decay_setting_032,Baseline prompt,17.5,0.33
decay_setting_032,Baseline prompt,18.5,0.3
decay_setting_032,Baseline prompt,19.5,0.28
decay_setting_032,Baseline prompt,20.5,0.26
decay_setting_032,Baseline prompt,21.5,0.24
decay_setting_032,Baseline prompt,22.5,0.22
decay_setting_032,Baseline prompt,23.5,0.2
decay_setting_032,Baseline prompt,24.5,0.18
decay_setting_032,Baseline prompt,25.5,0.17
decay_setting_032,Baseline prompt,26.5,0.16
decay_setting_032,Baseline prompt,27.5,0.15
decay_setting_032,Baseline prompt,28.5,0.14
decay_setting_032,Baseline prompt,29.5,0.13
decay_setting_032,Baseline prompt,30.5,0.12
decay_setting_032,Baseline prompt,31.5,0.11
decay_setting_032,Baseline prompt,32.5,0.1
decay_setting_032,Baseline prompt,33.5,0.09
decay_setting_032,Baseline prompt,34.5,0.08
decay_setting_032,Baseline prompt,35.5,0.07
decay_setting_032,Baseline prompt,36.5,0.06
decay_setting_032,Baseline prompt,37.5,0.05
decay_setting_032,Baseline prompt,38.5,0.05
decay_setting_032,Baseline prompt,39.5,0.05
decay_setting_032,Baseline prompt,40.5,0.04
decay_setting_032,Baseline prompt,41.5,0.04
decay_setting_032,Baseline prompt,42.5,0.04
decay_setting_032,Baseline prompt,43.5,0.04
decay_setting_032,Baseline prompt,44.5,0.03
decay_setting_032,Baseline prompt,45.5,0.03
decay_setting_032,Baseline prompt,46.5,0.03
decay_setting_032,Baseline prompt,47.5,0.03
decay_setting_032,Baseline prompt,48.5,0.02
decay_setting_032,Baseline prompt,49.5,0.02
decay_setting_032,Baseline prompt,50.5,0.02
decay_setting_032,Baseline prompt,51.5,0.02
decay_setting_032,Baseline prompt,52.5,0.02
decay_setting_032,Baseline prompt,53.5,0.02
decay_setting_032,Baseline prompt,54.5,0.01
decay_setting_032,Baseline prompt,55.5,0.01
decay_setting_032,Baseline prompt,56.5,0.01
decay_setting_032,Baseline prompt,57.5,0.01
decay_setting_032,Baseline prompt,58.5,0.01
decay_setting_032,Baseline prompt,59.5,0.01
decay_setting_032,Baseline prompt,60.5,0.01
decay_setting_032,Baseline prompt,61.5,0.01
decay_setting_032,Baseline prompt,62.5,0.01
decay_setting_032,Baseline prompt,63.5,0.01
decay_setting_032,Baseline prompt,64.5,0.01
decay_setting_032,Baseline prompt,65.5,0.01
decay_setting_032,Baseline prompt,66.5,0.01
decay_setting_032,Baseline prompt,67.5,0.01
decay_setting_032,Baseline prompt,68.5,0.01
decay_setting_032,Baseline prompt,69.5,0.01
decay_setting_032,Baseline prompt,70.5,0.01
decay_setting_032,Baseline prompt,71.5,0.01
decay_setting_032,Baseline prompt,72.5,0.01
decay_setting_032,Baseline prompt,73.5,0.01
decay_setting_032,Baseline prompt,74.5,0.01
decay_setting_032,Baseline prompt,75.5,0.01
decay_setting_032,Baseline prompt,76.5,0.01
decay_setting_032,Baseline prompt,77.5,0.01
decay_setting_032,Baseline prompt,78.5,0.01
decay_setting_032,Baseline prompt,79.5,0.01
decay_setting_032,Baseline prompt,80.5,0.01
decay_setting_032,Baseline prompt,81.5,0.01
decay_setting_032,Baseline prompt,82.5,0.01
decay_setting_032,Baseline prompt,83.5,0.01
decay_setting_032,Baseline prompt,84.5,0.01
decay_setting_032,Baseline prompt,85.5,0.01
decay_setting_032,Baseline prompt,86.5,0.01
decay_setting_032,Baseline prompt,87.5,0.01
decay_setting_032,Baseline prompt,88.5,0.01
decay_setting_032,Baseline prompt,89.5,0.01
decay_setting_032,Baseline prompt,90.5,0.01
decay_setting_032,Baseline prompt,91.5,0.01
decay_setting_032,Baseline prompt,92.5,0.01
decay_setting_032,Baseline prompt,93.5,0.01
decay_setting_032,Baseline prompt,94.5,0.01
decay_setting_032,Baseline prompt,95.5,0.01
decay_setting_032,Baseline prompt,96.5,0.01
decay_setting_032,Baseline prompt,97.5,0.01
decay_setting_032,Baseline prompt,98.5,0.01
decay_setting_032,Baseline prompt,99.5,0.01
decay_setting_032,Blueprint prompt,0.5,0.88
decay_setting_032,Blueprint prompt,1.5,0.85
decay_setting_032,Blueprint prompt,2.5,0.83
decay_setting_032,Blueprint prompt,3.5,0.8
decay_setting_032,Blueprint prompt,4.5,0.76
decay_setting_032,Blueprint prompt,5.5,0.71
decay_setting_032,Blueprint prompt,6.5,0.67
decay_setting_032,Blueprint prompt,7.5,0.63
decay_setting_032,Blueprint prompt,8.5,0.59
decay_setting_032,Blueprint prompt,9.5,0.56
decay_setting_032,Blueprint prompt,10.5,0.51
decay_setting_032,Blueprint prompt,11.5,0.48
decay_setting_032,Blueprint prompt,12.5,0.44
decay_setting_032,Blueprint prompt,13.5,0.41
decay_setting_032,Blueprint prompt,14.5,0.38
decay_setting_032,Blueprint prompt,15.5,0.36
decay_setting_032,Blueprint prompt,16.5,0.33
decay_setting_032,Blueprint prompt,17.5,0.31
decay_setting_032,Blueprint prompt,18.5,0.29
decay_setting_032,Blueprint prompt,19.5,0.27
decay_setting_032,Blueprint prompt,20.5,0.25
decay_setting_032,Blueprint prompt,21.5,0.23
decay_setting_032,Blueprint prompt,22.5,0.21
decay_setting_032,Blueprint prompt,23.5,0.2
decay_setting_032,Blueprint prompt,24.5,0.19
decay_setting_032,Blueprint prompt,25.5,0.18
decay_setting_032,Blueprint prompt,26.5,0.17
decay_setting_032,Blueprint prompt,27.5,0.16
decay_setting_032,Blueprint prompt,28.5,0.15
decay_setting_032,Blueprint prompt,29.5,0.14
decay_setting_032,Blueprint prompt,30.5,0.14
decay_setting_032,Blueprint prompt,31.5,0.13
decay_setting_032,Blueprint prompt,32.5,0.12
decay_setting_032,Blueprint prompt,33.5,0.12
decay_setting_032,Blueprint prompt,34.5,0.11
decay_setting_032,Blueprint prompt,35.5,0.11
decay_setting_032,Blueprint prompt,36.5,0.1
decay_setting_032,Blueprint prompt,37.5,0.1
decay_setting_032,Blueprint prompt,38.5,0.09
decay_setting_032,Blueprint prompt,39.5,0.09
decay_setting_032,Blueprint prompt,40.5,0.08
decay_setting_032,Blueprint prompt,41.5,0.08
decay_setting_032,Blueprint prompt,42.5,0.07
decay_setting_032,Blueprint prompt,43.5,0.07
decay_setting_032,Blueprint prompt,44.5,0.07
decay_setting_032,Blueprint prompt,45.5,0.06
decay_setting_032,Blueprint prompt,46.5,0.06
decay_setting_032,Blueprint prompt,47.5,0.06
decay_setting_032,Blueprint prompt,48.5,0.05
decay_setting_032,Blueprint prompt,49.5,0.05
decay_setting_032,Blueprint prompt,50.5,0.05
decay_setting_032,Blueprint prompt,51.5,0.05
decay_setting_032,Blueprint prompt,52.5,0.05
decay_setting_032,Blueprint prompt,53.5,0.04
decay_setting_032,Blueprint prompt,54.5,0.04
decay_setting_032,Blueprint prompt,55.5,0.04
decay_setting_032,Blueprint prompt,56.5,0.04
decay_setting_032,Blueprint prompt,57.5,0.04
decay_setting_032,Blueprint prompt,58.5,0.04
decay_setting_032,Blueprint prompt,59.5,0.03
decay_setting_032,Blueprint prompt,60.5,0.03
decay_setting_032,Blueprint prompt,61.5,0.03
decay_setting_032,Blueprint prompt,62.5,0.03
decay_setting_032,Blueprint prompt,63.5,0.03
decay_setting_032,Blueprint prompt,64.5,0.03
decay_setting_032,Blueprint prompt,65.5,0.03
decay_setting_032,Blueprint prompt,66.5,0.02
decay_setting_032,Blueprint prompt,67.5,0.02
decay_setting_032,Blueprint prompt,68.5,0.02
decay_setting_032,Blueprint prompt,69.5,0.02
decay_setting_032,Blueprint prompt,70.5,0.02
decay_setting_032,Blueprint prompt,71.5,0.02
decay_setting_032,Blueprint prompt,72.5,0.02
decay_setting_032,Blueprint prompt,73.5,0.02
decay_setting_032,Blueprint prompt,74.5,0.02
decay_setting_032,Blueprint prompt,75.5,0.02
decay_setting_032,Blueprint prompt,76.5,0.01
decay_setting_032,Blueprint prompt,77.5,0.01
decay_setting_032,Blueprint prompt,78.5,0.01
decay_setting_032,Blueprint prompt,79.5,0.01
decay_setting_032,Blueprint prompt,80.5,0.01
decay_setting_032,Blueprint prompt,81.5,0.01
decay_setting_032,Blueprint prompt,82.5,0.01
decay_setting_032,Blueprint prompt,83.5,0.01
decay_setting_032,Blueprint prompt,84.5,0.01
decay_setting_032,Blueprint prompt,85.5,0.01
decay_setting_032,Blueprint prompt,86.5,0.01
decay_setting_032,Blueprint prompt,87.5,0.01
decay_setting_032,Blueprint prompt,88.5,0.01
decay_setting_032,Blueprint prompt,89.5,0.01
decay_setting_032,Blueprint prompt,90.5,0.01
decay_setting_032,Blueprint prompt,91.5,0.01
decay_setting_032,Blueprint prompt,92.5,0.01
decay_setting_032,Blueprint prompt,93.5,0.01
decay_setting_032,Blueprint prompt,94.5,0.01
decay_setting_032,Blueprint prompt,95.5,0.01
decay_setting_032,Blueprint prompt,96.5,0.01
decay_setting_032,Blueprint prompt,97.5,0.01
decay_setting_032,Blueprint prompt,98.5,0.01
decay_setting_032,Blueprint prompt,99.5,0.01
decay_setting_031,Blueprint prompt,0.5,0.88
decay_setting_031,Blueprint prompt,1.5,0.85
decay_setting_031,Blueprint prompt,2.5,0.82
decay_setting_031,Blueprint prompt,3.5,0.79
decay_setting_031,Blueprint prompt,4.5,0.76
decay_setting_031,Blueprint prompt,5.5,0.73
decay_setting_031,Blueprint prompt,6.5,0.7
decay_setting_031,Blueprint prompt,7.5,0.66
decay_setting_031,Blueprint prompt,8.5,0.63
decay_setting_031,Blueprint prompt,9.5,0.6
decay_setting_031,Blueprint prompt,10.5,0.58
decay_setting_031,Blueprint prompt,11.5,0.55
decay_setting_031,Blueprint prompt,12.5,0.52
decay_setting_031,Blueprint prompt,13.5,0.49
decay_setting_031,Blueprint prompt,14.5,0.47
decay_setting_031,Blueprint prompt,15.5,0.45
decay_setting_031,Blueprint prompt,16.5,0.42
decay_setting_031,Blueprint prompt,17.5,0.4
decay_setting_031,Blueprint prompt,18.5,0.38
decay_setting_031,Blueprint prompt,19.5,0.36
decay_setting_031,Blueprint prompt,20.5,0.34
decay_setting_031,Blueprint prompt,21.5,0.33
decay_setting_031,Blueprint prompt,22.5,0.32
decay_setting_031,Blueprint prompt,23.5,0.3
decay_setting_031,Blueprint prompt,24.5,0.28
decay_setting_031,Blueprint prompt,25.5,0.26
decay_setting_031,Blueprint prompt,26.5,0.24
decay_setting_031,Blueprint prompt,27.5,0.23
decay_setting_031,Blueprint prompt,28.5,0.22
decay_setting_031,Blueprint prompt,29.5,0.21
decay_setting_031,Blueprint prompt,30.5,0.2
decay_setting_031,Blueprint prompt,31.5,0.19
decay_setting_031,Blueprint prompt,32.5,0.18
decay_setting_031,Blueprint prompt,33.5,0.17
decay_setting_031,Blueprint prompt,34.5,0.16
decay_setting_031,Blueprint prompt,35.5,0.15
decay_setting_031,Blueprint prompt,36.5,0.14
decay_setting_031,Blueprint prompt,37.5,0.13
decay_setting_031,Blueprint prompt,38.5,0.13
decay_setting_031,Blueprint prompt,39.5,0.12
decay_setting_031,Blueprint prompt,40.5,0.12
decay_setting_031,Blueprint prompt,41.5,0.11
decay_setting_031,Blueprint prompt,42.5,0.11
decay_setting_031,Blueprint prompt,43.5,0.1
decay_setting_031,Blueprint prompt,44.5,0.1
decay_setting_031,Blueprint prompt,45.5,0.09
decay_setting_031,Blueprint prompt,46.5,0.09
decay_setting_031,Blueprint prompt,47.5,0.09
decay_setting_031,Blueprint prompt,48.5,0.08
decay_setting_031,Blueprint prompt,49.5,0.08
decay_setting_031,Blueprint prompt,50.5,0.08
decay_setting_031,Blueprint prompt,51.5,0.07
decay_setting_031,Blueprint prompt,52.5,0.07
decay_setting_031,Blueprint prompt,53.5,0.07
decay_setting_031,Blueprint prompt,54.5,0.06
decay_setting_031,Blueprint prompt,55.5,0.06
decay_setting_031,Blueprint prompt,56.5,0.06
decay_setting_031,Blueprint prompt,57.5,0.05
decay_setting_031,Blueprint prompt,58.5,0.05
decay_setting_031,Blueprint prompt,59.5,0.05
decay_setting_031,Blueprint prompt,60.5,0.05
decay_setting_031,Blueprint prompt,61.5,0.05
decay_setting_031,Blueprint prompt,62.5,0.04
decay_setting_031,Blueprint prompt,63.5,0.04
decay_setting_031,Blueprint prompt,64.5,0.04
decay_setting_031,Blueprint prompt,65.5,0.04
decay_setting_031,Blueprint prompt,66.5,0.04
decay_setting_031,Blueprint prompt,67.5,0.04
decay_setting_031,Blueprint prompt,68.5,0.03
decay_setting_031,Blueprint prompt,69.5,0.03
decay_setting_031,Blueprint prompt,70.5,0.03
decay_setting_031,Blueprint prompt,71.5,0.03
decay_setting_031,Blueprint prompt,72.5,0.03
decay_setting_031,Blueprint prompt,73.5,0.03
decay_setting_031,Blueprint prompt,74.5,0.03
decay_setting_031,Blueprint prompt,75.5,0.03
decay_setting_031,Blueprint prompt,76.5,0.02
decay_setting_031,Blueprint prompt,77.5,0.02
decay_setting_031,Blueprint prompt,78.5,0.02
decay_setting_031,Blueprint prompt,79.5,0.02
decay_setting_031,Blueprint prompt,80.5,0.02
decay_setting_031,Blueprint prompt,81.5,0.02
decay_setting_031,Blueprint prompt,82.5,0.02
decay_setting_031,Blueprint prompt,83.5,0.02
decay_setting_031,Blueprint prompt,84.5,0.02
decay_setting_031,Blueprint prompt,85.5,0.02
decay_setting_031,Blueprint prompt,86.5,0.02
decay_setting_031,Blueprint prompt,87.5,0.02
decay_setting_031,Blueprint prompt,88.5,0.02
decay_setting_031,Blueprint prompt,89.5,0.02
decay_setting_031,Blueprint prompt,90.5,0.02
decay_setting_031,Blueprint prompt,91.5,0.02
decay_setting_031,Blueprint prompt,92.5,0.02
decay_setting_031,Blueprint prompt,93.5,0.02
decay_setting_031,Blueprint prompt,94.5,0.02
decay_setting_031,Blueprint prompt,95.5,0.02
decay_setting_031,Blueprint prompt,96.5,0.02
decay_setting_031,Blueprint prompt,97.5,0.02
decay_setting_031,Blueprint prompt,98.5,0.02
decay_setting_031,Blueprint prompt,99.5,0.02
decay_setting_033,Baseline prompt,0.5,0.95
decay_setting_033,Baseline prompt,1.5,0.92
decay_setting_033,Baseline prompt,2.5,0.88
decay_setting_033,Baseline prompt,3.5,0.84
decay_setting_033,Baseline prompt,4.5,0.8
decay_setting_033,Baseline prompt,5.5,0.76
decay_setting_033,Baseline prompt,6.5,0.72
decay_setting_033,Baseline prompt,7.5,0.68
decay_setting_033,Baseline prompt,8.5,0.65
decay_setting_033,Baseline prompt,9.5,0.62
decay_setting_033,Baseline prompt,10.5,0.58
decay_setting_033,Baseline prompt,11.5,0.55
decay_setting_033,Baseline prompt,12.5,0.52
decay_setting_033,Baseline prompt,13.5,0.49
decay_setting_033,Baseline prompt,14.5,0.46
decay_setting_033,Baseline prompt,15.5,0.43
decay_setting_033,Baseline prompt,16.5,0.4
decay_setting_033,Baseline prompt,17.5,0.37
decay_setting_033,Baseline prompt,18.5,0.34
decay_setting_033,Baseline prompt,19.5,0.31
decay_setting_033,Baseline prompt,20.5,0.28
decay_setting_033,Baseline prompt,21.5,0.26
decay_setting_033,Baseline prompt,22.5,0.24
decay_setting_033,Baseline prompt,23.5,0.22
decay_setting_033,Baseline prompt,24.5,0.2
decay_setting_033,Baseline prompt,25.5,0.18
decay_setting_033,Baseline prompt,26.5,0.16
decay_setting_033,Baseline prompt,27.5,0.15
decay_setting_033,Baseline prompt,28.5,0.14
decay_setting_033,Baseline prompt,29.5,0.12
decay_setting_033,Baseline prompt,30.5,0.11
decay_setting_033,Baseline prompt,31.5,0.1
decay_setting_033,Baseline prompt,32.5,0.09
decay_setting_033,Baseline prompt,33.5,0.08
decay_setting_033,Baseline prompt,34.5,0.07
decay_setting_033,Baseline prompt,35.5,0.06
decay_setting_033,Baseline prompt,36.5,0.06
decay_setting_033,Baseline prompt,37.5,0.05
decay_setting_033,Baseline prompt,38.5,0.05
decay_setting_033,Baseline prompt,39.5,0.05
decay_setting_033,Baseline prompt,40.5,0.04
decay_setting_033,Baseline prompt,41.5,0.04
decay_setting_033,Baseline prompt,42.5,0.04
decay_setting_033,Baseline prompt,43.5,0.04
decay_setting_033,Baseline prompt,44.5,0.04
decay_setting_033,Baseline prompt,45.5,0.03
decay_setting_033,Baseline prompt,46.5,0.03
decay_setting_033,Baseline prompt,47.5,0.03
decay_setting_033,Baseline prompt,48.5,0.03
decay_setting_033,Baseline prompt,49.5,0.03
decay_setting_033,Baseline prompt,50.5,0.02
decay_setting_033,Baseline prompt,51.5,0.02
decay_setting_033,Baseline prompt,52.5,0.02
decay_setting_033,Baseline prompt,53.5,0.02
decay_setting_033,Baseline prompt,54.5,0.02
decay_setting_033,Baseline prompt,55.5,0.02
decay_setting_033,Baseline prompt,56.5,0.01
decay_setting_033,Baseline prompt,57.5,0.01
decay_setting_033,Baseline prompt,58.5,0.01
decay_setting_033,Baseline prompt,59.5,0.01
decay_setting_033,Baseline prompt,60.5,0.01
decay_setting_033,Baseline prompt,61.5,0.01
decay_setting_033,Baseline prompt,62.5,0.01
decay_setting_033,Baseline prompt,63.5,0.01
decay_setting_033,Baseline prompt,64.5,0.01
decay_setting_033,Baseline prompt,65.5,0.01
decay_setting_033,Baseline prompt,66.5,0.01
decay_setting_033,Baseline prompt,67.5,0.01
decay_setting_033,Baseline prompt,68.5,0.01
decay_setting_033,Baseline prompt,69.5,0.01
decay_setting_033,Baseline prompt,70.5,0.01
decay_setting_033,Baseline prompt,71.5,0.01
decay_setting_033,Baseline prompt,72.5,0.01
decay_setting_033,Baseline prompt,73.5,0.01
decay_setting_033,Baseline prompt,74.5,0.01
decay_setting_033,Baseline prompt,75.5,0.01
decay_setting_033,Baseline prompt,76.5,0.01
decay_setting_033,Baseline prompt,77.5,0.01
decay_setting_033,Baseline prompt,78.5,0.01
decay_setting_033,Baseline prompt,79.5,0.01
decay_setting_033,Baseline prompt,80.5,0.01
decay_setting_033,Baseline prompt,81.5,0.01
decay_setting_033,Baseline prompt,82.5,0.01
decay_setting_033,Baseline prompt,83.5,0.01
decay_setting_033,Baseline prompt,84.5,0.01
decay_setting_033,Baseline prompt,85.5,0.01
decay_setting_033,Baseline prompt,86.5,0.01
decay_setting_033,Baseline prompt,87.5,0.01
decay_setting_033,Baseline prompt,88.5,0.01
decay_setting_033,Baseline prompt,89.5,0.01
decay_setting_033,Baseline prompt,90.5,0.01
decay_setting_033,Baseline prompt,91.5,0.01
decay_setting_033,Baseline prompt,92.5,0.01
decay_setting_033,Baseline prompt,93.5,0.01
decay_setting_033,Baseline prompt,94.5,0.01
decay_setting_033,Baseline prompt,95.5,0.01
decay_setting_033,Baseline prompt,96.5,0.01
decay_setting_033,Baseline prompt,97.5,0.01
decay_setting_033,Baseline prompt,98.5,0.01
decay_setting_033,Baseline prompt,99.5,0.01
decay_setting_031,Baseline prompt,0.5,0.75
decay_setting_031,Baseline prompt,1.5,0.68
decay_setting_031,Baseline prompt,2.5,0.63
decay_setting_031,Baseline prompt,3.5,0.58
decay_setting_031,Baseline prompt,4.5,0.53
decay_setting_031,Baseline prompt,5.5,0.48
decay_setting_031,Baseline prompt,6.5,0.42
decay_setting_031,Baseline prompt,7.5,0.38
decay_setting_031,Baseline prompt,8.5,0.34
decay_setting_031,Baseline prompt,9.5,0.3
decay_setting_031,Baseline prompt,10.5,0.26
decay_setting_031,Baseline prompt,11.5,0.23
decay_setting_031,Baseline prompt,12.5,0.2
decay_setting_031,Baseline prompt,13.5,0.18
decay_setting_031,Baseline prompt,14.5,0.16
decay_setting_031,Baseline prompt,15.5,0.14
decay_setting_031,Baseline prompt,16.5,0.12
decay_setting_031,Baseline prompt,17.5,0.1
decay_setting_031,Baseline prompt,18.5,0.09
decay_setting_031,Baseline prompt,19.5,0.08
decay_setting_031,Baseline prompt,20.5,0.07
decay_setting_031,Baseline prompt,21.5,0.06
decay_setting_031,Baseline prompt,22.5,0.05
decay_setting_031,Baseline prompt,23.5,0.045
decay_setting_031,Baseline prompt,24.5,0.04
decay_setting_031,Baseline prompt,25.5,0.035
decay_setting_031,Baseline prompt,26.5,0.03
decay_setting_031,Baseline prompt,27.5,0.028
decay_setting_031,Baseline prompt,28.5,0.026
decay_setting_031,Baseline prompt,29.5,0.024
decay_setting_031,Baseline prompt,30.5,0.022
decay_setting_031,Baseline prompt,31.5,0.021
decay_setting_031,Baseline prompt,32.5,0.02
decay_setting_031,Baseline prompt,33.5,0.019
decay_setting_031,Baseline prompt,34.5,0.018
decay_setting_031,Baseline prompt,35.5,0.017
decay_setting_031,Baseline prompt,36.5,0.016
decay_setting_031,Baseline prompt,37.5,0.015
decay_setting_031,Baseline prompt,38.5,0.014
decay_setting_031,Baseline prompt,39.5,0.013
decay_setting_031,Baseline prompt,40.5,0.012
decay_setting_031,Baseline prompt,41.5,0.011
decay_setting_031,Baseline prompt,42.5,0.0105
decay_setting_031,Baseline prompt,43.5,0.01
decay_setting_031,Baseline prompt,44.5,0.0095
decay_setting_031,Baseline prompt,45.5,0.009
decay_setting_031,Baseline prompt,46.5,0.0085
decay_setting_031,Baseline prompt,47.5,0.008
decay_setting_031,Baseline prompt,48.5,0.0075
decay_setting_031,Baseline prompt,49.5,0.007
decay_setting_031,Baseline prompt,50.5,0.0065
decay_setting_031,Baseline prompt,51.5,0.006
decay_setting_031,Baseline prompt,52.5,0.0057
decay_setting_031,Baseline prompt,53.5,0.0054
decay_setting_031,Baseline prompt,54.5,0.0051
decay_setting_031,Baseline prompt,55.5,0.0048
decay_setting_031,Baseline prompt,56.5,0.0045
decay_setting_031,Baseline prompt,57.5,0.0042
decay_setting_031,Baseline prompt,58.5,0.0039
decay_setting_031,Baseline prompt,59.5,0.0036
decay_setting_031,Baseline prompt,60.5,0.0034
decay_setting_031,Baseline prompt,61.5,0.0032
decay_setting_031,Baseline prompt,62.5,0.003
decay_setting_031,Baseline prompt,63.5,0.0028
decay_setting_031,Baseline prompt,64.5,0.0026
decay_setting_031,Baseline prompt,65.5,0.0025
decay_setting_031,Baseline prompt,66.5,0.0024
decay_setting_031,Baseline prompt,67.5,0.0023
decay_setting_031,Baseline prompt,68.5,0.0022
decay_setting_031,Baseline prompt,69.5,0.0021
decay_setting_031,Baseline prompt,70.5,0.002
decay_setting_031,Baseline prompt,71.5,0.0019
decay_setting_031,Baseline prompt,72.5,0.0018
decay_setting_031,Baseline prompt,73.5,0.0017
decay_setting_031,Baseline prompt,74.5,0.0016
decay_setting_031,Baseline prompt,75.5,0.0015
decay_setting_031,Baseline prompt,76.5,0.0014
decay_setting_031,Baseline prompt,77.5,0.0013
decay_setting_031,Baseline prompt,78.5,0.00125
decay_setting_031,Baseline prompt,79.5,0.0012
decay_setting_031,Baseline prompt,80.5,0.00115
decay_setting_031,Baseline prompt,81.5,0.0011
decay_setting_031,Baseline prompt,82.5,0.00107
decay_setting_031,Baseline prompt,83.5,0.00104
decay_setting_031,Baseline prompt,84.5,0.00101
decay_setting_031,Baseline prompt,85.5,0.00098
decay_setting_031,Baseline prompt,86.5,0.00095
decay_setting_031,Baseline prompt,87.5,0.00092
decay_setting_031,Baseline prompt,88.5,0.00089
decay_setting_031,Baseline prompt,89.5,0.00086
decay_setting_031,Baseline prompt,90.5,0.00083
decay_setting_031,Baseline prompt,91.5,0.0008
decay_setting_031,Baseline prompt,92.5,0.00077
decay_setting_031,Baseline prompt,93.5,0.00074
decay_setting_031,Baseline prompt,94.5,0.00071
decay_setting_031,Baseline prompt,95.5,0.00068
decay_setting_031,Baseline prompt,96.5,0.00065
decay_setting_031,Baseline prompt,97.5,0.00062
decay_setting_031,Baseline prompt,98.5,0.0006
decay_setting_031,Baseline prompt,99.5,0.00058
decay_setting_033,Blueprint prompt,0.5,0.89
decay_setting_033,Blueprint prompt,1.5,0.88
decay_setting_033,Blueprint prompt,2.5,0.87
decay_setting_033,Blueprint prompt,3.5,0.86
decay_setting_033,Blueprint prompt,4.5,0.85
decay_setting_033,Blueprint prompt,5.5,0.84
decay_setting_033,Blueprint prompt,6.5,0.83
decay_setting_033,Blueprint prompt,7.5,0.82
decay_setting_033,Blueprint prompt,8.5,0.81
decay_setting_033,Blueprint prompt,9.5,0.8
decay_setting_033,Blueprint prompt,10.5,0.78
decay_setting_033,Blueprint prompt,11.5,0.76
decay_setting_033,Blueprint prompt,12.5,0.74
decay_setting_033,Blueprint prompt,13.5,0.72
decay_setting_033,Blueprint prompt,14.5,0.7
decay_setting_033,Blueprint prompt,15.5,0.68
decay_setting_033,Blueprint prompt,16.5,0.66
decay_setting_033,Blueprint prompt,17.5,0.64
decay_setting_033,Blueprint prompt,18.5,0.62
decay_setting_033,Blueprint prompt,19.5,0.6
decay_setting_033,Blueprint prompt,20.5,0.58
decay_setting_033,Blueprint prompt,21.5,0.56
decay_setting_033,Blueprint prompt,22.5,0.54
decay_setting_033,Blueprint prompt,23.5,0.52
decay_setting_033,Blueprint prompt,24.5,0.51
decay_setting_033,Blueprint prompt,25.5,0.5
decay_setting_033,Blueprint prompt,26.5,0.48
decay_setting_033,Blueprint prompt,27.5,0.47
decay_setting_033,Blueprint prompt,28.5,0.46
decay_setting_033,Blueprint prompt,29.5,0.45
decay_setting_033,Blueprint prompt,30.5,0.43
decay_setting_033,Blueprint prompt,31.5,0.42
decay_setting_033,Blueprint prompt,32.5,0.41
decay_setting_033,Blueprint prompt,33.5,0.4
decay_setting_033,Blueprint prompt,34.5,0.39
decay_setting_033,Blueprint prompt,35.5,0.38
decay_setting_033,Blueprint prompt,36.5,0.37
decay_setting_033,Blueprint prompt,37.5,0.36
decay_setting_033,Blueprint prompt,38.5,0.35
decay_setting_033,Blueprint prompt,39.5,0.34
decay_setting_033,Blueprint prompt,40.5,0.33
decay_setting_033,Blueprint prompt,41.5,0.32
decay_setting_033,Blueprint prompt,42.5,0.3
decay_setting_033,Blueprint prompt,43.5,0.29
decay_setting_033,Blueprint prompt,44.5,0.28
decay_setting_033,Blueprint prompt,45.5,0.27
decay_setting_033,Blueprint prompt,46.5,0.26
decay_setting_033,Blueprint prompt,47.5,0.25
decay_setting_033,Blueprint prompt,48.5,0.24
decay_setting_033,Blueprint prompt,49.5,0.23
decay_setting_033,Blueprint prompt,50.5,0.22
decay_setting_033,Blueprint prompt,51.5,0.21
decay_setting_033,Blueprint prompt,52.5,0.2
decay_setting_033,Blueprint prompt,53.5,0.19
decay_setting_033,Blueprint prompt,54.5,0.18
decay_setting_033,Blueprint prompt,55.5,0.17
decay_setting_033,Blueprint prompt,56.5,0.16
decay_setting_033,Blueprint prompt,57.5,0.15
decay_setting_033,Blueprint prompt,58.5,0.14
decay_setting_033,Blueprint prompt,59.5,0.13
decay_setting_033,Blueprint prompt,60.5,0.12
decay_setting_033,Blueprint prompt,61.5,0.12
decay_setting_033,Blueprint prompt,62.5,0.11
decay_setting_033,Blueprint prompt,63.5,0.1
decay_setting_033,Blueprint prompt,64.5,0.09
decay_setting_033,Blueprint prompt,65.5,0.09
decay_setting_033,Blueprint prompt,66.5,0.08
decay_setting_033,Blueprint prompt,67.5,0.07
decay_setting_033,Blueprint prompt,68.5,0.07
decay_setting_033,Blueprint prompt,69.5,0.06
decay_setting_033,Blueprint prompt,70.5,0.06
decay_setting_033,Blueprint prompt,71.5,0.05
decay_setting_033,Blueprint prompt,72.5,0.05
decay_setting_033,Blueprint prompt,73.5,0.04
decay_setting_033,Blueprint prompt,74.5,0.04
decay_setting_033,Blueprint prompt,75.5,0.03
decay_setting_033,Blueprint prompt,76.5,0.03
decay_setting_033,Blueprint prompt,77.5,0.03
decay_setting_033,Blueprint prompt,78.5,0.02
decay_setting_033,Blueprint prompt,79.5,0.02
decay_setting_033,Blueprint prompt,80.5,0.01
decay_setting_033,Blueprint prompt,81.5,0.01
decay_setting_033,Blueprint prompt,82.5,0.01
decay_setting_033,Blueprint prompt,83.5,0.01
decay_setting_033,Blueprint prompt,84.5,0.01
decay_setting_033,Blueprint prompt,85.5,0.01
decay_setting_033,Blueprint prompt,86.5,0.01
decay_setting_033,Blueprint prompt,87.5,0.01
decay_setting_033,Blueprint prompt,88.5,0.01
decay_setting_033,Blueprint prompt,89.5,0.01
decay_setting_033,Blueprint prompt,90.5,0.01
decay_setting_033,Blueprint prompt,91.5,0.01
decay_setting_033,Blueprint prompt,92.5,0.01
decay_setting_033,Blueprint prompt,93.5,0.01
decay_setting_033,Blueprint prompt,94.5,0.01
decay_setting_033,Blueprint prompt,95.5,0.01
decay_setting_033,Blueprint prompt,96.5,0.01
decay_setting_033,Blueprint prompt,97.5,0.01
decay_setting_033,Blueprint prompt,98.5,0.01
decay_setting_033,Blueprint prompt,99.5,0.01
decay_setting_034,Blueprint prompt,0.5,0.91
decay_setting_034,Blueprint prompt,1.5,0.88
decay_setting_034,Blueprint prompt,2.5,0.85
decay_setting_034,Blueprint prompt,3.5,0.81
decay_setting_034,Blueprint prompt,4.5,0.78
decay_setting_034,Blueprint prompt,5.5,0.74
decay_setting_034,Blueprint prompt,6.5,0.71
decay_setting_034,Blueprint prompt,7.5,0.68
decay_setting_034,Blueprint prompt,8.5,0.65
decay_setting_034,Blueprint prompt,9.5,0.62
decay_setting_034,Blueprint prompt,10.5,0.59
decay_setting_034,Blueprint prompt,11.5,0.57
decay_setting_034,Blueprint prompt,12.5,0.55
decay_setting_034,Blueprint prompt,13.5,0.53
decay_setting_034,Blueprint prompt,14.5,0.51
decay_setting_034,Blueprint prompt,15.5,0.48
decay_setting_034,Blueprint prompt,16.5,0.46
decay_setting_034,Blueprint prompt,17.5,0.44
decay_setting_034,Blueprint prompt,18.5,0.42
decay_setting_034,Blueprint prompt,19.5,0.41
decay_setting_034,Blueprint prompt,20.5,0.4
decay_setting_034,Blueprint prompt,21.5,0.39
decay_setting_034,Blueprint prompt,22.5,0.38
decay_setting_034,Blueprint prompt,23.5,0.37
decay_setting_034,Blueprint prompt,24.5,0.36
decay_setting_034,Blueprint prompt,25.5,0.35
decay_setting_034,Blueprint prompt,26.5,0.34
decay_setting_034,Blueprint prompt,27.5,0.32
decay_setting_034,Blueprint prompt,28.5,0.3
decay_setting_034,Blueprint prompt,29.5,0.28
decay_setting_034,Blueprint prompt,30.5,0.26
decay_setting_034,Blueprint prompt,31.5,0.24
decay_setting_034,Blueprint prompt,32.5,0.22
decay_setting_034,Blueprint prompt,33.5,0.2
decay_setting_034,Blueprint prompt,34.5,0.19
decay_setting_034,Blueprint prompt,35.5,0.18
decay_setting_034,Blueprint prompt,36.5,0.17
decay_setting_034,Blueprint prompt,37.5,0.16
decay_setting_034,Blueprint prompt,38.5,0.15
decay_setting_034,Blueprint prompt,39.5,0.13
decay_setting_034,Blueprint prompt,40.5,0.12
decay_setting_034,Blueprint prompt,41.5,0.11
decay_setting_034,Blueprint prompt,42.5,0.1
decay_setting_034,Blueprint prompt,43.5,0.09
decay_setting_034,Blueprint prompt,44.5,0.08
decay_setting_034,Blueprint prompt,45.5,0.08
decay_setting_034,Blueprint prompt,46.5,0.07
decay_setting_034,Blueprint prompt,47.5,0.06
decay_setting_034,Blueprint prompt,48.5,0.06
decay_setting_034,Blueprint prompt,49.5,0.05
decay_setting_034,Blueprint prompt,50.5,0.05
decay_setting_034,Blueprint prompt,51.5,0.05
decay_setting_034,Blueprint prompt,52.5,0.04
decay_setting_034,Blueprint prompt,53.5,0.04
decay_setting_034,Blueprint prompt,54.5,0.03
decay_setting_034,Blueprint prompt,55.5,0.03
decay_setting_034,Blueprint prompt,56.5,0.03
decay_setting_034,Blueprint prompt,57.5,0.02
decay_setting_034,Blueprint prompt,58.5,0.02
decay_setting_034,Blueprint prompt,59.5,0.02
decay_setting_034,Blueprint prompt,60.5,0.02
decay_setting_034,Blueprint prompt,61.5,0.02
decay_setting_034,Blueprint prompt,62.5,0.02
decay_setting_034,Blueprint prompt,63.5,0.02
decay_setting_034,Blueprint prompt,64.5,0.02
decay_setting_034,Blueprint prompt,65.5,0.01
decay_setting_034,Blueprint prompt,66.5,0.01
decay_setting_034,Blueprint prompt,67.5,0.01
decay_setting_034,Blueprint prompt,68.5,0.01
decay_setting_034,Blueprint prompt,69.5,0.01
decay_setting_034,Blueprint prompt,70.5,0.01
decay_setting_034,Blueprint prompt,71.5,0.01
decay_setting_034,Blueprint prompt,72.5,0.01
decay_setting_034,Blueprint prompt,73.5,0.01
decay_setting_034,Blueprint prompt,74.5,0.01
decay_setting_034,Blueprint prompt,75.5,0.01
decay_setting_034,Blueprint prompt,76.5,0.01
decay_setting_034,Blueprint prompt,77.5,0.01
decay_setting_034,Blueprint prompt,78.5,0.01
decay_setting_034,Blueprint prompt,79.5,0.01
decay_setting_034,Blueprint prompt,80.5,0.01
decay_setting_034,Blueprint prompt,81.5,0.01
decay_setting_034,Blueprint prompt,82.5,0.01
decay_setting_034,Blueprint prompt,83.5,0.01
decay_setting_034,Blueprint prompt,84.5,0.01
decay_setting_034,Blueprint prompt,85.5,0.01
decay_setting_034,Blueprint prompt,86.5,0.01
decay_setting_034,Blueprint prompt,87.5,0.01
decay_setting_034,Blueprint prompt,88.5,0.01
decay_setting_034,Blueprint prompt,89.5,0.01
decay_setting_034,Blueprint prompt,90.5,0.01
decay_setting_034,Blueprint prompt,91.5,0.01
decay_setting_034,Blueprint prompt,92.5,0.01
decay_setting_034,Blueprint prompt,93.5,0.01
decay_setting_034,Blueprint prompt,94.5,0.01
decay_setting_034,Blueprint prompt,95.5,0.01
decay_setting_034,Blueprint prompt,96.5,0.01
decay_setting_034,Blueprint prompt,97.5,0.01
decay_setting_034,Blueprint prompt,98.5,0.01
decay_setting_034,Blueprint prompt,99.5,0.01
decay_setting_034,Baseline prompt,0.5,0.75
decay_setting_034,Baseline prompt,1.5,0.72
decay_setting_034,Baseline prompt,2.5,0.7
decay_setting_034,Baseline prompt,3.5,0.68
decay_setting_034,Baseline prompt,4.5,0.65
decay_setting_034,Baseline prompt,5.5,0.62
decay_setting_034,Baseline prompt,6.5,0.6
decay_setting_034,Baseline prompt,7.5,0.58
decay_setting_034,Baseline prompt,8.5,0.55
decay_setting_034,Baseline prompt,9.5,0.52
decay_setting_034,Baseline prompt,10.5,0.5
decay_setting_034,Baseline prompt,11.5,0.48
decay_setting_034,Baseline prompt,12.5,0.46
decay_setting_034,Baseline prompt,13.5,0.43
decay_setting_034,Baseline prompt,14.5,0.41
decay_setting_034,Baseline prompt,15.5,0.39
decay_setting_034,Baseline prompt,16.5,0.37
decay_setting_034,Baseline prompt,17.5,0.35
decay_setting_034,Baseline prompt,18.5,0.33
decay_setting_034,Baseline prompt,19.5,0.32
decay_setting_034,Baseline prompt,20.5,0.3
decay_setting_034,Baseline prompt,21.5,0.28
decay_setting_034,Baseline prompt,22.5,0.27
decay_setting_034,Baseline prompt,23.5,0.25
decay_setting_034,Baseline prompt,24.5,0.24
decay_setting_034,Baseline prompt,25.5,0.23
decay_setting_034,Baseline prompt,26.5,0.22
decay_setting_034,Baseline prompt,27.5,0.2
decay_setting_034,Baseline prompt,28.5,0.18
decay_setting_034,Baseline prompt,29.5,0.17
decay_setting_034,Baseline prompt,30.5,0.16
decay_setting_034,Baseline prompt,31.5,0.15
decay_setting_034,Baseline prompt,32.5,0.14
decay_setting_034,Baseline prompt,33.5,0.13
decay_setting_034,Baseline prompt,34.5,0.12
decay_setting_034,Baseline prompt,35.5,0.11
decay_setting_034,Baseline prompt,36.5,0.1
decay_setting_034,Baseline prompt,37.5,0.09
decay_setting_034,Baseline prompt,38.5,0.08
decay_setting_034,Baseline prompt,39.5,0.07
decay_setting_034,Baseline prompt,40.5,0.07
decay_setting_034,Baseline prompt,41.5,0.06
decay_setting_034,Baseline prompt,42.5,0.05
decay_setting_034,Baseline prompt,43.5,0.05
decay_setting_034,Baseline prompt,44.5,0.04
decay_setting_034,Baseline prompt,45.5,0.04
decay_setting_034,Baseline prompt,46.5,0.03
decay_setting_034,Baseline prompt,47.5,0.03
decay_setting_034,Baseline prompt,48.5,0.02
decay_setting_034,Baseline prompt,49.5,0.02
decay_setting_034,Baseline prompt,50.5,0.01
decay_setting_034,Baseline prompt,51.5,0.01
decay_setting_034,Baseline prompt,52.5,0.01
decay_setting_034,Baseline prompt,53.5,0.01
decay_setting_034,Baseline prompt,54.5,0.01
decay_setting_034,Baseline prompt,55.5,0.01
decay_setting_034,Baseline prompt,56.5,0.01
decay_setting_034,Baseline prompt,57.5,0.01
decay_setting_034,Baseline prompt,58.5,0.01
decay_setting_034,Baseline prompt,59.5,0.01
decay_setting_034,Baseline prompt,60.5,0.01
decay_setting_034,Baseline prompt,61.5,0.01
decay_setting_034,Baseline prompt,62.5,0.01
decay_setting_034,Baseline prompt,63.5,0.01
decay_setting_034,Baseline prompt,64.5,0.01
decay_setting_034,Baseline prompt,65.5,0.01
decay_setting_034,Baseline prompt,66.5,0.01
decay_setting_034,Baseline prompt,67.5,0.01
decay_setting_034,Baseline prompt,68.5,0.01
decay_setting_034,Baseline prompt,69.5,0.01
decay_setting_034,Baseline prompt,70.5,0.01
decay_setting_034,Baseline prompt,71.5,0.01
decay_setting_034,Baseline prompt,72.5,0.01
decay_setting_034,Baseline prompt,73.5,0.01
decay_setting_034,Baseline prompt,74.5,0.01
decay_setting_034,Baseline prompt,75.5,0.01
decay_setting_034,Baseline prompt,76.5,0.01
decay_setting_034,Baseline prompt,77.5,0.01
decay_setting_034,Baseline prompt,78.5,0.01
decay_setting_034,Baseline prompt,79.5,0.01
decay_setting_034,Baseline prompt,80.5,0.01
decay_setting_034,Baseline prompt,81.5,0.01
decay_setting_034,Baseline prompt,82.5,0.01
decay_setting_034,Baseline prompt,83.5,0.01
decay_setting_034,Baseline prompt,84.5,0.01
decay_setting_034,Baseline prompt,85.5,0.01
decay_setting_034,Baseline prompt,86.5,0.01
decay_setting_034,Baseline prompt,87.5,0.01
decay_setting_034,Baseline prompt,88.5,0.01
decay_setting_034,Baseline prompt,89.5,0.01
decay_setting_034,Baseline prompt,90.5,0.01
decay_setting_034,Baseline prompt,91.5,0.01
decay_setting_034,Baseline prompt,92.5,0.01
decay_setting_034,Baseline prompt,93.5,0.01
decay_setting_034,Baseline prompt,94.5,0.01
decay_setting_034,Baseline prompt,95.5,0.01
decay_setting_034,Baseline prompt,96.5,0.01
decay_setting_034,Baseline prompt,97.5,0.01
decay_setting_034,Baseline prompt,98.5,0.01
decay_setting_034,Baseline prompt,99.5,0.01
decay_setting_035,Blueprint prompt,0.5,0.88
decay_setting_035,Blueprint prompt,1.5,0.86
decay_setting_035,Blueprint prompt,2.5,0.84
decay_setting_035,Blueprint prompt,3.5,0.83
decay_setting_035,Blueprint prompt,4.5,0.81
decay_setting_035,Blueprint prompt,5.5,0.79
decay_setting_035,Blueprint prompt,6.5,0.78
decay_setting_035,Blueprint prompt,7.5,0.76
decay_setting_035,Blueprint prompt,8.5,0.74
decay_setting_035,Blueprint prompt,9.5,0.72
decay_setting_035,Blueprint prompt,10.5,0.7
decay_setting_035,Blueprint prompt,11.5,0.67
decay_setting_035,Blueprint prompt,12.5,0.65
decay_setting_035,Blueprint prompt,13.5,0.63
decay_setting_035,Blueprint prompt,14.5,0.61
decay_setting_035,Blueprint prompt,15.5,0.59
decay_setting_035,Blueprint prompt,16.5,0.58
decay_setting_035,Blueprint prompt,17.5,0.57
decay_setting_035,Blueprint prompt,18.5,0.56
decay_setting_035,Blueprint prompt,19.5,0.54
decay_setting_035,Blueprint prompt,20.5,0.52
decay_setting_035,Blueprint prompt,21.5,0.5
decay_setting_035,Blueprint prompt,22.5,0.48
decay_setting_035,Blueprint prompt,23.5,0.46
decay_setting_035,Blueprint prompt,24.5,0.44
decay_setting_035,Blueprint prompt,25.5,0.42
decay_setting_035,Blueprint prompt,26.5,0.41
decay_setting_035,Blueprint prompt,27.5,0.39
decay_setting_035,Blueprint prompt,28.5,0.37
decay_setting_035,Blueprint prompt,29.5,0.35
decay_setting_035,Blueprint prompt,30.5,0.33
decay_setting_035,Blueprint prompt,31.5,0.32
decay_setting_035,Blueprint prompt,32.5,0.3
decay_setting_035,Blueprint prompt,33.5,0.28
decay_setting_035,Blueprint prompt,34.5,0.26
decay_setting_035,Blueprint prompt,35.5,0.25
decay_setting_035,Blueprint prompt,36.5,0.24
decay_setting_035,Blueprint prompt,37.5,0.23
decay_setting_035,Blueprint prompt,38.5,0.22
decay_setting_035,Blueprint prompt,39.5,0.21
decay_setting_035,Blueprint prompt,40.5,0.19
decay_setting_035,Blueprint prompt,41.5,0.18
decay_setting_035,Blueprint prompt,42.5,0.16
decay_setting_035,Blueprint prompt,43.5,0.15
decay_setting_035,Blueprint prompt,44.5,0.14
decay_setting_035,Blueprint prompt,45.5,0.13
decay_setting_035,Blueprint prompt,46.5,0.12
decay_setting_035,Blueprint prompt,47.5,0.11
decay_setting_035,Blueprint prompt,48.5,0.1
decay_setting_035,Blueprint prompt,49.5,0.09
decay_setting_035,Blueprint prompt,50.5,0.08
decay_setting_035,Blueprint prompt,51.5,0.07
decay_setting_035,Blueprint prompt,52.5,0.07
decay_setting_035,Blueprint prompt,53.5,0.06
decay_setting_035,Blueprint prompt,54.5,0.05
decay_setting_035,Blueprint prompt,55.5,0.05
decay_setting_035,Blueprint prompt,56.5,0.04
decay_setting_035,Blueprint prompt,57.5,0.04
decay_setting_035,Blueprint prompt,58.5,0.03
decay_setting_035,Blueprint prompt,59.5,0.03
decay_setting_035,Blueprint prompt,60.5,0.02
decay_setting_035,Blueprint prompt,61.5,0.02
decay_setting_035,Blueprint prompt,62.5,0.02
decay_setting_035,Blueprint prompt,63.5,0.02
decay_setting_035,Blueprint prompt,64.5,0.01
decay_setting_035,Blueprint prompt,65.5,0.01
decay_setting_035,Blueprint prompt,66.5,0.01
decay_setting_035,Blueprint prompt,67.5,0.01
decay_setting_035,Blueprint prompt,68.5,0.01
decay_setting_035,Blueprint prompt,69.5,0.01
decay_setting_035,Blueprint prompt,70.5,0.01
decay_setting_035,Blueprint prompt,71.5,0.01
decay_setting_035,Blueprint prompt,72.5,0.01
decay_setting_035,Blueprint prompt,73.5,0.01
decay_setting_035,Blueprint prompt,74.5,0.01
decay_setting_035,Blueprint prompt,75.5,0.01
decay_setting_035,Blueprint prompt,76.5,0.01
decay_setting_035,Blueprint prompt,77.5,0.01
decay_setting_035,Blueprint prompt,78.5,0.01
decay_setting_035,Blueprint prompt,79.5,0.01
decay_setting_035,Blueprint prompt,80.5,0.01
decay_setting_035,Blueprint prompt,81.5,0.01
decay_setting_035,Blueprint prompt,82.5,0.01
decay_setting_035,Blueprint prompt,83.5,0.01
decay_setting_035,Blueprint prompt,84.5,0.01
decay_setting_035,Blueprint prompt,85.5,0.01
decay_setting_035,Blueprint prompt,86.5,0.01
decay_setting_035,Blueprint prompt,87.5,0.01
decay_setting_035,Blueprint prompt,88.5,0.01
decay_setting_035,Blueprint prompt,89.5,0.01
decay_setting_035,Blueprint prompt,90.5,0.01
decay_setting_035,Blueprint prompt,91.5,0.01
decay_setting_035,Blueprint prompt,92.5,0.01
decay_setting_035,Blueprint prompt,93.5,0.01
decay_setting_035,Blueprint prompt,94.5,0.01
decay_setting_035,Blueprint prompt,95.5,0.01
decay_setting_035,Blueprint prompt,96.5,0.01
decay_setting_035,Blueprint prompt,97.5,0.01
decay_setting_035,Blueprint prompt,98.5,0.01
decay_setting_035,Blueprint prompt,99.5,0.01
decay_setting_037,Baseline prompt,0.5,0.78
decay_setting_037,Baseline prompt,1.5,0.75
decay_setting_037,Baseline prompt,2.5,0.72
decay_setting_037,Baseline prompt,3.5,0.68
decay_setting_037,Baseline prompt,4.5,0.64
decay_setting_037,Baseline prompt,5.5,0.6
decay_setting_037,Baseline prompt,6.5,0.56
decay_setting_037,Baseline prompt,7.5,0.52
decay_setting_037,Baseline prompt,8.5,0.48
decay_setting_037,Baseline prompt,9.5,0.44
decay_setting_037,Baseline prompt,10.5,0.4
decay_setting_037,Baseline prompt,11.5,0.36
decay_setting_037,Baseline prompt,12.5,0.34
decay_setting_037,Baseline prompt,13.5,0.32
decay_setting_037,Baseline prompt,14.5,0.3
decay_setting_037,Baseline prompt,15.5,0.26
decay_setting_037,Baseline prompt,16.5,0.24
decay_setting_037,Baseline prompt,17.5,0.22
decay_setting_037,Baseline prompt,18.5,0.2
decay_setting_037,Baseline prompt,19.5,0.18
decay_setting_037,Baseline prompt,20.5,0.17
decay_setting_037,Baseline prompt,21.5,0.16
decay_setting_037,Baseline prompt,22.5,0.15
decay_setting_037,Baseline prompt,23.5,0.14
decay_setting_037,Baseline prompt,24.5,0.13
decay_setting_037,Baseline prompt,25.5,0.12
decay_setting_037,Baseline prompt,26.5,0.11
decay_setting_037,Baseline prompt,27.5,0.1
decay_setting_037,Baseline prompt,28.5,0.09
decay_setting_037,Baseline prompt,29.5,0.08
decay_setting_037,Baseline prompt,30.5,0.08
decay_setting_037,Baseline prompt,31.5,0.08
decay_setting_037,Baseline prompt,32.5,0.07
decay_setting_037,Baseline prompt,33.5,0.07
decay_setting_037,Baseline prompt,34.5,0.07
decay_setting_037,Baseline prompt,35.5,0.06
decay_setting_037,Baseline prompt,36.5,0.06
decay_setting_037,Baseline prompt,37.5,0.06
decay_setting_037,Baseline prompt,38.5,0.05
decay_setting_037,Baseline prompt,39.5,0.05
decay_setting_037,Baseline prompt,40.5,0.05
decay_setting_037,Baseline prompt,41.5,0.05
decay_setting_037,Baseline prompt,42.5,0.04
decay_setting_037,Baseline prompt,43.5,0.04
decay_setting_037,Baseline prompt,44.5,0.04
decay_setting_037,Baseline prompt,45.5,0.03
decay_setting_037,Baseline prompt,46.5,0.03
decay_setting_037,Baseline prompt,47.5,0.03
decay_setting_037,Baseline prompt,48.5,0.03
decay_setting_037,Baseline prompt,49.5,0.03
decay_setting_037,Baseline prompt,50.5,0.03
decay_setting_037,Baseline prompt,51.5,0.03
decay_setting_037,Baseline prompt,52.5,0.03
decay_setting_037,Baseline prompt,53.5,0.02
decay_setting_037,Baseline prompt,54.5,0.02
decay_setting_037,Baseline prompt,55.5,0.02
decay_setting_037,Baseline prompt,56.5,0.02
decay_setting_037,Baseline prompt,57.5,0.02
decay_setting_037,Baseline prompt,58.5,0.02
decay_setting_037,Baseline prompt,59.5,0.02
decay_setting_037,Baseline prompt,60.5,0.01
decay_setting_037,Baseline prompt,61.5,0.01
decay_setting_037,Baseline prompt,62.5,0.01
decay_setting_037,Baseline prompt,63.5,0.01
decay_setting_037,Baseline prompt,64.5,0.01
decay_setting_037,Baseline prompt,65.5,0.01
decay_setting_037,Baseline prompt,66.5,0.01
decay_setting_037,Baseline prompt,67.5,0.01
decay_setting_037,Baseline prompt,68.5,0.01
decay_setting_037,Baseline prompt,69.5,0.01
decay_setting_037,Baseline prompt,70.5,0.01
decay_setting_037,Baseline prompt,71.5,0.01
decay_setting_037,Baseline prompt,72.5,0.01
decay_setting_037,Baseline prompt,73.5,0.01
decay_setting_037,Baseline prompt,74.5,0.01
decay_setting_037,Baseline prompt,75.5,0.01
decay_setting_037,Baseline prompt,76.5,0.01
decay_setting_037,Baseline prompt,77.5,0.01
decay_setting_037,Baseline prompt,78.5,0.01
decay_setting_037,Baseline prompt,79.5,0.01
decay_setting_037,Baseline prompt,80.5,0.0
decay_setting_037,Baseline prompt,81.5,0.0
decay_setting_037,Baseline prompt,82.5,0.0
decay_setting_037,Baseline prompt,83.5,0.0
decay_setting_037,Baseline prompt,84.5,0.0
decay_setting_037,Baseline prompt,85.5,0.0
decay_setting_037,Baseline prompt,86.5,0.0
decay_setting_037,Baseline prompt,87.5,0.0
decay_setting_037,Baseline prompt,88.5,0.0
decay_setting_037,Baseline prompt,89.5,0.0
decay_setting_037,Baseline prompt,90.5,0.0
decay_setting_037,Baseline prompt,91.5,0.0
decay_setting_037,Baseline prompt,92.5,0.0
decay_setting_037,Baseline prompt,93.5,0.0
decay_setting_037,Baseline prompt,94.5,0.0
decay_setting_037,Baseline prompt,95.5,0.0
decay_setting_037,Baseline prompt,96.5,0.0
decay_setting_037,Baseline prompt,97.5,0.0
decay_setting_037,Baseline prompt,98.5,0.0
decay_setting_037,Baseline prompt,99.5,0.0
decay_setting_036,Blueprint prompt,0.5,0.93
decay_setting_036,Blueprint prompt,1.5,0.91
decay_setting_036,Blueprint prompt,2.5,0.88
decay_setting_036,Blueprint prompt,3.5,0.85
decay_setting_036,Blueprint prompt,4.5,0.81
decay_setting_036,Blueprint prompt,5.5,0.76
decay_setting_036,Blueprint prompt,6.5,0.73
decay_setting_036,Blueprint prompt,7.5,0.7
decay_setting_036,Blueprint prompt,8.5,0.66
decay_setting_036,Blueprint prompt,9.5,0.62
decay_setting_036,Blueprint prompt,10.5,0.58
decay_setting_036,Blueprint prompt,11.5,0.55
decay_setting_036,Blueprint prompt,12.5,0.53
decay_setting_036,Blueprint prompt,13.5,0.51
decay_setting_036,Blueprint prompt,14.5,0.48
decay_setting_036,Blueprint prompt,15.5,0.45
decay_setting_036,Blueprint prompt,16.5,0.42
decay_setting_036,Blueprint prompt,17.5,0.4
decay_setting_036,Blueprint prompt,18.5,0.38
decay_setting_036,Blueprint prompt,19.5,0.36
decay_setting_036,Blueprint prompt,20.5,0.33
decay_setting_036,Blueprint prompt,21.5,0.3
decay_setting_036,Blueprint prompt,22.5,0.28
decay_setting_036,Blueprint prompt,23.5,0.25
decay_setting_036,Blueprint prompt,24.5,0.24
decay_setting_036,Blueprint prompt,25.5,0.22
decay_setting_036,Blueprint prompt,26.5,0.2
decay_setting_036,Blueprint prompt,27.5,0.19
decay_setting_036,Blueprint prompt,28.5,0.18
decay_setting_036,Blueprint prompt,29.5,0.17
decay_setting_036,Blueprint prompt,30.5,0.16
decay_setting_036,Blueprint prompt,31.5,0.15
decay_setting_036,Blueprint prompt,32.5,0.14
decay_setting_036,Blueprint prompt,33.5,0.13
decay_setting_036,Blueprint prompt,34.5,0.12
decay_setting_036,Blueprint prompt,35.5,0.11
decay_setting_036,Blueprint prompt,36.5,0.11
decay_setting_036,Blueprint prompt,37.5,0.1
decay_setting_036,Blueprint prompt,38.5,0.1
decay_setting_036,Blueprint prompt,39.5,0.09
decay_setting_036,Blueprint prompt,40.5,0.09
decay_setting_036,Blueprint prompt,41.5,0.09
decay_setting_036,Blueprint prompt,42.5,0.08
decay_setting_036,Blueprint prompt,43.5,0.08
decay_setting_036,Blueprint prompt,44.5,0.07
decay_setting_036,Blueprint prompt,45.5,0.07
decay_setting_036,Blueprint prompt,46.5,0.06
decay_setting_036,Blueprint prompt,47.5,0.06
decay_setting_036,Blueprint prompt,48.5,0.05
decay_setting_036,Blueprint prompt,49.5,0.05
decay_setting_036,Blueprint prompt,50.5,0.05
decay_setting_036,Blueprint prompt,51.5,0.05
decay_setting_036,Blueprint prompt,52.5,0.04
decay_setting_036,Blueprint prompt,53.5,0.04
decay_setting_036,Blueprint prompt,54.5,0.04
decay_setting_036,Blueprint prompt,55.5,0.04
decay_setting_036,Blueprint prompt,56.5,0.04
decay_setting_036,Blueprint prompt,57.5,0.04
decay_setting_036,Blueprint prompt,58.5,0.04
decay_setting_036,Blueprint prompt,59.5,0.03
decay_setting_036,Blueprint prompt,60.5,0.03
decay_setting_036,Blueprint prompt,61.5,0.03
decay_setting_036,Blueprint prompt,62.5,0.03
decay_setting_036,Blueprint prompt,63.5,0.03
decay_setting_036,Blueprint prompt,64.5,0.03
decay_setting_036,Blueprint prompt,65.5,0.03
decay_setting_036,Blueprint prompt,66.5,0.03
decay_setting_036,Blueprint prompt,67.5,0.03
decay_setting_036,Blueprint prompt,68.5,0.03
decay_setting_036,Blueprint prompt,69.5,0.03
decay_setting_036,Blueprint prompt,70.5,0.02
decay_setting_036,Blueprint prompt,71.5,0.02
decay_setting_036,Blueprint prompt,72.5,0.02
decay_setting_036,Blueprint prompt,73.5,0.02
decay_setting_036,Blueprint prompt,74.5,0.02
decay_setting_036,Blueprint prompt,75.5,0.02
decay_setting_036,Blueprint prompt,76.5,0.02
decay_setting_036,Blueprint prompt,77.5,0.02
decay_setting_036,Blueprint prompt,78.5,0.02
decay_setting_036,Blueprint prompt,79.5,0.02
decay_setting_036,Blueprint prompt,80.5,0.02
decay_setting_036,Blueprint prompt,81.5,0.02
decay_setting_036,Blueprint prompt,82.5,0.02
decay_setting_036,Blueprint prompt,83.5,0.02
decay_setting_036,Blueprint prompt,84.5,0.02
decay_setting_036,Blueprint prompt,85.5,0.02
decay_setting_036,Blueprint prompt,86.5,0.02
decay_setting_036,Blueprint prompt,87.5,0.02
decay_setting_036,Blueprint prompt,88.5,0.02
decay_setting_036,Blueprint prompt,89.5,0.02
decay_setting_036,Blueprint prompt,90.5,0.02
decay_setting_036,Blueprint prompt,91.5,0.02
decay_setting_036,Blueprint prompt,92.5,0.02
decay_setting_036,Blueprint prompt,93.5,0.02
decay_setting_036,Blueprint prompt,94.5,0.02
decay_setting_036,Blueprint prompt,95.5,0.02
decay_setting_036,Blueprint prompt,96.5,0.02
decay_setting_036,Blueprint prompt,97.5,0.02
decay_setting_036,Blueprint prompt,98.5,0.02
decay_setting_036,Blueprint prompt,99.5,0.02
decay_setting_036,Baseline prompt,0.5,0.85
decay_setting_036,Baseline prompt,1.5,0.83
decay_setting_036,Baseline prompt,2.5,0.81
decay_setting_036,Baseline prompt,3.5,0.78
decay_setting_036,Baseline prompt,4.5,0.74
decay_setting_036,Baseline prompt,5.5,0.7
decay_setting_036,Baseline prompt,6.5,0.68
decay_setting_036,Baseline prompt,7.5,0.65
decay_setting_036,Baseline prompt,8.5,0.62
decay_setting_036,Baseline prompt,9.5,0.59
decay_setting_036,Baseline prompt,10.5,0.51
decay_setting_036,Baseline prompt,11.5,0.43
decay_setting_036,Baseline prompt,12.5,0.37
decay_setting_036,Baseline prompt,13.5,0.32
decay_setting_036,Baseline prompt,14.5,0.27
decay_setting_036,Baseline prompt,15.5,0.24
decay_setting_036,Baseline prompt,16.5,0.2
decay_setting_036,Baseline prompt,17.5,0.18
decay_setting_036,Baseline prompt,18.5,0.15
decay_setting_036,Baseline prompt,19.5,0.13
decay_setting_036,Baseline prompt,20.5,0.11
decay_setting_036,Baseline prompt,21.5,0.1
decay_setting_036,Baseline prompt,22.5,0.09
decay_setting_036,Baseline prompt,23.5,0.08
decay_setting_036,Baseline prompt,24.5,0.07
decay_setting_036,Baseline prompt,25.5,0.06
decay_setting_036,Baseline prompt,26.5,0.05
decay_setting_036,Baseline prompt,27.5,0.04
decay_setting_036,Baseline prompt,28.5,0.04
decay_setting_036,Baseline prompt,29.5,0.03
decay_setting_036,Baseline prompt,30.5,0.03
decay_setting_036,Baseline prompt,31.5,0.03
decay_setting_036,Baseline prompt,32.5,0.03
decay_setting_036,Baseline prompt,33.5,0.02
decay_setting_036,Baseline prompt,34.5,0.02
decay_setting_036,Baseline prompt,35.5,0.02
decay_setting_036,Baseline prompt,36.5,0.01
decay_setting_036,Baseline prompt,37.5,0.01
decay_setting_036,Baseline prompt,38.5,0.01
decay_setting_036,Baseline prompt,39.5,0.01
decay_setting_036,Baseline prompt,40.5,0.01
decay_setting_036,Baseline prompt,41.5,0.01
decay_setting_036,Baseline prompt,42.5,0.01
decay_setting_036,Baseline prompt,43.5,0.01
decay_setting_036,Baseline prompt,44.5,0.01
decay_setting_036,Baseline prompt,45.5,0.01
decay_setting_036,Baseline prompt,46.5,0.01
decay_setting_036,Baseline prompt,47.5,0.01
decay_setting_036,Baseline prompt,48.5,0.01
decay_setting_036,Baseline prompt,49.5,0.01
decay_setting_036,Baseline prompt,50.5,0.01
decay_setting_036,Baseline prompt,51.5,0.01
decay_setting_036,Baseline prompt,52.5,0.01
decay_setting_036,Baseline prompt,53.5,0.01
decay_setting_036,Baseline prompt,54.5,0.01
decay_setting_036,Baseline prompt,55.5,0.01
decay_setting_036,Baseline prompt,56.5,0.01
decay_setting_036,Baseline prompt,57.5,0.01
decay_setting_036,Baseline prompt,58.5,0.01
decay_setting_036,Baseline prompt,59.5,0.01
decay_setting_036,Baseline prompt,60.5,0.01
decay_setting_036,Baseline prompt,61.5,0.01
decay_setting_036,Baseline prompt,62.5,0.01
decay_setting_036,Baseline prompt,63.5,0.01
decay_setting_036,Baseline prompt,64.5,0.01
decay_setting_036,Baseline prompt,65.5,0.01
decay_setting_036,Baseline prompt,66.5,0.01
decay_setting_036,Baseline prompt,67.5,0.01
decay_setting_036,Baseline prompt,68.5,0.01
decay_setting_036,Baseline prompt,69.5,0.01
decay_setting_036,Baseline prompt,70.5,0.01
decay_setting_036,Baseline prompt,71.5,0.01
decay_setting_036,Baseline prompt,72.5,0.01
decay_setting_036,Baseline prompt,73.5,0.01
decay_setting_036,Baseline prompt,74.5,0.01
decay_setting_036,Baseline prompt,75.5,0.01
decay_setting_036,Baseline prompt,76.5,0.01
decay_setting_036,Baseline prompt,77.5,0.01
decay_setting_036,Baseline prompt,78.5,0.01
decay_setting_036,Baseline prompt,79.5,0.01
decay_setting_036,Baseline prompt,80.5,0.01
decay_setting_036,Baseline prompt,81.5,0.01
decay_setting_036,Baseline prompt,82.5,0.01
decay_setting_036,Baseline prompt,83.5,0.01
decay_setting_036,Baseline prompt,84.5,0.01
decay_setting_036,Baseline prompt,85.5,0.01
decay_setting_036,Baseline prompt,86.5,0.01
decay_setting_036,Baseline prompt,87.5,0.01
decay_setting_036,Baseline prompt,88.5,0.01
decay_setting_036,Baseline prompt,89.5,0.01
decay_setting_036,Baseline prompt,90.5,0.01
decay_setting_036,Baseline prompt,91.5,0.01
decay_setting_036,Baseline prompt,92.5,0.01
decay_setting_036,Baseline prompt,93.5,0.01
decay_setting_036,Baseline prompt,94.5,0.01
decay_setting_036,Baseline prompt,95.5,0.01
decay_setting_036,Baseline prompt,96.5,0.01
decay_setting_036,Baseline prompt,97.5,0.01
decay_setting_036,Baseline prompt,98.5,0.01
decay_setting_036,Baseline prompt,99.5,0.01
decay_setting_035,Baseline prompt,0.5,0.85
decay_setting_035,Baseline prompt,1.5,0.83
decay_setting_035,Baseline prompt,2.5,0.81
decay_setting_035,Baseline prompt,3.5,0.78
decay_setting_035,Baseline prompt,4.5,0.76
decay_setting_035,Baseline prompt,5.5,0.72
decay_setting_035,Baseline prompt,6.5,0.7
decay_setting_035,Baseline prompt,7.5,0.68
decay_setting_035,Baseline prompt,8.5,0.66
decay_setting_035,Baseline prompt,9.5,0.64
decay_setting_035,Baseline prompt,10.5,0.62
decay_setting_035,Baseline prompt,11.5,0.59
decay_setting_035,Baseline prompt,12.5,0.56
decay_setting_035,Baseline prompt,13.5,0.54
decay_setting_035,Baseline prompt,14.5,0.52
decay_setting_035,Baseline prompt,15.5,0.5
decay_setting_035,Baseline prompt,16.5,0.48
decay_setting_035,Baseline prompt,17.5,0.46
decay_setting_035,Baseline prompt,18.5,0.44
decay_setting_035,Baseline prompt,19.5,0.42
decay_setting_035,Baseline prompt,20.5,0.4
decay_setting_035,Baseline prompt,21.5,0.39
decay_setting_035,Baseline prompt,22.5,0.37
decay_setting_035,Baseline prompt,23.5,0.36
decay_setting_035,Baseline prompt,24.5,0.34
decay_setting_035,Baseline prompt,25.5,0.32
decay_setting_035,Baseline prompt,26.5,0.3
decay_setting_035,Baseline prompt,27.5,0.28
decay_setting_035,Baseline prompt,28.5,0.26
decay_setting_035,Baseline prompt,29.5,0.25
decay_setting_035,Baseline prompt,30.5,0.23
decay_setting_035,Baseline prompt,31.5,0.22
decay_setting_035,Baseline prompt,32.5,0.2
decay_setting_035,Baseline prompt,33.5,0.18
decay_setting_035,Baseline prompt,34.5,0.17
decay_setting_035,Baseline prompt,35.5,0.15
decay_setting_035,Baseline prompt,36.5,0.14
decay_setting_035,Baseline prompt,37.5,0.13
decay_setting_035,Baseline prompt,38.5,0.12
decay_setting_035,Baseline prompt,39.5,0.12
decay_setting_035,Baseline prompt,40.5,0.11
decay_setting_035,Baseline prompt,41.5,0.1
decay_setting_035,Baseline prompt,42.5,0.09
decay_setting_035,Baseline prompt,43.5,0.08
decay_setting_035,Baseline prompt,44.5,0.08
decay_setting_035,Baseline prompt,45.5,0.07
decay_setting_035,Baseline prompt,46.5,0.06
decay_setting_035,Baseline prompt,47.5,0.05
decay_setting_035,Baseline prompt,48.5,0.05
decay_setting_035,Baseline prompt,49.5,0.04
decay_setting_035,Baseline prompt,50.5,0.04
decay_setting_035,Baseline prompt,51.5,0.03
decay_setting_035,Baseline prompt,52.5,0.03
decay_setting_035,Baseline prompt,53.5,0.02
decay_setting_035,Baseline prompt,54.5,0.02
decay_setting_035,Baseline prompt,55.5,0.02
decay_setting_035,Baseline prompt,56.5,0.01
decay_setting_035,Baseline prompt,57.5,0.01
decay_setting_035,Baseline prompt,58.5,0.01
decay_setting_035,Baseline prompt,59.5,0.01
decay_setting_035,Baseline prompt,60.5,0.01
decay_setting_035,Baseline prompt,61.5,0.01
decay_setting_035,Baseline prompt,62.5,0.01
decay_setting_035,Baseline prompt,63.5,0.01
decay_setting_035,Baseline prompt,64.5,0.01
decay_setting_035,Baseline prompt,65.5,0.01
decay_setting_035,Baseline prompt,66.5,0.01
decay_setting_035,Baseline prompt,67.5,0.01
decay_setting_035,Baseline prompt,68.5,0.01
decay_setting_035,Baseline prompt,69.5,0.01
decay_setting_035,Baseline prompt,70.5,0.01
decay_setting_035,Baseline prompt,71.5,0.01
decay_setting_035,Baseline prompt,72.5,0.01
decay_setting_035,Baseline prompt,73.5,0.01
decay_setting_035,Baseline prompt,74.5,0.01
decay_setting_035,Baseline prompt,75.5,0.01
decay_setting_035,Baseline prompt,76.5,0.01
decay_setting_035,Baseline prompt,77.5,0.01
decay_setting_035,Baseline prompt,78.5,0.01
decay_setting_035,Baseline prompt,79.5,0.01
decay_setting_035,Baseline prompt,80.5,0.01
decay_setting_035,Baseline prompt,81.5,0.01
decay_setting_035,Baseline prompt,82.5,0.01
decay_setting_035,Baseline prompt,83.5,0.01
decay_setting_035,Baseline prompt,84.5,0.01
decay_setting_035,Baseline prompt,85.5,0.01
decay_setting_035,Baseline prompt,86.5,0.01
decay_setting_035,Baseline prompt,87.5,0.01
decay_setting_035,Baseline prompt,88.5,0.01
decay_setting_035,Baseline prompt,89.5,0.01
decay_setting_035,Baseline prompt,90.5,0.01
decay_setting_035,Baseline prompt,91.5,0.01
decay_setting_035,Baseline prompt,92.5,0.01
decay_setting_035,Baseline prompt,93.5,0.01
decay_setting_035,Baseline prompt,94.5,0.01
decay_setting_035,Baseline prompt,95.5,0.01
decay_setting_035,Baseline prompt,96.5,0.01
decay_setting_035,Baseline prompt,97.5,0.01
decay_setting_035,Baseline prompt,98.5,0.01
decay_setting_035,Baseline prompt,99.5,0.01
decay_setting_038,Baseline prompt,0.5,0.85
decay_setting_038,Baseline prompt,1.5,0.82
decay_setting_038,Baseline prompt,2.5,0.79
decay_setting_038,Baseline prompt,3.5,0.76
decay_setting_038,Baseline prompt,4.5,0.74
decay_setting_038,Baseline prompt,5.5,0.72
decay_setting_038,Baseline prompt,6.5,0.69
decay_setting_038,Baseline prompt,7.5,0.66
decay_setting_038,Baseline prompt,8.5,0.62
decay_setting_038,Baseline prompt,9.5,0.58
decay_setting_038,Baseline prompt,10.5,0.54
decay_setting_038,Baseline prompt,11.5,0.5
decay_setting_038,Baseline prompt,12.5,0.47
decay_setting_038,Baseline prompt,13.5,0.44
decay_setting_038,Baseline prompt,14.5,0.41
decay_setting_038,Baseline prompt,15.5,0.39
decay_setting_038,Baseline prompt,16.5,0.37
decay_setting_038,Baseline prompt,17.5,0.35
decay_setting_038,Baseline prompt,18.5,0.33
decay_setting_038,Baseline prompt,19.5,0.31
decay_setting_038,Baseline prompt,20.5,0.29
decay_setting_038,Baseline prompt,21.5,0.27
decay_setting_038,Baseline prompt,22.5,0.25
decay_setting_038,Baseline prompt,23.5,0.23
decay_setting_038,Baseline prompt,24.5,0.21
decay_setting_038,Baseline prompt,25.5,0.2
decay_setting_038,Baseline prompt,26.5,0.19
decay_setting_038,Baseline prompt,27.5,0.18
decay_setting_038,Baseline prompt,28.5,0.17
decay_setting_038,Baseline prompt,29.5,0.16
decay_setting_038,Baseline prompt,30.5,0.15
decay_setting_038,Baseline prompt,31.5,0.14
decay_setting_038,Baseline prompt,32.5,0.13
decay_setting_038,Baseline prompt,33.5,0.12
decay_setting_038,Baseline prompt,34.5,0.11
decay_setting_038,Baseline prompt,35.5,0.1
decay_setting_038,Baseline prompt,36.5,0.09
decay_setting_038,Baseline prompt,37.5,0.09
decay_setting_038,Baseline prompt,38.5,0.08
decay_setting_038,Baseline prompt,39.5,0.07
decay_setting_038,Baseline prompt,40.5,0.07
decay_setting_038,Baseline prompt,41.5,0.06
decay_setting_038,Baseline prompt,42.5,0.06
decay_setting_038,Baseline prompt,43.5,0.05
decay_setting_038,Baseline prompt,44.5,0.05
decay_setting_038,Baseline prompt,45.5,0.04
decay_setting_038,Baseline prompt,46.5,0.04
decay_setting_038,Baseline prompt,47.5,0.04
decay_setting_038,Baseline prompt,48.5,0.03
decay_setting_038,Baseline prompt,49.5,0.03
decay_setting_038,Baseline prompt,50.5,0.03
decay_setting_038,Baseline prompt,51.5,0.03
decay_setting_038,Baseline prompt,52.5,0.02
decay_setting_038,Baseline prompt,53.5,0.02
decay_setting_038,Baseline prompt,54.5,0.02
decay_setting_038,Baseline prompt,55.5,0.02
decay_setting_038,Baseline prompt,56.5,0.02
decay_setting_038,Baseline prompt,57.5,0.02
decay_setting_038,Baseline prompt,58.5,0.01
decay_setting_038,Baseline prompt,59.5,0.01
decay_setting_038,Baseline prompt,60.5,0.01
decay_setting_038,Baseline prompt,61.5,0.01
decay_setting_038,Baseline prompt,62.5,0.01
decay_setting_038,Baseline prompt,63.5,0.01
decay_setting_038,Baseline prompt,64.5,0.01
decay_setting_038,Baseline prompt,65.5,0.01
decay_setting_038,Baseline prompt,66.5,0.01
decay_setting_038,Baseline prompt,67.5,0.01
decay_setting_038,Baseline prompt,68.5,0.01
decay_setting_038,Baseline prompt,69.5,0.01
decay_setting_038,Baseline prompt,70.5,0.01
decay_setting_038,Baseline prompt,71.5,0.01
decay_setting_038,Baseline prompt,72.5,0.01
decay_setting_038,Baseline prompt,73.5,0.01
decay_setting_038,Baseline prompt,74.5,0.01
decay_setting_038,Baseline prompt,75.5,0.01
decay_setting_038,Baseline prompt,76.5,0.01
decay_setting_038,Baseline prompt,77.5,0.01
decay_setting_038,Baseline prompt,78.5,0.01
decay_setting_038,Baseline prompt,79.5,0.01
decay_setting_038,Baseline prompt,80.5,0.01
decay_setting_038,Baseline prompt,81.5,0.01
decay_setting_038,Baseline prompt,82.5,0.01
decay_setting_038,Baseline prompt,83.5,0.01
decay_setting_038,Baseline prompt,84.5,0.01
decay_setting_038,Baseline prompt,85.5,0.01
decay_setting_038,Baseline prompt,86.5,0.01
decay_setting_038,Baseline prompt,87.5,0.01
decay_setting_038,Baseline prompt,88.5,0.01
decay_setting_038,Baseline prompt,89.5,0.01
decay_setting_038,Baseline prompt,90.5,0.01
decay_setting_038,Baseline prompt,91.5,0.01
decay_setting_038,Baseline prompt,92.5,0.01
decay_setting_038,Baseline prompt,93.5,0.01
decay_setting_038,Baseline prompt,94.5,0.01
decay_setting_038,Baseline prompt,95.5,0.01
decay_setting_038,Baseline prompt,96.5,0.01
decay_setting_038,Baseline prompt,97.5,0.01
decay_setting_038,Baseline prompt,98.5,0.01
decay_setting_038,Baseline prompt,99.5,0.01
decay_setting_039,Baseline prompt,0.5,0.85
decay_setting_039,Baseline prompt,1.5,0.83
decay_setting_039,Baseline prompt,2.5,0.8
decay_setting_039,Baseline prompt,3.5,0.75
decay_setting_039,Baseline prompt,4.5,0.7
decay_setting_039,Baseline prompt,5.5,0.68
decay_setting_039,Baseline prompt,6.5,0.65
decay_setting_039,Baseline prompt,7.5,0.6
decay_setting_039,Baseline prompt,8.5,0.55
decay_setting_039,Baseline prompt,9.5,0.5
decay_setting_039,Baseline prompt,10.5,0.48
decay_setting_039,Baseline prompt,11.5,0.45
decay_setting_039,Baseline prompt,12.5,0.43
decay_setting_039,Baseline prompt,13.5,0.4
decay_setting_039,Baseline prompt,14.5,0.38
decay_setting_039,Baseline prompt,15.5,0.35
decay_setting_039,Baseline prompt,16.5,0.33
decay_setting_039,Baseline prompt,17.5,0.3
decay_setting_039,Baseline prompt,18.5,0.28
decay_setting_039,Baseline prompt,19.5,0.26
decay_setting_039,Baseline prompt,20.5,0.25
decay_setting_039,Baseline prompt,21.5,0.23
decay_setting_039,Baseline prompt,22.5,0.22
decay_setting_039,Baseline prompt,23.5,0.2
decay_setting_039,Baseline prompt,24.5,0.18
decay_setting_039,Baseline prompt,25.5,0.17
decay_setting_039,Baseline prompt,26.5,0.15
decay_setting_039,Baseline prompt,27.5,0.14
decay_setting_039,Baseline prompt,28.5,0.13
decay_setting_039,Baseline prompt,29.5,0.12
decay_setting_039,Baseline prompt,30.5,0.11
decay_setting_039,Baseline prompt,31.5,0.1
decay_setting_039,Baseline prompt,32.5,0.09
decay_setting_039,Baseline prompt,33.5,0.08
decay_setting_039,Baseline prompt,34.5,0.07
decay_setting_039,Baseline prompt,35.5,0.07
decay_setting_039,Baseline prompt,36.5,0.06
decay_setting_039,Baseline prompt,37.5,0.06
decay_setting_039,Baseline prompt,38.5,0.05
decay_setting_039,Baseline prompt,39.5,0.05
decay_setting_039,Baseline prompt,40.5,0.04
decay_setting_039,Baseline prompt,41.5,0.04
decay_setting_039,Baseline prompt,42.5,0.04
decay_setting_039,Baseline prompt,43.5,0.03
decay_setting_039,Baseline prompt,44.5,0.03
decay_setting_039,Baseline prompt,45.5,0.03
decay_setting_039,Baseline prompt,46.5,0.02
decay_setting_039,Baseline prompt,47.5,0.02
decay_setting_039,Baseline prompt,48.5,0.02
decay_setting_039,Baseline prompt,49.5,0.02
decay_setting_039,Baseline prompt,50.5,0.02
decay_setting_039,Baseline prompt,51.5,0.02
decay_setting_039,Baseline prompt,52.5,0.02
decay_setting_039,Baseline prompt,53.5,0.01
decay_setting_039,Baseline prompt,54.5,0.01
decay_setting_039,Baseline prompt,55.5,0.01
decay_setting_039,Baseline prompt,56.5,0.01
decay_setting_039,Baseline prompt,57.5,0.01
decay_setting_039,Baseline prompt,58.5,0.01
decay_setting_039,Baseline prompt,59.5,0.01
decay_setting_039,Baseline prompt,60.5,0.01
decay_setting_039,Baseline prompt,61.5,0.01
decay_setting_039,Baseline prompt,62.5,0.01
decay_setting_039,Baseline prompt,63.5,0.01
decay_setting_039,Baseline prompt,64.5,0.01
decay_setting_039,Baseline prompt,65.5,0.01
decay_setting_039,Baseline prompt,66.5,0.01
decay_setting_039,Baseline prompt,67.5,0.01
decay_setting_039,Baseline prompt,68.5,0.01
decay_setting_039,Baseline prompt,69.5,0.01
decay_setting_039,Baseline prompt,70.5,0.01
decay_setting_039,Baseline prompt,71.5,0.01
decay_setting_039,Baseline prompt,72.5,0.01
decay_setting_039,Baseline prompt,73.5,0.01
decay_setting_039,Baseline prompt,74.5,0.01
decay_setting_039,Baseline prompt,75.5,0.01
decay_setting_039,Baseline prompt,76.5,0.01
decay_setting_039,Baseline prompt,77.5,0.01
decay_setting_039,Baseline prompt,78.5,0.01
decay_setting_039,Baseline prompt,79.5,0.01
decay_setting_039,Baseline prompt,80.5,0.01
decay_setting_039,Baseline prompt,81.5,0.01
decay_setting_039,Baseline prompt,82.5,0.01
decay_setting_039,Baseline prompt,83.5,0.01
decay_setting_039,Baseline prompt,84.5,0.01
decay_setting_039,Baseline prompt,85.5,0.01
decay_setting_039,Baseline prompt,86.5,0.01
decay_setting_039,Baseline prompt,87.5,0.01
decay_setting_039,Baseline prompt,88.5,0.01
decay_setting_039,Baseline prompt,89.5,0.01
decay_setting_039,Baseline prompt,90.5,0.01
decay_setting_039,Baseline prompt,91.5,0.01
decay_setting_039,Baseline prompt,92.5,0.01
decay_setting_039,Baseline prompt,93.5,0.01
decay_setting_039,Baseline prompt,94.5,0.01
decay_setting_039,Baseline prompt,95.5,0.01
decay_setting_039,Baseline prompt,96.5,0.01
decay_setting_039,Baseline prompt,97.5,0.01
decay_setting_039,Baseline prompt,98.5,0.01
decay_setting_039,Baseline prompt,99.5,0.01
decay_setting_038,Blueprint prompt,0.5,0.92
decay_setting_038,Blueprint prompt,1.5,0.91
decay_setting_038,Blueprint prompt,2.5,0.89
decay_setting_038,Blueprint prompt,3.5,0.88
decay_setting_038,Blueprint prompt,4.5,0.86
decay_setting_038,Blueprint prompt,5.5,0.84
decay_setting_038,Blueprint prompt,6.5,0.81
decay_setting_038,Blueprint prompt,7.5,0.78
decay_setting_038,Blueprint prompt,8.5,0.75
decay_setting_038,Blueprint prompt,9.5,0.73
decay_setting_038,Blueprint prompt,10.5,0.7
decay_setting_038,Blueprint prompt,11.5,0.68
decay_setting_038,Blueprint prompt,12.5,0.65
decay_setting_038,Blueprint prompt,13.5,0.63
decay_setting_038,Blueprint prompt,14.5,0.6
decay_setting_038,Blueprint prompt,15.5,0.57
decay_setting_038,Blueprint prompt,16.5,0.55
decay_setting_038,Blueprint prompt,17.5,0.53
decay_setting_038,Blueprint prompt,18.5,0.5
decay_setting_038,Blueprint prompt,19.5,0.48
decay_setting_038,Blueprint prompt,20.5,0.46
decay_setting_038,Blueprint prompt,21.5,0.44
decay_setting_038,Blueprint prompt,22.5,0.42
decay_setting_038,Blueprint prompt,23.5,0.4
decay_setting_038,Blueprint prompt,24.5,0.38
decay_setting_038,Blueprint prompt,25.5,0.36
decay_setting_038,Blueprint prompt,26.5,0.34
decay_setting_038,Blueprint prompt,27.5,0.33
decay_setting_038,Blueprint prompt,28.5,0.31
decay_setting_038,Blueprint prompt,29.5,0.3
decay_setting_038,Blueprint prompt,30.5,0.28
decay_setting_038,Blueprint prompt,31.5,0.27
decay_setting_038,Blueprint prompt,32.5,0.25
decay_setting_038,Blueprint prompt,33.5,0.24
decay_setting_038,Blueprint prompt,34.5,0.22
decay_setting_038,Blueprint prompt,35.5,0.21
decay_setting_038,Blueprint prompt,36.5,0.2
decay_setting_038,Blueprint prompt,37.5,0.19
decay_setting_038,Blueprint prompt,38.5,0.18
decay_setting_038,Blueprint prompt,39.5,0.17
decay_setting_038,Blueprint prompt,40.5,0.16
decay_setting_038,Blueprint prompt,41.5,0.15
decay_setting_038,Blueprint prompt,42.5,0.14
decay_setting_038,Blueprint prompt,43.5,0.14
decay_setting_038,Blueprint prompt,44.5,0.13
decay_setting_038,Blueprint prompt,45.5,0.12
decay_setting_038,Blueprint prompt,46.5,0.12
decay_setting_038,Blueprint prompt,47.5,0.11
decay_setting_038,Blueprint prompt,48.5,0.1
decay_setting_038,Blueprint prompt,49.5,0.1
decay_setting_038,Blueprint prompt,50.5,0.09
decay_setting_038,Blueprint prompt,51.5,0.09
decay_setting_038,Blueprint prompt,52.5,0.08
decay_setting_038,Blueprint prompt,53.5,0.08
decay_setting_038,Blueprint prompt,54.5,0.08
decay_setting_038,Blueprint prompt,55.5,0.07
decay_setting_038,Blueprint prompt,56.5,0.07
decay_setting_038,Blueprint prompt,57.5,0.07
decay_setting_038,Blueprint prompt,58.5,0.06
decay_setting_038,Blueprint prompt,59.5,0.06
decay_setting_038,Blueprint prompt,60.5,0.06
decay_setting_038,Blueprint prompt,61.5,0.06
decay_setting_038,Blueprint prompt,62.5,0.05
decay_setting_038,Blueprint prompt,63.5,0.05
decay_setting_038,Blueprint prompt,64.5,0.05
decay_setting_038,Blueprint prompt,65.5,0.05
decay_setting_038,Blueprint prompt,66.5,0.05
decay_setting_038,Blueprint prompt,67.5,0.05
decay_setting_038,Blueprint prompt,68.5,0.05
decay_setting_038,Blueprint prompt,69.5,0.05
decay_setting_038,Blueprint prompt,70.5,0.05
decay_setting_038,Blueprint prompt,71.5,0.05
decay_setting_038,Blueprint prompt,72.5,0.04
decay_setting_038,Blueprint prompt,73.5,0.04
decay_setting_038,Blueprint prompt,74.5,0.04
decay_setting_038,Blueprint prompt,75.5,0.04
decay_setting_038,Blueprint prompt,76.5,0.04
decay_setting_038,Blueprint prompt,77.5,0.04
decay_setting_038,Blueprint prompt,78.5,0.04
decay_setting_038,Blueprint prompt,79.5,0.04
decay_setting_038,Blueprint prompt,80.5,0.04
decay_setting_038,Blueprint prompt,81.5,0.04
decay_setting_038,Blueprint prompt,82.5,0.03
decay_setting_038,Blueprint prompt,83.5,0.03
decay_setting_038,Blueprint prompt,84.5,0.03
decay_setting_038,Blueprint prompt,85.5,0.03
decay_setting_038,Blueprint prompt,86.5,0.03
decay_setting_038,Blueprint prompt,87.5,0.03
decay_setting_038,Blueprint prompt,88.5,0.03
decay_setting_038,Blueprint prompt,89.5,0.03
decay_setting_038,Blueprint prompt,90.5,0.03
decay_setting_038,Blueprint prompt,91.5,0.03
decay_setting_038,Blueprint prompt,92.5,0.03
decay_setting_038,Blueprint prompt,93.5,0.03
decay_setting_038,Blueprint prompt,94.5,0.03
decay_setting_038,Blueprint prompt,95.5,0.03
decay_setting_038,Blueprint prompt,96.5,0.02
decay_setting_038,Blueprint prompt,97.5,0.02
decay_setting_038,Blueprint prompt,98.5,0.02
decay_setting_038,Blueprint prompt,99.5,0.02
decay_setting_040,Baseline prompt,0.5,0.85
decay_setting_040,Baseline prompt,1.5,0.83
decay_setting_040,Baseline prompt,2.5,0.8
decay_setting_040,Baseline prompt,3.5,0.77
decay_setting_040,Baseline prompt,4.5,0.73
decay_setting_040,Baseline prompt,5.5,0.7
decay_setting_040,Baseline prompt,6.5,0.68
decay_setting_040,Baseline prompt,7.5,0.65
decay_setting_040,Baseline prompt,8.5,0.63
decay_setting_040,Baseline prompt,9.5,0.61
decay_setting_040,Baseline prompt,10.5,0.59
decay_setting_040,Baseline prompt,11.5,0.57
decay_setting_040,Baseline prompt,12.5,0.55
decay_setting_040,Baseline prompt,13.5,0.54
decay_setting_040,Baseline prompt,14.5,0.52
decay_setting_040,Baseline prompt,15.5,0.5
decay_setting_040,Baseline prompt,16.5,0.49
decay_setting_040,Baseline prompt,17.5,0.48
decay_setting_040,Baseline prompt,18.5,0.46
decay_setting_040,Baseline prompt,19.5,0.45
decay_setting_040,Baseline prompt,20.5,0.43
decay_setting_040,Baseline prompt,21.5,0.41
decay_setting_040,Baseline prompt,22.5,0.4
decay_setting_040,Baseline prompt,23.5,0.38
decay_setting_040,Baseline prompt,24.5,0.36
decay_setting_040,Baseline prompt,25.5,0.35
decay_setting_040,Baseline prompt,26.5,0.33
decay_setting_040,Baseline prompt,27.5,0.32
decay_setting_040,Baseline prompt,28.5,0.3
decay_setting_040,Baseline prompt,29.5,0.29
decay_setting_040,Baseline prompt,30.5,0.28
decay_setting_040,Baseline prompt,31.5,0.27
decay_setting_040,Baseline prompt,32.5,0.26
decay_setting_040,Baseline prompt,33.5,0.25
decay_setting_040,Baseline prompt,34.5,0.24
decay_setting_040,Baseline prompt,35.5,0.23
decay_setting_040,Baseline prompt,36.5,0.22
decay_setting_040,Baseline prompt,37.5,0.21
decay_setting_040,Baseline prompt,38.5,0.2
decay_setting_040,Baseline prompt,39.5,0.19
decay_setting_040,Baseline prompt,40.5,0.18
decay_setting_040,Baseline prompt,41.5,0.17
decay_setting_040,Baseline prompt,42.5,0.16
decay_setting_040,Baseline prompt,43.5,0.16
decay_setting_040,Baseline prompt,44.5,0.15
decay_setting_040,Baseline prompt,45.5,0.14
decay_setting_040,Baseline prompt,46.5,0.14
decay_setting_040,Baseline prompt,47.5,0.13
decay_setting_040,Baseline prompt,48.5,0.12
decay_setting_040,Baseline prompt,49.5,0.12
decay_setting_040,Baseline prompt,50.5,0.11
decay_setting_040,Baseline prompt,51.5,0.11
decay_setting_040,Baseline prompt,52.5,0.1
decay_setting_040,Baseline prompt,53.5,0.1
decay_setting_040,Baseline prompt,54.5,0.09
decay_setting_040,Baseline prompt,55.5,0.09
decay_setting_040,Baseline prompt,56.5,0.08
decay_setting_040,Baseline prompt,57.5,0.08
decay_setting_040,Baseline prompt,58.5,0.07
decay_setting_040,Baseline prompt,59.5,0.07
decay_setting_040,Baseline prompt,60.5,0.06
decay_setting_040,Baseline prompt,61.5,0.06
decay_setting_040,Baseline prompt,62.5,0.05
decay_setting_040,Baseline prompt,63.5,0.05
decay_setting_040,Baseline prompt,64.5,0.05
decay_setting_040,Baseline prompt,65.5,0.04
decay_setting_040,Baseline prompt,66.5,0.04
decay_setting_040,Baseline prompt,67.5,0.04
decay_setting_040,Baseline prompt,68.5,0.03
decay_setting_040,Baseline prompt,69.5,0.03
decay_setting_040,Baseline prompt,70.5,0.03
decay_setting_040,Baseline prompt,71.5,0.03
decay_setting_040,Baseline prompt,72.5,0.03
decay_setting_040,Baseline prompt,73.5,0.02
decay_setting_040,Baseline prompt,74.5,0.02
decay_setting_040,Baseline prompt,75.5,0.02
decay_setting_040,Baseline prompt,76.5,0.02
decay_setting_040,Baseline prompt,77.5,0.02
decay_setting_040,Baseline prompt,78.5,0.01
decay_setting_040,Baseline prompt,79.5,0.01
decay_setting_040,Baseline prompt,80.5,0.01
decay_setting_040,Baseline prompt,81.5,0.01
decay_setting_040,Baseline prompt,82.5,0.01
decay_setting_040,Baseline prompt,83.5,0.01
decay_setting_040,Baseline prompt,84.5,0.01
decay_setting_040,Baseline prompt,85.5,0.01
decay_setting_040,Baseline prompt,86.5,0.01
decay_setting_040,Baseline prompt,87.5,0.01
decay_setting_040,Baseline prompt,88.5,0.01
decay_setting_040,Baseline prompt,89.5,0.01
decay_setting_040,Baseline prompt,90.5,0.01
decay_setting_040,Baseline prompt,91.5,0.01
decay_setting_040,Baseline prompt,92.5,0.01
decay_setting_040,Baseline prompt,93.5,0.01
decay_setting_040,Baseline prompt,94.5,0.01
decay_setting_040,Baseline prompt,95.5,0.01
decay_setting_040,Baseline prompt,96.5,0.01
decay_setting_040,Baseline prompt,97.5,0.01
decay_setting_040,Baseline prompt,98.5,0.01
decay_setting_040,Baseline prompt,99.5,0.01
decay_setting_040,Blueprint prompt,0.5,0.92
decay_setting_040,Blueprint prompt,1.5,0.91
decay_setting_040,Blueprint prompt,2.5,0.91
decay_setting_040,Blueprint prompt,3.5,0.9
decay_setting_040,Blueprint prompt,4.5,0.89
decay_setting_040,Blueprint prompt,5.5,0.88
decay_setting_040,Blueprint prompt,6.5,0.88
decay_setting_040,Blueprint prompt,7.5,0.87
decay_setting_040,Blueprint prompt,8.5,0.87
decay_setting_040,Blueprint prompt,9.5,0.86
decay_setting_040,Blueprint prompt,10.5,0.85
decay_setting_040,Blueprint prompt,11.5,0.84
decay_setting_040,Blueprint prompt,12.5,0.82
decay_setting_040,Blueprint prompt,13.5,0.81
decay_setting_040,Blueprint prompt,14.5,0.8
decay_setting_040,Blueprint prompt,15.5,0.79
decay_setting_040,Blueprint prompt,16.5,0.77
decay_setting_040,Blueprint prompt,17.5,0.75
decay_setting_040,Blueprint prompt,18.5,0.74
decay_setting_040,Blueprint prompt,19.5,0.72
decay_setting_040,Blueprint prompt,20.5,0.7
decay_setting_040,Blueprint prompt,21.5,0.68
decay_setting_040,Blueprint prompt,22.5,0.67
decay_setting_040,Blueprint prompt,23.5,0.65
decay_setting_040,Blueprint prompt,24.5,0.63
decay_setting_040,Blueprint prompt,25.5,0.62
decay_setting_040,Blueprint prompt,26.5,0.6
decay_setting_040,Blueprint prompt,27.5,0.58
decay_setting_040,Blueprint prompt,28.5,0.56
decay_setting_040,Blueprint prompt,29.5,0.55
decay_setting_040,Blueprint prompt,30.5,0.53
decay_setting_040,Blueprint prompt,31.5,0.51
decay_setting_040,Blueprint prompt,32.5,0.49
decay_setting_040,Blueprint prompt,33.5,0.48
decay_setting_040,Blueprint prompt,34.5,0.46
decay_setting_040,Blueprint prompt,35.5,0.45
decay_setting_040,Blueprint prompt,36.5,0.43
decay_setting_040,Blueprint prompt,37.5,0.41
decay_setting_040,Blueprint prompt,38.5,0.4
decay_setting_040,Blueprint prompt,39.5,0.38
decay_setting_040,Blueprint prompt,40.5,0.36
decay_setting_040,Blueprint prompt,41.5,0.35
decay_setting_040,Blueprint prompt,42.5,0.33
decay_setting_040,Blueprint prompt,43.5,0.32
decay_setting_040,Blueprint prompt,44.5,0.3
decay_setting_040,Blueprint prompt,45.5,0.29
decay_setting_040,Blueprint prompt,46.5,0.28
decay_setting_040,Blueprint prompt,47.5,0.26
decay_setting_040,Blueprint prompt,48.5,0.25
decay_setting_040,Blueprint prompt,49.5,0.23
decay_setting_040,Blueprint prompt,50.5,0.21
decay_setting_040,Blueprint prompt,51.5,0.2
decay_setting_040,Blueprint prompt,52.5,0.19
decay_setting_040,Blueprint prompt,53.5,0.17
decay_setting_040,Blueprint prompt,54.5,0.16
decay_setting_040,Blueprint prompt,55.5,0.15
decay_setting_040,Blueprint prompt,56.5,0.14
decay_setting_040,Blueprint prompt,57.5,0.12
decay_setting_040,Blueprint prompt,58.5,0.11
decay_setting_040,Blueprint prompt,59.5,0.1
decay_setting_040,Blueprint prompt,60.5,0.09
decay_setting_040,Blueprint prompt,61.5,0.08
decay_setting_040,Blueprint prompt,62.5,0.08
decay_setting_040,Blueprint prompt,63.5,0.07
decay_setting_040,Blueprint prompt,64.5,0.06
decay_setting_040,Blueprint prompt,65.5,0.05
decay_setting_040,Blueprint prompt,66.5,0.05
decay_setting_040,Blueprint prompt,67.5,0.05
decay_setting_040,Blueprint prompt,68.5,0.04
decay_setting_040,Blueprint prompt,69.5,0.04
decay_setting_040,Blueprint prompt,70.5,0.03
decay_setting_040,Blueprint prompt,71.5,0.03
decay_setting_040,Blueprint prompt,72.5,0.03
decay_setting_040,Blueprint prompt,73.5,0.02
decay_setting_040,Blueprint prompt,74.5,0.02
decay_setting_040,Blueprint prompt,75.5,0.02
decay_setting_040,Blueprint prompt,76.5,0.02
decay_setting_040,Blueprint prompt,77.5,0.02
decay_setting_040,Blueprint prompt,78.5,0.01
decay_setting_040,Blueprint prompt,79.5,0.01
decay_setting_040,Blueprint prompt,80.5,0.01
decay_setting_040,Blueprint prompt,81.5,0.01
decay_setting_040,Blueprint prompt,82.5,0.01
decay_setting_040,Blueprint prompt,83.5,0.01
decay_setting_040,Blueprint prompt,84.5,0.01
decay_setting_040,Blueprint prompt,85.5,0.01
decay_setting_040,Blueprint prompt,86.5,0.01
decay_setting_040,Blueprint prompt,87.5,0.01
decay_setting_040,Blueprint prompt,88.5,0.01
decay_setting_040,Blueprint prompt,89.5,0.01
decay_setting_040,Blueprint prompt,90.5,0.01
decay_setting_040,Blueprint prompt,91.5,0.01
decay_setting_040,Blueprint prompt,92.5,0.01
decay_setting_040,Blueprint prompt,93.5,0.01
decay_setting_040,Blueprint prompt,94.5,0.01
decay_setting_040,Blueprint prompt,95.5,0.01
decay_setting_040,Blueprint prompt,96.5,0.01
decay_setting_040,Blueprint prompt,97.5,0.01
decay_setting_040,Blueprint prompt,98.5,0.01
decay_setting_040,Blueprint prompt,99.5,0.01
decay_setting_041,Blueprint prompt,0.5,0.92
decay_setting_041,Blueprint prompt,1.5,0.91
decay_setting_041,Blueprint prompt,2.5,0.89
decay_setting_041,Blueprint prompt,3.5,0.87
decay_setting_041,Blueprint prompt,4.5,0.85
decay_setting_041,Blueprint prompt,5.5,0.84
decay_setting_041,Blueprint prompt,6.5,0.83
decay_setting_041,Blueprint prompt,7.5,0.8
decay_setting_041,Blueprint prompt,8.5,0.78
decay_setting_041,Blueprint prompt,9.5,0.76
decay_setting_041,Blueprint prompt,10.5,0.74
decay_setting_041,Blueprint prompt,11.5,0.71
decay_setting_041,Blueprint prompt,12.5,0.69
decay_setting_041,Blueprint prompt,13.5,0.66
decay_setting_041,Blueprint prompt,14.5,0.62
decay_setting_041,Blueprint prompt,15.5,0.6
decay_setting_041,Blueprint prompt,16.5,0.58
decay_setting_041,Blueprint prompt,17.5,0.55
decay_setting_041,Blueprint prompt,18.5,0.52
decay_setting_041,Blueprint prompt,19.5,0.48
decay_setting_041,Blueprint prompt,20.5,0.45
decay_setting_041,Blueprint prompt,21.5,0.43
decay_setting_041,Blueprint prompt,22.5,0.4
decay_setting_041,Blueprint prompt,23.5,0.37
decay_setting_041,Blueprint prompt,24.5,0.35
decay_setting_041,Blueprint prompt,25.5,0.32
decay_setting_041,Blueprint prompt,26.5,0.3
decay_setting_041,Blueprint prompt,27.5,0.28
decay_setting_041,Blueprint prompt,28.5,0.25
decay_setting_041,Blueprint prompt,29.5,0.23
decay_setting_041,Blueprint prompt,30.5,0.22
decay_setting_041,Blueprint prompt,31.5,0.2
decay_setting_041,Blueprint prompt,32.5,0.19
decay_setting_041,Blueprint prompt,33.5,0.17
decay_setting_041,Blueprint prompt,34.5,0.16
decay_setting_041,Blueprint prompt,35.5,0.15
decay_setting_041,Blueprint prompt,36.5,0.14
decay_setting_041,Blueprint prompt,37.5,0.12
decay_setting_041,Blueprint prompt,38.5,0.11
decay_setting_041,Blueprint prompt,39.5,0.1
decay_setting_041,Blueprint prompt,40.5,0.09
decay_setting_041,Blueprint prompt,41.5,0.08
decay_setting_041,Blueprint prompt,42.5,0.07
decay_setting_041,Blueprint prompt,43.5,0.07
decay_setting_041,Blueprint prompt,44.5,0.06
decay_setting_041,Blueprint prompt,45.5,0.05
decay_setting_041,Blueprint prompt,46.5,0.05
decay_setting_041,Blueprint prompt,47.5,0.05
decay_setting_041,Blueprint prompt,48.5,0.05
decay_setting_041,Blueprint prompt,49.5,0.04
decay_setting_041,Blueprint prompt,50.5,0.04
decay_setting_041,Blueprint prompt,51.5,0.04
decay_setting_041,Blueprint prompt,52.5,0.03
decay_setting_041,Blueprint prompt,53.5,0.03
decay_setting_041,Blueprint prompt,54.5,0.03
decay_setting_041,Blueprint prompt,55.5,0.03
decay_setting_041,Blueprint prompt,56.5,0.02
decay_setting_041,Blueprint prompt,57.5,0.02
decay_setting_041,Blueprint prompt,58.5,0.02
decay_setting_041,Blueprint prompt,59.5,0.02
decay_setting_041,Blueprint prompt,60.5,0.02
decay_setting_041,Blueprint prompt,61.5,0.02
decay_setting_041,Blueprint prompt,62.5,0.02
decay_setting_041,Blueprint prompt,63.5,0.02
decay_setting_041,Blueprint prompt,64.5,0.01
decay_setting_041,Blueprint prompt,65.5,0.01
decay_setting_041,Blueprint prompt,66.5,0.01
decay_setting_041,Blueprint prompt,67.5,0.01
decay_setting_041,Blueprint prompt,68.5,0.01
decay_setting_041,Blueprint prompt,69.5,0.01
decay_setting_041,Blueprint prompt,70.5,0.01
decay_setting_041,Blueprint prompt,71.5,0.01
decay_setting_041,Blueprint prompt,72.5,0.01
decay_setting_041,Blueprint prompt,73.5,0.01
decay_setting_041,Blueprint prompt,74.5,0.01
decay_setting_041,Blueprint prompt,75.5,0.01
decay_setting_041,Blueprint prompt,76.5,0.01
decay_setting_041,Blueprint prompt,77.5,0.01
decay_setting_041,Blueprint prompt,78.5,0.01
decay_setting_041,Blueprint prompt,79.5,0.01
decay_setting_041,Blueprint prompt,80.5,0.01
decay_setting_041,Blueprint prompt,81.5,0.01
decay_setting_041,Blueprint prompt,82.5,0.01
decay_setting_041,Blueprint prompt,83.5,0.01
decay_setting_041,Blueprint prompt,84.5,0.01
decay_setting_041,Blueprint prompt,85.5,0.01
decay_setting_041,Blueprint prompt,86.5,0.01
decay_setting_041,Blueprint prompt,87.5,0.01
decay_setting_041,Blueprint prompt,88.5,0.01
decay_setting_041,Blueprint prompt,89.5,0.01
decay_setting_041,Blueprint prompt,90.5,0.01
decay_setting_041,Blueprint prompt,91.5,0.01
decay_setting_041,Blueprint prompt,92.5,0.01
decay_setting_041,Blueprint prompt,93.5,0.01
decay_setting_041,Blueprint prompt,94.5,0.01
decay_setting_041,Blueprint prompt,95.5,0.01
decay_setting_041,Blueprint prompt,96.5,0.01
decay_setting_041,Blueprint prompt,97.5,0.01
decay_setting_041,Blueprint prompt,98.5,0.01
decay_setting_041,Blueprint prompt,99.5,0.01
decay_setting_039,Blueprint prompt,0.5,0.87
decay_setting_039,Blueprint prompt,1.5,0.88
decay_setting_039,Blueprint prompt,2.5,0.86
decay_setting_039,Blueprint prompt,3.5,0.85
decay_setting_039,Blueprint prompt,4.5,0.83
decay_setting_039,Blueprint prompt,5.5,0.82
decay_setting_039,Blueprint prompt,6.5,0.8
decay_setting_039,Blueprint prompt,7.5,0.79
decay_setting_039,Blueprint prompt,8.5,0.78
decay_setting_039,Blueprint prompt,9.5,0.77
decay_setting_039,Blueprint prompt,10.5,0.76
decay_setting_039,Blueprint prompt,11.5,0.75
decay_setting_039,Blueprint prompt,12.5,0.74
decay_setting_039,Blueprint prompt,13.5,0.72
decay_setting_039,Blueprint prompt,14.5,0.71
decay_setting_039,Blueprint prompt,15.5,0.7
decay_setting_039,Blueprint prompt,16.5,0.68
decay_setting_039,Blueprint prompt,17.5,0.67
decay_setting_039,Blueprint prompt,18.5,0.66
decay_setting_039,Blueprint prompt,19.5,0.65
decay_setting_039,Blueprint prompt,20.5,0.63
decay_setting_039,Blueprint prompt,21.5,0.62
decay_setting_039,Blueprint prompt,22.5,0.6
decay_setting_039,Blueprint prompt,23.5,0.59
decay_setting_039,Blueprint prompt,24.5,0.58
decay_setting_039,Blueprint prompt,25.5,0.56
decay_setting_039,Blueprint prompt,26.5,0.54
decay_setting_039,Blueprint prompt,27.5,0.52
decay_setting_039,Blueprint prompt,28.5,0.5
decay_setting_039,Blueprint prompt,29.5,0.48
decay_setting_039,Blueprint prompt,30.5,0.46
decay_setting_039,Blueprint prompt,31.5,0.44
decay_setting_039,Blueprint prompt,32.5,0.43
decay_setting_039,Blueprint prompt,33.5,0.41
decay_setting_039,Blueprint prompt,34.5,0.4
decay_setting_039,Blueprint prompt,35.5,0.39
decay_setting_039,Blueprint prompt,36.5,0.37
decay_setting_039,Blueprint prompt,37.5,0.35
decay_setting_039,Blueprint prompt,38.5,0.34
decay_setting_039,Blueprint prompt,39.5,0.33
decay_setting_039,Blueprint prompt,40.5,0.32
decay_setting_039,Blueprint prompt,41.5,0.3
decay_setting_039,Blueprint prompt,42.5,0.29
decay_setting_039,Blueprint prompt,43.5,0.28
decay_setting_039,Blueprint prompt,44.5,0.27
decay_setting_039,Blueprint prompt,45.5,0.26
decay_setting_039,Blueprint prompt,46.5,0.25
decay_setting_039,Blueprint prompt,47.5,0.23
decay_setting_039,Blueprint prompt,48.5,0.22
decay_setting_039,Blueprint prompt,49.5,0.21
decay_setting_039,Blueprint prompt,50.5,0.2
decay_setting_039,Blueprint prompt,51.5,0.18
decay_setting_039,Blueprint prompt,52.5,0.17
decay_setting_039,Blueprint prompt,53.5,0.16
decay_setting_039,Blueprint prompt,54.5,0.15
decay_setting_039,Blueprint prompt,55.5,0.14
decay_setting_039,Blueprint prompt,56.5,0.13
decay_setting_039,Blueprint prompt,57.5,0.11
decay_setting_039,Blueprint prompt,58.5,0.1
decay_setting_039,Blueprint prompt,59.5,0.09
decay_setting_039,Blueprint prompt,60.5,0.08
decay_setting_039,Blueprint prompt,61.5,0.08
decay_setting_039,Blueprint prompt,62.5,0.07
decay_setting_039,Blueprint prompt,63.5,0.06
decay_setting_039,Blueprint prompt,64.5,0.05
decay_setting_039,Blueprint prompt,65.5,0.05
decay_setting_039,Blueprint prompt,66.5,0.04
decay_setting_039,Blueprint prompt,67.5,0.03
decay_setting_039,Blueprint prompt,68.5,0.03
decay_setting_039,Blueprint prompt,69.5,0.02
decay_setting_039,Blueprint prompt,70.5,0.02
decay_setting_039,Blueprint prompt,71.5,0.02
decay_setting_039,Blueprint prompt,72.5,0.02
decay_setting_039,Blueprint prompt,73.5,0.01
decay_setting_039,Blueprint prompt,74.5,0.01
decay_setting_039,Blueprint prompt,75.5,0.01
decay_setting_039,Blueprint prompt,76.5,0.01
decay_setting_039,Blueprint prompt,77.5,0.01
decay_setting_039,Blueprint prompt,78.5,0.01
decay_setting_039,Blueprint prompt,79.5,0.01
decay_setting_039,Blueprint prompt,80.5,0.01
decay_setting_039,Blueprint prompt,81.5,0.01
decay_setting_039,Blueprint prompt,82.5,0.01
decay_setting_039,Blueprint prompt,83.5,0.01
decay_setting_039,Blueprint prompt,84.5,0.01
decay_setting_039,Blueprint prompt,85.5,0.01
decay_setting_039,Blueprint prompt,86.5,0.01
decay_setting_039,Blueprint prompt,87.5,0.01
decay_setting_039,Blueprint prompt,88.5,0.01
decay_setting_039,Blueprint prompt,89.5,0.01
decay_setting_039,Blueprint prompt,90.5,0.01
decay_setting_039,Blueprint prompt,91.5,0.01
decay_setting_039,Blueprint prompt,92.5,0.01
decay_setting_039,Blueprint prompt,93.5,0.01
decay_setting_039,Blueprint prompt,94.5,0.01
decay_setting_039,Blueprint prompt,95.5,0.01
decay_setting_039,Blueprint prompt,96.5,0.01
decay_setting_039,Blueprint prompt,97.5,0.01
decay_setting_039,Blueprint prompt,98.5,0.01
decay_setting_039,Blueprint prompt,99.5,0.01
decay_setting_041,Baseline prompt,0.5,0.85
decay_setting_041,Baseline prompt,1.5,0.82
decay_setting_041,Baseline prompt,2.5,0.79
decay_setting_041,Baseline prompt,3.5,0.76
decay_setting_041,Baseline prompt,4.5,0.72
decay_setting_041,Baseline prompt,5.5,0.68
decay_setting_041,Baseline prompt,6.5,0.63
decay_setting_041,Baseline prompt,7.5,0.59
decay_setting_041,Baseline prompt,8.5,0.54
decay_setting_041,Baseline prompt,9.5,0.5
decay_setting_041,Baseline prompt,10.5,0.46
decay_setting_041,Baseline prompt,11.5,0.42
decay_setting_041,Baseline prompt,12.5,0.39
decay_setting_041,Baseline prompt,13.5,0.36
decay_setting_041,Baseline prompt,14.5,0.33
decay_setting_041,Baseline prompt,15.5,0.3
decay_setting_041,Baseline prompt,16.5,0.27
decay_setting_041,Baseline prompt,17.5,0.25
decay_setting_041,Baseline prompt,18.5,0.23
decay_setting_041,Baseline prompt,19.5,0.21
decay_setting_041,Baseline prompt,20.5,0.19
decay_setting_041,Baseline prompt,21.5,0.17
decay_setting_041,Baseline prompt,22.5,0.16
decay_setting_041,Baseline prompt,23.5,0.15
decay_setting_041,Baseline prompt,24.5,0.13
decay_setting_041,Baseline prompt,25.5,0.12
decay_setting_041,Baseline prompt,26.5,0.11
decay_setting_041,Baseline prompt,27.5,0.1
decay_setting_041,Baseline prompt,28.5,0.09
decay_setting_041,Baseline prompt,29.5,0.08
decay_setting_041,Baseline prompt,30.5,0.07
decay_setting_041,Baseline prompt,31.5,0.06
decay_setting_041,Baseline prompt,32.5,0.06
decay_setting_041,Baseline prompt,33.5,0.05
decay_setting_041,Baseline prompt,34.5,0.05
decay_setting_041,Baseline prompt,35.5,0.04
decay_setting_041,Baseline prompt,36.5,0.04
decay_setting_041,Baseline prompt,37.5,0.04
decay_setting_041,Baseline prompt,38.5,0.03
decay_setting_041,Baseline prompt,39.5,0.03
decay_setting_041,Baseline prompt,40.5,0.03
decay_setting_041,Baseline prompt,41.5,0.03
decay_setting_041,Baseline prompt,42.5,0.02
decay_setting_041,Baseline prompt,43.5,0.02
decay_setting_041,Baseline prompt,44.5,0.02
decay_setting_041,Baseline prompt,45.5,0.02
decay_setting_041,Baseline prompt,46.5,0.01
decay_setting_041,Baseline prompt,47.5,0.01
decay_setting_041,Baseline prompt,48.5,0.01
decay_setting_041,Baseline prompt,49.5,0.01
decay_setting_041,Baseline prompt,50.5,0.01
decay_setting_041,Baseline prompt,51.5,0.01
decay_setting_041,Baseline prompt,52.5,0.01
decay_setting_041,Baseline prompt,53.5,0.01
decay_setting_041,Baseline prompt,54.5,0.01
decay_setting_041,Baseline prompt,55.5,0.01
decay_setting_041,Baseline prompt,56.5,0.01
decay_setting_041,Baseline prompt,57.5,0.01
decay_setting_041,Baseline prompt,58.5,0.01
decay_setting_041,Baseline prompt,59.5,0.01
decay_setting_041,Baseline prompt,60.5,0.01
decay_setting_041,Baseline prompt,61.5,0.01
decay_setting_041,Baseline prompt,62.5,0.01
decay_setting_041,Baseline prompt,63.5,0.01
decay_setting_041,Baseline prompt,64.5,0.01
decay_setting_041,Baseline prompt,65.5,0.01
decay_setting_041,Baseline prompt,66.5,0.01
decay_setting_041,Baseline prompt,67.5,0.01
decay_setting_041,Baseline prompt,68.5,0.01
decay_setting_041,Baseline prompt,69.5,0.01
decay_setting_041,Baseline prompt,70.5,0.01
decay_setting_041,Baseline prompt,71.5,0.01
decay_setting_041,Baseline prompt,72.5,0.01
decay_setting_041,Baseline prompt,73.5,0.01
decay_setting_041,Baseline prompt,74.5,0.01
decay_setting_041,Baseline prompt,75.5,0.01
decay_setting_041,Baseline prompt,76.5,0.01
decay_setting_041,Baseline prompt,77.5,0.01
decay_setting_041,Baseline prompt,78.5,0.01
decay_setting_041,Baseline prompt,79.5,0.01
decay_setting_041,Baseline prompt,80.5,0.01
decay_setting_041,Baseline prompt,81.5,0.01
decay_setting_041,Baseline prompt,82.5,0.01
decay_setting_041,Baseline prompt,83.5,0.01
decay_setting_041,Baseline prompt,84.5,0.01
decay_setting_041,Baseline prompt,85.5,0.01
decay_setting_041,Baseline prompt,86.5,0.01
decay_setting_041,Baseline prompt,87.5,0.01
decay_setting_041,Baseline prompt,88.5,0.01
decay_setting_041,Baseline prompt,89.5,0.01
decay_setting_041,Baseline prompt,90.5,0.01
decay_setting_041,Baseline prompt,91.5,0.01
decay_setting_041,Baseline prompt,92.5,0.01
decay_setting_041,Baseline prompt,93.5,0.01
decay_setting_041,Baseline prompt,94.5,0.01
decay_setting_041,Baseline prompt,95.5,0.01
decay_setting_041,Baseline prompt,96.5,0.01
decay_setting_041,Baseline prompt,97.5,0.01
decay_setting_041,Baseline prompt,98.5,0.01
decay_setting_041,Baseline prompt,99.5,0.01
decay_setting_043,Baseline prompt,0.5,0.85
decay_setting_043,Baseline prompt,1.5,0.83
decay_setting_043,Baseline prompt,2.5,0.81
decay_setting_043,Baseline prompt,3.5,0.8
decay_setting_043,Baseline prompt,4.5,0.78
decay_setting_043,Baseline prompt,5.5,0.77
decay_setting_043,Baseline prompt,6.5,0.75
decay_setting_043,Baseline prompt,7.5,0.72
decay_setting_043,Baseline prompt,8.5,0.71
decay_setting_043,Baseline prompt,9.5,0.69
decay_setting_043,Baseline prompt,10.5,0.67
decay_setting_043,Baseline prompt,11.5,0.65
decay_setting_043,Baseline prompt,12.5,0.62
decay_setting_043,Baseline prompt,13.5,0.6
decay_setting_043,Baseline prompt,14.5,0.58
decay_setting_043,Baseline prompt,15.5,0.56
decay_setting_043,Baseline prompt,16.5,0.54
decay_setting_043,Baseline prompt,17.5,0.52
decay_setting_043,Baseline prompt,18.5,0.5
decay_setting_043,Baseline prompt,19.5,0.48
decay_setting_043,Baseline prompt,20.5,0.47
decay_setting_043,Baseline prompt,21.5,0.46
decay_setting_043,Baseline prompt,22.5,0.44
decay_setting_043,Baseline prompt,23.5,0.42
decay_setting_043,Baseline prompt,24.5,0.41
decay_setting_043,Baseline prompt,25.5,0.39
decay_setting_043,Baseline prompt,26.5,0.37
decay_setting_043,Baseline prompt,27.5,0.35
decay_setting_043,Baseline prompt,28.5,0.33
decay_setting_043,Baseline prompt,29.5,0.31
decay_setting_043,Baseline prompt,30.5,0.3
decay_setting_043,Baseline prompt,31.5,0.28
decay_setting_043,Baseline prompt,32.5,0.27
decay_setting_043,Baseline prompt,33.5,0.25
decay_setting_043,Baseline prompt,34.5,0.24
decay_setting_043,Baseline prompt,35.5,0.23
decay_setting_043,Baseline prompt,36.5,0.21
decay_setting_043,Baseline prompt,37.5,0.2
decay_setting_043,Baseline prompt,38.5,0.19
decay_setting_043,Baseline prompt,39.5,0.18
decay_setting_043,Baseline prompt,40.5,0.17
decay_setting_043,Baseline prompt,41.5,0.16
decay_setting_043,Baseline prompt,42.5,0.14
decay_setting_043,Baseline prompt,43.5,0.13
decay_setting_043,Baseline prompt,44.5,0.12
decay_setting_043,Baseline prompt,45.5,0.11
decay_setting_043,Baseline prompt,46.5,0.1
decay_setting_043,Baseline prompt,47.5,0.09
decay_setting_043,Baseline prompt,48.5,0.08
decay_setting_043,Baseline prompt,49.5,0.07
decay_setting_043,Baseline prompt,50.5,0.07
decay_setting_043,Baseline prompt,51.5,0.06
decay_setting_043,Baseline prompt,52.5,0.06
decay_setting_043,Baseline prompt,53.5,0.05
decay_setting_043,Baseline prompt,54.5,0.05
decay_setting_043,Baseline prompt,55.5,0.04
decay_setting_043,Baseline prompt,56.5,0.04
decay_setting_043,Baseline prompt,57.5,0.03
decay_setting_043,Baseline prompt,58.5,0.03
decay_setting_043,Baseline prompt,59.5,0.03
decay_setting_043,Baseline prompt,60.5,0.02
decay_setting_043,Baseline prompt,61.5,0.02
decay_setting_043,Baseline prompt,62.5,0.02
decay_setting_043,Baseline prompt,63.5,0.01
decay_setting_043,Baseline prompt,64.5,0.01
decay_setting_043,Baseline prompt,65.5,0.01
decay_setting_043,Baseline prompt,66.5,0.01
decay_setting_043,Baseline prompt,67.5,0.01
decay_setting_043,Baseline prompt,68.5,0.01
decay_setting_043,Baseline prompt,69.5,0.01
decay_setting_043,Baseline prompt,70.5,0.01
decay_setting_043,Baseline prompt,71.5,0.01
decay_setting_043,Baseline prompt,72.5,0.01
decay_setting_043,Baseline prompt,73.5,0.01
decay_setting_043,Baseline prompt,74.5,0.01
decay_setting_043,Baseline prompt,75.5,0.01
decay_setting_043,Baseline prompt,76.5,0.01
decay_setting_043,Baseline prompt,77.5,0.01
decay_setting_043,Baseline prompt,78.5,0.01
decay_setting_043,Baseline prompt,79.5,0.01
decay_setting_043,Baseline prompt,80.5,0.01
decay_setting_043,Baseline prompt,81.5,0.01
decay_setting_043,Baseline prompt,82.5,0.01
decay_setting_043,Baseline prompt,83.5,0.01
decay_setting_043,Baseline prompt,84.5,0.01
decay_setting_043,Baseline prompt,85.5,0.01
decay_setting_043,Baseline prompt,86.5,0.01
decay_setting_043,Baseline prompt,87.5,0.01
decay_setting_043,Baseline prompt,88.5,0.01
decay_setting_043,Baseline prompt,89.5,0.01
decay_setting_043,Baseline prompt,90.5,0.01
decay_setting_043,Baseline prompt,91.5,0.01
decay_setting_043,Baseline prompt,92.5,0.01
decay_setting_043,Baseline prompt,93.5,0.01
decay_setting_043,Baseline prompt,94.5,0.01
decay_setting_043,Baseline prompt,95.5,0.01
decay_setting_043,Baseline prompt,96.5,0.01
decay_setting_043,Baseline prompt,97.5,0.01
decay_setting_043,Baseline prompt,98.5,0.01
decay_setting_043,Baseline prompt,99.5,0.01
decay_setting_042,Baseline prompt,0.5,0.85
decay_setting_042,Baseline prompt,1.5,0.83
decay_setting_042,Baseline prompt,2.5,0.81
decay_setting_042,Baseline prompt,3.5,0.78
decay_setting_042,Baseline prompt,4.5,0.75
decay_setting_042,Baseline prompt,5.5,0.71
decay_setting_042,Baseline prompt,6.5,0.67
decay_setting_042,Baseline prompt,7.5,0.63
decay_setting_042,Baseline prompt,8.5,0.59
decay_setting_042,Baseline prompt,9.5,0.55
decay_setting_042,Baseline prompt,10.5,0.52
decay_setting_042,Baseline prompt,11.5,0.48
decay_setting_042,Baseline prompt,12.5,0.44
decay_setting_042,Baseline prompt,13.5,0.4
decay_setting_042,Baseline prompt,14.5,0.36
decay_setting_042,Baseline prompt,15.5,0.32
decay_setting_042,Baseline prompt,16.5,0.28
decay_setting_042,Baseline prompt,17.5,0.25
decay_setting_042,Baseline prompt,18.5,0.22
decay_setting_042,Baseline prompt,19.5,0.19
decay_setting_042,Baseline prompt,20.5,0.17
decay_setting_042,Baseline prompt,21.5,0.15
decay_setting_042,Baseline prompt,22.5,0.13
decay_setting_042,Baseline prompt,23.5,0.11
decay_setting_042,Baseline prompt,24.5,0.09
decay_setting_042,Baseline prompt,25.5,0.08
decay_setting_042,Baseline prompt,26.5,0.07
decay_setting_042,Baseline prompt,27.5,0.06
decay_setting_042,Baseline prompt,28.5,0.05
decay_setting_042,Baseline prompt,29.5,0.05
decay_setting_042,Baseline prompt,30.5,0.04
decay_setting_042,Baseline prompt,31.5,0.04
decay_setting_042,Baseline prompt,32.5,0.03
decay_setting_042,Baseline prompt,33.5,0.03
decay_setting_042,Baseline prompt,34.5,0.02
decay_setting_042,Baseline prompt,35.5,0.02
decay_setting_042,Baseline prompt,36.5,0.02
decay_setting_042,Baseline prompt,37.5,0.02
decay_setting_042,Baseline prompt,38.5,0.01
decay_setting_042,Baseline prompt,39.5,0.01
decay_setting_042,Baseline prompt,40.5,0.01
decay_setting_042,Baseline prompt,41.5,0.01
decay_setting_042,Baseline prompt,42.5,0.01
decay_setting_042,Baseline prompt,43.5,0.01
decay_setting_042,Baseline prompt,44.5,0.01
decay_setting_042,Baseline prompt,45.5,0.01
decay_setting_042,Baseline prompt,46.5,0.01
decay_setting_042,Baseline prompt,47.5,0.0
decay_setting_042,Baseline prompt,48.5,0.0
decay_setting_042,Baseline prompt,49.5,0.0
decay_setting_042,Baseline prompt,50.5,0.0
decay_setting_042,Baseline prompt,51.5,0.0
decay_setting_042,Baseline prompt,52.5,0.0
decay_setting_042,Baseline prompt,53.5,0.0
decay_setting_042,Baseline prompt,54.5,0.0
decay_setting_042,Baseline prompt,55.5,0.0
decay_setting_042,Baseline prompt,56.5,0.0
decay_setting_042,Baseline prompt,57.5,0.0
decay_setting_042,Baseline prompt,58.5,0.0
decay_setting_042,Baseline prompt,59.5,0.0
decay_setting_042,Baseline prompt,60.5,0.0
decay_setting_042,Baseline prompt,61.5,0.0
decay_setting_042,Baseline prompt,62.5,0.0
decay_setting_042,Baseline prompt,63.5,0.0
decay_setting_042,Baseline prompt,64.5,0.0
decay_setting_042,Baseline prompt,65.5,0.0
decay_setting_042,Baseline prompt,66.5,0.0
decay_setting_042,Baseline prompt,67.5,0.0
decay_setting_042,Baseline prompt,68.5,0.0
decay_setting_042,Baseline prompt,69.5,0.0
decay_setting_042,Baseline prompt,70.5,0.0
decay_setting_042,Baseline prompt,71.5,0.0
decay_setting_042,Baseline prompt,72.5,0.0
decay_setting_042,Baseline prompt,73.5,0.0
decay_setting_042,Baseline prompt,74.5,0.0
decay_setting_042,Baseline prompt,75.5,0.0
decay_setting_042,Baseline prompt,76.5,0.0
decay_setting_042,Baseline prompt,77.5,0.0
decay_setting_042,Baseline prompt,78.5,0.0
decay_setting_042,Baseline prompt,79.5,0.0
decay_setting_042,Baseline prompt,80.5,0.0
decay_setting_042,Baseline prompt,81.5,0.0
decay_setting_042,Baseline prompt,82.5,0.0
decay_setting_042,Baseline prompt,83.5,0.0
decay_setting_042,Baseline prompt,84.5,0.0
decay_setting_042,Baseline prompt,85.5,0.0
decay_setting_042,Baseline prompt,86.5,0.0
decay_setting_042,Baseline prompt,87.5,0.0
decay_setting_042,Baseline prompt,88.5,0.0
decay_setting_042,Baseline prompt,89.5,0.0
decay_setting_042,Baseline prompt,90.5,0.0
decay_setting_042,Baseline prompt,91.5,0.0
decay_setting_042,Baseline prompt,92.5,0.0
decay_setting_042,Baseline prompt,93.5,0.0
decay_setting_042,Baseline prompt,94.5,0.0
decay_setting_042,Baseline prompt,95.5,0.0
decay_setting_042,Baseline prompt,96.5,0.0
decay_setting_042,Baseline prompt,97.5,0.0
decay_setting_042,Baseline prompt,98.5,0.0
decay_setting_042,Baseline prompt,99.5,0.0
decay_setting_044,Baseline prompt,0.5,0.85
decay_setting_044,Baseline prompt,1.5,0.83
decay_setting_044,Baseline prompt,2.5,0.8
decay_setting_044,Baseline prompt,3.5,0.78
decay_setting_044,Baseline prompt,4.5,0.75
decay_setting_044,Baseline prompt,5.5,0.72
decay_setting_044,Baseline prompt,6.5,0.68
decay_setting_044,Baseline prompt,7.5,0.65
decay_setting_044,Baseline prompt,8.5,0.62
decay_setting_044,Baseline prompt,9.5,0.59
decay_setting_044,Baseline prompt,10.5,0.56
decay_setting_044,Baseline prompt,11.5,0.52
decay_setting_044,Baseline prompt,12.5,0.49
decay_setting_044,Baseline prompt,13.5,0.46
decay_setting_044,Baseline prompt,14.5,0.43
decay_setting_044,Baseline prompt,15.5,0.4
decay_setting_044,Baseline prompt,16.5,0.37
decay_setting_044,Baseline prompt,17.5,0.35
decay_setting_044,Baseline prompt,18.5,0.33
decay_setting_044,Baseline prompt,19.5,0.31
decay_setting_044,Baseline prompt,20.5,0.29
decay_setting_044,Baseline prompt,21.5,0.27
decay_setting_044,Baseline prompt,22.5,0.25
decay_setting_044,Baseline prompt,23.5,0.23
decay_setting_044,Baseline prompt,24.5,0.22
decay_setting_044,Baseline prompt,25.5,0.2
decay_setting_044,Baseline prompt,26.5,0.19
decay_setting_044,Baseline prompt,27.5,0.18
decay_setting_044,Baseline prompt,28.5,0.17
decay_setting_044,Baseline prompt,29.5,0.16
decay_setting_044,Baseline prompt,30.5,0.15
decay_setting_044,Baseline prompt,31.5,0.14
decay_setting_044,Baseline prompt,32.5,0.13
decay_setting_044,Baseline prompt,33.5,0.12
decay_setting_044,Baseline prompt,34.5,0.11
decay_setting_044,Baseline prompt,35.5,0.1
decay_setting_044,Baseline prompt,36.5,0.09
decay_setting_044,Baseline prompt,37.5,0.08
decay_setting_044,Baseline prompt,38.5,0.07
decay_setting_044,Baseline prompt,39.5,0.06
decay_setting_044,Baseline prompt,40.5,0.05
decay_setting_044,Baseline prompt,41.5,0.05
decay_setting_044,Baseline prompt,42.5,0.04
decay_setting_044,Baseline prompt,43.5,0.04
decay_setting_044,Baseline prompt,44.5,0.04
decay_setting_044,Baseline prompt,45.5,0.04
decay_setting_044,Baseline prompt,46.5,0.03
decay_setting_044,Baseline prompt,47.5,0.03
decay_setting_044,Baseline prompt,48.5,0.03
decay_setting_044,Baseline prompt,49.5,0.03
decay_setting_044,Baseline prompt,50.5,0.02
decay_setting_044,Baseline prompt,51.5,0.02
decay_setting_044,Baseline prompt,52.5,0.02
decay_setting_044,Baseline prompt,53.5,0.02
decay_setting_044,Baseline prompt,54.5,0.02
decay_setting_044,Baseline prompt,55.5,0.02
decay_setting_044,Baseline prompt,56.5,0.02
decay_setting_044,Baseline prompt,57.5,0.02
decay_setting_044,Baseline prompt,58.5,0.02
decay_setting_044,Baseline prompt,59.5,0.02
decay_setting_044,Baseline prompt,60.5,0.02
decay_setting_044,Baseline prompt,61.5,0.02
decay_setting_044,Baseline prompt,62.5,0.02
decay_setting_044,Baseline prompt,63.5,0.02
decay_setting_044,Baseline prompt,64.5,0.02
decay_setting_044,Baseline prompt,65.5,0.02
decay_setting_044,Baseline prompt,66.5,0.02
decay_setting_044,Baseline prompt,67.5,0.02
decay_setting_044,Baseline prompt,68.5,0.02
decay_setting_044,Baseline prompt,69.5,0.01
decay_setting_044,Baseline prompt,70.5,0.01
decay_setting_044,Baseline prompt,71.5,0.01
decay_setting_044,Baseline prompt,72.5,0.01
decay_setting_044,Baseline prompt,73.5,0.01
decay_setting_044,Baseline prompt,74.5,0.01
decay_setting_044,Baseline prompt,75.5,0.01
decay_setting_044,Baseline prompt,76.5,0.01
decay_setting_044,Baseline prompt,77.5,0.01
decay_setting_044,Baseline prompt,78.5,0.01
decay_setting_044,Baseline prompt,79.5,0.01
decay_setting_044,Baseline prompt,80.5,0.01
decay_setting_044,Baseline prompt,81.5,0.01
decay_setting_044,Baseline prompt,82.5,0.01
decay_setting_044,Baseline prompt,83.5,0.01
decay_setting_044,Baseline prompt,84.5,0.01
decay_setting_044,Baseline prompt,85.5,0.01
decay_setting_044,Baseline prompt,86.5,0.01
decay_setting_044,Baseline prompt,87.5,0.01
decay_setting_044,Baseline prompt,88.5,0.01
decay_setting_044,Baseline prompt,89.5,0.01
decay_setting_044,Baseline prompt,90.5,0.01
decay_setting_044,Baseline prompt,91.5,0.01
decay_setting_044,Baseline prompt,92.5,0.01
decay_setting_044,Baseline prompt,93.5,0.01
decay_setting_044,Baseline prompt,94.5,0.01
decay_setting_044,Baseline prompt,95.5,0.01
decay_setting_044,Baseline prompt,96.5,0.01
decay_setting_044,Baseline prompt,97.5,0.01
decay_setting_044,Baseline prompt,98.5,0.01
decay_setting_044,Baseline prompt,99.5,0.01
decay_setting_044,Blueprint prompt,0.5,0.92
decay_setting_044,Blueprint prompt,1.5,0.91
decay_setting_044,Blueprint prompt,2.5,0.89
decay_setting_044,Blueprint prompt,3.5,0.88
decay_setting_044,Blueprint prompt,4.5,0.86
decay_setting_044,Blueprint prompt,5.5,0.83
decay_setting_044,Blueprint prompt,6.5,0.81
decay_setting_044,Blueprint prompt,7.5,0.77
decay_setting_044,Blueprint prompt,8.5,0.74
decay_setting_044,Blueprint prompt,9.5,0.7
decay_setting_044,Blueprint prompt,10.5,0.65
decay_setting_044,Blueprint prompt,11.5,0.61
decay_setting_044,Blueprint prompt,12.5,0.58
decay_setting_044,Blueprint prompt,13.5,0.54
decay_setting_044,Blueprint prompt,14.5,0.49
decay_setting_044,Blueprint prompt,15.5,0.44
decay_setting_044,Blueprint prompt,16.5,0.4
decay_setting_044,Blueprint prompt,17.5,0.37
decay_setting_044,Blueprint prompt,18.5,0.35
decay_setting_044,Blueprint prompt,19.5,0.34
decay_setting_044,Blueprint prompt,20.5,0.33
decay_setting_044,Blueprint prompt,21.5,0.31
decay_setting_044,Blueprint prompt,22.5,0.28
decay_setting_044,Blueprint prompt,23.5,0.26
decay_setting_044,Blueprint prompt,24.5,0.24
decay_setting_044,Blueprint prompt,25.5,0.23
decay_setting_044,Blueprint prompt,26.5,0.22
decay_setting_044,Blueprint prompt,27.5,0.2
decay_setting_044,Blueprint prompt,28.5,0.19
decay_setting_044,Blueprint prompt,29.5,0.18
decay_setting_044,Blueprint prompt,30.5,0.17
decay_setting_044,Blueprint prompt,31.5,0.16
decay_setting_044,Blueprint prompt,32.5,0.15
decay_setting_044,Blueprint prompt,33.5,0.15
decay_setting_044,Blueprint prompt,34.5,0.14
decay_setting_044,Blueprint prompt,35.5,0.13
decay_setting_044,Blueprint prompt,36.5,0.12
decay_setting_044,Blueprint prompt,37.5,0.11
decay_setting_044,Blueprint prompt,38.5,0.09
decay_setting_044,Blueprint prompt,39.5,0.08
decay_setting_044,Blueprint prompt,40.5,0.08
decay_setting_044,Blueprint prompt,41.5,0.08
decay_setting_044,Blueprint prompt,42.5,0.07
decay_setting_044,Blueprint prompt,43.5,0.06
decay_setting_044,Blueprint prompt,44.5,0.06
decay_setting_044,Blueprint prompt,45.5,0.05
decay_setting_044,Blueprint prompt,46.5,0.05
decay_setting_044,Blueprint prompt,47.5,0.05
decay_setting_044,Blueprint prompt,48.5,0.04
decay_setting_044,Blueprint prompt,49.5,0.04
decay_setting_044,Blueprint prompt,50.5,0.04
decay_setting_044,Blueprint prompt,51.5,0.04
decay_setting_044,Blueprint prompt,52.5,0.03
decay_setting_044,Blueprint prompt,53.5,0.03
decay_setting_044,Blueprint prompt,54.5,0.03
decay_setting_044,Blueprint prompt,55.5,0.03
decay_setting_044,Blueprint prompt,56.5,0.03
decay_setting_044,Blueprint prompt,57.5,0.02
decay_setting_044,Blueprint prompt,58.5,0.02
decay_setting_044,Blueprint prompt,59.5,0.02
decay_setting_044,Blueprint prompt,60.5,0.02
decay_setting_044,Blueprint prompt,61.5,0.02
decay_setting_044,Blueprint prompt,62.5,0.02
decay_setting_044,Blueprint prompt,63.5,0.02
decay_setting_044,Blueprint prompt,64.5,0.02
decay_setting_044,Blueprint prompt,65.5,0.02
decay_setting_044,Blueprint prompt,66.5,0.02
decay_setting_044,Blueprint prompt,67.5,0.02
decay_setting_044,Blueprint prompt,68.5,0.02
decay_setting_044,Blueprint prompt,69.5,0.02
decay_setting_044,Blueprint prompt,70.5,0.02
decay_setting_044,Blueprint prompt,71.5,0.02
decay_setting_044,Blueprint prompt,72.5,0.02
decay_setting_044,Blueprint prompt,73.5,0.02
decay_setting_044,Blueprint prompt,74.5,0.02
decay_setting_044,Blueprint prompt,75.5,0.02
decay_setting_044,Blueprint prompt,76.5,0.01
decay_setting_044,Blueprint prompt,77.5,0.01
decay_setting_044,Blueprint prompt,78.5,0.01
decay_setting_044,Blueprint prompt,79.5,0.01
decay_setting_044,Blueprint prompt,80.5,0.01
decay_setting_044,Blueprint prompt,81.5,0.01
decay_setting_044,Blueprint prompt,82.5,0.01
decay_setting_044,Blueprint prompt,83.5,0.01
decay_setting_044,Blueprint prompt,84.5,0.01
decay_setting_044,Blueprint prompt,85.5,0.01
decay_setting_044,Blueprint prompt,86.5,0.01
decay_setting_044,Blueprint prompt,87.5,0.01
decay_setting_044,Blueprint prompt,88.5,0.01
decay_setting_044,Blueprint prompt,89.5,0.01
decay_setting_044,Blueprint prompt,90.5,0.01
decay_setting_044,Blueprint prompt,91.5,0.01
decay_setting_044,Blueprint prompt,92.5,0.01
decay_setting_044,Blueprint prompt,93.5,0.01
decay_setting_044,Blueprint prompt,94.5,0.01
decay_setting_044,Blueprint prompt,95.5,0.01
decay_setting_044,Blueprint prompt,96.5,0.01
decay_setting_044,Blueprint prompt,97.5,0.01
decay_setting_044,Blueprint prompt,98.5,0.01
decay_setting_044,Blueprint prompt,99.5,0.01
decay_setting_043,Blueprint prompt,0.5,0.91
decay_setting_043,Blueprint prompt,1.5,0.89
decay_setting_043,Blueprint prompt,2.5,0.88
decay_setting_043,Blueprint prompt,3.5,0.86
decay_setting_043,Blueprint prompt,4.5,0.84
decay_setting_043,Blueprint prompt,5.5,0.82
decay_setting_043,Blueprint prompt,6.5,0.8
decay_setting_043,Blueprint prompt,7.5,0.77
decay_setting_043,Blueprint prompt,8.5,0.75
decay_setting_043,Blueprint prompt,9.5,0.73
decay_setting_043,Blueprint prompt,10.5,0.7
decay_setting_043,Blueprint prompt,11.5,0.68
decay_setting_043,Blueprint prompt,12.5,0.66
decay_setting_043,Blueprint prompt,13.5,0.65
decay_setting_043,Blueprint prompt,14.5,0.63
decay_setting_043,Blueprint prompt,15.5,0.61
decay_setting_043,Blueprint prompt,16.5,0.59
decay_setting_043,Blueprint prompt,17.5,0.57
decay_setting_043,Blueprint prompt,18.5,0.55
decay_setting_043,Blueprint prompt,19.5,0.53
decay_setting_043,Blueprint prompt,20.5,0.51
decay_setting_043,Blueprint prompt,21.5,0.49
decay_setting_043,Blueprint prompt,22.5,0.47
decay_setting_043,Blueprint prompt,23.5,0.45
decay_setting_043,Blueprint prompt,24.5,0.43
decay_setting_043,Blueprint prompt,25.5,0.42
decay_setting_043,Blueprint prompt,26.5,0.4
decay_setting_043,Blueprint prompt,27.5,0.38
decay_setting_043,Blueprint prompt,28.5,0.37
decay_setting_043,Blueprint prompt,29.5,0.35
decay_setting_043,Blueprint prompt,30.5,0.34
decay_setting_043,Blueprint prompt,31.5,0.33
decay_setting_043,Blueprint prompt,32.5,0.31
decay_setting_043,Blueprint prompt,33.5,0.3
decay_setting_043,Blueprint prompt,34.5,0.29
decay_setting_043,Blueprint prompt,35.5,0.28
decay_setting_043,Blueprint prompt,36.5,0.27
decay_setting_043,Blueprint prompt,37.5,0.26
decay_setting_043,Blueprint prompt,38.5,0.25
decay_setting_043,Blueprint prompt,39.5,0.24
decay_setting_043,Blueprint prompt,40.5,0.23
decay_setting_043,Blueprint prompt,41.5,0.22
decay_setting_043,Blueprint prompt,42.5,0.21
decay_setting_043,Blueprint prompt,43.5,0.2
decay_setting_043,Blueprint prompt,44.5,0.19
decay_setting_043,Blueprint prompt,45.5,0.18
decay_setting_043,Blueprint prompt,46.5,0.17
decay_setting_043,Blueprint prompt,47.5,0.16
decay_setting_043,Blueprint prompt,48.5,0.15
decay_setting_043,Blueprint prompt,49.5,0.14
decay_setting_043,Blueprint prompt,50.5,0.13
decay_setting_043,Blueprint prompt,51.5,0.12
decay_setting_043,Blueprint prompt,52.5,0.12
decay_setting_043,Blueprint prompt,53.5,0.11
decay_setting_043,Blueprint prompt,54.5,0.11
decay_setting_043,Blueprint prompt,55.5,0.1
decay_setting_043,Blueprint prompt,56.5,0.1
decay_setting_043,Blueprint prompt,57.5,0.09
decay_setting_043,Blueprint prompt,58.5,0.09
decay_setting_043,Blueprint prompt,59.5,0.09
decay_setting_043,Blueprint prompt,60.5,0.08
decay_setting_043,Blueprint prompt,61.5,0.08
decay_setting_043,Blueprint prompt,62.5,0.07
decay_setting_043,Blueprint prompt,63.5,0.07
decay_setting_043,Blueprint prompt,64.5,0.07
decay_setting_043,Blueprint prompt,65.5,0.06
decay_setting_043,Blueprint prompt,66.5,0.06
decay_setting_043,Blueprint prompt,67.5,0.06
decay_setting_043,Blueprint prompt,68.5,0.05
decay_setting_043,Blueprint prompt,69.5,0.05
decay_setting_043,Blueprint prompt,70.5,0.05
decay_setting_043,Blueprint prompt,71.5,0.05
decay_setting_043,Blueprint prompt,72.5,0.05
decay_setting_043,Blueprint prompt,73.5,0.04
decay_setting_043,Blueprint prompt,74.5,0.04
decay_setting_043,Blueprint prompt,75.5,0.04
decay_setting_043,Blueprint prompt,76.5,0.03
decay_setting_043,Blueprint prompt,77.5,0.03
decay_setting_043,Blueprint prompt,78.5,0.03
decay_setting_043,Blueprint prompt,79.5,0.03
decay_setting_043,Blueprint prompt,80.5,0.03
decay_setting_043,Blueprint prompt,81.5,0.03
decay_setting_043,Blueprint prompt,82.5,0.02
decay_setting_043,Blueprint prompt,83.5,0.02
decay_setting_043,Blueprint prompt,84.5,0.02
decay_setting_043,Blueprint prompt,85.5,0.02
decay_setting_043,Blueprint prompt,86.5,0.02
decay_setting_043,Blueprint prompt,87.5,0.02
decay_setting_043,Blueprint prompt,88.5,0.02
decay_setting_043,Blueprint prompt,89.5,0.02
decay_setting_043,Blueprint prompt,90.5,0.02
decay_setting_043,Blueprint prompt,91.5,0.01
decay_setting_043,Blueprint prompt,92.5,0.01
decay_setting_043,Blueprint prompt,93.5,0.01
decay_setting_043,Blueprint prompt,94.5,0.01
decay_setting_043,Blueprint prompt,95.5,0.01
decay_setting_043,Blueprint prompt,96.5,0.01
decay_setting_043,Blueprint prompt,97.5,0.01
decay_setting_043,Blueprint prompt,98.5,0.01
decay_setting_043,Blueprint prompt,99.5,0.01
decay_setting_045,Blueprint prompt,0.5,0.85
decay_setting_045,Blueprint prompt,1.5,0.83
decay_setting_045,Blueprint prompt,2.5,0.81
decay_setting_045,Blueprint prompt,3.5,0.79
decay_setting_045,Blueprint prompt,4.5,0.77
decay_setting_045,Blueprint prompt,5.5,0.75
decay_setting_045,Blueprint prompt,6.5,0.73
decay_setting_045,Blueprint prompt,7.5,0.72
decay_setting_045,Blueprint prompt,8.5,0.7
decay_setting_045,Blueprint prompt,9.5,0.68
decay_setting_045,Blueprint prompt,10.5,0.67
decay_setting_045,Blueprint prompt,11.5,0.65
decay_setting_045,Blueprint prompt,12.5,0.64
decay_setting_045,Blueprint prompt,13.5,0.62
decay_setting_045,Blueprint prompt,14.5,0.6
decay_setting_045,Blueprint prompt,15.5,0.59
decay_setting_045,Blueprint prompt,16.5,0.57
decay_setting_045,Blueprint prompt,17.5,0.55
decay_setting_045,Blueprint prompt,18.5,0.54
decay_setting_045,Blueprint prompt,19.5,0.53
decay_setting_045,Blueprint prompt,20.5,0.5
decay_setting_045,Blueprint prompt,21.5,0.48
decay_setting_045,Blueprint prompt,22.5,0.47
decay_setting_045,Blueprint prompt,23.5,0.45
decay_setting_045,Blueprint prompt,24.5,0.44
decay_setting_045,Blueprint prompt,25.5,0.42
decay_setting_045,Blueprint prompt,26.5,0.4
decay_setting_045,Blueprint prompt,27.5,0.38
decay_setting_045,Blueprint prompt,28.5,0.37
decay_setting_045,Blueprint prompt,29.5,0.35
decay_setting_045,Blueprint prompt,30.5,0.34
decay_setting_045,Blueprint prompt,31.5,0.32
decay_setting_045,Blueprint prompt,32.5,0.3
decay_setting_045,Blueprint prompt,33.5,0.28
decay_setting_045,Blueprint prompt,34.5,0.27
decay_setting_045,Blueprint prompt,35.5,0.25
decay_setting_045,Blueprint prompt,36.5,0.24
decay_setting_045,Blueprint prompt,37.5,0.22
decay_setting_045,Blueprint prompt,38.5,0.2
decay_setting_045,Blueprint prompt,39.5,0.19
decay_setting_045,Blueprint prompt,40.5,0.18
decay_setting_045,Blueprint prompt,41.5,0.17
decay_setting_045,Blueprint prompt,42.5,0.16
decay_setting_045,Blueprint prompt,43.5,0.15
decay_setting_045,Blueprint prompt,44.5,0.14
decay_setting_045,Blueprint prompt,45.5,0.13
decay_setting_045,Blueprint prompt,46.5,0.12
decay_setting_045,Blueprint prompt,47.5,0.12
decay_setting_045,Blueprint prompt,48.5,0.11
decay_setting_045,Blueprint prompt,49.5,0.1
decay_setting_045,Blueprint prompt,50.5,0.09
decay_setting_045,Blueprint prompt,51.5,0.09
decay_setting_045,Blueprint prompt,52.5,0.08
decay_setting_045,Blueprint prompt,53.5,0.08
decay_setting_045,Blueprint prompt,54.5,0.07
decay_setting_045,Blueprint prompt,55.5,0.07
decay_setting_045,Blueprint prompt,56.5,0.06
decay_setting_045,Blueprint prompt,57.5,0.06
decay_setting_045,Blueprint prompt,58.5,0.05
decay_setting_045,Blueprint prompt,59.5,0.05
decay_setting_045,Blueprint prompt,60.5,0.04
decay_setting_045,Blueprint prompt,61.5,0.04
decay_setting_045,Blueprint prompt,62.5,0.04
decay_setting_045,Blueprint prompt,63.5,0.03
decay_setting_045,Blueprint prompt,64.5,0.03
decay_setting_045,Blueprint prompt,65.5,0.03
decay_setting_045,Blueprint prompt,66.5,0.02
decay_setting_045,Blueprint prompt,67.5,0.02
decay_setting_045,Blueprint prompt,68.5,0.02
decay_setting_045,Blueprint prompt,69.5,0.02
decay_setting_045,Blueprint prompt,70.5,0.01
decay_setting_045,Blueprint prompt,71.5,0.01
decay_setting_045,Blueprint prompt,72.5,0.01
decay_setting_045,Blueprint prompt,73.5,0.01
decay_setting_045,Blueprint prompt,74.5,0.01
decay_setting_045,Blueprint prompt,75.5,0.01
decay_setting_045,Blueprint prompt,76.5,0.01
decay_setting_045,Blueprint prompt,77.5,0.0
decay_setting_045,Blueprint prompt,78.5,0.0
decay_setting_045,Blueprint prompt,79.5,0.0
decay_setting_045,Blueprint prompt,80.5,0.0
decay_setting_045,Blueprint prompt,81.5,0.0
decay_setting_045,Blueprint prompt,82.5,0.0
decay_setting_045,Blueprint prompt,83.5,0.0
decay_setting_045,Blueprint prompt,84.5,0.0
decay_setting_045,Blueprint prompt,85.5,0.0
decay_setting_045,Blueprint prompt,86.5,0.0
decay_setting_045,Blueprint prompt,87.5,0.0
decay_setting_045,Blueprint prompt,88.5,0.0
decay_setting_045,Blueprint prompt,89.5,0.0
decay_setting_045,Blueprint prompt,90.5,0.0
decay_setting_045,Blueprint prompt,91.5,0.0
decay_setting_045,Blueprint prompt,92.5,0.0
decay_setting_045,Blueprint prompt,93.5,0.0
decay_setting_045,Blueprint prompt,94.5,0.0
decay_setting_045,Blueprint prompt,95.5,0.0
decay_setting_045,Blueprint prompt,96.5,0.0
decay_setting_045,Blueprint prompt,97.5,0.0
decay_setting_045,Blueprint prompt,98.5,0.0
decay_setting_045,Blueprint prompt,99.5,0.0
decay_setting_045,Baseline prompt,0.5,0.92
decay_setting_045,Baseline prompt,1.5,0.88
decay_setting_045,Baseline prompt,2.5,0.83
decay_setting_045,Baseline prompt,3.5,0.78
decay_setting_045,Baseline prompt,4.5,0.73
decay_setting_045,Baseline prompt,5.5,0.68
decay_setting_045,Baseline prompt,6.5,0.63
decay_setting_045,Baseline prompt,7.5,0.6
decay_setting_045,Baseline prompt,8.5,0.56
decay_setting_045,Baseline prompt,9.5,0.52
decay_setting_045,Baseline prompt,10.5,0.48
decay_setting_045,Baseline prompt,11.5,0.44
decay_setting_045,Baseline prompt,12.5,0.41
decay_setting_045,Baseline prompt,13.5,0.38
decay_setting_045,Baseline prompt,14.5,0.35
decay_setting_045,Baseline prompt,15.5,0.32
decay_setting_045,Baseline prompt,16.5,0.29
decay_setting_045,Baseline prompt,17.5,0.27
decay_setting_045,Baseline prompt,18.5,0.25
decay_setting_045,Baseline prompt,19.5,0.24
decay_setting_045,Baseline prompt,20.5,0.23
decay_setting_045,Baseline prompt,21.5,0.21
decay_setting_045,Baseline prompt,22.5,0.2
decay_setting_045,Baseline prompt,23.5,0.19
decay_setting_045,Baseline prompt,24.5,0.18
decay_setting_045,Baseline prompt,25.5,0.17
decay_setting_045,Baseline prompt,26.5,0.16
decay_setting_045,Baseline prompt,27.5,0.15
decay_setting_045,Baseline prompt,28.5,0.14
decay_setting_045,Baseline prompt,29.5,0.13
decay_setting_045,Baseline prompt,30.5,0.12
decay_setting_045,Baseline prompt,31.5,0.11
decay_setting_045,Baseline prompt,32.5,0.1
decay_setting_045,Baseline prompt,33.5,0.09
decay_setting_045,Baseline prompt,34.5,0.08
decay_setting_045,Baseline prompt,35.5,0.07
decay_setting_045,Baseline prompt,36.5,0.06
decay_setting_045,Baseline prompt,37.5,0.05
decay_setting_045,Baseline prompt,38.5,0.05
decay_setting_045,Baseline prompt,39.5,0.04
decay_setting_045,Baseline prompt,40.5,0.04
decay_setting_045,Baseline prompt,41.5,0.03
decay_setting_045,Baseline prompt,42.5,0.03
decay_setting_045,Baseline prompt,43.5,0.03
decay_setting_045,Baseline prompt,44.5,0.03
decay_setting_045,Baseline prompt,45.5,0.02
decay_setting_045,Baseline prompt,46.5,0.02
decay_setting_045,Baseline prompt,47.5,0.02
decay_setting_045,Baseline prompt,48.5,0.02
decay_setting_045,Baseline prompt,49.5,0.02
decay_setting_045,Baseline prompt,50.5,0.02
decay_setting_045,Baseline prompt,51.5,0.02
decay_setting_045,Baseline prompt,52.5,0.02
decay_setting_045,Baseline prompt,53.5,0.01
decay_setting_045,Baseline prompt,54.5,0.01
decay_setting_045,Baseline prompt,55.5,0.01
decay_setting_045,Baseline prompt,56.5,0.01
decay_setting_045,Baseline prompt,57.5,0.01
decay_setting_045,Baseline prompt,58.5,0.01
decay_setting_045,Baseline prompt,59.5,0.01
decay_setting_045,Baseline prompt,60.5,0.01
decay_setting_045,Baseline prompt,61.5,0.01
decay_setting_045,Baseline prompt,62.5,0.01
decay_setting_045,Baseline prompt,63.5,0.01
decay_setting_045,Baseline prompt,64.5,0.01
decay_setting_045,Baseline prompt,65.5,0.01
decay_setting_045,Baseline prompt,66.5,0.01
decay_setting_045,Baseline prompt,67.5,0.01
decay_setting_045,Baseline prompt,68.5,0.01
decay_setting_045,Baseline prompt,69.5,0.01
decay_setting_045,Baseline prompt,70.5,0.01
decay_setting_045,Baseline prompt,71.5,0.01
decay_setting_045,Baseline prompt,72.5,0.01
decay_setting_045,Baseline prompt,73.5,0.01
decay_setting_045,Baseline prompt,74.5,0.01
decay_setting_045,Baseline prompt,75.5,0.01
decay_setting_045,Baseline prompt,76.5,0.01
decay_setting_045,Baseline prompt,77.5,0.01
decay_setting_045,Baseline prompt,78.5,0.01
decay_setting_045,Baseline prompt,79.5,0.01
decay_setting_045,Baseline prompt,80.5,0.01
decay_setting_045,Baseline prompt,81.5,0.01
decay_setting_045,Baseline prompt,82.5,0.01
decay_setting_045,Baseline prompt,83.5,0.01
decay_setting_045,Baseline prompt,84.5,0.01
decay_setting_045,Baseline prompt,85.5,0.01
decay_setting_045,Baseline prompt,86.5,0.01
decay_setting_045,Baseline prompt,87.5,0.01
decay_setting_045,Baseline prompt,88.5,0.01
decay_setting_045,Baseline prompt,89.5,0.01
decay_setting_045,Baseline prompt,90.5,0.01
decay_setting_045,Baseline prompt,91.5,0.01
decay_setting_045,Baseline prompt,92.5,0.01
decay_setting_045,Baseline prompt,93.5,0.01
decay_setting_045,Baseline prompt,94.5,0.01
decay_setting_045,Baseline prompt,95.5,0.01
decay_setting_045,Baseline prompt,96.5,0.01
decay_setting_045,Baseline prompt,97.5,0.01
decay_setting_045,Baseline prompt,98.5,0.01
decay_setting_045,Baseline prompt,99.5,0.01
decay_setting_042,Blueprint prompt,0.5,0.89
decay_setting_042,Blueprint prompt,1.5,0.88
decay_setting_042,Blueprint prompt,2.5,0.87
decay_setting_042,Blueprint prompt,3.5,0.85
decay_setting_042,Blueprint prompt,4.5,0.83
decay_setting_042,Blueprint prompt,5.5,0.81
decay_setting_042,Blueprint prompt,6.5,0.8
decay_setting_042,Blueprint prompt,7.5,0.78
decay_setting_042,Blueprint prompt,8.5,0.77
decay_setting_042,Blueprint prompt,9.5,0.75
decay_setting_042,Blueprint prompt,10.5,0.73
decay_setting_042,Blueprint prompt,11.5,0.72
decay_setting_042,Blueprint prompt,12.5,0.7
decay_setting_042,Blueprint prompt,13.5,0.68
decay_setting_042,Blueprint prompt,14.5,0.67
decay_setting_042,Blueprint prompt,15.5,0.65
decay_setting_042,Blueprint prompt,16.5,0.64
decay_setting_042,Blueprint prompt,17.5,0.62
decay_setting_042,Blueprint prompt,18.5,0.61
decay_setting_042,Blueprint prompt,19.5,0.59
decay_setting_042,Blueprint prompt,20.5,0.57
decay_setting_042,Blueprint prompt,21.5,0.56
decay_setting_042,Blueprint prompt,22.5,0.55
decay_setting_042,Blueprint prompt,23.5,0.53
decay_setting_042,Blueprint prompt,24.5,0.52
decay_setting_042,Blueprint prompt,25.5,0.5
decay_setting_042,Blueprint prompt,26.5,0.48
decay_setting_042,Blueprint prompt,27.5,0.47
decay_setting_042,Blueprint prompt,28.5,0.45
decay_setting_042,Blueprint prompt,29.5,0.44
decay_setting_042,Blueprint prompt,30.5,0.43
decay_setting_042,Blueprint prompt,31.5,0.41
decay_setting_042,Blueprint prompt,32.5,0.4
decay_setting_042,Blueprint prompt,33.5,0.39
decay_setting_042,Blueprint prompt,34.5,0.37
decay_setting_042,Blueprint prompt,35.5,0.36
decay_setting_042,Blueprint prompt,36.5,0.34
decay_setting_042,Blueprint prompt,37.5,0.33
decay_setting_042,Blueprint prompt,38.5,0.32
decay_setting_042,Blueprint prompt,39.5,0.3
decay_setting_042,Blueprint prompt,40.5,0.29
decay_setting_042,Blueprint prompt,41.5,0.28
decay_setting_042,Blueprint prompt,42.5,0.26
decay_setting_042,Blueprint prompt,43.5,0.25
decay_setting_042,Blueprint prompt,44.5,0.24
decay_setting_042,Blueprint prompt,45.5,0.23
decay_setting_042,Blueprint prompt,46.5,0.21
decay_setting_042,Blueprint prompt,47.5,0.2
decay_setting_042,Blueprint prompt,48.5,0.19
decay_setting_042,Blueprint prompt,49.5,0.18
decay_setting_042,Blueprint prompt,50.5,0.17
decay_setting_042,Blueprint prompt,51.5,0.16
decay_setting_042,Blueprint prompt,52.5,0.15
decay_setting_042,Blueprint prompt,53.5,0.14
decay_setting_042,Blueprint prompt,54.5,0.13
decay_setting_042,Blueprint prompt,55.5,0.12
decay_setting_042,Blueprint prompt,56.5,0.11
decay_setting_042,Blueprint prompt,57.5,0.1
decay_setting_042,Blueprint prompt,58.5,0.09
decay_setting_042,Blueprint prompt,59.5,0.08
decay_setting_042,Blueprint prompt,60.5,0.08
decay_setting_042,Blueprint prompt,61.5,0.07
decay_setting_042,Blueprint prompt,62.5,0.06
decay_setting_042,Blueprint prompt,63.5,0.05
decay_setting_042,Blueprint prompt,64.5,0.05
decay_setting_042,Blueprint prompt,65.5,0.04
decay_setting_042,Blueprint prompt,66.5,0.03
decay_setting_042,Blueprint prompt,67.5,0.03
decay_setting_042,Blueprint prompt,68.5,0.02
decay_setting_042,Blueprint prompt,69.5,0.02
decay_setting_042,Blueprint prompt,70.5,0.02
decay_setting_042,Blueprint prompt,71.5,0.01
decay_setting_042,Blueprint prompt,72.5,0.01
decay_setting_042,Blueprint prompt,73.5,0.01
decay_setting_042,Blueprint prompt,74.5,0.01
decay_setting_042,Blueprint prompt,75.5,0.0
decay_setting_042,Blueprint prompt,76.5,0.0
decay_setting_042,Blueprint prompt,77.5,0.0
decay_setting_042,Blueprint prompt,78.5,0.0
decay_setting_042,Blueprint prompt,79.5,0.0
decay_setting_042,Blueprint prompt,80.5,0.0
decay_setting_042,Blueprint prompt,81.5,0.0
decay_setting_042,Blueprint prompt,82.5,0.0
decay_setting_042,Blueprint prompt,83.5,0.0
decay_setting_042,Blueprint prompt,84.5,0.0
decay_setting_042,Blueprint prompt,85.5,0.0
decay_setting_042,Blueprint prompt,86.5,0.0
decay_setting_042,Blueprint prompt,87.5,0.0
decay_setting_042,Blueprint prompt,88.5,0.0
decay_setting_042,Blueprint prompt,89.5,0.0
decay_setting_042,Blueprint prompt,90.5,0.0
decay_setting_042,Blueprint prompt,91.5,0.0
decay_setting_042,Blueprint prompt,92.5,0.0
decay_setting_042,Blueprint prompt,93.5,0.0
decay_setting_042,Blueprint prompt,94.5,0.0
decay_setting_042,Blueprint prompt,95.5,0.0
decay_setting_042,Blueprint prompt,96.5,0.0
decay_setting_042,Blueprint prompt,97.5,0.0
decay_setting_042,Blueprint prompt,98.5,0.0
decay_setting_042,Blueprint prompt,99.5,0.0
decay_setting_046,Baseline prompt,0.5,0.85
decay_setting_046,Baseline prompt,1.5,0.83
decay_setting_046,Baseline prompt,2.5,0.8
decay_setting_046,Baseline prompt,3.5,0.75
decay_setting_046,Baseline prompt,4.5,0.68
decay_setting_046,Baseline prompt,5.5,0.6
decay_setting_046,Baseline prompt,6.5,0.55
decay_setting_046,Baseline prompt,7.5,0.5
decay_setting_046,Baseline prompt,8.5,0.45
decay_setting_046,Baseline prompt,9.5,0.4
decay_setting_046,Baseline prompt,10.5,0.35
decay_setting_046,Baseline prompt,11.5,0.32
decay_setting_046,Baseline prompt,12.5,0.3
decay_setting_046,Baseline prompt,13.5,0.28
decay_setting_046,Baseline prompt,14.5,0.26
decay_setting_046,Baseline prompt,15.5,0.25
decay_setting_046,Baseline prompt,16.5,0.24
decay_setting_046,Baseline prompt,17.5,0.23
decay_setting_046,Baseline prompt,18.5,0.22
decay_setting_046,Baseline prompt,19.5,0.21
decay_setting_046,Baseline prompt,20.5,0.2
decay_setting_046,Baseline prompt,21.5,0.19
decay_setting_046,Baseline prompt,22.5,0.18
decay_setting_046,Baseline prompt,23.5,0.17
decay_setting_046,Baseline prompt,24.5,0.16
decay_setting_046,Baseline prompt,25.5,0.15
decay_setting_046,Baseline prompt,26.5,0.14
decay_setting_046,Baseline prompt,27.5,0.13
decay_setting_046,Baseline prompt,28.5,0.12
decay_setting_046,Baseline prompt,29.5,0.11
decay_setting_046,Baseline prompt,30.5,0.1
decay_setting_046,Baseline prompt,31.5,0.1
decay_setting_046,Baseline prompt,32.5,0.1
decay_setting_046,Baseline prompt,33.5,0.09
decay_setting_046,Baseline prompt,34.5,0.09
decay_setting_046,Baseline prompt,35.5,0.09
decay_setting_046,Baseline prompt,36.5,0.08
decay_setting_046,Baseline prompt,37.5,0.08
decay_setting_046,Baseline prompt,38.5,0.08
decay_setting_046,Baseline prompt,39.5,0.07
decay_setting_046,Baseline prompt,40.5,0.07
decay_setting_046,Baseline prompt,41.5,0.07
decay_setting_046,Baseline prompt,42.5,0.06
decay_setting_046,Baseline prompt,43.5,0.06
decay_setting_046,Baseline prompt,44.5,0.06
decay_setting_046,Baseline prompt,45.5,0.05
decay_setting_046,Baseline prompt,46.5,0.05
decay_setting_046,Baseline prompt,47.5,0.05
decay_setting_046,Baseline prompt,48.5,0.05
decay_setting_046,Baseline prompt,49.5,0.04
decay_setting_046,Baseline prompt,50.5,0.04
decay_setting_046,Baseline prompt,51.5,0.04
decay_setting_046,Baseline prompt,52.5,0.04
decay_setting_046,Baseline prompt,53.5,0.04
decay_setting_046,Baseline prompt,54.5,0.03
decay_setting_046,Baseline prompt,55.5,0.03
decay_setting_046,Baseline prompt,56.5,0.03
decay_setting_046,Baseline prompt,57.5,0.03
decay_setting_046,Baseline prompt,58.5,0.03
decay_setting_046,Baseline prompt,59.5,0.02
decay_setting_046,Baseline prompt,60.5,0.02
decay_setting_046,Baseline prompt,61.5,0.02
decay_setting_046,Baseline prompt,62.5,0.02
decay_setting_046,Baseline prompt,63.5,0.02
decay_setting_046,Baseline prompt,64.5,0.02
decay_setting_046,Baseline prompt,65.5,0.02
decay_setting_046,Baseline prompt,66.5,0.02
decay_setting_046,Baseline prompt,67.5,0.01
decay_setting_046,Baseline prompt,68.5,0.01
decay_setting_046,Baseline prompt,69.5,0.01
decay_setting_046,Baseline prompt,70.5,0.01
decay_setting_046,Baseline prompt,71.5,0.01
decay_setting_046,Baseline prompt,72.5,0.01
decay_setting_046,Baseline prompt,73.5,0.01
decay_setting_046,Baseline prompt,74.5,0.01
decay_setting_046,Baseline prompt,75.5,0.01
decay_setting_046,Baseline prompt,76.5,0.01
decay_setting_046,Baseline prompt,77.5,0.01
decay_setting_046,Baseline prompt,78.5,0.01
decay_setting_046,Baseline prompt,79.5,0.01
decay_setting_046,Baseline prompt,80.5,0.01
decay_setting_046,Baseline prompt,81.5,0.01
decay_setting_046,Baseline prompt,82.5,0.01
decay_setting_046,Baseline prompt,83.5,0.01
decay_setting_046,Baseline prompt,84.5,0.01
decay_setting_046,Baseline prompt,85.5,0.01
decay_setting_046,Baseline prompt,86.5,0.01
decay_setting_046,Baseline prompt,87.5,0.01
decay_setting_046,Baseline prompt,88.5,0.01
decay_setting_046,Baseline prompt,89.5,0.01
decay_setting_046,Baseline prompt,90.5,0.01
decay_setting_046,Baseline prompt,91.5,0.01
decay_setting_046,Baseline prompt,92.5,0.01
decay_setting_046,Baseline prompt,93.5,0.01
decay_setting_046,Baseline prompt,94.5,0.01
decay_setting_046,Baseline prompt,95.5,0.01
decay_setting_046,Baseline prompt,96.5,0.01
decay_setting_046,Baseline prompt,97.5,0.01
decay_setting_046,Baseline prompt,98.5,0.01
decay_setting_046,Baseline prompt,99.5,0.01
decay_setting_046,Blueprint prompt,0.5,0.91
decay_setting_046,Blueprint prompt,1.5,0.88
decay_setting_046,Blueprint prompt,2.5,0.86
decay_setting_046,Blueprint prompt,3.5,0.83
decay_setting_046,Blueprint prompt,4.5,0.79
decay_setting_046,Blueprint prompt,5.5,0.75
decay_setting_046,Blueprint prompt,6.5,0.72
decay_setting_046,Blueprint prompt,7.5,0.68
decay_setting_046,Blueprint prompt,8.5,0.65
decay_setting_046,Blueprint prompt,9.5,0.62
decay_setting_046,Blueprint prompt,10.5,0.6
decay_setting_046,Blueprint prompt,11.5,0.57
decay_setting_046,Blueprint prompt,12.5,0.54
decay_setting_046,Blueprint prompt,13.5,0.5
decay_setting_046,Blueprint prompt,14.5,0.47
decay_setting_046,Blueprint prompt,15.5,0.45
decay_setting_046,Blueprint prompt,16.5,0.42
decay_setting_046,Blueprint prompt,17.5,0.4
decay_setting_046,Blueprint prompt,18.5,0.38
decay_setting_046,Blueprint prompt,19.5,0.36
decay_setting_046,Blueprint prompt,20.5,0.33
decay_setting_046,Blueprint prompt,21.5,0.31
decay_setting_046,Blueprint prompt,22.5,0.29
decay_setting_046,Blueprint prompt,23.5,0.28
decay_setting_046,Blueprint prompt,24.5,0.26
decay_setting_046,Blueprint prompt,25.5,0.24
decay_setting_046,Blueprint prompt,26.5,0.23
decay_setting_046,Blueprint prompt,27.5,0.21
decay_setting_046,Blueprint prompt,28.5,0.2
decay_setting_046,Blueprint prompt,29.5,0.18
decay_setting_046,Blueprint prompt,30.5,0.17
decay_setting_046,Blueprint prompt,31.5,0.16
decay_setting_046,Blueprint prompt,32.5,0.15
decay_setting_046,Blueprint prompt,33.5,0.14
decay_setting_046,Blueprint prompt,34.5,0.14
decay_setting_046,Blueprint prompt,35.5,0.13
decay_setting_046,Blueprint prompt,36.5,0.13
decay_setting_046,Blueprint prompt,37.5,0.12
decay_setting_046,Blueprint prompt,38.5,0.12
decay_setting_046,Blueprint prompt,39.5,0.11
decay_setting_046,Blueprint prompt,40.5,0.11
decay_setting_046,Blueprint prompt,41.5,0.11
decay_setting_046,Blueprint prompt,42.5,0.1
decay_setting_046,Blueprint prompt,43.5,0.1
decay_setting_046,Blueprint prompt,44.5,0.09
decay_setting_046,Blueprint prompt,45.5,0.09
decay_setting_046,Blueprint prompt,46.5,0.09
decay_setting_046,Blueprint prompt,47.5,0.08
decay_setting_046,Blueprint prompt,48.5,0.08
decay_setting_046,Blueprint prompt,49.5,0.08
decay_setting_046,Blueprint prompt,50.5,0.07
decay_setting_046,Blueprint prompt,51.5,0.07
decay_setting_046,Blueprint prompt,52.5,0.07
decay_setting_046,Blueprint prompt,53.5,0.07
decay_setting_046,Blueprint prompt,54.5,0.06
decay_setting_046,Blueprint prompt,55.5,0.06
decay_setting_046,Blueprint prompt,56.5,0.06
decay_setting_046,Blueprint prompt,57.5,0.05
decay_setting_046,Blueprint prompt,58.5,0.05
decay_setting_046,Blueprint prompt,59.5,0.05
decay_setting_046,Blueprint prompt,60.5,0.05
decay_setting_046,Blueprint prompt,61.5,0.05
decay_setting_046,Blueprint prompt,62.5,0.05
decay_setting_046,Blueprint prompt,63.5,0.04
decay_setting_046,Blueprint prompt,64.5,0.04
decay_setting_046,Blueprint prompt,65.5,0.04
decay_setting_046,Blueprint prompt,66.5,0.04
decay_setting_046,Blueprint prompt,67.5,0.04
decay_setting_046,Blueprint prompt,68.5,0.04
decay_setting_046,Blueprint prompt,69.5,0.03
decay_setting_046,Blueprint prompt,70.5,0.03
decay_setting_046,Blueprint prompt,71.5,0.03
decay_setting_046,Blueprint prompt,72.5,0.03
decay_setting_046,Blueprint prompt,73.5,0.03
decay_setting_046,Blueprint prompt,74.5,0.03
decay_setting_046,Blueprint prompt,75.5,0.03
decay_setting_046,Blueprint prompt,76.5,0.02
decay_setting_046,Blueprint prompt,77.5,0.02
decay_setting_046,Blueprint prompt,78.5,0.02
decay_setting_046,Blueprint prompt,79.5,0.02
decay_setting_046,Blueprint prompt,80.5,0.02
decay_setting_046,Blueprint prompt,81.5,0.02
decay_setting_046,Blueprint prompt,82.5,0.02
decay_setting_046,Blueprint prompt,83.5,0.02
decay_setting_046,Blueprint prompt,84.5,0.02
decay_setting_046,Blueprint prompt,85.5,0.02
decay_setting_046,Blueprint prompt,86.5,0.01
decay_setting_046,Blueprint prompt,87.5,0.01
decay_setting_046,Blueprint prompt,88.5,0.01
decay_setting_046,Blueprint prompt,89.5,0.01
decay_setting_046,Blueprint prompt,90.5,0.01
decay_setting_046,Blueprint prompt,91.5,0.01
decay_setting_046,Blueprint prompt,92.5,0.01
decay_setting_046,Blueprint prompt,93.5,0.01
decay_setting_046,Blueprint prompt,94.5,0.01
decay_setting_046,Blueprint prompt,95.5,0.01
decay_setting_046,Blueprint prompt,96.5,0.01
decay_setting_046,Blueprint prompt,97.5,0.01
decay_setting_046,Blueprint prompt,98.5,0.01
decay_setting_046,Blueprint prompt,99.5,0.01
decay_setting_047,Blueprint prompt,0.5,0.93
decay_setting_047,Blueprint prompt,1.5,0.9
decay_setting_047,Blueprint prompt,2.5,0.88
decay_setting_047,Blueprint prompt,3.5,0.85
decay_setting_047,Blueprint prompt,4.5,0.83
decay_setting_047,Blueprint prompt,5.5,0.79
decay_setting_047,Blueprint prompt,6.5,0.76
decay_setting_047,Blueprint prompt,7.5,0.73
decay_setting_047,Blueprint prompt,8.5,0.71
decay_setting_047,Blueprint prompt,9.5,0.68
decay_setting_047,Blueprint prompt,10.5,0.65
decay_setting_047,Blueprint prompt,11.5,0.62
decay_setting_047,Blueprint prompt,12.5,0.59
decay_setting_047,Blueprint prompt,13.5,0.57
decay_setting_047,Blueprint prompt,14.5,0.55
decay_setting_047,Blueprint prompt,15.5,0.52
decay_setting_047,Blueprint prompt,16.5,0.5
decay_setting_047,Blueprint prompt,17.5,0.48
decay_setting_047,Blueprint prompt,18.5,0.46
decay_setting_047,Blueprint prompt,19.5,0.43
decay_setting_047,Blueprint prompt,20.5,0.42
decay_setting_047,Blueprint prompt,21.5,0.4
decay_setting_047,Blueprint prompt,22.5,0.38
decay_setting_047,Blueprint prompt,23.5,0.36
decay_setting_047,Blueprint prompt,24.5,0.35
decay_setting_047,Blueprint prompt,25.5,0.33
decay_setting_047,Blueprint prompt,26.5,0.32
decay_setting_047,Blueprint prompt,27.5,0.3
decay_setting_047,Blueprint prompt,28.5,0.28
decay_setting_047,Blueprint prompt,29.5,0.27
decay_setting_047,Blueprint prompt,30.5,0.25
decay_setting_047,Blueprint prompt,31.5,0.24
decay_setting_047,Blueprint prompt,32.5,0.23
decay_setting_047,Blueprint prompt,33.5,0.22
decay_setting_047,Blueprint prompt,34.5,0.21
decay_setting_047,Blueprint prompt,35.5,0.2
decay_setting_047,Blueprint prompt,36.5,0.19
decay_setting_047,Blueprint prompt,37.5,0.18
decay_setting_047,Blueprint prompt,38.5,0.17
decay_setting_047,Blueprint prompt,39.5,0.17
decay_setting_047,Blueprint prompt,40.5,0.16
decay_setting_047,Blueprint prompt,41.5,0.15
decay_setting_047,Blueprint prompt,42.5,0.14
decay_setting_047,Blueprint prompt,43.5,0.14
decay_setting_047,Blueprint prompt,44.5,0.13
decay_setting_047,Blueprint prompt,45.5,0.13
decay_setting_047,Blueprint prompt,46.5,0.12
decay_setting_047,Blueprint prompt,47.5,0.12
decay_setting_047,Blueprint prompt,48.5,0.11
decay_setting_047,Blueprint prompt,49.5,0.11
decay_setting_047,Blueprint prompt,50.5,0.1
decay_setting_047,Blueprint prompt,51.5,0.1
decay_setting_047,Blueprint prompt,52.5,0.09
decay_setting_047,Blueprint prompt,53.5,0.09
decay_setting_047,Blueprint prompt,54.5,0.08
decay_setting_047,Blueprint prompt,55.5,0.08
decay_setting_047,Blueprint prompt,56.5,0.08
decay_setting_047,Blueprint prompt,57.5,0.07
decay_setting_047,Blueprint prompt,58.5,0.07
decay_setting_047,Blueprint prompt,59.5,0.07
decay_setting_047,Blueprint prompt,60.5,0.06
decay_setting_047,Blueprint prompt,61.5,0.06
decay_setting_047,Blueprint prompt,62.5,0.06
decay_setting_047,Blueprint prompt,63.5,0.05
decay_setting_047,Blueprint prompt,64.5,0.05
decay_setting_047,Blueprint prompt,65.5,0.05
decay_setting_047,Blueprint prompt,66.5,0.05
decay_setting_047,Blueprint prompt,67.5,0.04
decay_setting_047,Blueprint prompt,68.5,0.04
decay_setting_047,Blueprint prompt,69.5,0.04
decay_setting_047,Blueprint prompt,70.5,0.04
decay_setting_047,Blueprint prompt,71.5,0.03
decay_setting_047,Blueprint prompt,72.5,0.03
decay_setting_047,Blueprint prompt,73.5,0.03
decay_setting_047,Blueprint prompt,74.5,0.03
decay_setting_047,Blueprint prompt,75.5,0.03
decay_setting_047,Blueprint prompt,76.5,0.03
decay_setting_047,Blueprint prompt,77.5,0.02
decay_setting_047,Blueprint prompt,78.5,0.02
decay_setting_047,Blueprint prompt,79.5,0.02
decay_setting_047,Blueprint prompt,80.5,0.02
decay_setting_047,Blueprint prompt,81.5,0.02
decay_setting_047,Blueprint prompt,82.5,0.02
decay_setting_047,Blueprint prompt,83.5,0.02
decay_setting_047,Blueprint prompt,84.5,0.01
decay_setting_047,Blueprint prompt,85.5,0.01
decay_setting_047,Blueprint prompt,86.5,0.01
decay_setting_047,Blueprint prompt,87.5,0.01
decay_setting_047,Blueprint prompt,88.5,0.01
decay_setting_047,Blueprint prompt,89.5,0.01
decay_setting_047,Blueprint prompt,90.5,0.01
decay_setting_047,Blueprint prompt,91.5,0.01
decay_setting_047,Blueprint prompt,92.5,0.01
decay_setting_047,Blueprint prompt,93.5,0.01
decay_setting_047,Blueprint prompt,94.5,0.01
decay_setting_047,Blueprint prompt,95.5,0.01
decay_setting_047,Blueprint prompt,96.5,0.01
decay_setting_047,Blueprint prompt,97.5,0.01
decay_setting_047,Blueprint prompt,98.5,0.01
decay_setting_047,Blueprint prompt,99.5,0.01
decay_setting_048,Blueprint prompt,0.5,0.87
decay_setting_048,Blueprint prompt,1.5,0.85
decay_setting_048,Blueprint prompt,2.5,0.82
decay_setting_048,Blueprint prompt,3.5,0.79
decay_setting_048,Blueprint prompt,4.5,0.77
decay_setting_048,Blueprint prompt,5.5,0.75
decay_setting_048,Blueprint prompt,6.5,0.73
decay_setting_048,Blueprint prompt,7.5,0.71
decay_setting_048,Blueprint prompt,8.5,0.69
decay_setting_048,Blueprint prompt,9.5,0.67
decay_setting_048,Blueprint prompt,10.5,0.65
decay_setting_048,Blueprint prompt,11.5,0.63
decay_setting_048,Blueprint prompt,12.5,0.62
decay_setting_048,Blueprint prompt,13.5,0.6
decay_setting_048,Blueprint prompt,14.5,0.58
decay_setting_048,Blueprint prompt,15.5,0.57
decay_setting_048,Blueprint prompt,16.5,0.55
decay_setting_048,Blueprint prompt,17.5,0.54
decay_setting_048,Blueprint prompt,18.5,0.53
decay_setting_048,Blueprint prompt,19.5,0.51
decay_setting_048,Blueprint prompt,20.5,0.49
decay_setting_048,Blueprint prompt,21.5,0.48
decay_setting_048,Blueprint prompt,22.5,0.47
decay_setting_048,Blueprint prompt,23.5,0.46
decay_setting_048,Blueprint prompt,24.5,0.44
decay_setting_048,Blueprint prompt,25.5,0.43
decay_setting_048,Blueprint prompt,26.5,0.41
decay_setting_048,Blueprint prompt,27.5,0.39
decay_setting_048,Blueprint prompt,28.5,0.38
decay_setting_048,Blueprint prompt,29.5,0.37
decay_setting_048,Blueprint prompt,30.5,0.36
decay_setting_048,Blueprint prompt,31.5,0.35
decay_setting_048,Blueprint prompt,32.5,0.34
decay_setting_048,Blueprint prompt,33.5,0.33
decay_setting_048,Blueprint prompt,34.5,0.32
decay_setting_048,Blueprint prompt,35.5,0.31
decay_setting_048,Blueprint prompt,36.5,0.3
decay_setting_048,Blueprint prompt,37.5,0.29
decay_setting_048,Blueprint prompt,38.5,0.28
decay_setting_048,Blueprint prompt,39.5,0.27
decay_setting_048,Blueprint prompt,40.5,0.26
decay_setting_048,Blueprint prompt,41.5,0.25
decay_setting_048,Blueprint prompt,42.5,0.24
decay_setting_048,Blueprint prompt,43.5,0.23
decay_setting_048,Blueprint prompt,44.5,0.23
decay_setting_048,Blueprint prompt,45.5,0.22
decay_setting_048,Blueprint prompt,46.5,0.21
decay_setting_048,Blueprint prompt,47.5,0.2
decay_setting_048,Blueprint prompt,48.5,0.19
decay_setting_048,Blueprint prompt,49.5,0.18
decay_setting_048,Blueprint prompt,50.5,0.18
decay_setting_048,Blueprint prompt,51.5,0.17
decay_setting_048,Blueprint prompt,52.5,0.16
decay_setting_048,Blueprint prompt,53.5,0.15
decay_setting_048,Blueprint prompt,54.5,0.14
decay_setting_048,Blueprint prompt,55.5,0.14
decay_setting_048,Blueprint prompt,56.5,0.13
decay_setting_048,Blueprint prompt,57.5,0.12
decay_setting_048,Blueprint prompt,58.5,0.12
decay_setting_048,Blueprint prompt,59.5,0.11
decay_setting_048,Blueprint prompt,60.5,0.1
decay_setting_048,Blueprint prompt,61.5,0.09
decay_setting_048,Blueprint prompt,62.5,0.08
decay_setting_048,Blueprint prompt,63.5,0.08
decay_setting_048,Blueprint prompt,64.5,0.07
decay_setting_048,Blueprint prompt,65.5,0.06
decay_setting_048,Blueprint prompt,66.5,0.06
decay_setting_048,Blueprint prompt,67.5,0.05
decay_setting_048,Blueprint prompt,68.5,0.05
decay_setting_048,Blueprint prompt,69.5,0.04
decay_setting_048,Blueprint prompt,70.5,0.04
decay_setting_048,Blueprint prompt,71.5,0.03
decay_setting_048,Blueprint prompt,72.5,0.03
decay_setting_048,Blueprint prompt,73.5,0.02
decay_setting_048,Blueprint prompt,74.5,0.02
decay_setting_048,Blueprint prompt,75.5,0.01
decay_setting_048,Blueprint prompt,76.5,0.01
decay_setting_048,Blueprint prompt,77.5,0.01
decay_setting_048,Blueprint prompt,78.5,0.01
decay_setting_048,Blueprint prompt,79.5,0.01
decay_setting_048,Blueprint prompt,80.5,0.01
decay_setting_048,Blueprint prompt,81.5,0.01
decay_setting_048,Blueprint prompt,82.5,0.01
decay_setting_048,Blueprint prompt,83.5,0.01
decay_setting_048,Blueprint prompt,84.5,0.01
decay_setting_048,Blueprint prompt,85.5,0.01
decay_setting_048,Blueprint prompt,86.5,0.01
decay_setting_048,Blueprint prompt,87.5,0.01
decay_setting_048,Blueprint prompt,88.5,0.01
decay_setting_048,Blueprint prompt,89.5,0.01
decay_setting_048,Blueprint prompt,90.5,0.01
decay_setting_048,Blueprint prompt,91.5,0.01
decay_setting_048,Blueprint prompt,92.5,0.01
decay_setting_048,Blueprint prompt,93.5,0.01
decay_setting_048,Blueprint prompt,94.5,0.01
decay_setting_048,Blueprint prompt,95.5,0.01
decay_setting_048,Blueprint prompt,96.5,0.01
decay_setting_048,Blueprint prompt,97.5,0.01
decay_setting_048,Blueprint prompt,98.5,0.01
decay_setting_048,Blueprint prompt,99.5,0.01
decay_setting_047,Baseline prompt,0.5,0.85
decay_setting_047,Baseline prompt,1.5,0.83
decay_setting_047,Baseline prompt,2.5,0.79
decay_setting_047,Baseline prompt,3.5,0.75
decay_setting_047,Baseline prompt,4.5,0.72
decay_setting_047,Baseline prompt,5.5,0.7
decay_setting_047,Baseline prompt,6.5,0.68
decay_setting_047,Baseline prompt,7.5,0.65
decay_setting_047,Baseline prompt,8.5,0.62
decay_setting_047,Baseline prompt,9.5,0.59
decay_setting_047,Baseline prompt,10.5,0.56
decay_setting_047,Baseline prompt,11.5,0.53
decay_setting_047,Baseline prompt,12.5,0.5
decay_setting_047,Baseline prompt,13.5,0.47
decay_setting_047,Baseline prompt,14.5,0.44
decay_setting_047,Baseline prompt,15.5,0.42
decay_setting_047,Baseline prompt,16.5,0.4
decay_setting_047,Baseline prompt,17.5,0.38
decay_setting_047,Baseline prompt,18.5,0.36
decay_setting_047,Baseline prompt,19.5,0.34
decay_setting_047,Baseline prompt,20.5,0.32
decay_setting_047,Baseline prompt,21.5,0.3
decay_setting_047,Baseline prompt,22.5,0.28
decay_setting_047,Baseline prompt,23.5,0.26
decay_setting_047,Baseline prompt,24.5,0.24
decay_setting_047,Baseline prompt,25.5,0.22
decay_setting_047,Baseline prompt,26.5,0.2
decay_setting_047,Baseline prompt,27.5,0.18
decay_setting_047,Baseline prompt,28.5,0.16
decay_setting_047,Baseline prompt,29.5,0.15
decay_setting_047,Baseline prompt,30.5,0.14
decay_setting_047,Baseline prompt,31.5,0.13
decay_setting_047,Baseline prompt,32.5,0.12
decay_setting_047,Baseline prompt,33.5,0.11
decay_setting_047,Baseline prompt,34.5,0.1
decay_setting_047,Baseline prompt,35.5,0.09
decay_setting_047,Baseline prompt,36.5,0.08
decay_setting_047,Baseline prompt,37.5,0.07
decay_setting_047,Baseline prompt,38.5,0.06
decay_setting_047,Baseline prompt,39.5,0.05
decay_setting_047,Baseline prompt,40.5,0.05
decay_setting_047,Baseline prompt,41.5,0.05
decay_setting_047,Baseline prompt,42.5,0.05
decay_setting_047,Baseline prompt,43.5,0.05
decay_setting_047,Baseline prompt,44.5,0.04
decay_setting_047,Baseline prompt,45.5,0.04
decay_setting_047,Baseline prompt,46.5,0.04
decay_setting_047,Baseline prompt,47.5,0.04
decay_setting_047,Baseline prompt,48.5,0.03
decay_setting_047,Baseline prompt,49.5,0.03
decay_setting_047,Baseline prompt,50.5,0.03
decay_setting_047,Baseline prompt,51.5,0.03
decay_setting_047,Baseline prompt,52.5,0.03
decay_setting_047,Baseline prompt,53.5,0.03
decay_setting_047,Baseline prompt,54.5,0.02
decay_setting_047,Baseline prompt,55.5,0.02
decay_setting_047,Baseline prompt,56.5,0.02
decay_setting_047,Baseline prompt,57.5,0.02
decay_setting_047,Baseline prompt,58.5,0.02
decay_setting_047,Baseline prompt,59.5,0.02
decay_setting_047,Baseline prompt,60.5,0.02
decay_setting_047,Baseline prompt,61.5,0.02
decay_setting_047,Baseline prompt,62.5,0.02
decay_setting_047,Baseline prompt,63.5,0.02
decay_setting_047,Baseline prompt,64.5,0.02
decay_setting_047,Baseline prompt,65.5,0.02
decay_setting_047,Baseline prompt,66.5,0.02
decay_setting_047,Baseline prompt,67.5,0.01
decay_setting_047,Baseline prompt,68.5,0.01
decay_setting_047,Baseline prompt,69.5,0.01
decay_setting_047,Baseline prompt,70.5,0.01
decay_setting_047,Baseline prompt,71.5,0.01
decay_setting_047,Baseline prompt,72.5,0.01
decay_setting_047,Baseline prompt,73.5,0.01
decay_setting_047,Baseline prompt,74.5,0.01
decay_setting_047,Baseline prompt,75.5,0.01
decay_setting_047,Baseline prompt,76.5,0.01
decay_setting_047,Baseline prompt,77.5,0.01
decay_setting_047,Baseline prompt,78.5,0.01
decay_setting_047,Baseline prompt,79.5,0.01
decay_setting_047,Baseline prompt,80.5,0.01
decay_setting_047,Baseline prompt,81.5,0.01
decay_setting_047,Baseline prompt,82.5,0.01
decay_setting_047,Baseline prompt,83.5,0.01
decay_setting_047,Baseline prompt,84.5,0.01
decay_setting_047,Baseline prompt,85.5,0.01
decay_setting_047,Baseline prompt,86.5,0.01
decay_setting_047,Baseline prompt,87.5,0.01
decay_setting_047,Baseline prompt,88.5,0.01
decay_setting_047,Baseline prompt,89.5,0.01
decay_setting_047,Baseline prompt,90.5,0.01
decay_setting_047,Baseline prompt,91.5,0.01
decay_setting_047,Baseline prompt,92.5,0.01
decay_setting_047,Baseline prompt,93.5,0.01
decay_setting_047,Baseline prompt,94.5,0.01
decay_setting_047,Baseline prompt,95.5,0.01
decay_setting_047,Baseline prompt,96.5,0.01
decay_setting_047,Baseline prompt,97.5,0.01
decay_setting_047,Baseline prompt,98.5,0.01
decay_setting_047,Baseline prompt,99.5,0.01
decay_setting_048,Baseline prompt,0.5,0.85
decay_setting_048,Baseline prompt,1.5,0.83
decay_setting_048,Baseline prompt,2.5,0.81
decay_setting_048,Baseline prompt,3.5,0.78
decay_setting_048,Baseline prompt,4.5,0.75
decay_setting_048,Baseline prompt,5.5,0.72
decay_setting_048,Baseline prompt,6.5,0.69
decay_setting_048,Baseline prompt,7.5,0.66
decay_setting_048,Baseline prompt,8.5,0.63
decay_setting_048,Baseline prompt,9.5,0.6
decay_setting_048,Baseline prompt,10.5,0.57
decay_setting_048,Baseline prompt,11.5,0.55
decay_setting_048,Baseline prompt,12.5,0.52
decay_setting_048,Baseline prompt,13.5,0.5
decay_setting_048,Baseline prompt,14.5,0.47
decay_setting_048,Baseline prompt,15.5,0.45
decay_setting_048,Baseline prompt,16.5,0.43
decay_setting_048,Baseline prompt,17.5,0.41
decay_setting_048,Baseline prompt,18.5,0.39
decay_setting_048,Baseline prompt,19.5,0.37
decay_setting_048,Baseline prompt,20.5,0.35
decay_setting_048,Baseline prompt,21.5,0.34
decay_setting_048,Baseline prompt,22.5,0.32
decay_setting_048,Baseline prompt,23.5,0.31
decay_setting_048,Baseline prompt,24.5,0.29
decay_setting_048,Baseline prompt,25.5,0.28
decay_setting_048,Baseline prompt,26.5,0.27
decay_setting_048,Baseline prompt,27.5,0.26
decay_setting_048,Baseline prompt,28.5,0.25
decay_setting_048,Baseline prompt,29.5,0.24
decay_setting_048,Baseline prompt,30.5,0.23
decay_setting_048,Baseline prompt,31.5,0.22
decay_setting_048,Baseline prompt,32.5,0.21
decay_setting_048,Baseline prompt,33.5,0.2
decay_setting_048,Baseline prompt,34.5,0.19
decay_setting_048,Baseline prompt,35.5,0.18
decay_setting_048,Baseline prompt,36.5,0.17
decay_setting_048,Baseline prompt,37.5,0.16
decay_setting_048,Baseline prompt,38.5,0.15
decay_setting_048,Baseline prompt,39.5,0.14
decay_setting_048,Baseline prompt,40.5,0.13
decay_setting_048,Baseline prompt,41.5,0.12
decay_setting_048,Baseline prompt,42.5,0.11
decay_setting_048,Baseline prompt,43.5,0.1
decay_setting_048,Baseline prompt,44.5,0.09
decay_setting_048,Baseline prompt,45.5,0.09
decay_setting_048,Baseline prompt,46.5,0.08
decay_setting_048,Baseline prompt,47.5,0.08
decay_setting_048,Baseline prompt,48.5,0.07
decay_setting_048,Baseline prompt,49.5,0.07
decay_setting_048,Baseline prompt,50.5,0.06
decay_setting_048,Baseline prompt,51.5,0.06
decay_setting_048,Baseline prompt,52.5,0.05
decay_setting_048,Baseline prompt,53.5,0.05
decay_setting_048,Baseline prompt,54.5,0.04
decay_setting_048,Baseline prompt,55.5,0.04
decay_setting_048,Baseline prompt,56.5,0.04
decay_setting_048,Baseline prompt,57.5,0.03
decay_setting_048,Baseline prompt,58.5,0.03
decay_setting_048,Baseline prompt,59.5,0.03
decay_setting_048,Baseline prompt,60.5,0.02
decay_setting_048,Baseline prompt,61.5,0.02
decay_setting_048,Baseline prompt,62.5,0.02
decay_setting_048,Baseline prompt,63.5,0.02
decay_setting_048,Baseline prompt,64.5,0.015
decay_setting_048,Baseline prompt,65.5,0.015
decay_setting_048,Baseline prompt,66.5,0.015
decay_setting_048,Baseline prompt,67.5,0.015
decay_setting_048,Baseline prompt,68.5,0.01
decay_setting_048,Baseline prompt,69.5,0.01
decay_setting_048,Baseline prompt,70.5,0.01
decay_setting_048,Baseline prompt,71.5,0.01
decay_setting_048,Baseline prompt,72.5,0.009
decay_setting_048,Baseline prompt,73.5,0.009
decay_setting_048,Baseline prompt,74.5,0.009
decay_setting_048,Baseline prompt,75.5,0.009
decay_setting_048,Baseline prompt,76.5,0.008
decay_setting_048,Baseline prompt,77.5,0.008
decay_setting_048,Baseline prompt,78.5,0.008
decay_setting_048,Baseline prompt,79.5,0.008
decay_setting_048,Baseline prompt,80.5,0.007
decay_setting_048,Baseline prompt,81.5,0.007
decay_setting_048,Baseline prompt,82.5,0.007
decay_setting_048,Baseline prompt,83.5,0.007
decay_setting_048,Baseline prompt,84.5,0.006
decay_setting_048,Baseline prompt,85.5,0.006
decay_setting_048,Baseline prompt,86.5,0.006
decay_setting_048,Baseline prompt,87.5,0.006
decay_setting_048,Baseline prompt,88.5,0.005
decay_setting_048,Baseline prompt,89.5,0.005
decay_setting_048,Baseline prompt,90.5,0.005
decay_setting_048,Baseline prompt,91.5,0.005
decay_setting_048,Baseline prompt,92.5,0.004
decay_setting_048,Baseline prompt,93.5,0.004
decay_setting_048,Baseline prompt,94.5,0.004
decay_setting_048,Baseline prompt,95.5,0.004
decay_setting_048,Baseline prompt,96.5,0.0035
decay_setting_048,Baseline prompt,97.5,0.0035
decay_setting_048,Baseline prompt,98.5,0.0035
decay_setting_048,Baseline prompt,99.5,0.0035
decay_setting_049,Baseline prompt,0.5,0.85
decay_setting_049,Baseline prompt,1.5,0.8
decay_setting_049,Baseline prompt,2.5,0.75
decay_setting_049,Baseline prompt,3.5,0.7
decay_setting_049,Baseline prompt,4.5,0.65
decay_setting_049,Baseline prompt,5.5,0.6
decay_setting_049,Baseline prompt,6.5,0.55
decay_setting_049,Baseline prompt,7.5,0.5
decay_setting_049,Baseline prompt,8.5,0.47
decay_setting_049,Baseline prompt,9.5,0.44
decay_setting_049,Baseline prompt,10.5,0.4
decay_setting_049,Baseline prompt,11.5,0.38
decay_setting_049,Baseline prompt,12.5,0.35
decay_setting_049,Baseline prompt,13.5,0.32
decay_setting_049,Baseline prompt,14.5,0.29
decay_setting_049,Baseline prompt,15.5,0.26
decay_setting_049,Baseline prompt,16.5,0.24
decay_setting_049,Baseline prompt,17.5,0.22
decay_setting_049,Baseline prompt,18.5,0.2
decay_setting_049,Baseline prompt,19.5,0.19
decay_setting_049,Baseline prompt,20.5,0.17
decay_setting_049,Baseline prompt,21.5,0.16
decay_setting_049,Baseline prompt,22.5,0.15
decay_setting_049,Baseline prompt,23.5,0.14
decay_setting_049,Baseline prompt,24.5,0.13
decay_setting_049,Baseline prompt,25.5,0.12
decay_setting_049,Baseline prompt,26.5,0.11
decay_setting_049,Baseline prompt,27.5,0.1
decay_setting_049,Baseline prompt,28.5,0.09
decay_setting_049,Baseline prompt,29.5,0.09
decay_setting_049,Baseline prompt,30.5,0.08
decay_setting_049,Baseline prompt,31.5,0.07
decay_setting_049,Baseline prompt,32.5,0.07
decay_setting_049,Baseline prompt,33.5,0.06
decay_setting_049,Baseline prompt,34.5,0.06
decay_setting_049,Baseline prompt,35.5,0.05
decay_setting_049,Baseline prompt,36.5,0.05
decay_setting_049,Baseline prompt,37.5,0.04
decay_setting_049,Baseline prompt,38.5,0.04
decay_setting_049,Baseline prompt,39.5,0.03
decay_setting_049,Baseline prompt,40.5,0.03
decay_setting_049,Baseline prompt,41.5,0.03
decay_setting_049,Baseline prompt,42.5,0.02
decay_setting_049,Baseline prompt,43.5,0.02
decay_setting_049,Baseline prompt,44.5,0.02
decay_setting_049,Baseline prompt,45.5,0.01
decay_setting_049,Baseline prompt,46.5,0.01
decay_setting_049,Baseline prompt,47.5,0.01
decay_setting_049,Baseline prompt,48.5,0.01
decay_setting_049,Baseline prompt,49.5,0.01
decay_setting_049,Baseline prompt,50.5,0.01
decay_setting_049,Baseline prompt,51.5,0.01
decay_setting_049,Baseline prompt,52.5,0.01
decay_setting_049,Baseline prompt,53.5,0.01
decay_setting_049,Baseline prompt,54.5,0.01
decay_setting_049,Baseline prompt,55.5,0.01
decay_setting_049,Baseline prompt,56.5,0.01
decay_setting_049,Baseline prompt,57.5,0.01
decay_setting_049,Baseline prompt,58.5,0.01
decay_setting_049,Baseline prompt,59.5,0.01
decay_setting_049,Baseline prompt,60.5,0.01
decay_setting_049,Baseline prompt,61.5,0.01
decay_setting_049,Baseline prompt,62.5,0.01
decay_setting_049,Baseline prompt,63.5,0.01
decay_setting_049,Baseline prompt,64.5,0.01
decay_setting_049,Baseline prompt,65.5,0.01
decay_setting_049,Baseline prompt,66.5,0.01
decay_setting_049,Baseline prompt,67.5,0.01
decay_setting_049,Baseline prompt,68.5,0.01
decay_setting_049,Baseline prompt,69.5,0.01
decay_setting_049,Baseline prompt,70.5,0.01
decay_setting_049,Baseline prompt,71.5,0.01
decay_setting_049,Baseline prompt,72.5,0.01
decay_setting_049,Baseline prompt,73.5,0.01
decay_setting_049,Baseline prompt,74.5,0.01
decay_setting_049,Baseline prompt,75.5,0.01
decay_setting_049,Baseline prompt,76.5,0.01
decay_setting_049,Baseline prompt,77.5,0.01
decay_setting_049,Baseline prompt,78.5,0.01
decay_setting_049,Baseline prompt,79.5,0.01
decay_setting_049,Baseline prompt,80.5,0.01
decay_setting_049,Baseline prompt,81.5,0.01
decay_setting_049,Baseline prompt,82.5,0.01
decay_setting_049,Baseline prompt,83.5,0.01
decay_setting_049,Baseline prompt,84.5,0.01
decay_setting_049,Baseline prompt,85.5,0.01
decay_setting_049,Baseline prompt,86.5,0.01
decay_setting_049,Baseline prompt,87.5,0.01
decay_setting_049,Baseline prompt,88.5,0.01
decay_setting_049,Baseline prompt,89.5,0.01
decay_setting_049,Baseline prompt,90.5,0.01
decay_setting_049,Baseline prompt,91.5,0.01
decay_setting_049,Baseline prompt,92.5,0.01
decay_setting_049,Baseline prompt,93.5,0.01
decay_setting_049,Baseline prompt,94.5,0.01
decay_setting_049,Baseline prompt,95.5,0.01
decay_setting_049,Baseline prompt,96.5,0.01
decay_setting_049,Baseline prompt,97.5,0.01
decay_setting_049,Baseline prompt,98.5,0.01
decay_setting_049,Baseline prompt,99.5,0.01
decay_setting_049,Blueprint prompt,0.5,0.91
decay_setting_049,Blueprint prompt,1.5,0.87
decay_setting_049,Blueprint prompt,2.5,0.84
decay_setting_049,Blueprint prompt,3.5,0.81
decay_setting_049,Blueprint prompt,4.5,0.76
decay_setting_049,Blueprint prompt,5.5,0.71
decay_setting_049,Blueprint prompt,6.5,0.68
decay_setting_049,Blueprint prompt,7.5,0.63
decay_setting_049,Blueprint prompt,8.5,0.59
decay_setting_049,Blueprint prompt,9.5,0.55
decay_setting_049,Blueprint prompt,10.5,0.51
decay_setting_049,Blueprint prompt,11.5,0.47
decay_setting_049,Blueprint prompt,12.5,0.43
decay_setting_049,Blueprint prompt,13.5,0.41
decay_setting_049,Blueprint prompt,14.5,0.38
decay_setting_049,Blueprint prompt,15.5,0.35
decay_setting_049,Blueprint prompt,16.5,0.34
decay_setting_049,Blueprint prompt,17.5,0.32
decay_setting_049,Blueprint prompt,18.5,0.3
decay_setting_049,Blueprint prompt,19.5,0.27
decay_setting_049,Blueprint prompt,20.5,0.25
decay_setting_049,Blueprint prompt,21.5,0.24
decay_setting_049,Blueprint prompt,22.5,0.22
decay_setting_049,Blueprint prompt,23.5,0.21
decay_setting_049,Blueprint prompt,24.5,0.19
decay_setting_049,Blueprint prompt,25.5,0.18
decay_setting_049,Blueprint prompt,26.5,0.17
decay_setting_049,Blueprint prompt,27.5,0.16
decay_setting_049,Blueprint prompt,28.5,0.15
decay_setting_049,Blueprint prompt,29.5,0.14
decay_setting_049,Blueprint prompt,30.5,0.13
decay_setting_049,Blueprint prompt,31.5,0.13
decay_setting_049,Blueprint prompt,32.5,0.12
decay_setting_049,Blueprint prompt,33.5,0.12
decay_setting_049,Blueprint prompt,34.5,0.11
decay_setting_049,Blueprint prompt,35.5,0.11
decay_setting_049,Blueprint prompt,36.5,0.1
decay_setting_049,Blueprint prompt,37.5,0.1
decay_setting_049,Blueprint prompt,38.5,0.09
decay_setting_049,Blueprint prompt,39.5,0.09
decay_setting_049,Blueprint prompt,40.5,0.08
decay_setting_049,Blueprint prompt,41.5,0.08
decay_setting_049,Blueprint prompt,42.5,0.07
decay_setting_049,Blueprint prompt,43.5,0.07
decay_setting_049,Blueprint prompt,44.5,0.06
decay_setting_049,Blueprint prompt,45.5,0.06
decay_setting_049,Blueprint prompt,46.5,0.05
decay_setting_049,Blueprint prompt,47.5,0.05
decay_setting_049,Blueprint prompt,48.5,0.05
decay_setting_049,Blueprint prompt,49.5,0.05
decay_setting_049,Blueprint prompt,50.5,0.04
decay_setting_049,Blueprint prompt,51.5,0.04
decay_setting_049,Blueprint prompt,52.5,0.04
decay_setting_049,Blueprint prompt,53.5,0.04
decay_setting_049,Blueprint prompt,54.5,0.03
decay_setting_049,Blueprint prompt,55.5,0.03
decay_setting_049,Blueprint prompt,56.5,0.03
decay_setting_049,Blueprint prompt,57.5,0.03
decay_setting_049,Blueprint prompt,58.5,0.03
decay_setting_049,Blueprint prompt,59.5,0.03
decay_setting_049,Blueprint prompt,60.5,0.02
decay_setting_049,Blueprint prompt,61.5,0.02
decay_setting_049,Blueprint prompt,62.5,0.02
decay_setting_049,Blueprint prompt,63.5,0.02
decay_setting_049,Blueprint prompt,64.5,0.02
decay_setting_049,Blueprint prompt,65.5,0.01
decay_setting_049,Blueprint prompt,66.5,0.01
decay_setting_049,Blueprint prompt,67.5,0.01
decay_setting_049,Blueprint prompt,68.5,0.01
decay_setting_049,Blueprint prompt,69.5,0.01
decay_setting_049,Blueprint prompt,70.5,0.01
decay_setting_049,Blueprint prompt,71.5,0.01
decay_setting_049,Blueprint prompt,72.5,0.01
decay_setting_049,Blueprint prompt,73.5,0.01
decay_setting_049,Blueprint prompt,74.5,0.01
decay_setting_049,Blueprint prompt,75.5,0.01
decay_setting_049,Blueprint prompt,76.5,0.01
decay_setting_049,Blueprint prompt,77.5,0.01
decay_setting_049,Blueprint prompt,78.5,0.01
decay_setting_049,Blueprint prompt,79.5,0.01
decay_setting_049,Blueprint prompt,80.5,0.01
decay_setting_049,Blueprint prompt,81.5,0.01
decay_setting_049,Blueprint prompt,82.5,0.01
decay_setting_049,Blueprint prompt,83.5,0.01
decay_setting_049,Blueprint prompt,84.5,0.01
decay_setting_049,Blueprint prompt,85.5,0.01
decay_setting_049,Blueprint prompt,86.5,0.01
decay_setting_049,Blueprint prompt,87.5,0.01
decay_setting_049,Blueprint prompt,88.5,0.01
decay_setting_049,Blueprint prompt,89.5,0.01
decay_setting_049,Blueprint prompt,90.5,0.01
decay_setting_049,Blueprint prompt,91.5,0.01
decay_setting_049,Blueprint prompt,92.5,0.01
decay_setting_049,Blueprint prompt,93.5,0.01
decay_setting_049,Blueprint prompt,94.5,0.01
decay_setting_049,Blueprint prompt,95.5,0.01
decay_setting_049,Blueprint prompt,96.5,0.01
decay_setting_049,Blueprint prompt,97.5,0.01
decay_setting_049,Blueprint prompt,98.5,0.01
decay_setting_049,Blueprint prompt,99.5,0.01
decay_setting_050,Baseline prompt,0.5,0.85
decay_setting_050,Baseline prompt,1.5,0.83
decay_setting_050,Baseline prompt,2.5,0.8
decay_setting_050,Baseline prompt,3.5,0.78
decay_setting_050,Baseline prompt,4.5,0.76
decay_setting_050,Baseline prompt,5.5,0.73
decay_setting_050,Baseline prompt,6.5,0.7
decay_setting_050,Baseline prompt,7.5,0.68
decay_setting_050,Baseline prompt,8.5,0.65
decay_setting_050,Baseline prompt,9.5,0.62
decay_setting_050,Baseline prompt,10.5,0.6
decay_setting_050,Baseline prompt,11.5,0.56
decay_setting_050,Baseline prompt,12.5,0.52
decay_setting_050,Baseline prompt,13.5,0.5
decay_setting_050,Baseline prompt,14.5,0.48
decay_setting_050,Baseline prompt,15.5,0.44
decay_setting_050,Baseline prompt,16.5,0.4
decay_setting_050,Baseline prompt,17.5,0.38
decay_setting_050,Baseline prompt,18.5,0.34
decay_setting_050,Baseline prompt,19.5,0.3
decay_setting_050,Baseline prompt,20.5,0.26
decay_setting_050,Baseline prompt,21.5,0.25
decay_setting_050,Baseline prompt,22.5,0.22
decay_setting_050,Baseline prompt,23.5,0.2
decay_setting_050,Baseline prompt,24.5,0.18
decay_setting_050,Baseline prompt,25.5,0.16
decay_setting_050,Baseline prompt,26.5,0.14
decay_setting_050,Baseline prompt,27.5,0.12
decay_setting_050,Baseline prompt,28.5,0.1
decay_setting_050,Baseline prompt,29.5,0.09
decay_setting_050,Baseline prompt,30.5,0.08
decay_setting_050,Baseline prompt,31.5,0.07
decay_setting_050,Baseline prompt,32.5,0.06
decay_setting_050,Baseline prompt,33.5,0.05
decay_setting_050,Baseline prompt,34.5,0.04
decay_setting_050,Baseline prompt,35.5,0.03
decay_setting_050,Baseline prompt,36.5,0.03
decay_setting_050,Baseline prompt,37.5,0.02
decay_setting_050,Baseline prompt,38.5,0.02
decay_setting_050,Baseline prompt,39.5,0.02
decay_setting_050,Baseline prompt,40.5,0.02
decay_setting_050,Baseline prompt,41.5,0.02
decay_setting_050,Baseline prompt,42.5,0.01
decay_setting_050,Baseline prompt,43.5,0.01
decay_setting_050,Baseline prompt,44.5,0.01
decay_setting_050,Baseline prompt,45.5,0.01
decay_setting_050,Baseline prompt,46.5,0.01
decay_setting_050,Baseline prompt,47.5,0.01
decay_setting_050,Baseline prompt,48.5,0.01
decay_setting_050,Baseline prompt,49.5,0.01
decay_setting_050,Baseline prompt,50.5,0.01
decay_setting_050,Baseline prompt,51.5,0.01
decay_setting_050,Baseline prompt,52.5,0.01
decay_setting_050,Baseline prompt,53.5,0.01
decay_setting_050,Baseline prompt,54.5,0.01
decay_setting_050,Baseline prompt,55.5,0.01
decay_setting_050,Baseline prompt,56.5,0.01
decay_setting_050,Baseline prompt,57.5,0.01
decay_setting_050,Baseline prompt,58.5,0.01
decay_setting_050,Baseline prompt,59.5,0.01
decay_setting_050,Baseline prompt,60.5,0.01
decay_setting_050,Baseline prompt,61.5,0.01
decay_setting_050,Baseline prompt,62.5,0.01
decay_setting_050,Baseline prompt,63.5,0.01
decay_setting_050,Baseline prompt,64.5,0.01
decay_setting_050,Baseline prompt,65.5,0.01
decay_setting_050,Baseline prompt,66.5,0.01
decay_setting_050,Baseline prompt,67.5,0.01
decay_setting_050,Baseline prompt,68.5,0.01
decay_setting_050,Baseline prompt,69.5,0.01
decay_setting_050,Baseline prompt,70.5,0.01
decay_setting_050,Baseline prompt,71.5,0.01
decay_setting_050,Baseline prompt,72.5,0.01
decay_setting_050,Baseline prompt,73.5,0.01
decay_setting_050,Baseline prompt,74.5,0.01
decay_setting_050,Baseline prompt,75.5,0.01
decay_setting_050,Baseline prompt,76.5,0.01
decay_setting_050,Baseline prompt,77.5,0.01
decay_setting_050,Baseline prompt,78.5,0.01
decay_setting_050,Baseline prompt,79.5,0.01
decay_setting_050,Baseline prompt,80.5,0.01
decay_setting_050,Baseline prompt,81.5,0.01
decay_setting_050,Baseline prompt,82.5,0.01
decay_setting_050,Baseline prompt,83.5,0.01
decay_setting_050,Baseline prompt,84.5,0.01
decay_setting_050,Baseline prompt,85.5,0.01
decay_setting_050,Baseline prompt,86.5,0.01
decay_setting_050,Baseline prompt,87.5,0.01
decay_setting_050,Baseline prompt,88.5,0.01
decay_setting_050,Baseline prompt,89.5,0.01
decay_setting_050,Baseline prompt,90.5,0.01
decay_setting_050,Baseline prompt,91.5,0.01
decay_setting_050,Baseline prompt,92.5,0.01
decay_setting_050,Baseline prompt,93.5,0.01
decay_setting_050,Baseline prompt,94.5,0.01
decay_setting_050,Baseline prompt,95.5,0.01
decay_setting_050,Baseline prompt,96.5,0.01
decay_setting_050,Baseline prompt,97.5,0.01
decay_setting_050,Baseline prompt,98.5,0.01
decay_setting_050,Baseline prompt,99.5,0.01
decay_setting_050,Blueprint prompt,0.5,0.92
decay_setting_050,Blueprint prompt,1.5,0.91
decay_setting_050,Blueprint prompt,2.5,0.9
decay_setting_050,Blueprint prompt,3.5,0.89
decay_setting_050,Blueprint prompt,4.5,0.87
decay_setting_050,Blueprint prompt,5.5,0.85
decay_setting_050,Blueprint prompt,6.5,0.83
decay_setting_050,Blueprint prompt,7.5,0.81
decay_setting_050,Blueprint prompt,8.5,0.79
decay_setting_050,Blueprint prompt,9.5,0.77
decay_setting_050,Blueprint prompt,10.5,0.75
decay_setting_050,Blueprint prompt,11.5,0.72
decay_setting_050,Blueprint prompt,12.5,0.7
decay_setting_050,Blueprint prompt,13.5,0.68
decay_setting_050,Blueprint prompt,14.5,0.66
decay_setting_050,Blueprint prompt,15.5,0.63
decay_setting_050,Blueprint prompt,16.5,0.61
decay_setting_050,Blueprint prompt,17.5,0.58
decay_setting_050,Blueprint prompt,18.5,0.55
decay_setting_050,Blueprint prompt,19.5,0.53
decay_setting_050,Blueprint prompt,20.5,0.5
decay_setting_050,Blueprint prompt,21.5,0.48
decay_setting_050,Blueprint prompt,22.5,0.46
decay_setting_050,Blueprint prompt,23.5,0.44
decay_setting_050,Blueprint prompt,24.5,0.42
decay_setting_050,Blueprint prompt,25.5,0.4
decay_setting_050,Blueprint prompt,26.5,0.38
decay_setting_050,Blueprint prompt,27.5,0.36
decay_setting_050,Blueprint prompt,28.5,0.34
decay_setting_050,Blueprint prompt,29.5,0.33
decay_setting_050,Blueprint prompt,30.5,0.31
decay_setting_050,Blueprint prompt,31.5,0.3
decay_setting_050,Blueprint prompt,32.5,0.29
decay_setting_050,Blueprint prompt,33.5,0.28
decay_setting_050,Blueprint prompt,34.5,0.27
decay_setting_050,Blueprint prompt,35.5,0.26
decay_setting_050,Blueprint prompt,36.5,0.25
decay_setting_050,Blueprint prompt,37.5,0.24
decay_setting_050,Blueprint prompt,38.5,0.23
decay_setting_050,Blueprint prompt,39.5,0.23
decay_setting_050,Blueprint prompt,40.5,0.22
decay_setting_050,Blueprint prompt,41.5,0.21
decay_setting_050,Blueprint prompt,42.5,0.21
decay_setting_050,Blueprint prompt,43.5,0.2
decay_setting_050,Blueprint prompt,44.5,0.19
decay_setting_050,Blueprint prompt,45.5,0.19
decay_setting_050,Blueprint prompt,46.5,0.18
decay_setting_050,Blueprint prompt,47.5,0.18
decay_setting_050,Blueprint prompt,48.5,0.17
decay_setting_050,Blueprint prompt,49.5,0.17
decay_setting_050,Blueprint prompt,50.5,0.16
decay_setting_050,Blueprint prompt,51.5,0.16
decay_setting_050,Blueprint prompt,52.5,0.15
decay_setting_050,Blueprint prompt,53.5,0.15
decay_setting_050,Blueprint prompt,54.5,0.14
decay_setting_050,Blueprint prompt,55.5,0.14
decay_setting_050,Blueprint prompt,56.5,0.13
decay_setting_050,Blueprint prompt,57.5,0.13
decay_setting_050,Blueprint prompt,58.5,0.12
decay_setting_050,Blueprint prompt,59.5,0.12
decay_setting_050,Blueprint prompt,60.5,0.11
decay_setting_050,Blueprint prompt,61.5,0.11
decay_setting_050,Blueprint prompt,62.5,0.1
decay_setting_050,Blueprint prompt,63.5,0.1
decay_setting_050,Blueprint prompt,64.5,0.1
decay_setting_050,Blueprint prompt,65.5,0.1
decay_setting_050,Blueprint prompt,66.5,0.09
decay_setting_050,Blueprint prompt,67.5,0.09
decay_setting_050,Blueprint prompt,68.5,0.09
decay_setting_050,Blueprint prompt,69.5,0.08
decay_setting_050,Blueprint prompt,70.5,0.08
decay_setting_050,Blueprint prompt,71.5,0.08
decay_setting_050,Blueprint prompt,72.5,0.08
decay_setting_050,Blueprint prompt,73.5,0.07
decay_setting_050,Blueprint prompt,74.5,0.07
decay_setting_050,Blueprint prompt,75.5,0.07
decay_setting_050,Blueprint prompt,76.5,0.07
decay_setting_050,Blueprint prompt,77.5,0.06
decay_setting_050,Blueprint prompt,78.5,0.06
decay_setting_050,Blueprint prompt,79.5,0.06
decay_setting_050,Blueprint prompt,80.5,0.06
decay_setting_050,Blueprint prompt,81.5,0.06
decay_setting_050,Blueprint prompt,82.5,0.05
decay_setting_050,Blueprint prompt,83.5,0.05
decay_setting_050,Blueprint prompt,84.5,0.05
decay_setting_050,Blueprint prompt,85.5,0.05
decay_setting_050,Blueprint prompt,86.5,0.05
decay_setting_050,Blueprint prompt,87.5,0.04
decay_setting_050,Blueprint prompt,88.5,0.04
decay_setting_050,Blueprint prompt,89.5,0.04
decay_setting_050,Blueprint prompt,90.5,0.04
decay_setting_050,Blueprint prompt,91.5,0.04
decay_setting_050,Blueprint prompt,92.5,0.03
decay_setting_050,Blueprint prompt,93.5,0.03
decay_setting_050,Blueprint prompt,94.5,0.03
decay_setting_050,Blueprint prompt,95.5,0.03
decay_setting_050,Blueprint prompt,96.5,0.03
decay_setting_050,Blueprint prompt,97.5,0.03
decay_setting_050,Blueprint prompt,98.5,0.03
decay_setting_050,Blueprint prompt,99.5,0.03
decay_setting_052,Baseline prompt,0.5,0.85
decay_setting_052,Baseline prompt,1.5,0.83
decay_setting_052,Baseline prompt,2.5,0.8
decay_setting_052,Baseline prompt,3.5,0.77
decay_setting_052,Baseline prompt,4.5,0.75
decay_setting_052,Baseline prompt,5.5,0.72
decay_setting_052,Baseline prompt,6.5,0.7
decay_setting_052,Baseline prompt,7.5,0.67
decay_setting_052,Baseline prompt,8.5,0.64
decay_setting_052,Baseline prompt,9.5,0.62
decay_setting_052,Baseline prompt,10.5,0.58
decay_setting_052,Baseline prompt,11.5,0.55
decay_setting_052,Baseline prompt,12.5,0.53
decay_setting_052,Baseline prompt,13.5,0.5
decay_setting_052,Baseline prompt,14.5,0.47
decay_setting_052,Baseline prompt,15.5,0.45
decay_setting_052,Baseline prompt,16.5,0.42
decay_setting_052,Baseline prompt,17.5,0.4
decay_setting_052,Baseline prompt,18.5,0.38
decay_setting_052,Baseline prompt,19.5,0.35
decay_setting_052,Baseline prompt,20.5,0.33
decay_setting_052,Baseline prompt,21.5,0.3
decay_setting_052,Baseline prompt,22.5,0.28
decay_setting_052,Baseline prompt,23.5,0.27
decay_setting_052,Baseline prompt,24.5,0.25
decay_setting_052,Baseline prompt,25.5,0.23
decay_setting_052,Baseline prompt,26.5,0.21
decay_setting_052,Baseline prompt,27.5,0.2
decay_setting_052,Baseline prompt,28.5,0.18
decay_setting_052,Baseline prompt,29.5,0.16
decay_setting_052,Baseline prompt,30.5,0.14
decay_setting_052,Baseline prompt,31.5,0.12
decay_setting_052,Baseline prompt,32.5,0.1
decay_setting_052,Baseline prompt,33.5,0.09
decay_setting_052,Baseline prompt,34.5,0.08
decay_setting_052,Baseline prompt,35.5,0.07
decay_setting_052,Baseline prompt,36.5,0.06
decay_setting_052,Baseline prompt,37.5,0.05
decay_setting_052,Baseline prompt,38.5,0.045
decay_setting_052,Baseline prompt,39.5,0.04
decay_setting_052,Baseline prompt,40.5,0.035
decay_setting_052,Baseline prompt,41.5,0.03
decay_setting_052,Baseline prompt,42.5,0.028
decay_setting_052,Baseline prompt,43.5,0.026
decay_setting_052,Baseline prompt,44.5,0.024
decay_setting_052,Baseline prompt,45.5,0.022
decay_setting_052,Baseline prompt,46.5,0.02
decay_setting_052,Baseline prompt,47.5,0.018
decay_setting_052,Baseline prompt,48.5,0.016
decay_setting_052,Baseline prompt,49.5,0.014
decay_setting_052,Baseline prompt,50.5,0.012
decay_setting_052,Baseline prompt,51.5,0.011
decay_setting_052,Baseline prompt,52.5,0.01
decay_setting_052,Baseline prompt,53.5,0.009
decay_setting_052,Baseline prompt,54.5,0.008
decay_setting_052,Baseline prompt,55.5,0.007
decay_setting_052,Baseline prompt,56.5,0.006
decay_setting_052,Baseline prompt,57.5,0.0055
decay_setting_052,Baseline prompt,58.5,0.005
decay_setting_052,Baseline prompt,59.5,0.0045
decay_setting_052,Baseline prompt,60.5,0.004
decay_setting_052,Baseline prompt,61.5,0.0038
decay_setting_052,Baseline prompt,62.5,0.0036
decay_setting_052,Baseline prompt,63.5,0.0034
decay_setting_052,Baseline prompt,64.5,0.0032
decay_setting_052,Baseline prompt,65.5,0.003
decay_setting_052,Baseline prompt,66.5,0.0028
decay_setting_052,Baseline prompt,67.5,0.0026
decay_setting_052,Baseline prompt,68.5,0.0024
decay_setting_052,Baseline prompt,69.5,0.0022
decay_setting_052,Baseline prompt,70.5,0.002
decay_setting_052,Baseline prompt,71.5,0.0019
decay_setting_052,Baseline prompt,72.5,0.0018
decay_setting_052,Baseline prompt,73.5,0.0017
decay_setting_052,Baseline prompt,74.5,0.0016
decay_setting_052,Baseline prompt,75.5,0.0015
decay_setting_052,Baseline prompt,76.5,0.0014
decay_setting_052,Baseline prompt,77.5,0.0013
decay_setting_052,Baseline prompt,78.5,0.0012
decay_setting_052,Baseline prompt,79.5,0.0011
decay_setting_052,Baseline prompt,80.5,0.001
decay_setting_052,Baseline prompt,81.5,0.00095
decay_setting_052,Baseline prompt,82.5,0.0009
decay_setting_052,Baseline prompt,83.5,0.00085
decay_setting_052,Baseline prompt,84.5,0.0008
decay_setting_052,Baseline prompt,85.5,0.00075
decay_setting_052,Baseline prompt,86.5,0.0007
decay_setting_052,Baseline prompt,87.5,0.00065
decay_setting_052,Baseline prompt,88.5,0.0006
decay_setting_052,Baseline prompt,89.5,0.00055
decay_setting_052,Baseline prompt,90.5,0.0005
decay_setting_052,Baseline prompt,91.5,0.00048
decay_setting_052,Baseline prompt,92.5,0.00046
decay_setting_052,Baseline prompt,93.5,0.00044
decay_setting_052,Baseline prompt,94.5,0.00042
decay_setting_052,Baseline prompt,95.5,0.0004
decay_setting_052,Baseline prompt,96.5,0.00036
decay_setting_052,Baseline prompt,97.5,0.00034
decay_setting_052,Baseline prompt,98.5,0.00032
decay_setting_052,Baseline prompt,99.5,0.0003
decay_setting_051,Blueprint prompt,0.5,0.91
decay_setting_051,Blueprint prompt,1.5,0.89
decay_setting_051,Blueprint prompt,2.5,0.87
decay_setting_051,Blueprint prompt,3.5,0.85
decay_setting_051,Blueprint prompt,4.5,0.83
decay_setting_051,Blueprint prompt,5.5,0.8
decay_setting_051,Blueprint prompt,6.5,0.78
decay_setting_051,Blueprint prompt,7.5,0.76
decay_setting_051,Blueprint prompt,8.5,0.74
decay_setting_051,Blueprint prompt,9.5,0.72
decay_setting_051,Blueprint prompt,10.5,0.7
decay_setting_051,Blueprint prompt,11.5,0.68
decay_setting_051,Blueprint prompt,12.5,0.66
decay_setting_051,Blueprint prompt,13.5,0.64
decay_setting_051,Blueprint prompt,14.5,0.62
decay_setting_051,Blueprint prompt,15.5,0.61
decay_setting_051,Blueprint prompt,16.5,0.59
decay_setting_051,Blueprint prompt,17.5,0.56
decay_setting_051,Blueprint prompt,18.5,0.54
decay_setting_051,Blueprint prompt,19.5,0.52
decay_setting_051,Blueprint prompt,20.5,0.5
decay_setting_051,Blueprint prompt,21.5,0.48
decay_setting_051,Blueprint prompt,22.5,0.47
decay_setting_051,Blueprint prompt,23.5,0.46
decay_setting_051,Blueprint prompt,24.5,0.45
decay_setting_051,Blueprint prompt,25.5,0.44
decay_setting_051,Blueprint prompt,26.5,0.43
decay_setting_051,Blueprint prompt,27.5,0.41
decay_setting_051,Blueprint prompt,28.5,0.39
decay_setting_051,Blueprint prompt,29.5,0.38
decay_setting_051,Blueprint prompt,30.5,0.36
decay_setting_051,Blueprint prompt,31.5,0.34
decay_setting_051,Blueprint prompt,32.5,0.33
decay_setting_051,Blueprint prompt,33.5,0.31
decay_setting_051,Blueprint prompt,34.5,0.3
decay_setting_051,Blueprint prompt,35.5,0.29
decay_setting_051,Blueprint prompt,36.5,0.27
decay_setting_051,Blueprint prompt,37.5,0.25
decay_setting_051,Blueprint prompt,38.5,0.24
decay_setting_051,Blueprint prompt,39.5,0.22
decay_setting_051,Blueprint prompt,40.5,0.2
decay_setting_051,Blueprint prompt,41.5,0.19
decay_setting_051,Blueprint prompt,42.5,0.18
decay_setting_051,Blueprint prompt,43.5,0.17
decay_setting_051,Blueprint prompt,44.5,0.16
decay_setting_051,Blueprint prompt,45.5,0.15
decay_setting_051,Blueprint prompt,46.5,0.14
decay_setting_051,Blueprint prompt,47.5,0.13
decay_setting_051,Blueprint prompt,48.5,0.12
decay_setting_051,Blueprint prompt,49.5,0.11
decay_setting_051,Blueprint prompt,50.5,0.1
decay_setting_051,Blueprint prompt,51.5,0.09
decay_setting_051,Blueprint prompt,52.5,0.08
decay_setting_051,Blueprint prompt,53.5,0.07
decay_setting_051,Blueprint prompt,54.5,0.06
decay_setting_051,Blueprint prompt,55.5,0.05
decay_setting_051,Blueprint prompt,56.5,0.06
decay_setting_051,Blueprint prompt,57.5,0.07
decay_setting_051,Blueprint prompt,58.5,0.08
decay_setting_051,Blueprint prompt,59.5,0.09
decay_setting_051,Blueprint prompt,60.5,0.1
decay_setting_051,Blueprint prompt,61.5,0.11
decay_setting_051,Blueprint prompt,62.5,0.12
decay_setting_051,Blueprint prompt,63.5,0.13
decay_setting_051,Blueprint prompt,64.5,0.14
decay_setting_051,Blueprint prompt,65.5,0.13
decay_setting_051,Blueprint prompt,66.5,0.12
decay_setting_051,Blueprint prompt,67.5,0.11
decay_setting_051,Blueprint prompt,68.5,0.1
decay_setting_051,Blueprint prompt,69.5,0.09
decay_setting_051,Blueprint prompt,70.5,0.08
decay_setting_051,Blueprint prompt,71.5,0.07
decay_setting_051,Blueprint prompt,72.5,0.06
decay_setting_051,Blueprint prompt,73.5,0.05
decay_setting_051,Blueprint prompt,74.5,0.04
decay_setting_051,Blueprint prompt,75.5,0.03
decay_setting_051,Blueprint prompt,76.5,0.02
decay_setting_051,Blueprint prompt,77.5,0.03
decay_setting_051,Blueprint prompt,78.5,0.04
decay_setting_051,Blueprint prompt,79.5,0.05
decay_setting_051,Blueprint prompt,80.5,0.06
decay_setting_051,Blueprint prompt,81.5,0.07
decay_setting_051,Blueprint prompt,82.5,0.08
decay_setting_051,Blueprint prompt,83.5,0.09
decay_setting_051,Blueprint prompt,84.5,0.1
decay_setting_051,Blueprint prompt,85.5,0.11
decay_setting_051,Blueprint prompt,86.5,0.1
decay_setting_051,Blueprint prompt,87.5,0.09
decay_setting_051,Blueprint prompt,88.5,0.08
decay_setting_051,Blueprint prompt,89.5,0.07
decay_setting_051,Blueprint prompt,90.5,0.06
decay_setting_051,Blueprint prompt,91.5,0.05
decay_setting_051,Blueprint prompt,92.5,0.04
decay_setting_051,Blueprint prompt,93.5,0.03
decay_setting_051,Blueprint prompt,94.5,0.02
decay_setting_051,Blueprint prompt,95.5,0.01
decay_setting_051,Blueprint prompt,96.5,0.01
decay_setting_051,Blueprint prompt,97.5,0.0
decay_setting_051,Blueprint prompt,98.5,0.0
decay_setting_051,Blueprint prompt,99.5,0.0
decay_setting_051,Baseline prompt,0.5,0.68
decay_setting_051,Baseline prompt,1.5,0.73
decay_setting_051,Baseline prompt,2.5,0.75
decay_setting_051,Baseline prompt,3.5,0.77
decay_setting_051,Baseline prompt,4.5,0.76
decay_setting_051,Baseline prompt,5.5,0.74
decay_setting_051,Baseline prompt,6.5,0.72
decay_setting_051,Baseline prompt,7.5,0.68
decay_setting_051,Baseline prompt,8.5,0.64
decay_setting_051,Baseline prompt,9.5,0.59
decay_setting_051,Baseline prompt,10.5,0.55
decay_setting_051,Baseline prompt,11.5,0.52
decay_setting_051,Baseline prompt,12.5,0.49
decay_setting_051,Baseline prompt,13.5,0.45
decay_setting_051,Baseline prompt,14.5,0.42
decay_setting_051,Baseline prompt,15.5,0.39
decay_setting_051,Baseline prompt,16.5,0.36
decay_setting_051,Baseline prompt,17.5,0.33
decay_setting_051,Baseline prompt,18.5,0.3
decay_setting_051,Baseline prompt,19.5,0.27
decay_setting_051,Baseline prompt,20.5,0.25
decay_setting_051,Baseline prompt,21.5,0.23
decay_setting_051,Baseline prompt,22.5,0.21
decay_setting_051,Baseline prompt,23.5,0.19
decay_setting_051,Baseline prompt,24.5,0.18
decay_setting_051,Baseline prompt,25.5,0.17
decay_setting_051,Baseline prompt,26.5,0.15
decay_setting_051,Baseline prompt,27.5,0.14
decay_setting_051,Baseline prompt,28.5,0.13
decay_setting_051,Baseline prompt,29.5,0.11
decay_setting_051,Baseline prompt,30.5,0.1
decay_setting_051,Baseline prompt,31.5,0.09
decay_setting_051,Baseline prompt,32.5,0.08
decay_setting_051,Baseline prompt,33.5,0.07
decay_setting_051,Baseline prompt,34.5,0.07
decay_setting_051,Baseline prompt,35.5,0.06
decay_setting_051,Baseline prompt,36.5,0.05
decay_setting_051,Baseline prompt,37.5,0.05
decay_setting_051,Baseline prompt,38.5,0.05
decay_setting_051,Baseline prompt,39.5,0.04
decay_setting_051,Baseline prompt,40.5,0.04
decay_setting_051,Baseline prompt,41.5,0.04
decay_setting_051,Baseline prompt,42.5,0.03
decay_setting_051,Baseline prompt,43.5,0.03
decay_setting_051,Baseline prompt,44.5,0.03
decay_setting_051,Baseline prompt,45.5,0.03
decay_setting_051,Baseline prompt,46.5,0.02
decay_setting_051,Baseline prompt,47.5,0.02
decay_setting_051,Baseline prompt,48.5,0.02
decay_setting_051,Baseline prompt,49.5,0.02
decay_setting_051,Baseline prompt,50.5,0.02
decay_setting_051,Baseline prompt,51.5,0.02
decay_setting_051,Baseline prompt,52.5,0.02
decay_setting_051,Baseline prompt,53.5,0.02
decay_setting_051,Baseline prompt,54.5,0.01
decay_setting_051,Baseline prompt,55.5,0.01
decay_setting_051,Baseline prompt,56.5,0.01
decay_setting_051,Baseline prompt,57.5,0.01
decay_setting_051,Baseline prompt,58.5,0.01
decay_setting_051,Baseline prompt,59.5,0.01
decay_setting_051,Baseline prompt,60.5,0.01
decay_setting_051,Baseline prompt,61.5,0.01
decay_setting_051,Baseline prompt,62.5,0.01
decay_setting_051,Baseline prompt,63.5,0.01
decay_setting_051,Baseline prompt,64.5,0.01
decay_setting_051,Baseline prompt,65.5,0.01
decay_setting_051,Baseline prompt,66.5,0.01
decay_setting_051,Baseline prompt,67.5,0.01
decay_setting_051,Baseline prompt,68.5,0.01
decay_setting_051,Baseline prompt,69.5,0.01
decay_setting_051,Baseline prompt,70.5,0.01
decay_setting_051,Baseline prompt,71.5,0.01
decay_setting_051,Baseline prompt,72.5,0.01
decay_setting_051,Baseline prompt,73.5,0.01
decay_setting_051,Baseline prompt,74.5,0.01
decay_setting_051,Baseline prompt,75.5,0.01
decay_setting_051,Baseline prompt,76.5,0.01
decay_setting_051,Baseline prompt,77.5,0.01
decay_setting_051,Baseline prompt,78.5,0.01
decay_setting_051,Baseline prompt,79.5,0.01
decay_setting_051,Baseline prompt,80.5,0.01
decay_setting_051,Baseline prompt,81.5,0.01
decay_setting_051,Baseline prompt,82.5,0.01
decay_setting_051,Baseline prompt,83.5,0.01
decay_setting_051,Baseline prompt,84.5,0.01
decay_setting_051,Baseline prompt,85.5,0.01
decay_setting_051,Baseline prompt,86.5,0.01
decay_setting_051,Baseline prompt,87.5,0.01
decay_setting_051,Baseline prompt,88.5,0.01
decay_setting_051,Baseline prompt,89.5,0.01
decay_setting_051,Baseline prompt,90.5,0.01
decay_setting_051,Baseline prompt,91.5,0.01
decay_setting_051,Baseline prompt,92.5,0.01
decay_setting_051,Baseline prompt,93.5,0.01
decay_setting_051,Baseline prompt,94.5,0.01
decay_setting_051,Baseline prompt,95.5,0.01
decay_setting_051,Baseline prompt,96.5,0.01
decay_setting_051,Baseline prompt,97.5,0.01
decay_setting_051,Baseline prompt,98.5,0.01
decay_setting_051,Baseline prompt,99.5,0.01
decay_setting_054,Blueprint prompt,0.5,0.89
decay_setting_054,Blueprint prompt,1.5,0.85
decay_setting_054,Blueprint prompt,2.5,0.83
decay_setting_054,Blueprint prompt,3.5,0.81
decay_setting_054,Blueprint prompt,4.5,0.79
decay_setting_054,Blueprint prompt,5.5,0.76
decay_setting_054,Blueprint prompt,6.5,0.74
decay_setting_054,Blueprint prompt,7.5,0.71
decay_setting_054,Blueprint prompt,8.5,0.69
decay_setting_054,Blueprint prompt,9.5,0.66
decay_setting_054,Blueprint prompt,10.5,0.63
decay_setting_054,Blueprint prompt,11.5,0.61
decay_setting_054,Blueprint prompt,12.5,0.59
decay_setting_054,Blueprint prompt,13.5,0.57
decay_setting_054,Blueprint prompt,14.5,0.54
decay_setting_054,Blueprint prompt,15.5,0.52
decay_setting_054,Blueprint prompt,16.5,0.5
decay_setting_054,Blueprint prompt,17.5,0.47
decay_setting_054,Blueprint prompt,18.5,0.46
decay_setting_054,Blueprint prompt,19.5,0.44
decay_setting_054,Blueprint prompt,20.5,0.43
decay_setting_054,Blueprint prompt,21.5,0.41
decay_setting_054,Blueprint prompt,22.5,0.4
decay_setting_054,Blueprint prompt,23.5,0.38
decay_setting_054,Blueprint prompt,24.5,0.37
decay_setting_054,Blueprint prompt,25.5,0.35
decay_setting_054,Blueprint prompt,26.5,0.34
decay_setting_054,Blueprint prompt,27.5,0.32
decay_setting_054,Blueprint prompt,28.5,0.31
decay_setting_054,Blueprint prompt,29.5,0.29
decay_setting_054,Blueprint prompt,30.5,0.28
decay_setting_054,Blueprint prompt,31.5,0.27
decay_setting_054,Blueprint prompt,32.5,0.25
decay_setting_054,Blueprint prompt,33.5,0.24
decay_setting_054,Blueprint prompt,34.5,0.23
decay_setting_054,Blueprint prompt,35.5,0.21
decay_setting_054,Blueprint prompt,36.5,0.2
decay_setting_054,Blueprint prompt,37.5,0.19
decay_setting_054,Blueprint prompt,38.5,0.18
decay_setting_054,Blueprint prompt,39.5,0.18
decay_setting_054,Blueprint prompt,40.5,0.17
decay_setting_054,Blueprint prompt,41.5,0.16
decay_setting_054,Blueprint prompt,42.5,0.15
decay_setting_054,Blueprint prompt,43.5,0.14
decay_setting_054,Blueprint prompt,44.5,0.13
decay_setting_054,Blueprint prompt,45.5,0.13
decay_setting_054,Blueprint prompt,46.5,0.12
decay_setting_054,Blueprint prompt,47.5,0.11
decay_setting_054,Blueprint prompt,48.5,0.1
decay_setting_054,Blueprint prompt,49.5,0.1
decay_setting_054,Blueprint prompt,50.5,0.09
decay_setting_054,Blueprint prompt,51.5,0.09
decay_setting_054,Blueprint prompt,52.5,0.08
decay_setting_054,Blueprint prompt,53.5,0.08
decay_setting_054,Blueprint prompt,54.5,0.07
decay_setting_054,Blueprint prompt,55.5,0.07
decay_setting_054,Blueprint prompt,56.5,0.07
decay_setting_054,Blueprint prompt,57.5,0.06
decay_setting_054,Blueprint prompt,58.5,0.06
decay_setting_054,Blueprint prompt,59.5,0.05
decay_setting_054,Blueprint prompt,60.5,0.05
decay_setting_054,Blueprint prompt,61.5,0.05
decay_setting_054,Blueprint prompt,62.5,0.04
decay_setting_054,Blueprint prompt,63.5,0.04
decay_setting_054,Blueprint prompt,64.5,0.04
decay_setting_054,Blueprint prompt,65.5,0.03
decay_setting_054,Blueprint prompt,66.5,0.03
decay_setting_054,Blueprint prompt,67.5,0.03
decay_setting_054,Blueprint prompt,68.5,0.03
decay_setting_054,Blueprint prompt,69.5,0.02
decay_setting_054,Blueprint prompt,70.5,0.02
decay_setting_054,Blueprint prompt,71.5,0.02
decay_setting_054,Blueprint prompt,72.5,0.02
decay_setting_054,Blueprint prompt,73.5,0.01
decay_setting_054,Blueprint prompt,74.5,0.01
decay_setting_054,Blueprint prompt,75.5,0.01
decay_setting_054,Blueprint prompt,76.5,0.01
decay_setting_054,Blueprint prompt,77.5,0.01
decay_setting_054,Blueprint prompt,78.5,0.01
decay_setting_054,Blueprint prompt,79.5,0.01
decay_setting_054,Blueprint prompt,80.5,0.01
decay_setting_054,Blueprint prompt,81.5,0.01
decay_setting_054,Blueprint prompt,82.5,0.01
decay_setting_054,Blueprint prompt,83.5,0.01
decay_setting_054,Blueprint prompt,84.5,0.01
decay_setting_054,Blueprint prompt,85.5,0.01
decay_setting_054,Blueprint prompt,86.5,0.01
decay_setting_054,Blueprint prompt,87.5,0.01
decay_setting_054,Blueprint prompt,88.5,0.01
decay_setting_054,Blueprint prompt,89.5,0.01
decay_setting_054,Blueprint prompt,90.5,0.01
decay_setting_054,Blueprint prompt,91.5,0.01
decay_setting_054,Blueprint prompt,92.5,0.01
decay_setting_054,Blueprint prompt,93.5,0.01
decay_setting_054,Blueprint prompt,94.5,0.01
decay_setting_054,Blueprint prompt,95.5,0.01
decay_setting_054,Blueprint prompt,96.5,0.01
decay_setting_054,Blueprint prompt,97.5,0.01
decay_setting_054,Blueprint prompt,98.5,0.01
decay_setting_054,Blueprint prompt,99.5,0.01
decay_setting_053,Baseline prompt,0.5,0.7
decay_setting_053,Baseline prompt,1.5,0.68
decay_setting_053,Baseline prompt,2.5,0.65
decay_setting_053,Baseline prompt,3.5,0.61
decay_setting_053,Baseline prompt,4.5,0.58
decay_setting_053,Baseline prompt,5.5,0.54
decay_setting_053,Baseline prompt,6.5,0.49
decay_setting_053,Baseline prompt,7.5,0.45
decay_setting_053,Baseline prompt,8.5,0.41
decay_setting_053,Baseline prompt,9.5,0.38
decay_setting_053,Baseline prompt,10.5,0.35
decay_setting_053,Baseline prompt,11.5,0.33
decay_setting_053,Baseline prompt,12.5,0.3
decay_setting_053,Baseline prompt,13.5,0.27
decay_setting_053,Baseline prompt,14.5,0.25
decay_setting_053,Baseline prompt,15.5,0.22
decay_setting_053,Baseline prompt,16.5,0.19
decay_setting_053,Baseline prompt,17.5,0.16
decay_setting_053,Baseline prompt,18.5,0.14
decay_setting_053,Baseline prompt,19.5,0.11
decay_setting_053,Baseline prompt,20.5,0.1
decay_setting_053,Baseline prompt,21.5,0.09
decay_setting_053,Baseline prompt,22.5,0.08
decay_setting_053,Baseline prompt,23.5,0.07
decay_setting_053,Baseline prompt,24.5,0.06
decay_setting_053,Baseline prompt,25.5,0.05
decay_setting_053,Baseline prompt,26.5,0.045
decay_setting_053,Baseline prompt,27.5,0.042
decay_setting_053,Baseline prompt,28.5,0.04
decay_setting_053,Baseline prompt,29.5,0.038
decay_setting_053,Baseline prompt,30.5,0.035
decay_setting_053,Baseline prompt,31.5,0.033
decay_setting_053,Baseline prompt,32.5,0.031
decay_setting_053,Baseline prompt,33.5,0.03
decay_setting_053,Baseline prompt,34.5,0.028
decay_setting_053,Baseline prompt,35.5,0.026
decay_setting_053,Baseline prompt,36.5,0.025
decay_setting_053,Baseline prompt,37.5,0.023
decay_setting_053,Baseline prompt,38.5,0.022
decay_setting_053,Baseline prompt,39.5,0.02
decay_setting_053,Baseline prompt,40.5,0.018
decay_setting_053,Baseline prompt,41.5,0.016
decay_setting_053,Baseline prompt,42.5,0.015
decay_setting_053,Baseline prompt,43.5,0.014
decay_setting_053,Baseline prompt,44.5,0.012
decay_setting_053,Baseline prompt,45.5,0.011
decay_setting_053,Baseline prompt,46.5,0.01
decay_setting_053,Baseline prompt,47.5,0.009
decay_setting_053,Baseline prompt,48.5,0.008
decay_setting_053,Baseline prompt,49.5,0.007
decay_setting_053,Baseline prompt,50.5,0.006
decay_setting_053,Baseline prompt,51.5,0.0058
decay_setting_053,Baseline prompt,52.5,0.0056
decay_setting_053,Baseline prompt,53.5,0.0054
decay_setting_053,Baseline prompt,54.5,0.0052
decay_setting_053,Baseline prompt,55.5,0.005
decay_setting_053,Baseline prompt,56.5,0.0048
decay_setting_053,Baseline prompt,57.5,0.0046
decay_setting_053,Baseline prompt,58.5,0.0044
decay_setting_053,Baseline prompt,59.5,0.0042
decay_setting_053,Baseline prompt,60.5,0.004
decay_setting_053,Baseline prompt,61.5,0.0038
decay_setting_053,Baseline prompt,62.5,0.0036
decay_setting_053,Baseline prompt,63.5,0.0035
decay_setting_053,Baseline prompt,64.5,0.0034
decay_setting_053,Baseline prompt,65.5,0.0033
decay_setting_053,Baseline prompt,66.5,0.0032
decay_setting_053,Baseline prompt,67.5,0.0031
decay_setting_053,Baseline prompt,68.5,0.003
decay_setting_053,Baseline prompt,69.5,0.0029
decay_setting_053,Baseline prompt,70.5,0.0028
decay_setting_053,Baseline prompt,71.5,0.0027
decay_setting_053,Baseline prompt,72.5,0.0026
decay_setting_053,Baseline prompt,73.5,0.0025
decay_setting_053,Baseline prompt,74.5,0.0024
decay_setting_053,Baseline prompt,75.5,0.0023
decay_setting_053,Baseline prompt,76.5,0.0022
decay_setting_053,Baseline prompt,77.5,0.0021
decay_setting_053,Baseline prompt,78.5,0.002
decay_setting_053,Baseline prompt,79.5,0.0019
decay_setting_053,Baseline prompt,80.5,0.0018
decay_setting_053,Baseline prompt,81.5,0.0017
decay_setting_053,Baseline prompt,82.5,0.0016
decay_setting_053,Baseline prompt,83.5,0.0015
decay_setting_053,Baseline prompt,84.5,0.0014
decay_setting_053,Baseline prompt,85.5,0.0013
decay_setting_053,Baseline prompt,86.5,0.0012
decay_setting_053,Baseline prompt,87.5,0.0011
decay_setting_053,Baseline prompt,88.5,0.001
decay_setting_053,Baseline prompt,89.5,0.0009
decay_setting_053,Baseline prompt,90.5,0.0008
decay_setting_053,Baseline prompt,91.5,0.0007
decay_setting_053,Baseline prompt,92.5,0.0006
decay_setting_053,Baseline prompt,93.5,0.0005
decay_setting_053,Baseline prompt,94.5,0.0004
decay_setting_053,Baseline prompt,95.5,0.0003
decay_setting_053,Baseline prompt,96.5,0.0002
decay_setting_053,Baseline prompt,97.5,0.0001
decay_setting_053,Baseline prompt,98.5,0.0001
decay_setting_053,Baseline prompt,99.5,0.0001
decay_setting_052,Blueprint prompt,0.5,0.91
decay_setting_052,Blueprint prompt,1.5,0.87
decay_setting_052,Blueprint prompt,2.5,0.85
decay_setting_052,Blueprint prompt,3.5,0.81
decay_setting_052,Blueprint prompt,4.5,0.78
decay_setting_052,Blueprint prompt,5.5,0.74
decay_setting_052,Blueprint prompt,6.5,0.72
decay_setting_052,Blueprint prompt,7.5,0.68
decay_setting_052,Blueprint prompt,8.5,0.65
decay_setting_052,Blueprint prompt,9.5,0.63
decay_setting_052,Blueprint prompt,10.5,0.6
decay_setting_052,Blueprint prompt,11.5,0.56
decay_setting_052,Blueprint prompt,12.5,0.53
decay_setting_052,Blueprint prompt,13.5,0.49
decay_setting_052,Blueprint prompt,14.5,0.45
decay_setting_052,Blueprint prompt,15.5,0.43
decay_setting_052,Blueprint prompt,16.5,0.41
decay_setting_052,Blueprint prompt,17.5,0.38
decay_setting_052,Blueprint prompt,18.5,0.37
decay_setting_052,Blueprint prompt,19.5,0.35
decay_setting_052,Blueprint prompt,20.5,0.34
decay_setting_052,Blueprint prompt,21.5,0.32
decay_setting_052,Blueprint prompt,22.5,0.3
decay_setting_052,Blueprint prompt,23.5,0.28
decay_setting_052,Blueprint prompt,24.5,0.26
decay_setting_052,Blueprint prompt,25.5,0.25
decay_setting_052,Blueprint prompt,26.5,0.23
decay_setting_052,Blueprint prompt,27.5,0.21
decay_setting_052,Blueprint prompt,28.5,0.2
decay_setting_052,Blueprint prompt,29.5,0.18
decay_setting_052,Blueprint prompt,30.5,0.17
decay_setting_052,Blueprint prompt,31.5,0.16
decay_setting_052,Blueprint prompt,32.5,0.14
decay_setting_052,Blueprint prompt,33.5,0.13
decay_setting_052,Blueprint prompt,34.5,0.12
decay_setting_052,Blueprint prompt,35.5,0.11
decay_setting_052,Blueprint prompt,36.5,0.11
decay_setting_052,Blueprint prompt,37.5,0.1
decay_setting_052,Blueprint prompt,38.5,0.09
decay_setting_052,Blueprint prompt,39.5,0.08
decay_setting_052,Blueprint prompt,40.5,0.08
decay_setting_052,Blueprint prompt,41.5,0.07
decay_setting_052,Blueprint prompt,42.5,0.07
decay_setting_052,Blueprint prompt,43.5,0.06
decay_setting_052,Blueprint prompt,44.5,0.06
decay_setting_052,Blueprint prompt,45.5,0.05
decay_setting_052,Blueprint prompt,46.5,0.05
decay_setting_052,Blueprint prompt,47.5,0.05
decay_setting_052,Blueprint prompt,48.5,0.04
decay_setting_052,Blueprint prompt,49.5,0.04
decay_setting_052,Blueprint prompt,50.5,0.04
decay_setting_052,Blueprint prompt,51.5,0.03
decay_setting_052,Blueprint prompt,52.5,0.03
decay_setting_052,Blueprint prompt,53.5,0.03
decay_setting_052,Blueprint prompt,54.5,0.03
decay_setting_052,Blueprint prompt,55.5,0.03
decay_setting_052,Blueprint prompt,56.5,0.02
decay_setting_052,Blueprint prompt,57.5,0.02
decay_setting_052,Blueprint prompt,58.5,0.02
decay_setting_052,Blueprint prompt,59.5,0.02
decay_setting_052,Blueprint prompt,60.5,0.02
decay_setting_052,Blueprint prompt,61.5,0.01
decay_setting_052,Blueprint prompt,62.5,0.01
decay_setting_052,Blueprint prompt,63.5,0.01
decay_setting_052,Blueprint prompt,64.5,0.01
decay_setting_052,Blueprint prompt,65.5,0.01
decay_setting_052,Blueprint prompt,66.5,0.01
decay_setting_052,Blueprint prompt,67.5,0.01
decay_setting_052,Blueprint prompt,68.5,0.01
decay_setting_052,Blueprint prompt,69.5,0.01
decay_setting_052,Blueprint prompt,70.5,0.01
decay_setting_052,Blueprint prompt,71.5,0.01
decay_setting_052,Blueprint prompt,72.5,0.01
decay_setting_052,Blueprint prompt,73.5,0.01
decay_setting_052,Blueprint prompt,74.5,0.01
decay_setting_052,Blueprint prompt,75.5,0.01
decay_setting_052,Blueprint prompt,76.5,0.01
decay_setting_052,Blueprint prompt,77.5,0.01
decay_setting_052,Blueprint prompt,78.5,0.01
decay_setting_052,Blueprint prompt,79.5,0.01
decay_setting_052,Blueprint prompt,80.5,0.01
decay_setting_052,Blueprint prompt,81.5,0.01
decay_setting_052,Blueprint prompt,82.5,0.01
decay_setting_052,Blueprint prompt,83.5,0.01
decay_setting_052,Blueprint prompt,84.5,0.01
decay_setting_052,Blueprint prompt,85.5,0.01
decay_setting_052,Blueprint prompt,86.5,0.01
decay_setting_052,Blueprint prompt,87.5,0.01
decay_setting_052,Blueprint prompt,88.5,0.01
decay_setting_052,Blueprint prompt,89.5,0.01
decay_setting_052,Blueprint prompt,90.5,0.01
decay_setting_052,Blueprint prompt,91.5,0.01
decay_setting_052,Blueprint prompt,92.5,0.01
decay_setting_052,Blueprint prompt,93.5,0.01
decay_setting_052,Blueprint prompt,94.5,0.01
decay_setting_052,Blueprint prompt,95.5,0.01
decay_setting_052,Blueprint prompt,96.5,0.01
decay_setting_052,Blueprint prompt,97.5,0.01
decay_setting_052,Blueprint prompt,98.5,0.01
decay_setting_052,Blueprint prompt,99.5,0.01
decay_setting_054,Baseline prompt,0.5,0.65
decay_setting_054,Baseline prompt,1.5,0.62
decay_setting_054,Baseline prompt,2.5,0.59
decay_setting_054,Baseline prompt,3.5,0.55
decay_setting_054,Baseline prompt,4.5,0.52
decay_setting_054,Baseline prompt,5.5,0.48
decay_setting_054,Baseline prompt,6.5,0.45
decay_setting_054,Baseline prompt,7.5,0.41
decay_setting_054,Baseline prompt,8.5,0.37
decay_setting_054,Baseline prompt,9.5,0.34
decay_setting_054,Baseline prompt,10.5,0.3
decay_setting_054,Baseline prompt,11.5,0.28
decay_setting_054,Baseline prompt,12.5,0.26
decay_setting_054,Baseline prompt,13.5,0.24
decay_setting_054,Baseline prompt,14.5,0.22
decay_setting_054,Baseline prompt,15.5,0.2
decay_setting_054,Baseline prompt,16.5,0.18
decay_setting_054,Baseline prompt,17.5,0.16
decay_setting_054,Baseline prompt,18.5,0.14
decay_setting_054,Baseline prompt,19.5,0.13
decay_setting_054,Baseline prompt,20.5,0.12
decay_setting_054,Baseline prompt,21.5,0.11
decay_setting_054,Baseline prompt,22.5,0.1
decay_setting_054,Baseline prompt,23.5,0.09
decay_setting_054,Baseline prompt,24.5,0.08
decay_setting_054,Baseline prompt,25.5,0.07
decay_setting_054,Baseline prompt,26.5,0.06
decay_setting_054,Baseline prompt,27.5,0.05
decay_setting_054,Baseline prompt,28.5,0.045
decay_setting_054,Baseline prompt,29.5,0.04
decay_setting_054,Baseline prompt,30.5,0.037
decay_setting_054,Baseline prompt,31.5,0.035
decay_setting_054,Baseline prompt,32.5,0.032
decay_setting_054,Baseline prompt,33.5,0.03
decay_setting_054,Baseline prompt,34.5,0.028
decay_setting_054,Baseline prompt,35.5,0.026
decay_setting_054,Baseline prompt,36.5,0.025
decay_setting_054,Baseline prompt,37.5,0.023
decay_setting_054,Baseline prompt,38.5,0.022
decay_setting_054,Baseline prompt,39.5,0.02
decay_setting_054,Baseline prompt,40.5,0.018
decay_setting_054,Baseline prompt,41.5,0.017
decay_setting_054,Baseline prompt,42.5,0.015
decay_setting_054,Baseline prompt,43.5,0.014
decay_setting_054,Baseline prompt,44.5,0.013
decay_setting_054,Baseline prompt,45.5,0.012
decay_setting_054,Baseline prompt,46.5,0.011
decay_setting_054,Baseline prompt,47.5,0.01
decay_setting_054,Baseline prompt,48.5,0.009
decay_setting_054,Baseline prompt,49.5,0.008
decay_setting_054,Baseline prompt,50.5,0.0075
decay_setting_054,Baseline prompt,51.5,0.007
decay_setting_054,Baseline prompt,52.5,0.0065
decay_setting_054,Baseline prompt,53.5,0.006
decay_setting_054,Baseline prompt,54.5,0.0055
decay_setting_054,Baseline prompt,55.5,0.005
decay_setting_054,Baseline prompt,56.5,0.0048
decay_setting_054,Baseline prompt,57.5,0.0045
decay_setting_054,Baseline prompt,58.5,0.0043
decay_setting_054,Baseline prompt,59.5,0.004
decay_setting_054,Baseline prompt,60.5,0.0038
decay_setting_054,Baseline prompt,61.5,0.0035
decay_setting_054,Baseline prompt,62.5,0.0033
decay_setting_054,Baseline prompt,63.5,0.0031
decay_setting_054,Baseline prompt,64.5,0.0029
decay_setting_054,Baseline prompt,65.5,0.0028
decay_setting_054,Baseline prompt,66.5,0.0026
decay_setting_054,Baseline prompt,67.5,0.0025
decay_setting_054,Baseline prompt,68.5,0.0023
decay_setting_054,Baseline prompt,69.5,0.0022
decay_setting_054,Baseline prompt,70.5,0.0021
decay_setting_054,Baseline prompt,71.5,0.002
decay_setting_054,Baseline prompt,72.5,0.0019
decay_setting_054,Baseline prompt,73.5,0.0018
decay_setting_054,Baseline prompt,74.5,0.0017
decay_setting_054,Baseline prompt,75.5,0.0016
decay_setting_054,Baseline prompt,76.5,0.0015
decay_setting_054,Baseline prompt,77.5,0.0014
decay_setting_054,Baseline prompt,78.5,0.0013
decay_setting_054,Baseline prompt,79.5,0.0012
decay_setting_054,Baseline prompt,80.5,0.0011
decay_setting_054,Baseline prompt,81.5,0.00105
decay_setting_054,Baseline prompt,82.5,0.001
decay_setting_054,Baseline prompt,83.5,0.00095
decay_setting_054,Baseline prompt,84.5,0.0009
decay_setting_054,Baseline prompt,85.5,0.00085
decay_setting_054,Baseline prompt,86.5,0.0008
decay_setting_054,Baseline prompt,87.5,0.00075
decay_setting_054,Baseline prompt,88.5,0.0007
decay_setting_054,Baseline prompt,89.5,0.00065
decay_setting_054,Baseline prompt,90.5,0.0006
decay_setting_054,Baseline prompt,91.5,0.00055
decay_setting_054,Baseline prompt,92.5,0.0005
decay_setting_054,Baseline prompt,93.5,0.00045
decay_setting_054,Baseline prompt,94.5,0.0004
decay_setting_054,Baseline prompt,95.5,0.00035
decay_setting_054,Baseline prompt,96.5,0.0003
decay_setting_054,Baseline prompt,97.5,0.00025
decay_setting_054,Baseline prompt,98.5,0.0002
decay_setting_054,Baseline prompt,99.5,0.00015
decay_setting_055,Baseline prompt,0.5,0.85
decay_setting_055,Baseline prompt,1.5,0.83
decay_setting_055,Baseline prompt,2.5,0.81
decay_setting_055,Baseline prompt,3.5,0.78
decay_setting_055,Baseline prompt,4.5,0.76
decay_setting_055,Baseline prompt,5.5,0.74
decay_setting_055,Baseline prompt,6.5,0.72
decay_setting_055,Baseline prompt,7.5,0.69
decay_setting_055,Baseline prompt,8.5,0.66
decay_setting_055,Baseline prompt,9.5,0.63
decay_setting_055,Baseline prompt,10.5,0.6
decay_setting_055,Baseline prompt,11.5,0.57
decay_setting_055,Baseline prompt,12.5,0.54
decay_setting_055,Baseline prompt,13.5,0.51
decay_setting_055,Baseline prompt,14.5,0.48
decay_setting_055,Baseline prompt,15.5,0.45
decay_setting_055,Baseline prompt,16.5,0.43
decay_setting_055,Baseline prompt,17.5,0.41
decay_setting_055,Baseline prompt,18.5,0.39
decay_setting_055,Baseline prompt,19.5,0.37
decay_setting_055,Baseline prompt,20.5,0.35
decay_setting_055,Baseline prompt,21.5,0.33
decay_setting_055,Baseline prompt,22.5,0.31
decay_setting_055,Baseline prompt,23.5,0.29
decay_setting_055,Baseline prompt,24.5,0.28
decay_setting_055,Baseline prompt,25.5,0.26
decay_setting_055,Baseline prompt,26.5,0.24
decay_setting_055,Baseline prompt,27.5,0.22
decay_setting_055,Baseline prompt,28.5,0.2
decay_setting_055,Baseline prompt,29.5,0.18
decay_setting_055,Baseline prompt,30.5,0.17
decay_setting_055,Baseline prompt,31.5,0.16
decay_setting_055,Baseline prompt,32.5,0.15
decay_setting_055,Baseline prompt,33.5,0.14
decay_setting_055,Baseline prompt,34.5,0.13
decay_setting_055,Baseline prompt,35.5,0.12
decay_setting_055,Baseline prompt,36.5,0.11
decay_setting_055,Baseline prompt,37.5,0.1
decay_setting_055,Baseline prompt,38.5,0.09
decay_setting_055,Baseline prompt,39.5,0.08
decay_setting_055,Baseline prompt,40.5,0.08
decay_setting_055,Baseline prompt,41.5,0.07
decay_setting_055,Baseline prompt,42.5,0.07
decay_setting_055,Baseline prompt,43.5,0.06
decay_setting_055,Baseline prompt,44.5,0.06
decay_setting_055,Baseline prompt,45.5,0.06
decay_setting_055,Baseline prompt,46.5,0.05
decay_setting_055,Baseline prompt,47.5,0.05
decay_setting_055,Baseline prompt,48.5,0.05
decay_setting_055,Baseline prompt,49.5,0.05
decay_setting_055,Baseline prompt,50.5,0.04
decay_setting_055,Baseline prompt,51.5,0.04
decay_setting_055,Baseline prompt,52.5,0.04
decay_setting_055,Baseline prompt,53.5,0.04
decay_setting_055,Baseline prompt,54.5,0.03
decay_setting_055,Baseline prompt,55.5,0.03
decay_setting_055,Baseline prompt,56.5,0.03
decay_setting_055,Baseline prompt,57.5,0.03
decay_setting_055,Baseline prompt,58.5,0.02
decay_setting_055,Baseline prompt,59.5,0.02
decay_setting_055,Baseline prompt,60.5,0.02
decay_setting_055,Baseline prompt,61.5,0.02
decay_setting_055,Baseline prompt,62.5,0.02
decay_setting_055,Baseline prompt,63.5,0.02
decay_setting_055,Baseline prompt,64.5,0.02
decay_setting_055,Baseline prompt,65.5,0.02
decay_setting_055,Baseline prompt,66.5,0.02
decay_setting_055,Baseline prompt,67.5,0.01
decay_setting_055,Baseline prompt,68.5,0.01
decay_setting_055,Baseline prompt,69.5,0.01
decay_setting_055,Baseline prompt,70.5,0.01
decay_setting_055,Baseline prompt,71.5,0.01
decay_setting_055,Baseline prompt,72.5,0.01
decay_setting_055,Baseline prompt,73.5,0.01
decay_setting_055,Baseline prompt,74.5,0.01
decay_setting_055,Baseline prompt,75.5,0.01
decay_setting_055,Baseline prompt,76.5,0.01
decay_setting_055,Baseline prompt,77.5,0.01
decay_setting_055,Baseline prompt,78.5,0.01
decay_setting_055,Baseline prompt,79.5,0.01
decay_setting_055,Baseline prompt,80.5,0.01
decay_setting_055,Baseline prompt,81.5,0.01
decay_setting_055,Baseline prompt,82.5,0.01
decay_setting_055,Baseline prompt,83.5,0.01
decay_setting_055,Baseline prompt,84.5,0.01
decay_setting_055,Baseline prompt,85.5,0.01
decay_setting_055,Baseline prompt,86.5,0.01
decay_setting_055,Baseline prompt,87.5,0.01
decay_setting_055,Baseline prompt,88.5,0.01
decay_setting_055,Baseline prompt,89.5,0.01
decay_setting_055,Baseline prompt,90.5,0.01
decay_setting_055,Baseline prompt,91.5,0.01
decay_setting_055,Baseline prompt,92.5,0.01
decay_setting_055,Baseline prompt,93.5,0.01
decay_setting_055,Baseline prompt,94.5,0.01
decay_setting_055,Baseline prompt,95.5,0.01
decay_setting_055,Baseline prompt,96.5,0.01
decay_setting_055,Baseline prompt,97.5,0.01
decay_setting_055,Baseline prompt,98.5,0.01
decay_setting_055,Baseline prompt,99.5,0.01
decay_setting_055,Blueprint prompt,0.5,0.92
decay_setting_055,Blueprint prompt,1.5,0.88
decay_setting_055,Blueprint prompt,2.5,0.86
decay_setting_055,Blueprint prompt,3.5,0.81
decay_setting_055,Blueprint prompt,4.5,0.76
decay_setting_055,Blueprint prompt,5.5,0.7
decay_setting_055,Blueprint prompt,6.5,0.67
decay_setting_055,Blueprint prompt,7.5,0.63
decay_setting_055,Blueprint prompt,8.5,0.59
decay_setting_055,Blueprint prompt,9.5,0.56
decay_setting_055,Blueprint prompt,10.5,0.53
decay_setting_055,Blueprint prompt,11.5,0.5
decay_setting_055,Blueprint prompt,12.5,0.48
decay_setting_055,Blueprint prompt,13.5,0.45
decay_setting_055,Blueprint prompt,14.5,0.42
decay_setting_055,Blueprint prompt,15.5,0.4
decay_setting_055,Blueprint prompt,16.5,0.38
decay_setting_055,Blueprint prompt,17.5,0.36
decay_setting_055,Blueprint prompt,18.5,0.33
decay_setting_055,Blueprint prompt,19.5,0.3
decay_setting_055,Blueprint prompt,20.5,0.28
decay_setting_055,Blueprint prompt,21.5,0.26
decay_setting_055,Blueprint prompt,22.5,0.23
decay_setting_055,Blueprint prompt,23.5,0.22
decay_setting_055,Blueprint prompt,24.5,0.2
decay_setting_055,Blueprint prompt,25.5,0.18
decay_setting_055,Blueprint prompt,26.5,0.16
decay_setting_055,Blueprint prompt,27.5,0.14
decay_setting_055,Blueprint prompt,28.5,0.12
decay_setting_055,Blueprint prompt,29.5,0.1
decay_setting_055,Blueprint prompt,30.5,0.09
decay_setting_055,Blueprint prompt,31.5,0.08
decay_setting_055,Blueprint prompt,32.5,0.07
decay_setting_055,Blueprint prompt,33.5,0.07
decay_setting_055,Blueprint prompt,34.5,0.06
decay_setting_055,Blueprint prompt,35.5,0.06
decay_setting_055,Blueprint prompt,36.5,0.05
decay_setting_055,Blueprint prompt,37.5,0.04
decay_setting_055,Blueprint prompt,38.5,0.04
decay_setting_055,Blueprint prompt,39.5,0.03
decay_setting_055,Blueprint prompt,40.5,0.03
decay_setting_055,Blueprint prompt,41.5,0.03
decay_setting_055,Blueprint prompt,42.5,0.02
decay_setting_055,Blueprint prompt,43.5,0.02
decay_setting_055,Blueprint prompt,44.5,0.02
decay_setting_055,Blueprint prompt,45.5,0.02
decay_setting_055,Blueprint prompt,46.5,0.02
decay_setting_055,Blueprint prompt,47.5,0.02
decay_setting_055,Blueprint prompt,48.5,0.01
decay_setting_055,Blueprint prompt,49.5,0.01
decay_setting_055,Blueprint prompt,50.5,0.01
decay_setting_055,Blueprint prompt,51.5,0.01
decay_setting_055,Blueprint prompt,52.5,0.01
decay_setting_055,Blueprint prompt,53.5,0.01
decay_setting_055,Blueprint prompt,54.5,0.01
decay_setting_055,Blueprint prompt,55.5,0.01
decay_setting_055,Blueprint prompt,56.5,0.01
decay_setting_055,Blueprint prompt,57.5,0.01
decay_setting_055,Blueprint prompt,58.5,0.01
decay_setting_055,Blueprint prompt,59.5,0.01
decay_setting_055,Blueprint prompt,60.5,0.01
decay_setting_055,Blueprint prompt,61.5,0.01
decay_setting_055,Blueprint prompt,62.5,0.01
decay_setting_055,Blueprint prompt,63.5,0.01
decay_setting_055,Blueprint prompt,64.5,0.01
decay_setting_055,Blueprint prompt,65.5,0.01
decay_setting_055,Blueprint prompt,66.5,0.01
decay_setting_055,Blueprint prompt,67.5,0.01
decay_setting_055,Blueprint prompt,68.5,0.01
decay_setting_055,Blueprint prompt,69.5,0.01
decay_setting_055,Blueprint prompt,70.5,0.01
decay_setting_055,Blueprint prompt,71.5,0.01
decay_setting_055,Blueprint prompt,72.5,0.01
decay_setting_055,Blueprint prompt,73.5,0.01
decay_setting_055,Blueprint prompt,74.5,0.01
decay_setting_055,Blueprint prompt,75.5,0.01
decay_setting_055,Blueprint prompt,76.5,0.01
decay_setting_055,Blueprint prompt,77.5,0.01
decay_setting_055,Blueprint prompt,78.5,0.01
decay_setting_055,Blueprint prompt,79.5,0.01
decay_setting_055,Blueprint prompt,80.5,0.01
decay_setting_055,Blueprint prompt,81.5,0.01
decay_setting_055,Blueprint prompt,82.5,0.01
decay_setting_055,Blueprint prompt,83.5,0.01
decay_setting_055,Blueprint prompt,84.5,0.01
decay_setting_055,Blueprint prompt,85.5,0.01
decay_setting_055,Blueprint prompt,86.5,0.01
decay_setting_055,Blueprint prompt,87.5,0.01
decay_setting_055,Blueprint prompt,88.5,0.01
decay_setting_055,Blueprint prompt,89.5,0.01
decay_setting_055,Blueprint prompt,90.5,0.01
decay_setting_055,Blueprint prompt,91.5,0.01
decay_setting_055,Blueprint prompt,92.5,0.01
decay_setting_055,Blueprint prompt,93.5,0.01
decay_setting_055,Blueprint prompt,94.5,0.01
decay_setting_055,Blueprint prompt,95.5,0.01
decay_setting_055,Blueprint prompt,96.5,0.01
decay_setting_055,Blueprint prompt,97.5,0.01
decay_setting_055,Blueprint prompt,98.5,0.01
decay_setting_055,Blueprint prompt,99.5,0.01
decay_setting_056,Blueprint prompt,0.5,0.93
decay_setting_056,Blueprint prompt,1.5,0.91
decay_setting_056,Blueprint prompt,2.5,0.88
decay_setting_056,Blueprint prompt,3.5,0.86
decay_setting_056,Blueprint prompt,4.5,0.84
decay_setting_056,Blueprint prompt,5.5,0.82
decay_setting_056,Blueprint prompt,6.5,0.81
decay_setting_056,Blueprint prompt,7.5,0.79
decay_setting_056,Blueprint prompt,8.5,0.77
decay_setting_056,Blueprint prompt,9.5,0.75
decay_setting_056,Blueprint prompt,10.5,0.73
decay_setting_056,Blueprint prompt,11.5,0.71
decay_setting_056,Blueprint prompt,12.5,0.69
decay_setting_056,Blueprint prompt,13.5,0.67
decay_setting_056,Blueprint prompt,14.5,0.65
decay_setting_056,Blueprint prompt,15.5,0.63
decay_setting_056,Blueprint prompt,16.5,0.61
decay_setting_056,Blueprint prompt,17.5,0.6
decay_setting_056,Blueprint prompt,18.5,0.58
decay_setting_056,Blueprint prompt,19.5,0.56
decay_setting_056,Blueprint prompt,20.5,0.54
decay_setting_056,Blueprint prompt,21.5,0.52
decay_setting_056,Blueprint prompt,22.5,0.5
decay_setting_056,Blueprint prompt,23.5,0.48
decay_setting_056,Blueprint prompt,24.5,0.46
decay_setting_056,Blueprint prompt,25.5,0.45
decay_setting_056,Blueprint prompt,26.5,0.43
decay_setting_056,Blueprint prompt,27.5,0.41
decay_setting_056,Blueprint prompt,28.5,0.39
decay_setting_056,Blueprint prompt,29.5,0.37
decay_setting_056,Blueprint prompt,30.5,0.35
decay_setting_056,Blueprint prompt,31.5,0.34
decay_setting_056,Blueprint prompt,32.5,0.32
decay_setting_056,Blueprint prompt,33.5,0.31
decay_setting_056,Blueprint prompt,34.5,0.29
decay_setting_056,Blueprint prompt,35.5,0.27
decay_setting_056,Blueprint prompt,36.5,0.26
decay_setting_056,Blueprint prompt,37.5,0.24
decay_setting_056,Blueprint prompt,38.5,0.23
decay_setting_056,Blueprint prompt,39.5,0.21
decay_setting_056,Blueprint prompt,40.5,0.19
decay_setting_056,Blueprint prompt,41.5,0.18
decay_setting_056,Blueprint prompt,42.5,0.16
decay_setting_056,Blueprint prompt,43.5,0.15
decay_setting_056,Blueprint prompt,44.5,0.14
decay_setting_056,Blueprint prompt,45.5,0.13
decay_setting_056,Blueprint prompt,46.5,0.12
decay_setting_056,Blueprint prompt,47.5,0.11
decay_setting_056,Blueprint prompt,48.5,0.11
decay_setting_056,Blueprint prompt,49.5,0.1
decay_setting_056,Blueprint prompt,50.5,0.1
decay_setting_056,Blueprint prompt,51.5,0.1
decay_setting_056,Blueprint prompt,52.5,0.09
decay_setting_056,Blueprint prompt,53.5,0.09
decay_setting_056,Blueprint prompt,54.5,0.08
decay_setting_056,Blueprint prompt,55.5,0.08
decay_setting_056,Blueprint prompt,56.5,0.08
decay_setting_056,Blueprint prompt,57.5,0.07
decay_setting_056,Blueprint prompt,58.5,0.07
decay_setting_056,Blueprint prompt,59.5,0.06
decay_setting_056,Blueprint prompt,60.5,0.06
decay_setting_056,Blueprint prompt,61.5,0.06
decay_setting_056,Blueprint prompt,62.5,0.05
decay_setting_056,Blueprint prompt,63.5,0.05
decay_setting_056,Blueprint prompt,64.5,0.05
decay_setting_056,Blueprint prompt,65.5,0.05
decay_setting_056,Blueprint prompt,66.5,0.05
decay_setting_056,Blueprint prompt,67.5,0.05
decay_setting_056,Blueprint prompt,68.5,0.05
decay_setting_056,Blueprint prompt,69.5,0.04
decay_setting_056,Blueprint prompt,70.5,0.04
decay_setting_056,Blueprint prompt,71.5,0.04
decay_setting_056,Blueprint prompt,72.5,0.04
decay_setting_056,Blueprint prompt,73.5,0.04
decay_setting_056,Blueprint prompt,74.5,0.03
decay_setting_056,Blueprint prompt,75.5,0.03
decay_setting_056,Blueprint prompt,76.5,0.03
decay_setting_056,Blueprint prompt,77.5,0.03
decay_setting_056,Blueprint prompt,78.5,0.03
decay_setting_056,Blueprint prompt,79.5,0.02
decay_setting_056,Blueprint prompt,80.5,0.02
decay_setting_056,Blueprint prompt,81.5,0.02
decay_setting_056,Blueprint prompt,82.5,0.02
decay_setting_056,Blueprint prompt,83.5,0.02
decay_setting_056,Blueprint prompt,84.5,0.01
decay_setting_056,Blueprint prompt,85.5,0.01
decay_setting_056,Blueprint prompt,86.5,0.01
decay_setting_056,Blueprint prompt,87.5,0.01
decay_setting_056,Blueprint prompt,88.5,0.01
decay_setting_056,Blueprint prompt,89.5,0.01
decay_setting_056,Blueprint prompt,90.5,0.01
decay_setting_056,Blueprint prompt,91.5,0.01
decay_setting_056,Blueprint prompt,92.5,0.01
decay_setting_056,Blueprint prompt,93.5,0.01
decay_setting_056,Blueprint prompt,94.5,0.01
decay_setting_056,Blueprint prompt,95.5,0.01
decay_setting_056,Blueprint prompt,96.5,0.01
decay_setting_056,Blueprint prompt,97.5,0.01
decay_setting_056,Blueprint prompt,98.5,0.01
decay_setting_056,Blueprint prompt,99.5,0.01
decay_setting_057,Baseline prompt,0.5,0.8
decay_setting_057,Baseline prompt,1.5,0.76
decay_setting_057,Baseline prompt,2.5,0.72
decay_setting_057,Baseline prompt,3.5,0.68
decay_setting_057,Baseline prompt,4.5,0.64
decay_setting_057,Baseline prompt,5.5,0.6
decay_setting_057,Baseline prompt,6.5,0.57
decay_setting_057,Baseline prompt,7.5,0.53
decay_setting_057,Baseline prompt,8.5,0.49
decay_setting_057,Baseline prompt,9.5,0.46
decay_setting_057,Baseline prompt,10.5,0.42
decay_setting_057,Baseline prompt,11.5,0.39
decay_setting_057,Baseline prompt,12.5,0.36
decay_setting_057,Baseline prompt,13.5,0.33
decay_setting_057,Baseline prompt,14.5,0.3
decay_setting_057,Baseline prompt,15.5,0.27
decay_setting_057,Baseline prompt,16.5,0.24
decay_setting_057,Baseline prompt,17.5,0.22
decay_setting_057,Baseline prompt,18.5,0.2
decay_setting_057,Baseline prompt,19.5,0.18
decay_setting_057,Baseline prompt,20.5,0.16
decay_setting_057,Baseline prompt,21.5,0.14
decay_setting_057,Baseline prompt,22.5,0.13
decay_setting_057,Baseline prompt,23.5,0.12
decay_setting_057,Baseline prompt,24.5,0.11
decay_setting_057,Baseline prompt,25.5,0.1
decay_setting_057,Baseline prompt,26.5,0.09
decay_setting_057,Baseline prompt,27.5,0.08
decay_setting_057,Baseline prompt,28.5,0.07
decay_setting_057,Baseline prompt,29.5,0.06
decay_setting_057,Baseline prompt,30.5,0.055
decay_setting_057,Baseline prompt,31.5,0.05
decay_setting_057,Baseline prompt,32.5,0.045
decay_setting_057,Baseline prompt,33.5,0.04
decay_setting_057,Baseline prompt,34.5,0.035
decay_setting_057,Baseline prompt,35.5,0.03
decay_setting_057,Baseline prompt,36.5,0.028
decay_setting_057,Baseline prompt,37.5,0.026
decay_setting_057,Baseline prompt,38.5,0.024
decay_setting_057,Baseline prompt,39.5,0.022
decay_setting_057,Baseline prompt,40.5,0.02
decay_setting_057,Baseline prompt,41.5,0.019
decay_setting_057,Baseline prompt,42.5,0.018
decay_setting_057,Baseline prompt,43.5,0.017
decay_setting_057,Baseline prompt,44.5,0.016
decay_setting_057,Baseline prompt,45.5,0.015
decay_setting_057,Baseline prompt,46.5,0.014
decay_setting_057,Baseline prompt,47.5,0.013
decay_setting_057,Baseline prompt,48.5,0.012
decay_setting_057,Baseline prompt,49.5,0.011
decay_setting_057,Baseline prompt,50.5,0.01
decay_setting_057,Baseline prompt,51.5,0.009
decay_setting_057,Baseline prompt,52.5,0.008
decay_setting_057,Baseline prompt,53.5,0.0075
decay_setting_057,Baseline prompt,54.5,0.007
decay_setting_057,Baseline prompt,55.5,0.0065
decay_setting_057,Baseline prompt,56.5,0.006
decay_setting_057,Baseline prompt,57.5,0.0055
decay_setting_057,Baseline prompt,58.5,0.005
decay_setting_057,Baseline prompt,59.5,0.0045
decay_setting_057,Baseline prompt,60.5,0.004
decay_setting_057,Baseline prompt,61.5,0.0038
decay_setting_057,Baseline prompt,62.5,0.0036
decay_setting_057,Baseline prompt,63.5,0.0034
decay_setting_057,Baseline prompt,64.5,0.0032
decay_setting_057,Baseline prompt,65.5,0.003
decay_setting_057,Baseline prompt,66.5,0.0028
decay_setting_057,Baseline prompt,67.5,0.0026
decay_setting_057,Baseline prompt,68.5,0.0024
decay_setting_057,Baseline prompt,69.5,0.0022
decay_setting_057,Baseline prompt,70.5,0.002
decay_setting_057,Baseline prompt,71.5,0.0019
decay_setting_057,Baseline prompt,72.5,0.0018
decay_setting_057,Baseline prompt,73.5,0.0017
decay_setting_057,Baseline prompt,74.5,0.0016
decay_setting_057,Baseline prompt,75.5,0.0015
decay_setting_057,Baseline prompt,76.5,0.0014
decay_setting_057,Baseline prompt,77.5,0.0013
decay_setting_057,Baseline prompt,78.5,0.0012
decay_setting_057,Baseline prompt,79.5,0.0011
decay_setting_057,Baseline prompt,80.5,0.001
decay_setting_057,Baseline prompt,81.5,0.00095
decay_setting_057,Baseline prompt,82.5,0.0009
decay_setting_057,Baseline prompt,83.5,0.00085
decay_setting_057,Baseline prompt,84.5,0.0008
decay_setting_057,Baseline prompt,85.5,0.00075
decay_setting_057,Baseline prompt,86.5,0.0007
decay_setting_057,Baseline prompt,87.5,0.00065
decay_setting_057,Baseline prompt,88.5,0.0006
decay_setting_057,Baseline prompt,89.5,0.00055
decay_setting_057,Baseline prompt,90.5,0.0005
decay_setting_057,Baseline prompt,91.5,0.00045
decay_setting_057,Baseline prompt,92.5,0.0004
decay_setting_057,Baseline prompt,93.5,0.00035
decay_setting_057,Baseline prompt,94.5,0.0003
decay_setting_057,Baseline prompt,95.5,0.00025
decay_setting_057,Baseline prompt,96.5,0.0002
decay_setting_057,Baseline prompt,97.5,0.00015
decay_setting_057,Baseline prompt,98.5,0.0001
decay_setting_057,Baseline prompt,99.5,5e-05
decay_setting_058,Baseline prompt,0.5,0.95
decay_setting_058,Baseline prompt,1.5,0.92
decay_setting_058,Baseline prompt,2.5,0.89
decay_setting_058,Baseline prompt,3.5,0.86
decay_setting_058,Baseline prompt,4.5,0.84
decay_setting_058,Baseline prompt,5.5,0.81
decay_setting_058,Baseline prompt,6.5,0.78
decay_setting_058,Baseline prompt,7.5,0.74
decay_setting_058,Baseline prompt,8.5,0.71
decay_setting_058,Baseline prompt,9.5,0.68
decay_setting_058,Baseline prompt,10.5,0.64
decay_setting_058,Baseline prompt,11.5,0.61
decay_setting_058,Baseline prompt,12.5,0.57
decay_setting_058,Baseline prompt,13.5,0.54
decay_setting_058,Baseline prompt,14.5,0.51
decay_setting_058,Baseline prompt,15.5,0.48
decay_setting_058,Baseline prompt,16.5,0.46
decay_setting_058,Baseline prompt,17.5,0.44
decay_setting_058,Baseline prompt,18.5,0.42
decay_setting_058,Baseline prompt,19.5,0.4
decay_setting_058,Baseline prompt,20.5,0.38
decay_setting_058,Baseline prompt,21.5,0.36
decay_setting_058,Baseline prompt,22.5,0.34
decay_setting_058,Baseline prompt,23.5,0.32
decay_setting_058,Baseline prompt,24.5,0.31
decay_setting_058,Baseline prompt,25.5,0.29
decay_setting_058,Baseline prompt,26.5,0.28
decay_setting_058,Baseline prompt,27.5,0.27
decay_setting_058,Baseline prompt,28.5,0.26
decay_setting_058,Baseline prompt,29.5,0.24
decay_setting_058,Baseline prompt,30.5,0.23
decay_setting_058,Baseline prompt,31.5,0.22
decay_setting_058,Baseline prompt,32.5,0.21
decay_setting_058,Baseline prompt,33.5,0.2
decay_setting_058,Baseline prompt,34.5,0.19
decay_setting_058,Baseline prompt,35.5,0.18
decay_setting_058,Baseline prompt,36.5,0.17
decay_setting_058,Baseline prompt,37.5,0.16
decay_setting_058,Baseline prompt,38.5,0.15
decay_setting_058,Baseline prompt,39.5,0.14
decay_setting_058,Baseline prompt,40.5,0.13
decay_setting_058,Baseline prompt,41.5,0.12
decay_setting_058,Baseline prompt,42.5,0.11
decay_setting_058,Baseline prompt,43.5,0.1
decay_setting_058,Baseline prompt,44.5,0.09
decay_setting_058,Baseline prompt,45.5,0.09
decay_setting_058,Baseline prompt,46.5,0.08
decay_setting_058,Baseline prompt,47.5,0.08
decay_setting_058,Baseline prompt,48.5,0.07
decay_setting_058,Baseline prompt,49.5,0.07
decay_setting_058,Baseline prompt,50.5,0.06
decay_setting_058,Baseline prompt,51.5,0.06
decay_setting_058,Baseline prompt,52.5,0.05
decay_setting_058,Baseline prompt,53.5,0.05
decay_setting_058,Baseline prompt,54.5,0.05
decay_setting_058,Baseline prompt,55.5,0.04
decay_setting_058,Baseline prompt,56.5,0.04
decay_setting_058,Baseline prompt,57.5,0.04
decay_setting_058,Baseline prompt,58.5,0.04
decay_setting_058,Baseline prompt,59.5,0.03
decay_setting_058,Baseline prompt,60.5,0.03
decay_setting_058,Baseline prompt,61.5,0.03
decay_setting_058,Baseline prompt,62.5,0.03
decay_setting_058,Baseline prompt,63.5,0.02
decay_setting_058,Baseline prompt,64.5,0.02
decay_setting_058,Baseline prompt,65.5,0.02
decay_setting_058,Baseline prompt,66.5,0.02
decay_setting_058,Baseline prompt,67.5,0.02
decay_setting_058,Baseline prompt,68.5,0.01
decay_setting_058,Baseline prompt,69.5,0.01
decay_setting_058,Baseline prompt,70.5,0.01
decay_setting_058,Baseline prompt,71.5,0.01
decay_setting_058,Baseline prompt,72.5,0.01
decay_setting_058,Baseline prompt,73.5,0.01
decay_setting_058,Baseline prompt,74.5,0.01
decay_setting_058,Baseline prompt,75.5,0.01
decay_setting_058,Baseline prompt,76.5,0.01
decay_setting_058,Baseline prompt,77.5,0.01
decay_setting_058,Baseline prompt,78.5,0.01
decay_setting_058,Baseline prompt,79.5,0.01
decay_setting_058,Baseline prompt,80.5,0.01
decay_setting_058,Baseline prompt,81.5,0.01
decay_setting_058,Baseline prompt,82.5,0.01
decay_setting_058,Baseline prompt,83.5,0.01
decay_setting_058,Baseline prompt,84.5,0.01
decay_setting_058,Baseline prompt,85.5,0.01
decay_setting_058,Baseline prompt,86.5,0.01
decay_setting_058,Baseline prompt,87.5,0.01
decay_setting_058,Baseline prompt,88.5,0.01
decay_setting_058,Baseline prompt,89.5,0.01
decay_setting_058,Baseline prompt,90.5,0.01
decay_setting_058,Baseline prompt,91.5,0.01
decay_setting_058,Baseline prompt,92.5,0.01
decay_setting_058,Baseline prompt,93.5,0.01
decay_setting_058,Baseline prompt,94.5,0.01
decay_setting_058,Baseline prompt,95.5,0.01
decay_setting_058,Baseline prompt,96.5,0.01
decay_setting_058,Baseline prompt,97.5,0.01
decay_setting_058,Baseline prompt,98.5,0.01
decay_setting_058,Baseline prompt,99.5,0.01
decay_setting_059,Baseline prompt,0.5,0.85
decay_setting_059,Baseline prompt,1.5,0.83
decay_setting_059,Baseline prompt,2.5,0.81
decay_setting_059,Baseline prompt,3.5,0.78
decay_setting_059,Baseline prompt,4.5,0.75
decay_setting_059,Baseline prompt,5.5,0.72
decay_setting_059,Baseline prompt,6.5,0.69
decay_setting_059,Baseline prompt,7.5,0.66
decay_setting_059,Baseline prompt,8.5,0.63
decay_setting_059,Baseline prompt,9.5,0.61
decay_setting_059,Baseline prompt,10.5,0.59
decay_setting_059,Baseline prompt,11.5,0.57
decay_setting_059,Baseline prompt,12.5,0.55
decay_setting_059,Baseline prompt,13.5,0.53
decay_setting_059,Baseline prompt,14.5,0.51
decay_setting_059,Baseline prompt,15.5,0.49
decay_setting_059,Baseline prompt,16.5,0.47
decay_setting_059,Baseline prompt,17.5,0.45
decay_setting_059,Baseline prompt,18.5,0.43
decay_setting_059,Baseline prompt,19.5,0.41
decay_setting_059,Baseline prompt,20.5,0.39
decay_setting_059,Baseline prompt,21.5,0.38
decay_setting_059,Baseline prompt,22.5,0.36
decay_setting_059,Baseline prompt,23.5,0.34
decay_setting_059,Baseline prompt,24.5,0.32
decay_setting_059,Baseline prompt,25.5,0.31
decay_setting_059,Baseline prompt,26.5,0.29
decay_setting_059,Baseline prompt,27.5,0.28
decay_setting_059,Baseline prompt,28.5,0.26
decay_setting_059,Baseline prompt,29.5,0.25
decay_setting_059,Baseline prompt,30.5,0.24
decay_setting_059,Baseline prompt,31.5,0.22
decay_setting_059,Baseline prompt,32.5,0.21
decay_setting_059,Baseline prompt,33.5,0.19
decay_setting_059,Baseline prompt,34.5,0.18
decay_setting_059,Baseline prompt,35.5,0.17
decay_setting_059,Baseline prompt,36.5,0.15
decay_setting_059,Baseline prompt,37.5,0.14
decay_setting_059,Baseline prompt,38.5,0.13
decay_setting_059,Baseline prompt,39.5,0.12
decay_setting_059,Baseline prompt,40.5,0.11
decay_setting_059,Baseline prompt,41.5,0.1
decay_setting_059,Baseline prompt,42.5,0.095
decay_setting_059,Baseline prompt,43.5,0.09
decay_setting_059,Baseline prompt,44.5,0.085
decay_setting_059,Baseline prompt,45.5,0.08
decay_setting_059,Baseline prompt,46.5,0.075
decay_setting_059,Baseline prompt,47.5,0.07
decay_setting_059,Baseline prompt,48.5,0.065
decay_setting_059,Baseline prompt,49.5,0.06
decay_setting_059,Baseline prompt,50.5,0.055
decay_setting_059,Baseline prompt,51.5,0.05
decay_setting_059,Baseline prompt,52.5,0.047
decay_setting_059,Baseline prompt,53.5,0.043
decay_setting_059,Baseline prompt,54.5,0.04
decay_setting_059,Baseline prompt,55.5,0.037
decay_setting_059,Baseline prompt,56.5,0.035
decay_setting_059,Baseline prompt,57.5,0.032
decay_setting_059,Baseline prompt,58.5,0.03
decay_setting_059,Baseline prompt,59.5,0.027
decay_setting_059,Baseline prompt,60.5,0.025
decay_setting_059,Baseline prompt,61.5,0.022
decay_setting_059,Baseline prompt,62.5,0.02
decay_setting_059,Baseline prompt,63.5,0.018
decay_setting_059,Baseline prompt,64.5,0.016
decay_setting_059,Baseline prompt,65.5,0.014
decay_setting_059,Baseline prompt,66.5,0.012
decay_setting_059,Baseline prompt,67.5,0.011
decay_setting_059,Baseline prompt,68.5,0.009
decay_setting_059,Baseline prompt,69.5,0.008
decay_setting_059,Baseline prompt,70.5,0.007
decay_setting_059,Baseline prompt,71.5,0.006
decay_setting_059,Baseline prompt,72.5,0.005
decay_setting_059,Baseline prompt,73.5,0.004
decay_setting_059,Baseline prompt,74.5,0.0035
decay_setting_059,Baseline prompt,75.5,0.003
decay_setting_059,Baseline prompt,76.5,0.0025
decay_setting_059,Baseline prompt,77.5,0.002
decay_setting_059,Baseline prompt,78.5,0.0018
decay_setting_059,Baseline prompt,79.5,0.0015
decay_setting_059,Baseline prompt,80.5,0.0013
decay_setting_059,Baseline prompt,81.5,0.001
decay_setting_059,Baseline prompt,82.5,0.0009
decay_setting_059,Baseline prompt,83.5,0.0007
decay_setting_059,Baseline prompt,84.5,0.0006
decay_setting_059,Baseline prompt,85.5,0.0005
decay_setting_059,Baseline prompt,86.5,0.0004
decay_setting_059,Baseline prompt,87.5,0.0003
decay_setting_059,Baseline prompt,88.5,0.00025
decay_setting_059,Baseline prompt,89.5,0.0002
decay_setting_059,Baseline prompt,90.5,0.00015
decay_setting_059,Baseline prompt,91.5,0.0001
decay_setting_059,Baseline prompt,92.5,8e-05
decay_setting_059,Baseline prompt,93.5,6e-05
decay_setting_059,Baseline prompt,94.5,5e-05
decay_setting_059,Baseline prompt,95.5,4e-05
decay_setting_059,Baseline prompt,96.5,3e-05
decay_setting_059,Baseline prompt,97.5,2e-05
decay_setting_059,Baseline prompt,98.5,1e-05
decay_setting_059,Baseline prompt,99.5,0.0
decay_setting_058,Blueprint prompt,0.5,0.88
decay_setting_058,Blueprint prompt,1.5,0.86
decay_setting_058,Blueprint prompt,2.5,0.85
decay_setting_058,Blueprint prompt,3.5,0.83
decay_setting_058,Blueprint prompt,4.5,0.81
decay_setting_058,Blueprint prompt,5.5,0.79
decay_setting_058,Blueprint prompt,6.5,0.77
decay_setting_058,Blueprint prompt,7.5,0.74
decay_setting_058,Blueprint prompt,8.5,0.72
decay_setting_058,Blueprint prompt,9.5,0.7
decay_setting_058,Blueprint prompt,10.5,0.68
decay_setting_058,Blueprint prompt,11.5,0.66
decay_setting_058,Blueprint prompt,12.5,0.64
decay_setting_058,Blueprint prompt,13.5,0.63
decay_setting_058,Blueprint prompt,14.5,0.61
decay_setting_058,Blueprint prompt,15.5,0.59
decay_setting_058,Blueprint prompt,16.5,0.58
decay_setting_058,Blueprint prompt,17.5,0.56
decay_setting_058,Blueprint prompt,18.5,0.54
decay_setting_058,Blueprint prompt,19.5,0.52
decay_setting_058,Blueprint prompt,20.5,0.5
decay_setting_058,Blueprint prompt,21.5,0.49
decay_setting_058,Blueprint prompt,22.5,0.47
decay_setting_058,Blueprint prompt,23.5,0.45
decay_setting_058,Blueprint prompt,24.5,0.44
decay_setting_058,Blueprint prompt,25.5,0.42
decay_setting_058,Blueprint prompt,26.5,0.4
decay_setting_058,Blueprint prompt,27.5,0.39
decay_setting_058,Blueprint prompt,28.5,0.37
decay_setting_058,Blueprint prompt,29.5,0.36
decay_setting_058,Blueprint prompt,30.5,0.34
decay_setting_058,Blueprint prompt,31.5,0.33
decay_setting_058,Blueprint prompt,32.5,0.31
decay_setting_058,Blueprint prompt,33.5,0.3
decay_setting_058,Blueprint prompt,34.5,0.29
decay_setting_058,Blueprint prompt,35.5,0.28
decay_setting_058,Blueprint prompt,36.5,0.27
decay_setting_058,Blueprint prompt,37.5,0.26
decay_setting_058,Blueprint prompt,38.5,0.25
decay_setting_058,Blueprint prompt,39.5,0.24
decay_setting_058,Blueprint prompt,40.5,0.23
decay_setting_058,Blueprint prompt,41.5,0.22
decay_setting_058,Blueprint prompt,42.5,0.21
decay_setting_058,Blueprint prompt,43.5,0.2
decay_setting_058,Blueprint prompt,44.5,0.19
decay_setting_058,Blueprint prompt,45.5,0.19
decay_setting_058,Blueprint prompt,46.5,0.18
decay_setting_058,Blueprint prompt,47.5,0.17
decay_setting_058,Blueprint prompt,48.5,0.17
decay_setting_058,Blueprint prompt,49.5,0.16
decay_setting_058,Blueprint prompt,50.5,0.15
decay_setting_058,Blueprint prompt,51.5,0.15
decay_setting_058,Blueprint prompt,52.5,0.14
decay_setting_058,Blueprint prompt,53.5,0.13
decay_setting_058,Blueprint prompt,54.5,0.13
decay_setting_058,Blueprint prompt,55.5,0.12
decay_setting_058,Blueprint prompt,56.5,0.12
decay_setting_058,Blueprint prompt,57.5,0.11
decay_setting_058,Blueprint prompt,58.5,0.11
decay_setting_058,Blueprint prompt,59.5,0.1
decay_setting_058,Blueprint prompt,60.5,0.1
decay_setting_058,Blueprint prompt,61.5,0.09
decay_setting_058,Blueprint prompt,62.5,0.09
decay_setting_058,Blueprint prompt,63.5,0.08
decay_setting_058,Blueprint prompt,64.5,0.08
decay_setting_058,Blueprint prompt,65.5,0.08
decay_setting_058,Blueprint prompt,66.5,0.07
decay_setting_058,Blueprint prompt,67.5,0.07
decay_setting_058,Blueprint prompt,68.5,0.07
decay_setting_058,Blueprint prompt,69.5,0.06
decay_setting_058,Blueprint prompt,70.5,0.06
decay_setting_058,Blueprint prompt,71.5,0.06
decay_setting_058,Blueprint prompt,72.5,0.06
decay_setting_058,Blueprint prompt,73.5,0.05
decay_setting_058,Blueprint prompt,74.5,0.05
decay_setting_058,Blueprint prompt,75.5,0.05
decay_setting_058,Blueprint prompt,76.5,0.05
decay_setting_058,Blueprint prompt,77.5,0.05
decay_setting_058,Blueprint prompt,78.5,0.04
decay_setting_058,Blueprint prompt,79.5,0.04
decay_setting_058,Blueprint prompt,80.5,0.04
decay_setting_058,Blueprint prompt,81.5,0.04
decay_setting_058,Blueprint prompt,82.5,0.04
decay_setting_058,Blueprint prompt,83.5,0.03
decay_setting_058,Blueprint prompt,84.5,0.03
decay_setting_058,Blueprint prompt,85.5,0.03
decay_setting_058,Blueprint prompt,86.5,0.03
decay_setting_058,Blueprint prompt,87.5,0.03
decay_setting_058,Blueprint prompt,88.5,0.03
decay_setting_058,Blueprint prompt,89.5,0.02
decay_setting_058,Blueprint prompt,90.5,0.02
decay_setting_058,Blueprint prompt,91.5,0.02
decay_setting_058,Blueprint prompt,92.5,0.02
decay_setting_058,Blueprint prompt,93.5,0.02
decay_setting_058,Blueprint prompt,94.5,0.02
decay_setting_058,Blueprint prompt,95.5,0.02
decay_setting_058,Blueprint prompt,96.5,0.01
decay_setting_058,Blueprint prompt,97.5,0.01
decay_setting_058,Blueprint prompt,98.5,0.01
decay_setting_058,Blueprint prompt,99.5,0.01
decay_setting_059,Blueprint prompt,0.5,0.91
decay_setting_059,Blueprint prompt,1.5,0.89
decay_setting_059,Blueprint prompt,2.5,0.87
decay_setting_059,Blueprint prompt,3.5,0.84
decay_setting_059,Blueprint prompt,4.5,0.8
decay_setting_059,Blueprint prompt,5.5,0.78
decay_setting_059,Blueprint prompt,6.5,0.75
decay_setting_059,Blueprint prompt,7.5,0.71
decay_setting_059,Blueprint prompt,8.5,0.68
decay_setting_059,Blueprint prompt,9.5,0.64
decay_setting_059,Blueprint prompt,10.5,0.6
decay_setting_059,Blueprint prompt,11.5,0.58
decay_setting_059,Blueprint prompt,12.5,0.55
decay_setting_059,Blueprint prompt,13.5,0.53
decay_setting_059,Blueprint prompt,14.5,0.5
decay_setting_059,Blueprint prompt,15.5,0.47
decay_setting_059,Blueprint prompt,16.5,0.44
decay_setting_059,Blueprint prompt,17.5,0.42
decay_setting_059,Blueprint prompt,18.5,0.4
decay_setting_059,Blueprint prompt,19.5,0.38
decay_setting_059,Blueprint prompt,20.5,0.36
decay_setting_059,Blueprint prompt,21.5,0.34
decay_setting_059,Blueprint prompt,22.5,0.32
decay_setting_059,Blueprint prompt,23.5,0.3
decay_setting_059,Blueprint prompt,24.5,0.28
decay_setting_059,Blueprint prompt,25.5,0.26
decay_setting_059,Blueprint prompt,26.5,0.24
decay_setting_059,Blueprint prompt,27.5,0.23
decay_setting_059,Blueprint prompt,28.5,0.22
decay_setting_059,Blueprint prompt,29.5,0.2
decay_setting_059,Blueprint prompt,30.5,0.19
decay_setting_059,Blueprint prompt,31.5,0.18
decay_setting_059,Blueprint prompt,32.5,0.17
decay_setting_059,Blueprint prompt,33.5,0.16
decay_setting_059,Blueprint prompt,34.5,0.15
decay_setting_059,Blueprint prompt,35.5,0.14
decay_setting_059,Blueprint prompt,36.5,0.13
decay_setting_059,Blueprint prompt,37.5,0.12
decay_setting_059,Blueprint prompt,38.5,0.12
decay_setting_059,Blueprint prompt,39.5,0.11
decay_setting_059,Blueprint prompt,40.5,0.1
decay_setting_059,Blueprint prompt,41.5,0.09
decay_setting_059,Blueprint prompt,42.5,0.09
decay_setting_059,Blueprint prompt,43.5,0.08
decay_setting_059,Blueprint prompt,44.5,0.08
decay_setting_059,Blueprint prompt,45.5,0.07
decay_setting_059,Blueprint prompt,46.5,0.07
decay_setting_059,Blueprint prompt,47.5,0.06
decay_setting_059,Blueprint prompt,48.5,0.06
decay_setting_059,Blueprint prompt,49.5,0.05
decay_setting_059,Blueprint prompt,50.5,0.05
decay_setting_059,Blueprint prompt,51.5,0.05
decay_setting_059,Blueprint prompt,52.5,0.04
decay_setting_059,Blueprint prompt,53.5,0.04
decay_setting_059,Blueprint prompt,54.5,0.04
decay_setting_059,Blueprint prompt,55.5,0.04
decay_setting_059,Blueprint prompt,56.5,0.03
decay_setting_059,Blueprint prompt,57.5,0.03
decay_setting_059,Blueprint prompt,58.5,0.03
decay_setting_059,Blueprint prompt,59.5,0.03
decay_setting_059,Blueprint prompt,60.5,0.03
decay_setting_059,Blueprint prompt,61.5,0.02
decay_setting_059,Blueprint prompt,62.5,0.02
decay_setting_059,Blueprint prompt,63.5,0.02
decay_setting_059,Blueprint prompt,64.5,0.02
decay_setting_059,Blueprint prompt,65.5,0.02
decay_setting_059,Blueprint prompt,66.5,0.02
decay_setting_059,Blueprint prompt,67.5,0.02
decay_setting_059,Blueprint prompt,68.5,0.01
decay_setting_059,Blueprint prompt,69.5,0.01
decay_setting_059,Blueprint prompt,70.5,0.01
decay_setting_059,Blueprint prompt,71.5,0.01
decay_setting_059,Blueprint prompt,72.5,0.01
decay_setting_059,Blueprint prompt,73.5,0.01
decay_setting_059,Blueprint prompt,74.5,0.01
decay_setting_059,Blueprint prompt,75.5,0.01
decay_setting_059,Blueprint prompt,76.5,0.01
decay_setting_059,Blueprint prompt,77.5,0.01
decay_setting_059,Blueprint prompt,78.5,0.01
decay_setting_059,Blueprint prompt,79.5,0.0
decay_setting_059,Blueprint prompt,80.5,0.0
decay_setting_059,Blueprint prompt,81.5,0.0
decay_setting_059,Blueprint prompt,82.5,0.0
decay_setting_059,Blueprint prompt,83.5,0.0
decay_setting_059,Blueprint prompt,84.5,0.0
decay_setting_059,Blueprint prompt,85.5,0.0
decay_setting_059,Blueprint prompt,86.5,0.0
decay_setting_059,Blueprint prompt,87.5,0.0
decay_setting_059,Blueprint prompt,88.5,0.0
decay_setting_059,Blueprint prompt,89.5,0.0
decay_setting_059,Blueprint prompt,90.5,0.0
decay_setting_059,Blueprint prompt,91.5,0.0
decay_setting_059,Blueprint prompt,92.5,0.0
decay_setting_059,Blueprint prompt,93.5,0.0
decay_setting_059,Blueprint prompt,94.5,0.0
decay_setting_059,Blueprint prompt,95.5,0.0
decay_setting_059,Blueprint prompt,96.5,0.0
decay_setting_059,Blueprint prompt,97.5,0.0
decay_setting_059,Blueprint prompt,98.5,0.0
decay_setting_059,Blueprint prompt,99.5,0.0
decay_setting_060,Blueprint prompt,0.5,0.86
decay_setting_060,Blueprint prompt,1.5,0.85
decay_setting_060,Blueprint prompt,2.5,0.84
decay_setting_060,Blueprint prompt,3.5,0.82
decay_setting_060,Blueprint prompt,4.5,0.81
decay_setting_060,Blueprint prompt,5.5,0.8
decay_setting_060,Blueprint prompt,6.5,0.78
decay_setting_060,Blueprint prompt,7.5,0.77
decay_setting_060,Blueprint prompt,8.5,0.76
decay_setting_060,Blueprint prompt,9.5,0.74
decay_setting_060,Blueprint prompt,10.5,0.72
decay_setting_060,Blueprint prompt,11.5,0.71
decay_setting_060,Blueprint prompt,12.5,0.69
decay_setting_060,Blueprint prompt,13.5,0.68
decay_setting_060,Blueprint prompt,14.5,0.66
decay_setting_060,Blueprint prompt,15.5,0.64
decay_setting_060,Blueprint prompt,16.5,0.62
decay_setting_060,Blueprint prompt,17.5,0.61
decay_setting_060,Blueprint prompt,18.5,0.6
decay_setting_060,Blueprint prompt,19.5,0.58
decay_setting_060,Blueprint prompt,20.5,0.57
decay_setting_060,Blueprint prompt,21.5,0.55
decay_setting_060,Blueprint prompt,22.5,0.54
decay_setting_060,Blueprint prompt,23.5,0.53
decay_setting_060,Blueprint prompt,24.5,0.51
decay_setting_060,Blueprint prompt,25.5,0.49
decay_setting_060,Blueprint prompt,26.5,0.48
decay_setting_060,Blueprint prompt,27.5,0.46
decay_setting_060,Blueprint prompt,28.5,0.45
decay_setting_060,Blueprint prompt,29.5,0.43
decay_setting_060,Blueprint prompt,30.5,0.42
decay_setting_060,Blueprint prompt,31.5,0.41
decay_setting_060,Blueprint prompt,32.5,0.4
decay_setting_060,Blueprint prompt,33.5,0.39
decay_setting_060,Blueprint prompt,34.5,0.37
decay_setting_060,Blueprint prompt,35.5,0.36
decay_setting_060,Blueprint prompt,36.5,0.34
decay_setting_060,Blueprint prompt,37.5,0.33
decay_setting_060,Blueprint prompt,38.5,0.32
decay_setting_060,Blueprint prompt,39.5,0.31
decay_setting_060,Blueprint prompt,40.5,0.3
decay_setting_060,Blueprint prompt,41.5,0.29
decay_setting_060,Blueprint prompt,42.5,0.28
decay_setting_060,Blueprint prompt,43.5,0.27
decay_setting_060,Blueprint prompt,44.5,0.26
decay_setting_060,Blueprint prompt,45.5,0.25
decay_setting_060,Blueprint prompt,46.5,0.24
decay_setting_060,Blueprint prompt,47.5,0.23
decay_setting_060,Blueprint prompt,48.5,0.22
decay_setting_060,Blueprint prompt,49.5,0.21
decay_setting_060,Blueprint prompt,50.5,0.2
decay_setting_060,Blueprint prompt,51.5,0.19
decay_setting_060,Blueprint prompt,52.5,0.18
decay_setting_060,Blueprint prompt,53.5,0.18
decay_setting_060,Blueprint prompt,54.5,0.17
decay_setting_060,Blueprint prompt,55.5,0.16
decay_setting_060,Blueprint prompt,56.5,0.15
decay_setting_060,Blueprint prompt,57.5,0.15
decay_setting_060,Blueprint prompt,58.5,0.14
decay_setting_060,Blueprint prompt,59.5,0.13
decay_setting_060,Blueprint prompt,60.5,0.13
decay_setting_060,Blueprint prompt,61.5,0.12
decay_setting_060,Blueprint prompt,62.5,0.12
decay_setting_060,Blueprint prompt,63.5,0.11
decay_setting_060,Blueprint prompt,64.5,0.11
decay_setting_060,Blueprint prompt,65.5,0.1
decay_setting_060,Blueprint prompt,66.5,0.1
decay_setting_060,Blueprint prompt,67.5,0.09
decay_setting_060,Blueprint prompt,68.5,0.09
decay_setting_060,Blueprint prompt,69.5,0.08
decay_setting_060,Blueprint prompt,70.5,0.08
decay_setting_060,Blueprint prompt,71.5,0.07
decay_setting_060,Blueprint prompt,72.5,0.07
decay_setting_060,Blueprint prompt,73.5,0.07
decay_setting_060,Blueprint prompt,74.5,0.06
decay_setting_060,Blueprint prompt,75.5,0.06
decay_setting_060,Blueprint prompt,76.5,0.06
decay_setting_060,Blueprint prompt,77.5,0.05
decay_setting_060,Blueprint prompt,78.5,0.05
decay_setting_060,Blueprint prompt,79.5,0.05
decay_setting_060,Blueprint prompt,80.5,0.04
decay_setting_060,Blueprint prompt,81.5,0.04
decay_setting_060,Blueprint prompt,82.5,0.04
decay_setting_060,Blueprint prompt,83.5,0.03
decay_setting_060,Blueprint prompt,84.5,0.03
decay_setting_060,Blueprint prompt,85.5,0.03
decay_setting_060,Blueprint prompt,86.5,0.03
decay_setting_060,Blueprint prompt,87.5,0.02
decay_setting_060,Blueprint prompt,88.5,0.02
decay_setting_060,Blueprint prompt,89.5,0.02
decay_setting_060,Blueprint prompt,90.5,0.02
decay_setting_060,Blueprint prompt,91.5,0.01
decay_setting_060,Blueprint prompt,92.5,0.01
decay_setting_060,Blueprint prompt,93.5,0.01
decay_setting_060,Blueprint prompt,94.5,0.01
decay_setting_060,Blueprint prompt,95.5,0.01
decay_setting_060,Blueprint prompt,96.5,0.01
decay_setting_060,Blueprint prompt,97.5,0.0
decay_setting_060,Blueprint prompt,98.5,0.0
decay_setting_060,Blueprint prompt,99.5,0.0
decay_setting_061,Baseline prompt,0.5,0.85
decay_setting_061,Baseline prompt,1.5,0.84
decay_setting_061,Baseline prompt,2.5,0.83
decay_setting_061,Baseline prompt,3.5,0.81
decay_setting_061,Baseline prompt,4.5,0.79
decay_setting_061,Baseline prompt,5.5,0.77
decay_setting_061,Baseline prompt,6.5,0.75
decay_setting_061,Baseline prompt,7.5,0.73
decay_setting_061,Baseline prompt,8.5,0.7
decay_setting_061,Baseline prompt,9.5,0.67
decay_setting_061,Baseline prompt,10.5,0.64
decay_setting_061,Baseline prompt,11.5,0.61
decay_setting_061,Baseline prompt,12.5,0.58
decay_setting_061,Baseline prompt,13.5,0.55
decay_setting_061,Baseline prompt,14.5,0.52
decay_setting_061,Baseline prompt,15.5,0.5
decay_setting_061,Baseline prompt,16.5,0.47
decay_setting_061,Baseline prompt,17.5,0.44
decay_setting_061,Baseline prompt,18.5,0.41
decay_setting_061,Baseline prompt,19.5,0.38
decay_setting_061,Baseline prompt,20.5,0.36
decay_setting_061,Baseline prompt,21.5,0.34
decay_setting_061,Baseline prompt,22.5,0.32
decay_setting_061,Baseline prompt,23.5,0.31
decay_setting_061,Baseline prompt,24.5,0.29
decay_setting_061,Baseline prompt,25.5,0.27
decay_setting_061,Baseline prompt,26.5,0.25
decay_setting_061,Baseline prompt,27.5,0.23
decay_setting_061,Baseline prompt,28.5,0.21
decay_setting_061,Baseline prompt,29.5,0.2
decay_setting_061,Baseline prompt,30.5,0.18
decay_setting_061,Baseline prompt,31.5,0.17
decay_setting_061,Baseline prompt,32.5,0.15
decay_setting_061,Baseline prompt,33.5,0.14
decay_setting_061,Baseline prompt,34.5,0.13
decay_setting_061,Baseline prompt,35.5,0.12
decay_setting_061,Baseline prompt,36.5,0.11
decay_setting_061,Baseline prompt,37.5,0.1
decay_setting_061,Baseline prompt,38.5,0.09
decay_setting_061,Baseline prompt,39.5,0.08
decay_setting_061,Baseline prompt,40.5,0.07
decay_setting_061,Baseline prompt,41.5,0.07
decay_setting_061,Baseline prompt,42.5,0.06
decay_setting_061,Baseline prompt,43.5,0.06
decay_setting_061,Baseline prompt,44.5,0.05
decay_setting_061,Baseline prompt,45.5,0.05
decay_setting_061,Baseline prompt,46.5,0.04
decay_setting_061,Baseline prompt,47.5,0.04
decay_setting_061,Baseline prompt,48.5,0.03
decay_setting_061,Baseline prompt,49.5,0.03
decay_setting_061,Baseline prompt,50.5,0.03
decay_setting_061,Baseline prompt,51.5,0.03
decay_setting_061,Baseline prompt,52.5,0.02
decay_setting_061,Baseline prompt,53.5,0.02
decay_setting_061,Baseline prompt,54.5,0.02
decay_setting_061,Baseline prompt,55.5,0.02
decay_setting_061,Baseline prompt,56.5,0.01
decay_setting_061,Baseline prompt,57.5,0.01
decay_setting_061,Baseline prompt,58.5,0.01
decay_setting_061,Baseline prompt,59.5,0.01
decay_setting_061,Baseline prompt,60.5,0.01
decay_setting_061,Baseline prompt,61.5,0.01
decay_setting_061,Baseline prompt,62.5,0.01
decay_setting_061,Baseline prompt,63.5,0.01
decay_setting_061,Baseline prompt,64.5,0.01
decay_setting_061,Baseline prompt,65.5,0.01
decay_setting_061,Baseline prompt,66.5,0.01
decay_setting_061,Baseline prompt,67.5,0.01
decay_setting_061,Baseline prompt,68.5,0.01
decay_setting_061,Baseline prompt,69.5,0.01
decay_setting_061,Baseline prompt,70.5,0.01
decay_setting_061,Baseline prompt,71.5,0.01
decay_setting_061,Baseline prompt,72.5,0.01
decay_setting_061,Baseline prompt,73.5,0.01
decay_setting_061,Baseline prompt,74.5,0.01
decay_setting_061,Baseline prompt,75.5,0.01
decay_setting_061,Baseline prompt,76.5,0.01
decay_setting_061,Baseline prompt,77.5,0.01
decay_setting_061,Baseline prompt,78.5,0.01
decay_setting_061,Baseline prompt,79.5,0.01
decay_setting_061,Baseline prompt,80.5,0.01
decay_setting_061,Baseline prompt,81.5,0.01
decay_setting_061,Baseline prompt,82.5,0.01
decay_setting_061,Baseline prompt,83.5,0.01
decay_setting_061,Baseline prompt,84.5,0.01
decay_setting_061,Baseline prompt,85.5,0.01
decay_setting_061,Baseline prompt,86.5,0.01
decay_setting_061,Baseline prompt,87.5,0.01
decay_setting_061,Baseline prompt,88.5,0.01
decay_setting_061,Baseline prompt,89.5,0.01
decay_setting_061,Baseline prompt,90.5,0.01
decay_setting_061,Baseline prompt,91.5,0.01
decay_setting_061,Baseline prompt,92.5,0.01
decay_setting_061,Baseline prompt,93.5,0.01
decay_setting_061,Baseline prompt,94.5,0.01
decay_setting_061,Baseline prompt,95.5,0.01
decay_setting_061,Baseline prompt,96.5,0.01
decay_setting_061,Baseline prompt,97.5,0.01
decay_setting_061,Baseline prompt,98.5,0.01
decay_setting_061,Baseline prompt,99.5,0.01
decay_setting_060,Baseline prompt,0.5,0.85
decay_setting_060,Baseline prompt,1.5,0.8
decay_setting_060,Baseline prompt,2.5,0.78
decay_setting_060,Baseline prompt,3.5,0.75
decay_setting_060,Baseline prompt,4.5,0.72
decay_setting_060,Baseline prompt,5.5,0.7
decay_setting_060,Baseline prompt,6.5,0.66
decay_setting_060,Baseline prompt,7.5,0.63
decay_setting_060,Baseline prompt,8.5,0.6
decay_setting_060,Baseline prompt,9.5,0.58
decay_setting_060,Baseline prompt,10.5,0.53
decay_setting_060,Baseline prompt,11.5,0.5
decay_setting_060,Baseline prompt,12.5,0.47
decay_setting_060,Baseline prompt,13.5,0.44
decay_setting_060,Baseline prompt,14.5,0.41
decay_setting_060,Baseline prompt,15.5,0.39
decay_setting_060,Baseline prompt,16.5,0.36
decay_setting_060,Baseline prompt,17.5,0.34
decay_setting_060,Baseline prompt,18.5,0.32
decay_setting_060,Baseline prompt,19.5,0.3
decay_setting_060,Baseline prompt,20.5,0.28
decay_setting_060,Baseline prompt,21.5,0.26
decay_setting_060,Baseline prompt,22.5,0.24
decay_setting_060,Baseline prompt,23.5,0.23
decay_setting_060,Baseline prompt,24.5,0.21
decay_setting_060,Baseline prompt,25.5,0.19
decay_setting_060,Baseline prompt,26.5,0.18
decay_setting_060,Baseline prompt,27.5,0.17
decay_setting_060,Baseline prompt,28.5,0.16
decay_setting_060,Baseline prompt,29.5,0.14
decay_setting_060,Baseline prompt,30.5,0.13
decay_setting_060,Baseline prompt,31.5,0.12
decay_setting_060,Baseline prompt,32.5,0.11
decay_setting_060,Baseline prompt,33.5,0.1
decay_setting_060,Baseline prompt,34.5,0.09
decay_setting_060,Baseline prompt,35.5,0.09
decay_setting_060,Baseline prompt,36.5,0.08
decay_setting_060,Baseline prompt,37.5,0.08
decay_setting_060,Baseline prompt,38.5,0.07
decay_setting_060,Baseline prompt,39.5,0.07
decay_setting_060,Baseline prompt,40.5,0.06
decay_setting_060,Baseline prompt,41.5,0.06
decay_setting_060,Baseline prompt,42.5,0.05
decay_setting_060,Baseline prompt,43.5,0.05
decay_setting_060,Baseline prompt,44.5,0.05
decay_setting_060,Baseline prompt,45.5,0.04
decay_setting_060,Baseline prompt,46.5,0.04
decay_setting_060,Baseline prompt,47.5,0.04
decay_setting_060,Baseline prompt,48.5,0.03
decay_setting_060,Baseline prompt,49.5,0.03
decay_setting_060,Baseline prompt,50.5,0.03
decay_setting_060,Baseline prompt,51.5,0.03
decay_setting_060,Baseline prompt,52.5,0.02
decay_setting_060,Baseline prompt,53.5,0.02
decay_setting_060,Baseline prompt,54.5,0.02
decay_setting_060,Baseline prompt,55.5,0.02
decay_setting_060,Baseline prompt,56.5,0.02
decay_setting_060,Baseline prompt,57.5,0.02
decay_setting_060,Baseline prompt,58.5,0.01
decay_setting_060,Baseline prompt,59.5,0.01
decay_setting_060,Baseline prompt,60.5,0.01
decay_setting_060,Baseline prompt,61.5,0.01
decay_setting_060,Baseline prompt,62.5,0.01
decay_setting_060,Baseline prompt,63.5,0.01
decay_setting_060,Baseline prompt,64.5,0.01
decay_setting_060,Baseline prompt,65.5,0.01
decay_setting_060,Baseline prompt,66.5,0.01
decay_setting_060,Baseline prompt,67.5,0.01
decay_setting_060,Baseline prompt,68.5,0.01
decay_setting_060,Baseline prompt,69.5,0.01
decay_setting_060,Baseline prompt,70.5,0.01
decay_setting_060,Baseline prompt,71.5,0.01
decay_setting_060,Baseline prompt,72.5,0.01
decay_setting_060,Baseline prompt,73.5,0.01
decay_setting_060,Baseline prompt,74.5,0.01
decay_setting_060,Baseline prompt,75.5,0.01
decay_setting_060,Baseline prompt,76.5,0.01
decay_setting_060,Baseline prompt,77.5,0.01
decay_setting_060,Baseline prompt,78.5,0.01
decay_setting_060,Baseline prompt,79.5,0.01
decay_setting_060,Baseline prompt,80.5,0.01
decay_setting_060,Baseline prompt,81.5,0.01
decay_setting_060,Baseline prompt,82.5,0.01
decay_setting_060,Baseline prompt,83.5,0.01
decay_setting_060,Baseline prompt,84.5,0.01
decay_setting_060,Baseline prompt,85.5,0.01
decay_setting_060,Baseline prompt,86.5,0.01
decay_setting_060,Baseline prompt,87.5,0.01
decay_setting_060,Baseline prompt,88.5,0.01
decay_setting_060,Baseline prompt,89.5,0.01
decay_setting_060,Baseline prompt,90.5,0.01
decay_setting_060,Baseline prompt,91.5,0.01
decay_setting_060,Baseline prompt,92.5,0.01
decay_setting_060,Baseline prompt,93.5,0.01
decay_setting_060,Baseline prompt,94.5,0.01
decay_setting_060,Baseline prompt,95.5,0.01
decay_setting_060,Baseline prompt,96.5,0.01
decay_setting_060,Baseline prompt,97.5,0.01
decay_setting_060,Baseline prompt,98.5,0.01
decay_setting_060,Baseline prompt,99.5,0.01
decay_setting_057,Blueprint prompt,0.5,0.89
decay_setting_057,Blueprint prompt,1.5,0.87
decay_setting_057,Blueprint prompt,2.5,0.85
decay_setting_057,Blueprint prompt,3.5,0.82
decay_setting_057,Blueprint prompt,4.5,0.79
decay_setting_057,Blueprint prompt,5.5,0.77
decay_setting_057,Blueprint prompt,6.5,0.74
decay_setting_057,Blueprint prompt,7.5,0.72
decay_setting_057,Blueprint prompt,8.5,0.7
decay_setting_057,Blueprint prompt,9.5,0.66
decay_setting_057,Blueprint prompt,10.5,0.63
decay_setting_057,Blueprint prompt,11.5,0.6
decay_setting_057,Blueprint prompt,12.5,0.58
decay_setting_057,Blueprint prompt,13.5,0.55
decay_setting_057,Blueprint prompt,14.5,0.52
decay_setting_057,Blueprint prompt,15.5,0.51
decay_setting_057,Blueprint prompt,16.5,0.48
decay_setting_057,Blueprint prompt,17.5,0.46
decay_setting_057,Blueprint prompt,18.5,0.43
decay_setting_057,Blueprint prompt,19.5,0.41
decay_setting_057,Blueprint prompt,20.5,0.38
decay_setting_057,Blueprint prompt,21.5,0.35
decay_setting_057,Blueprint prompt,22.5,0.32
decay_setting_057,Blueprint prompt,23.5,0.3
decay_setting_057,Blueprint prompt,24.5,0.28
decay_setting_057,Blueprint prompt,25.5,0.27
decay_setting_057,Blueprint prompt,26.5,0.25
decay_setting_057,Blueprint prompt,27.5,0.23
decay_setting_057,Blueprint prompt,28.5,0.22
decay_setting_057,Blueprint prompt,29.5,0.21
decay_setting_057,Blueprint prompt,30.5,0.19
decay_setting_057,Blueprint prompt,31.5,0.18
decay_setting_057,Blueprint prompt,32.5,0.17
decay_setting_057,Blueprint prompt,33.5,0.15
decay_setting_057,Blueprint prompt,34.5,0.14
decay_setting_057,Blueprint prompt,35.5,0.13
decay_setting_057,Blueprint prompt,36.5,0.12
decay_setting_057,Blueprint prompt,37.5,0.11
decay_setting_057,Blueprint prompt,38.5,0.1
decay_setting_057,Blueprint prompt,39.5,0.1
decay_setting_057,Blueprint prompt,40.5,0.09
decay_setting_057,Blueprint prompt,41.5,0.09
decay_setting_057,Blueprint prompt,42.5,0.08
decay_setting_057,Blueprint prompt,43.5,0.08
decay_setting_057,Blueprint prompt,44.5,0.07
decay_setting_057,Blueprint prompt,45.5,0.07
decay_setting_057,Blueprint prompt,46.5,0.07
decay_setting_057,Blueprint prompt,47.5,0.06
decay_setting_057,Blueprint prompt,48.5,0.06
decay_setting_057,Blueprint prompt,49.5,0.06
decay_setting_057,Blueprint prompt,50.5,0.05
decay_setting_057,Blueprint prompt,51.5,0.05
decay_setting_057,Blueprint prompt,52.5,0.05
decay_setting_057,Blueprint prompt,53.5,0.05
decay_setting_057,Blueprint prompt,54.5,0.04
decay_setting_057,Blueprint prompt,55.5,0.04
decay_setting_057,Blueprint prompt,56.5,0.04
decay_setting_057,Blueprint prompt,57.5,0.04
decay_setting_057,Blueprint prompt,58.5,0.04
decay_setting_057,Blueprint prompt,59.5,0.04
decay_setting_057,Blueprint prompt,60.5,0.03
decay_setting_057,Blueprint prompt,61.5,0.03
decay_setting_057,Blueprint prompt,62.5,0.03
decay_setting_057,Blueprint prompt,63.5,0.03
decay_setting_057,Blueprint prompt,64.5,0.03
decay_setting_057,Blueprint prompt,65.5,0.03
decay_setting_057,Blueprint prompt,66.5,0.03
decay_setting_057,Blueprint prompt,67.5,0.03
decay_setting_057,Blueprint prompt,68.5,0.02
decay_setting_057,Blueprint prompt,69.5,0.02
decay_setting_057,Blueprint prompt,70.5,0.02
decay_setting_057,Blueprint prompt,71.5,0.02
decay_setting_057,Blueprint prompt,72.5,0.02
decay_setting_057,Blueprint prompt,73.5,0.02
decay_setting_057,Blueprint prompt,74.5,0.02
decay_setting_057,Blueprint prompt,75.5,0.02
decay_setting_057,Blueprint prompt,76.5,0.02
decay_setting_057,Blueprint prompt,77.5,0.02
decay_setting_057,Blueprint prompt,78.5,0.02
decay_setting_057,Blueprint prompt,79.5,0.02
decay_setting_057,Blueprint prompt,80.5,0.02
decay_setting_057,Blueprint prompt,81.5,0.02
decay_setting_057,Blueprint prompt,82.5,0.02
decay_setting_057,Blueprint prompt,83.5,0.01
decay_setting_057,Blueprint prompt,84.5,0.01
decay_setting_057,Blueprint prompt,85.5,0.01
decay_setting_057,Blueprint prompt,86.5,0.01
decay_setting_057,Blueprint prompt,87.5,0.01
decay_setting_057,Blueprint prompt,88.5,0.01
decay_setting_057,Blueprint prompt,89.5,0.01
decay_setting_057,Blueprint prompt,90.5,0.01
decay_setting_057,Blueprint prompt,91.5,0.01
decay_setting_057,Blueprint prompt,92.5,0.01
decay_setting_057,Blueprint prompt,93.5,0.01
decay_setting_057,Blueprint prompt,94.5,0.01
decay_setting_057,Blueprint prompt,95.5,0.01
decay_setting_057,Blueprint prompt,96.5,0.01
decay_setting_057,Blueprint prompt,97.5,0.01
decay_setting_057,Blueprint prompt,98.5,0.01
decay_setting_057,Blueprint prompt,99.5,0.01
decay_setting_061,Blueprint prompt,0.5,0.93
decay_setting_061,Blueprint prompt,1.5,0.91
decay_setting_061,Blueprint prompt,2.5,0.87
decay_setting_061,Blueprint prompt,3.5,0.85
decay_setting_061,Blueprint prompt,4.5,0.82
decay_setting_061,Blueprint prompt,5.5,0.78
decay_setting_061,Blueprint prompt,6.5,0.75
decay_setting_061,Blueprint prompt,7.5,0.72
decay_setting_061,Blueprint prompt,8.5,0.69
decay_setting_061,Blueprint prompt,9.5,0.67
decay_setting_061,Blueprint prompt,10.5,0.65
decay_setting_061,Blueprint prompt,11.5,0.63
decay_setting_061,Blueprint prompt,12.5,0.6
decay_setting_061,Blueprint prompt,13.5,0.58
decay_setting_061,Blueprint prompt,14.5,0.56
decay_setting_061,Blueprint prompt,15.5,0.53
decay_setting_061,Blueprint prompt,16.5,0.51
decay_setting_061,Blueprint prompt,17.5,0.49
decay_setting_061,Blueprint prompt,18.5,0.47
decay_setting_061,Blueprint prompt,19.5,0.46
decay_setting_061,Blueprint prompt,20.5,0.44
decay_setting_061,Blueprint prompt,21.5,0.42
decay_setting_061,Blueprint prompt,22.5,0.41
decay_setting_061,Blueprint prompt,23.5,0.39
decay_setting_061,Blueprint prompt,24.5,0.38
decay_setting_061,Blueprint prompt,25.5,0.36
decay_setting_061,Blueprint prompt,26.5,0.35
decay_setting_061,Blueprint prompt,27.5,0.33
decay_setting_061,Blueprint prompt,28.5,0.32
decay_setting_061,Blueprint prompt,29.5,0.31
decay_setting_061,Blueprint prompt,30.5,0.29
decay_setting_061,Blueprint prompt,31.5,0.28
decay_setting_061,Blueprint prompt,32.5,0.27
decay_setting_061,Blueprint prompt,33.5,0.26
decay_setting_061,Blueprint prompt,34.5,0.25
decay_setting_061,Blueprint prompt,35.5,0.24
decay_setting_061,Blueprint prompt,36.5,0.23
decay_setting_061,Blueprint prompt,37.5,0.22
decay_setting_061,Blueprint prompt,38.5,0.21
decay_setting_061,Blueprint prompt,39.5,0.2
decay_setting_061,Blueprint prompt,40.5,0.19
decay_setting_061,Blueprint prompt,41.5,0.18
decay_setting_061,Blueprint prompt,42.5,0.18
decay_setting_061,Blueprint prompt,43.5,0.17
decay_setting_061,Blueprint prompt,44.5,0.17
decay_setting_061,Blueprint prompt,45.5,0.16
decay_setting_061,Blueprint prompt,46.5,0.16
decay_setting_061,Blueprint prompt,47.5,0.15
decay_setting_061,Blueprint prompt,48.5,0.15
decay_setting_061,Blueprint prompt,49.5,0.14
decay_setting_061,Blueprint prompt,50.5,0.14
decay_setting_061,Blueprint prompt,51.5,0.13
decay_setting_061,Blueprint prompt,52.5,0.13
decay_setting_061,Blueprint prompt,53.5,0.13
decay_setting_061,Blueprint prompt,54.5,0.12
decay_setting_061,Blueprint prompt,55.5,0.12
decay_setting_061,Blueprint prompt,56.5,0.11
decay_setting_061,Blueprint prompt,57.5,0.11
decay_setting_061,Blueprint prompt,58.5,0.11
decay_setting_061,Blueprint prompt,59.5,0.1
decay_setting_061,Blueprint prompt,60.5,0.1
decay_setting_061,Blueprint prompt,61.5,0.1
decay_setting_061,Blueprint prompt,62.5,0.09
decay_setting_061,Blueprint prompt,63.5,0.09
decay_setting_061,Blueprint prompt,64.5,0.09
decay_setting_061,Blueprint prompt,65.5,0.08
decay_setting_061,Blueprint prompt,66.5,0.08
decay_setting_061,Blueprint prompt,67.5,0.08
decay_setting_061,Blueprint prompt,68.5,0.07
decay_setting_061,Blueprint prompt,69.5,0.07
decay_setting_061,Blueprint prompt,70.5,0.07
decay_setting_061,Blueprint prompt,71.5,0.07
decay_setting_061,Blueprint prompt,72.5,0.06
decay_setting_061,Blueprint prompt,73.5,0.06
decay_setting_061,Blueprint prompt,74.5,0.06
decay_setting_061,Blueprint prompt,75.5,0.06
decay_setting_061,Blueprint prompt,76.5,0.05
decay_setting_061,Blueprint prompt,77.5,0.05
decay_setting_061,Blueprint prompt,78.5,0.05
decay_setting_061,Blueprint prompt,79.5,0.05
decay_setting_061,Blueprint prompt,80.5,0.05
decay_setting_061,Blueprint prompt,81.5,0.04
decay_setting_061,Blueprint prompt,82.5,0.04
decay_setting_061,Blueprint prompt,83.5,0.04
decay_setting_061,Blueprint prompt,84.5,0.04
decay_setting_061,Blueprint prompt,85.5,0.04
decay_setting_061,Blueprint prompt,86.5,0.03
decay_setting_061,Blueprint prompt,87.5,0.03
decay_setting_061,Blueprint prompt,88.5,0.03
decay_setting_061,Blueprint prompt,89.5,0.03
decay_setting_061,Blueprint prompt,90.5,0.03
decay_setting_061,Blueprint prompt,91.5,0.03
decay_setting_061,Blueprint prompt,92.5,0.02
decay_setting_061,Blueprint prompt,93.5,0.02
decay_setting_061,Blueprint prompt,94.5,0.02
decay_setting_061,Blueprint prompt,95.5,0.02
decay_setting_061,Blueprint prompt,96.5,0.02
decay_setting_061,Blueprint prompt,97.5,0.01
decay_setting_061,Blueprint prompt,98.5,0.01
decay_setting_061,Blueprint prompt,99.5,0.01
decay_setting_062,Baseline prompt,0.5,0.85
decay_setting_062,Baseline prompt,1.5,0.82
decay_setting_062,Baseline prompt,2.5,0.79
decay_setting_062,Baseline prompt,3.5,0.75
decay_setting_062,Baseline prompt,4.5,0.72
decay_setting_062,Baseline prompt,5.5,0.68
decay_setting_062,Baseline prompt,6.5,0.65
decay_setting_062,Baseline prompt,7.5,0.62
decay_setting_062,Baseline prompt,8.5,0.59
decay_setting_062,Baseline prompt,9.5,0.57
decay_setting_062,Baseline prompt,10.5,0.54
decay_setting_062,Baseline prompt,11.5,0.52
decay_setting_062,Baseline prompt,12.5,0.5
decay_setting_062,Baseline prompt,13.5,0.48
decay_setting_062,Baseline prompt,14.5,0.46
decay_setting_062,Baseline prompt,15.5,0.43
decay_setting_062,Baseline prompt,16.5,0.41
decay_setting_062,Baseline prompt,17.5,0.39
decay_setting_062,Baseline prompt,18.5,0.37
decay_setting_062,Baseline prompt,19.5,0.34
decay_setting_062,Baseline prompt,20.5,0.32
decay_setting_062,Baseline prompt,21.5,0.3
decay_setting_062,Baseline prompt,22.5,0.28
decay_setting_062,Baseline prompt,23.5,0.26
decay_setting_062,Baseline prompt,24.5,0.24
decay_setting_062,Baseline prompt,25.5,0.22
decay_setting_062,Baseline prompt,26.5,0.2
decay_setting_062,Baseline prompt,27.5,0.18
decay_setting_062,Baseline prompt,28.5,0.16
decay_setting_062,Baseline prompt,29.5,0.15
decay_setting_062,Baseline prompt,30.5,0.14
decay_setting_062,Baseline prompt,31.5,0.13
decay_setting_062,Baseline prompt,32.5,0.12
decay_setting_062,Baseline prompt,33.5,0.11
decay_setting_062,Baseline prompt,34.5,0.1
decay_setting_062,Baseline prompt,35.5,0.09
decay_setting_062,Baseline prompt,36.5,0.08
decay_setting_062,Baseline prompt,37.5,0.07
decay_setting_062,Baseline prompt,38.5,0.06
decay_setting_062,Baseline prompt,39.5,0.05
decay_setting_062,Baseline prompt,40.5,0.045
decay_setting_062,Baseline prompt,41.5,0.04
decay_setting_062,Baseline prompt,42.5,0.038
decay_setting_062,Baseline prompt,43.5,0.035
decay_setting_062,Baseline prompt,44.5,0.032
decay_setting_062,Baseline prompt,45.5,0.03
decay_setting_062,Baseline prompt,46.5,0.027
decay_setting_062,Baseline prompt,47.5,0.025
decay_setting_062,Baseline prompt,48.5,0.022
decay_setting_062,Baseline prompt,49.5,0.02
decay_setting_062,Baseline prompt,50.5,0.019
decay_setting_062,Baseline prompt,51.5,0.018
decay_setting_062,Baseline prompt,52.5,0.017
decay_setting_062,Baseline prompt,53.5,0.015
decay_setting_062,Baseline prompt,54.5,0.014
decay_setting_062,Baseline prompt,55.5,0.013
decay_setting_062,Baseline prompt,56.5,0.012
decay_setting_062,Baseline prompt,57.5,0.011
decay_setting_062,Baseline prompt,58.5,0.01
decay_setting_062,Baseline prompt,59.5,0.009
decay_setting_062,Baseline prompt,60.5,0.008
decay_setting_062,Baseline prompt,61.5,0.0075
decay_setting_062,Baseline prompt,62.5,0.007
decay_setting_062,Baseline prompt,63.5,0.0065
decay_setting_062,Baseline prompt,64.5,0.006
decay_setting_062,Baseline prompt,65.5,0.0055
decay_setting_062,Baseline prompt,66.5,0.005
decay_setting_062,Baseline prompt,67.5,0.0048
decay_setting_062,Baseline prompt,68.5,0.0045
decay_setting_062,Baseline prompt,69.5,0.004
decay_setting_062,Baseline prompt,70.5,0.0038
decay_setting_062,Baseline prompt,71.5,0.0035
decay_setting_062,Baseline prompt,72.5,0.0032
decay_setting_062,Baseline prompt,73.5,0.003
decay_setting_062,Baseline prompt,74.5,0.0028
decay_setting_062,Baseline prompt,75.5,0.0025
decay_setting_062,Baseline prompt,76.5,0.0023
decay_setting_062,Baseline prompt,77.5,0.002
decay_setting_062,Baseline prompt,78.5,0.00185
decay_setting_062,Baseline prompt,79.5,0.0017
decay_setting_062,Baseline prompt,80.5,0.00155
decay_setting_062,Baseline prompt,81.5,0.0014
decay_setting_062,Baseline prompt,82.5,0.00125
decay_setting_062,Baseline prompt,83.5,0.0011
decay_setting_062,Baseline prompt,84.5,0.001
decay_setting_062,Baseline prompt,85.5,0.00095
decay_setting_062,Baseline prompt,86.5,0.0009
decay_setting_062,Baseline prompt,87.5,0.00085
decay_setting_062,Baseline prompt,88.5,0.0008
decay_setting_062,Baseline prompt,89.5,0.00075
decay_setting_062,Baseline prompt,90.5,0.0007
decay_setting_062,Baseline prompt,91.5,0.00065
decay_setting_062,Baseline prompt,92.5,0.0006
decay_setting_062,Baseline prompt,93.5,0.00055
decay_setting_062,Baseline prompt,94.5,0.0005
decay_setting_062,Baseline prompt,95.5,0.00045
decay_setting_062,Baseline prompt,96.5,0.0004
decay_setting_062,Baseline prompt,97.5,0.00035
decay_setting_062,Baseline prompt,98.5,0.0003
decay_setting_062,Baseline prompt,99.5,0.00025
decay_setting_063,Baseline prompt,0.5,0.85
decay_setting_063,Baseline prompt,1.5,0.82
decay_setting_063,Baseline prompt,2.5,0.8
decay_setting_063,Baseline prompt,3.5,0.76
decay_setting_063,Baseline prompt,4.5,0.71
decay_setting_063,Baseline prompt,5.5,0.68
decay_setting_063,Baseline prompt,6.5,0.65
decay_setting_063,Baseline prompt,7.5,0.63
decay_setting_063,Baseline prompt,8.5,0.6
decay_setting_063,Baseline prompt,9.5,0.58
decay_setting_063,Baseline prompt,10.5,0.55
decay_setting_063,Baseline prompt,11.5,0.52
decay_setting_063,Baseline prompt,12.5,0.48
decay_setting_063,Baseline prompt,13.5,0.45
decay_setting_063,Baseline prompt,14.5,0.42
decay_setting_063,Baseline prompt,15.5,0.38
decay_setting_063,Baseline prompt,16.5,0.35
decay_setting_063,Baseline prompt,17.5,0.31
decay_setting_063,Baseline prompt,18.5,0.29
decay_setting_063,Baseline prompt,19.5,0.25
decay_setting_063,Baseline prompt,20.5,0.23
decay_setting_063,Baseline prompt,21.5,0.21
decay_setting_063,Baseline prompt,22.5,0.19
decay_setting_063,Baseline prompt,23.5,0.17
decay_setting_063,Baseline prompt,24.5,0.15
decay_setting_063,Baseline prompt,25.5,0.13
decay_setting_063,Baseline prompt,26.5,0.12
decay_setting_063,Baseline prompt,27.5,0.11
decay_setting_063,Baseline prompt,28.5,0.1
decay_setting_063,Baseline prompt,29.5,0.09
decay_setting_063,Baseline prompt,30.5,0.08
decay_setting_063,Baseline prompt,31.5,0.07
decay_setting_063,Baseline prompt,32.5,0.06
decay_setting_063,Baseline prompt,33.5,0.05
decay_setting_063,Baseline prompt,34.5,0.04
decay_setting_063,Baseline prompt,35.5,0.04
decay_setting_063,Baseline prompt,36.5,0.03
decay_setting_063,Baseline prompt,37.5,0.03
decay_setting_063,Baseline prompt,38.5,0.02
decay_setting_063,Baseline prompt,39.5,0.02
decay_setting_063,Baseline prompt,40.5,0.02
decay_setting_063,Baseline prompt,41.5,0.02
decay_setting_063,Baseline prompt,42.5,0.02
decay_setting_063,Baseline prompt,43.5,0.01
decay_setting_063,Baseline prompt,44.5,0.01
decay_setting_063,Baseline prompt,45.5,0.01
decay_setting_063,Baseline prompt,46.5,0.01
decay_setting_063,Baseline prompt,47.5,0.01
decay_setting_063,Baseline prompt,48.5,0.01
decay_setting_063,Baseline prompt,49.5,0.01
decay_setting_063,Baseline prompt,50.5,0.01
decay_setting_063,Baseline prompt,51.5,0.01
decay_setting_063,Baseline prompt,52.5,0.01
decay_setting_063,Baseline prompt,53.5,0.01
decay_setting_063,Baseline prompt,54.5,0.01
decay_setting_063,Baseline prompt,55.5,0.01
decay_setting_063,Baseline prompt,56.5,0.01
decay_setting_063,Baseline prompt,57.5,0.01
decay_setting_063,Baseline prompt,58.5,0.01
decay_setting_063,Baseline prompt,59.5,0.01
decay_setting_063,Baseline prompt,60.5,0.01
decay_setting_063,Baseline prompt,61.5,0.01
decay_setting_063,Baseline prompt,62.5,0.01
decay_setting_063,Baseline prompt,63.5,0.01
decay_setting_063,Baseline prompt,64.5,0.01
decay_setting_063,Baseline prompt,65.5,0.01
decay_setting_063,Baseline prompt,66.5,0.01
decay_setting_063,Baseline prompt,67.5,0.01
decay_setting_063,Baseline prompt,68.5,0.01
decay_setting_063,Baseline prompt,69.5,0.01
decay_setting_063,Baseline prompt,70.5,0.01
decay_setting_063,Baseline prompt,71.5,0.01
decay_setting_063,Baseline prompt,72.5,0.01
decay_setting_063,Baseline prompt,73.5,0.01
decay_setting_063,Baseline prompt,74.5,0.01
decay_setting_063,Baseline prompt,75.5,0.01
decay_setting_063,Baseline prompt,76.5,0.01
decay_setting_063,Baseline prompt,77.5,0.01
decay_setting_063,Baseline prompt,78.5,0.01
decay_setting_063,Baseline prompt,79.5,0.01
decay_setting_063,Baseline prompt,80.5,0.01
decay_setting_063,Baseline prompt,81.5,0.01
decay_setting_063,Baseline prompt,82.5,0.01
decay_setting_063,Baseline prompt,83.5,0.01
decay_setting_063,Baseline prompt,84.5,0.01
decay_setting_063,Baseline prompt,85.5,0.01
decay_setting_063,Baseline prompt,86.5,0.01
decay_setting_063,Baseline prompt,87.5,0.01
decay_setting_063,Baseline prompt,88.5,0.01
decay_setting_063,Baseline prompt,89.5,0.01
decay_setting_063,Baseline prompt,90.5,0.01
decay_setting_063,Baseline prompt,91.5,0.01
decay_setting_063,Baseline prompt,92.5,0.01
decay_setting_063,Baseline prompt,93.5,0.01
decay_setting_063,Baseline prompt,94.5,0.01
decay_setting_063,Baseline prompt,95.5,0.01
decay_setting_063,Baseline prompt,96.5,0.01
decay_setting_063,Baseline prompt,97.5,0.01
decay_setting_063,Baseline prompt,98.5,0.01
decay_setting_063,Baseline prompt,99.5,0.01
decay_setting_063,Blueprint prompt,0.5,0.93
decay_setting_063,Blueprint prompt,1.5,0.92
decay_setting_063,Blueprint prompt,2.5,0.91
decay_setting_063,Blueprint prompt,3.5,0.89
decay_setting_063,Blueprint prompt,4.5,0.87
decay_setting_063,Blueprint prompt,5.5,0.85
decay_setting_063,Blueprint prompt,6.5,0.83
decay_setting_063,Blueprint prompt,7.5,0.81
decay_setting_063,Blueprint prompt,8.5,0.78
decay_setting_063,Blueprint prompt,9.5,0.76
decay_setting_063,Blueprint prompt,10.5,0.73
decay_setting_063,Blueprint prompt,11.5,0.69
decay_setting_063,Blueprint prompt,12.5,0.66
decay_setting_063,Blueprint prompt,13.5,0.63
decay_setting_063,Blueprint prompt,14.5,0.6
decay_setting_063,Blueprint prompt,15.5,0.57
decay_setting_063,Blueprint prompt,16.5,0.54
decay_setting_063,Blueprint prompt,17.5,0.51
decay_setting_063,Blueprint prompt,18.5,0.49
decay_setting_063,Blueprint prompt,19.5,0.47
decay_setting_063,Blueprint prompt,20.5,0.45
decay_setting_063,Blueprint prompt,21.5,0.43
decay_setting_063,Blueprint prompt,22.5,0.41
decay_setting_063,Blueprint prompt,23.5,0.38
decay_setting_063,Blueprint prompt,24.5,0.36
decay_setting_063,Blueprint prompt,25.5,0.34
decay_setting_063,Blueprint prompt,26.5,0.32
decay_setting_063,Blueprint prompt,27.5,0.3
decay_setting_063,Blueprint prompt,28.5,0.28
decay_setting_063,Blueprint prompt,29.5,0.26
decay_setting_063,Blueprint prompt,30.5,0.25
decay_setting_063,Blueprint prompt,31.5,0.23
decay_setting_063,Blueprint prompt,32.5,0.22
decay_setting_063,Blueprint prompt,33.5,0.21
decay_setting_063,Blueprint prompt,34.5,0.2
decay_setting_063,Blueprint prompt,35.5,0.19
decay_setting_063,Blueprint prompt,36.5,0.18
decay_setting_063,Blueprint prompt,37.5,0.17
decay_setting_063,Blueprint prompt,38.5,0.16
decay_setting_063,Blueprint prompt,39.5,0.15
decay_setting_063,Blueprint prompt,40.5,0.14
decay_setting_063,Blueprint prompt,41.5,0.13
decay_setting_063,Blueprint prompt,42.5,0.12
decay_setting_063,Blueprint prompt,43.5,0.11
decay_setting_063,Blueprint prompt,44.5,0.1
decay_setting_063,Blueprint prompt,45.5,0.1
decay_setting_063,Blueprint prompt,46.5,0.09
decay_setting_063,Blueprint prompt,47.5,0.09
decay_setting_063,Blueprint prompt,48.5,0.08
decay_setting_063,Blueprint prompt,49.5,0.08
decay_setting_063,Blueprint prompt,50.5,0.07
decay_setting_063,Blueprint prompt,51.5,0.07
decay_setting_063,Blueprint prompt,52.5,0.06
decay_setting_063,Blueprint prompt,53.5,0.06
decay_setting_063,Blueprint prompt,54.5,0.05
decay_setting_063,Blueprint prompt,55.5,0.05
decay_setting_063,Blueprint prompt,56.5,0.05
decay_setting_063,Blueprint prompt,57.5,0.04
decay_setting_063,Blueprint prompt,58.5,0.04
decay_setting_063,Blueprint prompt,59.5,0.04
decay_setting_063,Blueprint prompt,60.5,0.03
decay_setting_063,Blueprint prompt,61.5,0.03
decay_setting_063,Blueprint prompt,62.5,0.03
decay_setting_063,Blueprint prompt,63.5,0.03
decay_setting_063,Blueprint prompt,64.5,0.02
decay_setting_063,Blueprint prompt,65.5,0.02
decay_setting_063,Blueprint prompt,66.5,0.02
decay_setting_063,Blueprint prompt,67.5,0.02
decay_setting_063,Blueprint prompt,68.5,0.02
decay_setting_063,Blueprint prompt,69.5,0.02
decay_setting_063,Blueprint prompt,70.5,0.02
decay_setting_063,Blueprint prompt,71.5,0.01
decay_setting_063,Blueprint prompt,72.5,0.01
decay_setting_063,Blueprint prompt,73.5,0.01
decay_setting_063,Blueprint prompt,74.5,0.01
decay_setting_063,Blueprint prompt,75.5,0.01
decay_setting_063,Blueprint prompt,76.5,0.01
decay_setting_063,Blueprint prompt,77.5,0.01
decay_setting_063,Blueprint prompt,78.5,0.01
decay_setting_063,Blueprint prompt,79.5,0.01
decay_setting_063,Blueprint prompt,80.5,0.01
decay_setting_063,Blueprint prompt,81.5,0.01
decay_setting_063,Blueprint prompt,82.5,0.01
decay_setting_063,Blueprint prompt,83.5,0.01
decay_setting_063,Blueprint prompt,84.5,0.01
decay_setting_063,Blueprint prompt,85.5,0.01
decay_setting_063,Blueprint prompt,86.5,0.01
decay_setting_063,Blueprint prompt,87.5,0.01
decay_setting_063,Blueprint prompt,88.5,0.01
decay_setting_063,Blueprint prompt,89.5,0.01
decay_setting_063,Blueprint prompt,90.5,0.01
decay_setting_063,Blueprint prompt,91.5,0.01
decay_setting_063,Blueprint prompt,92.5,0.01
decay_setting_063,Blueprint prompt,93.5,0.01
decay_setting_063,Blueprint prompt,94.5,0.01
decay_setting_063,Blueprint prompt,95.5,0.01
decay_setting_063,Blueprint prompt,96.5,0.01
decay_setting_063,Blueprint prompt,97.5,0.01
decay_setting_063,Blueprint prompt,98.5,0.01
decay_setting_063,Blueprint prompt,99.5,0.01
decay_setting_064,Baseline prompt,0.5,0.85
decay_setting_064,Baseline prompt,1.5,0.82
decay_setting_064,Baseline prompt,2.5,0.79
decay_setting_064,Baseline prompt,3.5,0.74
decay_setting_064,Baseline prompt,4.5,0.72
decay_setting_064,Baseline prompt,5.5,0.7
decay_setting_064,Baseline prompt,6.5,0.66
decay_setting_064,Baseline prompt,7.5,0.65
decay_setting_064,Baseline prompt,8.5,0.62
decay_setting_064,Baseline prompt,9.5,0.58
decay_setting_064,Baseline prompt,10.5,0.54
decay_setting_064,Baseline prompt,11.5,0.52
decay_setting_064,Baseline prompt,12.5,0.5
decay_setting_064,Baseline prompt,13.5,0.48
decay_setting_064,Baseline prompt,14.5,0.45
decay_setting_064,Baseline prompt,15.5,0.42
decay_setting_064,Baseline prompt,16.5,0.4
decay_setting_064,Baseline prompt,17.5,0.38
decay_setting_064,Baseline prompt,18.5,0.35
decay_setting_064,Baseline prompt,19.5,0.32
decay_setting_064,Baseline prompt,20.5,0.3
decay_setting_064,Baseline prompt,21.5,0.28
decay_setting_064,Baseline prompt,22.5,0.26
decay_setting_064,Baseline prompt,23.5,0.24
decay_setting_064,Baseline prompt,24.5,0.22
decay_setting_064,Baseline prompt,25.5,0.2
decay_setting_064,Baseline prompt,26.5,0.18
decay_setting_064,Baseline prompt,27.5,0.17
decay_setting_064,Baseline prompt,28.5,0.15
decay_setting_064,Baseline prompt,29.5,0.14
decay_setting_064,Baseline prompt,30.5,0.13
decay_setting_064,Baseline prompt,31.5,0.12
decay_setting_064,Baseline prompt,32.5,0.11
decay_setting_064,Baseline prompt,33.5,0.1
decay_setting_064,Baseline prompt,34.5,0.09
decay_setting_064,Baseline prompt,35.5,0.09
decay_setting_064,Baseline prompt,36.5,0.08
decay_setting_064,Baseline prompt,37.5,0.07
decay_setting_064,Baseline prompt,38.5,0.07
decay_setting_064,Baseline prompt,39.5,0.06
decay_setting_064,Baseline prompt,40.5,0.06
decay_setting_064,Baseline prompt,41.5,0.05
decay_setting_064,Baseline prompt,42.5,0.05
decay_setting_064,Baseline prompt,43.5,0.05
decay_setting_064,Baseline prompt,44.5,0.04
decay_setting_064,Baseline prompt,45.5,0.04
decay_setting_064,Baseline prompt,46.5,0.04
decay_setting_064,Baseline prompt,47.5,0.03
decay_setting_064,Baseline prompt,48.5,0.03
decay_setting_064,Baseline prompt,49.5,0.03
decay_setting_064,Baseline prompt,50.5,0.03
decay_setting_064,Baseline prompt,51.5,0.02
decay_setting_064,Baseline prompt,52.5,0.02
decay_setting_064,Baseline prompt,53.5,0.02
decay_setting_064,Baseline prompt,54.5,0.02
decay_setting_064,Baseline prompt,55.5,0.02
decay_setting_064,Baseline prompt,56.5,0.02
decay_setting_064,Baseline prompt,57.5,0.02
decay_setting_064,Baseline prompt,58.5,0.01
decay_setting_064,Baseline prompt,59.5,0.01
decay_setting_064,Baseline prompt,60.5,0.01
decay_setting_064,Baseline prompt,61.5,0.01
decay_setting_064,Baseline prompt,62.5,0.01
decay_setting_064,Baseline prompt,63.5,0.01
decay_setting_064,Baseline prompt,64.5,0.01
decay_setting_064,Baseline prompt,65.5,0.01
decay_setting_064,Baseline prompt,66.5,0.01
decay_setting_064,Baseline prompt,67.5,0.01
decay_setting_064,Baseline prompt,68.5,0.01
decay_setting_064,Baseline prompt,69.5,0.01
decay_setting_064,Baseline prompt,70.5,0.01
decay_setting_064,Baseline prompt,71.5,0.01
decay_setting_064,Baseline prompt,72.5,0.01
decay_setting_064,Baseline prompt,73.5,0.01
decay_setting_064,Baseline prompt,74.5,0.01
decay_setting_064,Baseline prompt,75.5,0.01
decay_setting_064,Baseline prompt,76.5,0.01
decay_setting_064,Baseline prompt,77.5,0.01
decay_setting_064,Baseline prompt,78.5,0.01
decay_setting_064,Baseline prompt,79.5,0.01
decay_setting_064,Baseline prompt,80.5,0.01
decay_setting_064,Baseline prompt,81.5,0.01
decay_setting_064,Baseline prompt,82.5,0.01
decay_setting_064,Baseline prompt,83.5,0.01
decay_setting_064,Baseline prompt,84.5,0.01
decay_setting_064,Baseline prompt,85.5,0.01
decay_setting_064,Baseline prompt,86.5,0.01
decay_setting_064,Baseline prompt,87.5,0.01
decay_setting_064,Baseline prompt,88.5,0.01
decay_setting_064,Baseline prompt,89.5,0.01
decay_setting_064,Baseline prompt,90.5,0.01
decay_setting_064,Baseline prompt,91.5,0.01
decay_setting_064,Baseline prompt,92.5,0.01
decay_setting_064,Baseline prompt,93.5,0.01
decay_setting_064,Baseline prompt,94.5,0.01
decay_setting_064,Baseline prompt,95.5,0.01
decay_setting_064,Baseline prompt,96.5,0.01
decay_setting_064,Baseline prompt,97.5,0.01
decay_setting_064,Baseline prompt,98.5,0.01
decay_setting_064,Baseline prompt,99.5,0.01
decay_setting_062,Blueprint prompt,0.5,0.87
decay_setting_062,Blueprint prompt,1.5,0.85
decay_setting_062,Blueprint prompt,2.5,0.83
decay_setting_062,Blueprint prompt,3.5,0.82
decay_setting_062,Blueprint prompt,4.5,0.8
decay_setting_062,Blueprint prompt,5.5,0.78
decay_setting_062,Blueprint prompt,6.5,0.76
decay_setting_062,Blueprint prompt,7.5,0.74
decay_setting_062,Blueprint prompt,8.5,0.71
decay_setting_062,Blueprint prompt,9.5,0.69
decay_setting_062,Blueprint prompt,10.5,0.66
decay_setting_062,Blueprint prompt,11.5,0.64
decay_setting_062,Blueprint prompt,12.5,0.62
decay_setting_062,Blueprint prompt,13.5,0.6
decay_setting_062,Blueprint prompt,14.5,0.58
decay_setting_062,Blueprint prompt,15.5,0.57
decay_setting_062,Blueprint prompt,16.5,0.55
decay_setting_062,Blueprint prompt,17.5,0.53
decay_setting_062,Blueprint prompt,18.5,0.51
decay_setting_062,Blueprint prompt,19.5,0.48
decay_setting_062,Blueprint prompt,20.5,0.46
decay_setting_062,Blueprint prompt,21.5,0.45
decay_setting_062,Blueprint prompt,22.5,0.44
decay_setting_062,Blueprint prompt,23.5,0.43
decay_setting_062,Blueprint prompt,24.5,0.42
decay_setting_062,Blueprint prompt,25.5,0.4
decay_setting_062,Blueprint prompt,26.5,0.39
decay_setting_062,Blueprint prompt,27.5,0.38
decay_setting_062,Blueprint prompt,28.5,0.37
decay_setting_062,Blueprint prompt,29.5,0.36
decay_setting_062,Blueprint prompt,30.5,0.35
decay_setting_062,Blueprint prompt,31.5,0.34
decay_setting_062,Blueprint prompt,32.5,0.33
decay_setting_062,Blueprint prompt,33.5,0.32
decay_setting_062,Blueprint prompt,34.5,0.31
decay_setting_062,Blueprint prompt,35.5,0.3
decay_setting_062,Blueprint prompt,36.5,0.29
decay_setting_062,Blueprint prompt,37.5,0.28
decay_setting_062,Blueprint prompt,38.5,0.27
decay_setting_062,Blueprint prompt,39.5,0.26
decay_setting_062,Blueprint prompt,40.5,0.25
decay_setting_062,Blueprint prompt,41.5,0.24
decay_setting_062,Blueprint prompt,42.5,0.23
decay_setting_062,Blueprint prompt,43.5,0.22
decay_setting_062,Blueprint prompt,44.5,0.21
decay_setting_062,Blueprint prompt,45.5,0.2
decay_setting_062,Blueprint prompt,46.5,0.19
decay_setting_062,Blueprint prompt,47.5,0.18
decay_setting_062,Blueprint prompt,48.5,0.17
decay_setting_062,Blueprint prompt,49.5,0.16
decay_setting_062,Blueprint prompt,50.5,0.15
decay_setting_062,Blueprint prompt,51.5,0.14
decay_setting_062,Blueprint prompt,52.5,0.13
decay_setting_062,Blueprint prompt,53.5,0.12
decay_setting_062,Blueprint prompt,54.5,0.11
decay_setting_062,Blueprint prompt,55.5,0.1
decay_setting_062,Blueprint prompt,56.5,0.1
decay_setting_062,Blueprint prompt,57.5,0.09
decay_setting_062,Blueprint prompt,58.5,0.08
decay_setting_062,Blueprint prompt,59.5,0.08
decay_setting_062,Blueprint prompt,60.5,0.07
decay_setting_062,Blueprint prompt,61.5,0.07
decay_setting_062,Blueprint prompt,62.5,0.06
decay_setting_062,Blueprint prompt,63.5,0.06
decay_setting_062,Blueprint prompt,64.5,0.05
decay_setting_062,Blueprint prompt,65.5,0.05
decay_setting_062,Blueprint prompt,66.5,0.05
decay_setting_062,Blueprint prompt,67.5,0.04
decay_setting_062,Blueprint prompt,68.5,0.04
decay_setting_062,Blueprint prompt,69.5,0.04
decay_setting_062,Blueprint prompt,70.5,0.03
decay_setting_062,Blueprint prompt,71.5,0.03
decay_setting_062,Blueprint prompt,72.5,0.03
decay_setting_062,Blueprint prompt,73.5,0.02
decay_setting_062,Blueprint prompt,74.5,0.02
decay_setting_062,Blueprint prompt,75.5,0.02
decay_setting_062,Blueprint prompt,76.5,0.02
decay_setting_062,Blueprint prompt,77.5,0.02
decay_setting_062,Blueprint prompt,78.5,0.01
decay_setting_062,Blueprint prompt,79.5,0.01
decay_setting_062,Blueprint prompt,80.5,0.01
decay_setting_062,Blueprint prompt,81.5,0.01
decay_setting_062,Blueprint prompt,82.5,0.01
decay_setting_062,Blueprint prompt,83.5,0.01
decay_setting_062,Blueprint prompt,84.5,0.01
decay_setting_062,Blueprint prompt,85.5,0.01
decay_setting_062,Blueprint prompt,86.5,0.01
decay_setting_062,Blueprint prompt,87.5,0.01
decay_setting_062,Blueprint prompt,88.5,0.01
decay_setting_062,Blueprint prompt,89.5,0.01
decay_setting_062,Blueprint prompt,90.5,0.01
decay_setting_062,Blueprint prompt,91.5,0.01
decay_setting_062,Blueprint prompt,92.5,0.01
decay_setting_062,Blueprint prompt,93.5,0.01
decay_setting_062,Blueprint prompt,94.5,0.01
decay_setting_062,Blueprint prompt,95.5,0.01
decay_setting_062,Blueprint prompt,96.5,0.01
decay_setting_062,Blueprint prompt,97.5,0.01
decay_setting_062,Blueprint prompt,98.5,0.01
decay_setting_062,Blueprint prompt,99.5,0.01
decay_setting_064,Blueprint prompt,0.5,0.92
decay_setting_064,Blueprint prompt,1.5,0.89
decay_setting_064,Blueprint prompt,2.5,0.85
decay_setting_064,Blueprint prompt,3.5,0.87
decay_setting_064,Blueprint prompt,4.5,0.83
decay_setting_064,Blueprint prompt,5.5,0.8
decay_setting_064,Blueprint prompt,6.5,0.78
decay_setting_064,Blueprint prompt,7.5,0.76
decay_setting_064,Blueprint prompt,8.5,0.74
decay_setting_064,Blueprint prompt,9.5,0.72
decay_setting_064,Blueprint prompt,10.5,0.7
decay_setting_064,Blueprint prompt,11.5,0.68
decay_setting_064,Blueprint prompt,12.5,0.66
decay_setting_064,Blueprint prompt,13.5,0.64
decay_setting_064,Blueprint prompt,14.5,0.62
decay_setting_064,Blueprint prompt,15.5,0.61
decay_setting_064,Blueprint prompt,16.5,0.59
decay_setting_064,Blueprint prompt,17.5,0.57
decay_setting_064,Blueprint prompt,18.5,0.56
decay_setting_064,Blueprint prompt,19.5,0.54
decay_setting_064,Blueprint prompt,20.5,0.52
decay_setting_064,Blueprint prompt,21.5,0.51
decay_setting_064,Blueprint prompt,22.5,0.49
decay_setting_064,Blueprint prompt,23.5,0.47
decay_setting_064,Blueprint prompt,24.5,0.46
decay_setting_064,Blueprint prompt,25.5,0.45
decay_setting_064,Blueprint prompt,26.5,0.43
decay_setting_064,Blueprint prompt,27.5,0.42
decay_setting_064,Blueprint prompt,28.5,0.41
decay_setting_064,Blueprint prompt,29.5,0.39
decay_setting_064,Blueprint prompt,30.5,0.38
decay_setting_064,Blueprint prompt,31.5,0.37
decay_setting_064,Blueprint prompt,32.5,0.36
decay_setting_064,Blueprint prompt,33.5,0.35
decay_setting_064,Blueprint prompt,34.5,0.34
decay_setting_064,Blueprint prompt,35.5,0.33
decay_setting_064,Blueprint prompt,36.5,0.32
decay_setting_064,Blueprint prompt,37.5,0.31
decay_setting_064,Blueprint prompt,38.5,0.3
decay_setting_064,Blueprint prompt,39.5,0.29
decay_setting_064,Blueprint prompt,40.5,0.28
decay_setting_064,Blueprint prompt,41.5,0.27
decay_setting_064,Blueprint prompt,42.5,0.26
decay_setting_064,Blueprint prompt,43.5,0.25
decay_setting_064,Blueprint prompt,44.5,0.24
decay_setting_064,Blueprint prompt,45.5,0.23
decay_setting_064,Blueprint prompt,46.5,0.23
decay_setting_064,Blueprint prompt,47.5,0.22
decay_setting_064,Blueprint prompt,48.5,0.21
decay_setting_064,Blueprint prompt,49.5,0.2
decay_setting_064,Blueprint prompt,50.5,0.19
decay_setting_064,Blueprint prompt,51.5,0.19
decay_setting_064,Blueprint prompt,52.5,0.18
decay_setting_064,Blueprint prompt,53.5,0.18
decay_setting_064,Blueprint prompt,54.5,0.17
decay_setting_064,Blueprint prompt,55.5,0.16
decay_setting_064,Blueprint prompt,56.5,0.16
decay_setting_064,Blueprint prompt,57.5,0.15
decay_setting_064,Blueprint prompt,58.5,0.15
decay_setting_064,Blueprint prompt,59.5,0.14
decay_setting_064,Blueprint prompt,60.5,0.13
decay_setting_064,Blueprint prompt,61.5,0.13
decay_setting_064,Blueprint prompt,62.5,0.12
decay_setting_064,Blueprint prompt,63.5,0.12
decay_setting_064,Blueprint prompt,64.5,0.12
decay_setting_064,Blueprint prompt,65.5,0.11
decay_setting_064,Blueprint prompt,66.5,0.11
decay_setting_064,Blueprint prompt,67.5,0.1
decay_setting_064,Blueprint prompt,68.5,0.1
decay_setting_064,Blueprint prompt,69.5,0.09
decay_setting_064,Blueprint prompt,70.5,0.09
decay_setting_064,Blueprint prompt,71.5,0.08
decay_setting_064,Blueprint prompt,72.5,0.08
decay_setting_064,Blueprint prompt,73.5,0.07
decay_setting_064,Blueprint prompt,74.5,0.07
decay_setting_064,Blueprint prompt,75.5,0.07
decay_setting_064,Blueprint prompt,76.5,0.06
decay_setting_064,Blueprint prompt,77.5,0.06
decay_setting_064,Blueprint prompt,78.5,0.06
decay_setting_064,Blueprint prompt,79.5,0.05
decay_setting_064,Blueprint prompt,80.5,0.05
decay_setting_064,Blueprint prompt,81.5,0.05
decay_setting_064,Blueprint prompt,82.5,0.05
decay_setting_064,Blueprint prompt,83.5,0.05
decay_setting_064,Blueprint prompt,84.5,0.04
decay_setting_064,Blueprint prompt,85.5,0.04
decay_setting_064,Blueprint prompt,86.5,0.04
decay_setting_064,Blueprint prompt,87.5,0.04
decay_setting_064,Blueprint prompt,88.5,0.03
decay_setting_064,Blueprint prompt,89.5,0.03
decay_setting_064,Blueprint prompt,90.5,0.03
decay_setting_064,Blueprint prompt,91.5,0.03
decay_setting_064,Blueprint prompt,92.5,0.02
decay_setting_064,Blueprint prompt,93.5,0.02
decay_setting_064,Blueprint prompt,94.5,0.02
decay_setting_064,Blueprint prompt,95.5,0.02
decay_setting_064,Blueprint prompt,96.5,0.01
decay_setting_064,Blueprint prompt,97.5,0.01
decay_setting_064,Blueprint prompt,98.5,0.01
decay_setting_064,Blueprint prompt,99.5,0.01
decay_setting_065,Baseline prompt,0.5,0.75
decay_setting_065,Baseline prompt,1.5,0.72
decay_setting_065,Baseline prompt,2.5,0.68
decay_setting_065,Baseline prompt,3.5,0.65
decay_setting_065,Baseline prompt,4.5,0.63
decay_setting_065,Baseline prompt,5.5,0.6
decay_setting_065,Baseline prompt,6.5,0.56
decay_setting_065,Baseline prompt,7.5,0.52
decay_setting_065,Baseline prompt,8.5,0.49
decay_setting_065,Baseline prompt,9.5,0.45
decay_setting_065,Baseline prompt,10.5,0.42
decay_setting_065,Baseline prompt,11.5,0.39
decay_setting_065,Baseline prompt,12.5,0.36
decay_setting_065,Baseline prompt,13.5,0.33
decay_setting_065,Baseline prompt,14.5,0.3
decay_setting_065,Baseline prompt,15.5,0.28
decay_setting_065,Baseline prompt,16.5,0.25
decay_setting_065,Baseline prompt,17.5,0.23
decay_setting_065,Baseline prompt,18.5,0.21
decay_setting_065,Baseline prompt,19.5,0.18
decay_setting_065,Baseline prompt,20.5,0.16
decay_setting_065,Baseline prompt,21.5,0.15
decay_setting_065,Baseline prompt,22.5,0.13
decay_setting_065,Baseline prompt,23.5,0.12
decay_setting_065,Baseline prompt,24.5,0.11
decay_setting_065,Baseline prompt,25.5,0.1
decay_setting_065,Baseline prompt,26.5,0.09
decay_setting_065,Baseline prompt,27.5,0.08
decay_setting_065,Baseline prompt,28.5,0.07
decay_setting_065,Baseline prompt,29.5,0.06
decay_setting_065,Baseline prompt,30.5,0.06
decay_setting_065,Baseline prompt,31.5,0.05
decay_setting_065,Baseline prompt,32.5,0.05
decay_setting_065,Baseline prompt,33.5,0.04
decay_setting_065,Baseline prompt,34.5,0.04
decay_setting_065,Baseline prompt,35.5,0.04
decay_setting_065,Baseline prompt,36.5,0.03
decay_setting_065,Baseline prompt,37.5,0.03
decay_setting_065,Baseline prompt,38.5,0.03
decay_setting_065,Baseline prompt,39.5,0.03
decay_setting_065,Baseline prompt,40.5,0.02
decay_setting_065,Baseline prompt,41.5,0.02
decay_setting_065,Baseline prompt,42.5,0.02
decay_setting_065,Baseline prompt,43.5,0.02
decay_setting_065,Baseline prompt,44.5,0.02
decay_setting_065,Baseline prompt,45.5,0.01
decay_setting_065,Baseline prompt,46.5,0.01
decay_setting_065,Baseline prompt,47.5,0.01
decay_setting_065,Baseline prompt,48.5,0.01
decay_setting_065,Baseline prompt,49.5,0.01
decay_setting_065,Baseline prompt,50.5,0.01
decay_setting_065,Baseline prompt,51.5,0.01
decay_setting_065,Baseline prompt,52.5,0.01
decay_setting_065,Baseline prompt,53.5,0.01
decay_setting_065,Baseline prompt,54.5,0.01
decay_setting_065,Baseline prompt,55.5,0.01
decay_setting_065,Baseline prompt,56.5,0.01
decay_setting_065,Baseline prompt,57.5,0.01
decay_setting_065,Baseline prompt,58.5,0.01
decay_setting_065,Baseline prompt,59.5,0.01
decay_setting_065,Baseline prompt,60.5,0.01
decay_setting_065,Baseline prompt,61.5,0.01
decay_setting_065,Baseline prompt,62.5,0.01
decay_setting_065,Baseline prompt,63.5,0.01
decay_setting_065,Baseline prompt,64.5,0.01
decay_setting_065,Baseline prompt,65.5,0.01
decay_setting_065,Baseline prompt,66.5,0.01
decay_setting_065,Baseline prompt,67.5,0.01
decay_setting_065,Baseline prompt,68.5,0.01
decay_setting_065,Baseline prompt,69.5,0.01
decay_setting_065,Baseline prompt,70.5,0.01
decay_setting_065,Baseline prompt,71.5,0.01
decay_setting_065,Baseline prompt,72.5,0.01
decay_setting_065,Baseline prompt,73.5,0.01
decay_setting_065,Baseline prompt,74.5,0.01
decay_setting_065,Baseline prompt,75.5,0.01
decay_setting_065,Baseline prompt,76.5,0.01
decay_setting_065,Baseline prompt,77.5,0.01
decay_setting_065,Baseline prompt,78.5,0.01
decay_setting_065,Baseline prompt,79.5,0.01
decay_setting_065,Baseline prompt,80.5,0.01
decay_setting_065,Baseline prompt,81.5,0.01
decay_setting_065,Baseline prompt,82.5,0.01
decay_setting_065,Baseline prompt,83.5,0.01
decay_setting_065,Baseline prompt,84.5,0.01
decay_setting_065,Baseline prompt,85.5,0.01
decay_setting_065,Baseline prompt,86.5,0.01
decay_setting_065,Baseline prompt,87.5,0.01
decay_setting_065,Baseline prompt,88.5,0.01
decay_setting_065,Baseline prompt,89.5,0.01
decay_setting_065,Baseline prompt,90.5,0.01
decay_setting_065,Baseline prompt,91.5,0.01
decay_setting_065,Baseline prompt,92.5,0.01
decay_setting_065,Baseline prompt,93.5,0.01
decay_setting_065,Baseline prompt,94.5,0.01
decay_setting_065,Baseline prompt,95.5,0.01
decay_setting_065,Baseline prompt,96.5,0.01
decay_setting_065,Baseline prompt,97.5,0.01
decay_setting_065,Baseline prompt,98.5,0.01
decay_setting_065,Baseline prompt,99.5,0.01
decay_setting_066,Blueprint prompt,0.5,0.91
decay_setting_066,Blueprint prompt,1.5,0.88
decay_setting_066,Blueprint prompt,2.5,0.85
decay_setting_066,Blueprint prompt,3.5,0.83
decay_setting_066,Blueprint prompt,4.5,0.81
decay_setting_066,Blueprint prompt,5.5,0.78
decay_setting_066,Blueprint prompt,6.5,0.75
decay_setting_066,Blueprint prompt,7.5,0.72
decay_setting_066,Blueprint prompt,8.5,0.69
decay_setting_066,Blueprint prompt,9.5,0.65
decay_setting_066,Blueprint prompt,10.5,0.63
decay_setting_066,Blueprint prompt,11.5,0.6
decay_setting_066,Blueprint prompt,12.5,0.57
decay_setting_066,Blueprint prompt,13.5,0.54
decay_setting_066,Blueprint prompt,14.5,0.51
decay_setting_066,Blueprint prompt,15.5,0.47
decay_setting_066,Blueprint prompt,16.5,0.44
decay_setting_066,Blueprint prompt,17.5,0.41
decay_setting_066,Blueprint prompt,18.5,0.38
decay_setting_066,Blueprint prompt,19.5,0.35
decay_setting_066,Blueprint prompt,20.5,0.33
decay_setting_066,Blueprint prompt,21.5,0.3
decay_setting_066,Blueprint prompt,22.5,0.28
decay_setting_066,Blueprint prompt,23.5,0.26
decay_setting_066,Blueprint prompt,24.5,0.24
decay_setting_066,Blueprint prompt,25.5,0.22
decay_setting_066,Blueprint prompt,26.5,0.21
decay_setting_066,Blueprint prompt,27.5,0.19
decay_setting_066,Blueprint prompt,28.5,0.18
decay_setting_066,Blueprint prompt,29.5,0.17
decay_setting_066,Blueprint prompt,30.5,0.15
decay_setting_066,Blueprint prompt,31.5,0.14
decay_setting_066,Blueprint prompt,32.5,0.13
decay_setting_066,Blueprint prompt,33.5,0.12
decay_setting_066,Blueprint prompt,34.5,0.11
decay_setting_066,Blueprint prompt,35.5,0.1
decay_setting_066,Blueprint prompt,36.5,0.09
decay_setting_066,Blueprint prompt,37.5,0.08
decay_setting_066,Blueprint prompt,38.5,0.08
decay_setting_066,Blueprint prompt,39.5,0.07
decay_setting_066,Blueprint prompt,40.5,0.07
decay_setting_066,Blueprint prompt,41.5,0.06
decay_setting_066,Blueprint prompt,42.5,0.06
decay_setting_066,Blueprint prompt,43.5,0.06
decay_setting_066,Blueprint prompt,44.5,0.05
decay_setting_066,Blueprint prompt,45.5,0.05
decay_setting_066,Blueprint prompt,46.5,0.05
decay_setting_066,Blueprint prompt,47.5,0.05
decay_setting_066,Blueprint prompt,48.5,0.04
decay_setting_066,Blueprint prompt,49.5,0.04
decay_setting_066,Blueprint prompt,50.5,0.04
decay_setting_066,Blueprint prompt,51.5,0.04
decay_setting_066,Blueprint prompt,52.5,0.04
decay_setting_066,Blueprint prompt,53.5,0.03
decay_setting_066,Blueprint prompt,54.5,0.03
decay_setting_066,Blueprint prompt,55.5,0.03
decay_setting_066,Blueprint prompt,56.5,0.03
decay_setting_066,Blueprint prompt,57.5,0.03
decay_setting_066,Blueprint prompt,58.5,0.02
decay_setting_066,Blueprint prompt,59.5,0.02
decay_setting_066,Blueprint prompt,60.5,0.02
decay_setting_066,Blueprint prompt,61.5,0.02
decay_setting_066,Blueprint prompt,62.5,0.02
decay_setting_066,Blueprint prompt,63.5,0.02
decay_setting_066,Blueprint prompt,64.5,0.02
decay_setting_066,Blueprint prompt,65.5,0.02
decay_setting_066,Blueprint prompt,66.5,0.02
decay_setting_066,Blueprint prompt,67.5,0.02
decay_setting_066,Blueprint prompt,68.5,0.01
decay_setting_066,Blueprint prompt,69.5,0.01
decay_setting_066,Blueprint prompt,70.5,0.01
decay_setting_066,Blueprint prompt,71.5,0.01
decay_setting_066,Blueprint prompt,72.5,0.01
decay_setting_066,Blueprint prompt,73.5,0.01
decay_setting_066,Blueprint prompt,74.5,0.01
decay_setting_066,Blueprint prompt,75.5,0.01
decay_setting_066,Blueprint prompt,76.5,0.01
decay_setting_066,Blueprint prompt,77.5,0.01
decay_setting_066,Blueprint prompt,78.5,0.0
decay_setting_066,Blueprint prompt,79.5,0.0
decay_setting_066,Blueprint prompt,80.5,0.0
decay_setting_066,Blueprint prompt,81.5,0.0
decay_setting_066,Blueprint prompt,82.5,0.0
decay_setting_066,Blueprint prompt,83.5,0.0
decay_setting_066,Blueprint prompt,84.5,0.0
decay_setting_066,Blueprint prompt,85.5,0.0
decay_setting_066,Blueprint prompt,86.5,0.0
decay_setting_066,Blueprint prompt,87.5,0.0
decay_setting_066,Blueprint prompt,88.5,0.0
decay_setting_066,Blueprint prompt,89.5,0.0
decay_setting_066,Blueprint prompt,90.5,0.0
decay_setting_066,Blueprint prompt,91.5,0.0
decay_setting_066,Blueprint prompt,92.5,0.0
decay_setting_066,Blueprint prompt,93.5,0.0
decay_setting_066,Blueprint prompt,94.5,0.0
decay_setting_066,Blueprint prompt,95.5,0.0
decay_setting_066,Blueprint prompt,96.5,0.0
decay_setting_066,Blueprint prompt,97.5,0.0
decay_setting_066,Blueprint prompt,98.5,0.0
decay_setting_066,Blueprint prompt,99.5,0.0
decay_setting_067,Baseline prompt,0.5,0.85
decay_setting_067,Baseline prompt,1.5,0.83
decay_setting_067,Baseline prompt,2.5,0.8
decay_setting_067,Baseline prompt,3.5,0.78
decay_setting_067,Baseline prompt,4.5,0.75
decay_setting_067,Baseline prompt,5.5,0.72
decay_setting_067,Baseline prompt,6.5,0.7
decay_setting_067,Baseline prompt,7.5,0.68
decay_setting_067,Baseline prompt,8.5,0.65
decay_setting_067,Baseline prompt,9.5,0.63
decay_setting_067,Baseline prompt,10.5,0.6
decay_setting_067,Baseline prompt,11.5,0.58
decay_setting_067,Baseline prompt,12.5,0.56
decay_setting_067,Baseline prompt,13.5,0.54
decay_setting_067,Baseline prompt,14.5,0.52
decay_setting_067,Baseline prompt,15.5,0.5
decay_setting_067,Baseline prompt,16.5,0.47
decay_setting_067,Baseline prompt,17.5,0.45
decay_setting_067,Baseline prompt,18.5,0.43
decay_setting_067,Baseline prompt,19.5,0.41
decay_setting_067,Baseline prompt,20.5,0.38
decay_setting_067,Baseline prompt,21.5,0.36
decay_setting_067,Baseline prompt,22.5,0.34
decay_setting_067,Baseline prompt,23.5,0.32
decay_setting_067,Baseline prompt,24.5,0.3
decay_setting_067,Baseline prompt,25.5,0.28
decay_setting_067,Baseline prompt,26.5,0.26
decay_setting_067,Baseline prompt,27.5,0.25
decay_setting_067,Baseline prompt,28.5,0.23
decay_setting_067,Baseline prompt,29.5,0.22
decay_setting_067,Baseline prompt,30.5,0.2
decay_setting_067,Baseline prompt,31.5,0.19
decay_setting_067,Baseline prompt,32.5,0.18
decay_setting_067,Baseline prompt,33.5,0.17
decay_setting_067,Baseline prompt,34.5,0.16
decay_setting_067,Baseline prompt,35.5,0.15
decay_setting_067,Baseline prompt,36.5,0.14
decay_setting_067,Baseline prompt,37.5,0.13
decay_setting_067,Baseline prompt,38.5,0.12
decay_setting_067,Baseline prompt,39.5,0.11
decay_setting_067,Baseline prompt,40.5,0.1
decay_setting_067,Baseline prompt,41.5,0.095
decay_setting_067,Baseline prompt,42.5,0.09
decay_setting_067,Baseline prompt,43.5,0.085
decay_setting_067,Baseline prompt,44.5,0.08
decay_setting_067,Baseline prompt,45.5,0.075
decay_setting_067,Baseline prompt,46.5,0.07
decay_setting_067,Baseline prompt,47.5,0.065
decay_setting_067,Baseline prompt,48.5,0.06
decay_setting_067,Baseline prompt,49.5,0.055
decay_setting_067,Baseline prompt,50.5,0.05
decay_setting_067,Baseline prompt,51.5,0.045
decay_setting_067,Baseline prompt,52.5,0.04
decay_setting_067,Baseline prompt,53.5,0.037
decay_setting_067,Baseline prompt,54.5,0.035
decay_setting_067,Baseline prompt,55.5,0.032
decay_setting_067,Baseline prompt,56.5,0.03
decay_setting_067,Baseline prompt,57.5,0.027
decay_setting_067,Baseline prompt,58.5,0.025
decay_setting_067,Baseline prompt,59.5,0.023
decay_setting_067,Baseline prompt,60.5,0.02
decay_setting_067,Baseline prompt,61.5,0.018
decay_setting_067,Baseline prompt,62.5,0.017
decay_setting_067,Baseline prompt,63.5,0.015
decay_setting_067,Baseline prompt,64.5,0.014
decay_setting_067,Baseline prompt,65.5,0.013
decay_setting_067,Baseline prompt,66.5,0.012
decay_setting_067,Baseline prompt,67.5,0.011
decay_setting_067,Baseline prompt,68.5,0.01
decay_setting_067,Baseline prompt,69.5,0.009
decay_setting_067,Baseline prompt,70.5,0.008
decay_setting_067,Baseline prompt,71.5,0.0075
decay_setting_067,Baseline prompt,72.5,0.007
decay_setting_067,Baseline prompt,73.5,0.0065
decay_setting_067,Baseline prompt,74.5,0.006
decay_setting_067,Baseline prompt,75.5,0.0055
decay_setting_067,Baseline prompt,76.5,0.005
decay_setting_067,Baseline prompt,77.5,0.0045
decay_setting_067,Baseline prompt,78.5,0.004
decay_setting_067,Baseline prompt,79.5,0.0038
decay_setting_067,Baseline prompt,80.5,0.0035
decay_setting_067,Baseline prompt,81.5,0.0032
decay_setting_067,Baseline prompt,82.5,0.003
decay_setting_067,Baseline prompt,83.5,0.0028
decay_setting_067,Baseline prompt,84.5,0.0025
decay_setting_067,Baseline prompt,85.5,0.0023
decay_setting_067,Baseline prompt,86.5,0.002
decay_setting_067,Baseline prompt,87.5,0.0018
decay_setting_067,Baseline prompt,88.5,0.0016
decay_setting_067,Baseline prompt,89.5,0.0015
decay_setting_067,Baseline prompt,90.5,0.0013
decay_setting_067,Baseline prompt,91.5,0.0011
decay_setting_067,Baseline prompt,92.5,0.001
decay_setting_067,Baseline prompt,93.5,0.0009
decay_setting_067,Baseline prompt,94.5,0.0008
decay_setting_067,Baseline prompt,95.5,0.0007
decay_setting_067,Baseline prompt,96.5,0.0006
decay_setting_067,Baseline prompt,97.5,0.0005
decay_setting_067,Baseline prompt,98.5,0.0004
decay_setting_067,Baseline prompt,99.5,0.0003
decay_setting_066,Baseline prompt,0.5,0.89
decay_setting_066,Baseline prompt,1.5,0.82
decay_setting_066,Baseline prompt,2.5,0.74
decay_setting_066,Baseline prompt,3.5,0.66
decay_setting_066,Baseline prompt,4.5,0.58
decay_setting_066,Baseline prompt,5.5,0.5
decay_setting_066,Baseline prompt,6.5,0.43
decay_setting_066,Baseline prompt,7.5,0.36
decay_setting_066,Baseline prompt,8.5,0.3
decay_setting_066,Baseline prompt,9.5,0.25
decay_setting_066,Baseline prompt,10.5,0.22
decay_setting_066,Baseline prompt,11.5,0.2
decay_setting_066,Baseline prompt,12.5,0.18
decay_setting_066,Baseline prompt,13.5,0.16
decay_setting_066,Baseline prompt,14.5,0.14
decay_setting_066,Baseline prompt,15.5,0.13
decay_setting_066,Baseline prompt,16.5,0.12
decay_setting_066,Baseline prompt,17.5,0.11
decay_setting_066,Baseline prompt,18.5,0.1
decay_setting_066,Baseline prompt,19.5,0.09
decay_setting_066,Baseline prompt,20.5,0.08
decay_setting_066,Baseline prompt,21.5,0.07
decay_setting_066,Baseline prompt,22.5,0.07
decay_setting_066,Baseline prompt,23.5,0.06
decay_setting_066,Baseline prompt,24.5,0.06
decay_setting_066,Baseline prompt,25.5,0.05
decay_setting_066,Baseline prompt,26.5,0.05
decay_setting_066,Baseline prompt,27.5,0.05
decay_setting_066,Baseline prompt,28.5,0.04
decay_setting_066,Baseline prompt,29.5,0.04
decay_setting_066,Baseline prompt,30.5,0.04
decay_setting_066,Baseline prompt,31.5,0.03
decay_setting_066,Baseline prompt,32.5,0.03
decay_setting_066,Baseline prompt,33.5,0.03
decay_setting_066,Baseline prompt,34.5,0.03
decay_setting_066,Baseline prompt,35.5,0.02
decay_setting_066,Baseline prompt,36.5,0.02
decay_setting_066,Baseline prompt,37.5,0.02
decay_setting_066,Baseline prompt,38.5,0.02
decay_setting_066,Baseline prompt,39.5,0.02
decay_setting_066,Baseline prompt,40.5,0.02
decay_setting_066,Baseline prompt,41.5,0.02
decay_setting_066,Baseline prompt,42.5,0.01
decay_setting_066,Baseline prompt,43.5,0.01
decay_setting_066,Baseline prompt,44.5,0.01
decay_setting_066,Baseline prompt,45.5,0.01
decay_setting_066,Baseline prompt,46.5,0.01
decay_setting_066,Baseline prompt,47.5,0.01
decay_setting_066,Baseline prompt,48.5,0.01
decay_setting_066,Baseline prompt,49.5,0.01
decay_setting_066,Baseline prompt,50.5,0.01
decay_setting_066,Baseline prompt,51.5,0.01
decay_setting_066,Baseline prompt,52.5,0.01
decay_setting_066,Baseline prompt,53.5,0.01
decay_setting_066,Baseline prompt,54.5,0.01
decay_setting_066,Baseline prompt,55.5,0.01
decay_setting_066,Baseline prompt,56.5,0.01
decay_setting_066,Baseline prompt,57.5,0.01
decay_setting_066,Baseline prompt,58.5,0.01
decay_setting_066,Baseline prompt,59.5,0.01
decay_setting_066,Baseline prompt,60.5,0.01
decay_setting_066,Baseline prompt,61.5,0.01
decay_setting_066,Baseline prompt,62.5,0.01
decay_setting_066,Baseline prompt,63.5,0.01
decay_setting_066,Baseline prompt,64.5,0.01
decay_setting_066,Baseline prompt,65.5,0.01
decay_setting_066,Baseline prompt,66.5,0.01
decay_setting_066,Baseline prompt,67.5,0.01
decay_setting_066,Baseline prompt,68.5,0.01
decay_setting_066,Baseline prompt,69.5,0.01
decay_setting_066,Baseline prompt,70.5,0.01
decay_setting_066,Baseline prompt,71.5,0.01
decay_setting_066,Baseline prompt,72.5,0.01
decay_setting_066,Baseline prompt,73.5,0.01
decay_setting_066,Baseline prompt,74.5,0.01
decay_setting_066,Baseline prompt,75.5,0.01
decay_setting_066,Baseline prompt,76.5,0.01
decay_setting_066,Baseline prompt,77.5,0.01
decay_setting_066,Baseline prompt,78.5,0.01
decay_setting_066,Baseline prompt,79.5,0.01
decay_setting_066,Baseline prompt,80.5,0.01
decay_setting_066,Baseline prompt,81.5,0.01
decay_setting_066,Baseline prompt,82.5,0.01
decay_setting_066,Baseline prompt,83.5,0.01
decay_setting_066,Baseline prompt,84.5,0.01
decay_setting_066,Baseline prompt,85.5,0.01
decay_setting_066,Baseline prompt,86.5,0.01
decay_setting_066,Baseline prompt,87.5,0.01
decay_setting_066,Baseline prompt,88.5,0.01
decay_setting_066,Baseline prompt,89.5,0.01
decay_setting_066,Baseline prompt,90.5,0.01
decay_setting_066,Baseline prompt,91.5,0.01
decay_setting_066,Baseline prompt,92.5,0.01
decay_setting_066,Baseline prompt,93.5,0.01
decay_setting_066,Baseline prompt,94.5,0.01
decay_setting_066,Baseline prompt,95.5,0.01
decay_setting_066,Baseline prompt,96.5,0.01
decay_setting_066,Baseline prompt,97.5,0.01
decay_setting_066,Baseline prompt,98.5,0.01
decay_setting_066,Baseline prompt,99.5,0.01
decay_setting_067,Blueprint prompt,0.5,0.92
decay_setting_067,Blueprint prompt,1.5,0.9
decay_setting_067,Blueprint prompt,2.5,0.88
decay_setting_067,Blueprint prompt,3.5,0.85
decay_setting_067,Blueprint prompt,4.5,0.82
decay_setting_067,Blueprint prompt,5.5,0.79
decay_setting_067,Blueprint prompt,6.5,0.76
decay_setting_067,Blueprint prompt,7.5,0.74
decay_setting_067,Blueprint prompt,8.5,0.71
decay_setting_067,Blueprint prompt,9.5,0.68
decay_setting_067,Blueprint prompt,10.5,0.66
decay_setting_067,Blueprint prompt,11.5,0.63
decay_setting_067,Blueprint prompt,12.5,0.6
decay_setting_067,Blueprint prompt,13.5,0.57
decay_setting_067,Blueprint prompt,14.5,0.54
decay_setting_067,Blueprint prompt,15.5,0.52
decay_setting_067,Blueprint prompt,16.5,0.5
decay_setting_067,Blueprint prompt,17.5,0.47
decay_setting_067,Blueprint prompt,18.5,0.45
decay_setting_067,Blueprint prompt,19.5,0.43
decay_setting_067,Blueprint prompt,20.5,0.41
decay_setting_067,Blueprint prompt,21.5,0.39
decay_setting_067,Blueprint prompt,22.5,0.37
decay_setting_067,Blueprint prompt,23.5,0.35
decay_setting_067,Blueprint prompt,24.5,0.33
decay_setting_067,Blueprint prompt,25.5,0.32
decay_setting_067,Blueprint prompt,26.5,0.3
decay_setting_067,Blueprint prompt,27.5,0.28
decay_setting_067,Blueprint prompt,28.5,0.27
decay_setting_067,Blueprint prompt,29.5,0.25
decay_setting_067,Blueprint prompt,30.5,0.24
decay_setting_067,Blueprint prompt,31.5,0.22
decay_setting_067,Blueprint prompt,32.5,0.21
decay_setting_067,Blueprint prompt,33.5,0.2
decay_setting_067,Blueprint prompt,34.5,0.19
decay_setting_067,Blueprint prompt,35.5,0.18
decay_setting_067,Blueprint prompt,36.5,0.17
decay_setting_067,Blueprint prompt,37.5,0.16
decay_setting_067,Blueprint prompt,38.5,0.15
decay_setting_067,Blueprint prompt,39.5,0.14
decay_setting_067,Blueprint prompt,40.5,0.13
decay_setting_067,Blueprint prompt,41.5,0.12
decay_setting_067,Blueprint prompt,42.5,0.11
decay_setting_067,Blueprint prompt,43.5,0.1
decay_setting_067,Blueprint prompt,44.5,0.09
decay_setting_067,Blueprint prompt,45.5,0.09
decay_setting_067,Blueprint prompt,46.5,0.08
decay_setting_067,Blueprint prompt,47.5,0.08
decay_setting_067,Blueprint prompt,48.5,0.07
decay_setting_067,Blueprint prompt,49.5,0.07
decay_setting_067,Blueprint prompt,50.5,0.06
decay_setting_067,Blueprint prompt,51.5,0.06
decay_setting_067,Blueprint prompt,52.5,0.05
decay_setting_067,Blueprint prompt,53.5,0.05
decay_setting_067,Blueprint prompt,54.5,0.04
decay_setting_067,Blueprint prompt,55.5,0.04
decay_setting_067,Blueprint prompt,56.5,0.03
decay_setting_067,Blueprint prompt,57.5,0.03
decay_setting_067,Blueprint prompt,58.5,0.03
decay_setting_067,Blueprint prompt,59.5,0.02
decay_setting_067,Blueprint prompt,60.5,0.02
decay_setting_067,Blueprint prompt,61.5,0.02
decay_setting_067,Blueprint prompt,62.5,0.02
decay_setting_067,Blueprint prompt,63.5,0.01
decay_setting_067,Blueprint prompt,64.5,0.01
decay_setting_067,Blueprint prompt,65.5,0.01
decay_setting_067,Blueprint prompt,66.5,0.01
decay_setting_067,Blueprint prompt,67.5,0.01
decay_setting_067,Blueprint prompt,68.5,0.01
decay_setting_067,Blueprint prompt,69.5,0.01
decay_setting_067,Blueprint prompt,70.5,0.0
decay_setting_067,Blueprint prompt,71.5,0.0
decay_setting_067,Blueprint prompt,72.5,0.0
decay_setting_067,Blueprint prompt,73.5,0.0
decay_setting_067,Blueprint prompt,74.5,0.0
decay_setting_067,Blueprint prompt,75.5,0.0
decay_setting_067,Blueprint prompt,76.5,0.0
decay_setting_067,Blueprint prompt,77.5,0.0
decay_setting_067,Blueprint prompt,78.5,0.0
decay_setting_067,Blueprint prompt,79.5,0.0
decay_setting_067,Blueprint prompt,80.5,0.0
decay_setting_067,Blueprint prompt,81.5,0.0
decay_setting_067,Blueprint prompt,82.5,0.0
decay_setting_067,Blueprint prompt,83.5,0.0
decay_setting_067,Blueprint prompt,84.5,0.0
decay_setting_067,Blueprint prompt,85.5,0.0
decay_setting_067,Blueprint prompt,86.5,0.0
decay_setting_067,Blueprint prompt,87.5,0.0
decay_setting_067,Blueprint prompt,88.5,0.0
decay_setting_067,Blueprint prompt,89.5,0.0
decay_setting_067,Blueprint prompt,90.5,0.0
decay_setting_067,Blueprint prompt,91.5,0.0
decay_setting_067,Blueprint prompt,92.5,0.0
decay_setting_067,Blueprint prompt,93.5,0.0
decay_setting_067,Blueprint prompt,94.5,0.0
decay_setting_067,Blueprint prompt,95.5,0.0
decay_setting_067,Blueprint prompt,96.5,0.0
decay_setting_067,Blueprint prompt,97.5,0.0
decay_setting_067,Blueprint prompt,98.5,0.0
decay_setting_067,Blueprint prompt,99.5,0.0
decay_setting_070,Baseline prompt,0.5,0.92
decay_setting_070,Baseline prompt,1.5,0.88
decay_setting_070,Baseline prompt,2.5,0.85
decay_setting_070,Baseline prompt,3.5,0.81
decay_setting_070,Baseline prompt,4.5,0.77
decay_setting_070,Baseline prompt,5.5,0.73
decay_setting_070,Baseline prompt,6.5,0.7
decay_setting_070,Baseline prompt,7.5,0.66
decay_setting_070,Baseline prompt,8.5,0.63
decay_setting_070,Baseline prompt,9.5,0.6
decay_setting_070,Baseline prompt,10.5,0.58
decay_setting_070,Baseline prompt,11.5,0.56
decay_setting_070,Baseline prompt,12.5,0.54
decay_setting_070,Baseline prompt,13.5,0.52
decay_setting_070,Baseline prompt,14.5,0.49
decay_setting_070,Baseline prompt,15.5,0.47
decay_setting_070,Baseline prompt,16.5,0.44
decay_setting_070,Baseline prompt,17.5,0.41
decay_setting_070,Baseline prompt,18.5,0.38
decay_setting_070,Baseline prompt,19.5,0.36
decay_setting_070,Baseline prompt,20.5,0.34
decay_setting_070,Baseline prompt,21.5,0.32
decay_setting_070,Baseline prompt,22.5,0.31
decay_setting_070,Baseline prompt,23.5,0.3
decay_setting_070,Baseline prompt,24.5,0.28
decay_setting_070,Baseline prompt,25.5,0.26
decay_setting_070,Baseline prompt,26.5,0.25
decay_setting_070,Baseline prompt,27.5,0.23
decay_setting_070,Baseline prompt,28.5,0.22
decay_setting_070,Baseline prompt,29.5,0.21
decay_setting_070,Baseline prompt,30.5,0.2
decay_setting_070,Baseline prompt,31.5,0.19
decay_setting_070,Baseline prompt,32.5,0.18
decay_setting_070,Baseline prompt,33.5,0.17
decay_setting_070,Baseline prompt,34.5,0.16
decay_setting_070,Baseline prompt,35.5,0.15
decay_setting_070,Baseline prompt,36.5,0.14
decay_setting_070,Baseline prompt,37.5,0.13
decay_setting_070,Baseline prompt,38.5,0.12
decay_setting_070,Baseline prompt,39.5,0.11
decay_setting_070,Baseline prompt,40.5,0.11
decay_setting_070,Baseline prompt,41.5,0.1
decay_setting_070,Baseline prompt,42.5,0.1
decay_setting_070,Baseline prompt,43.5,0.09
decay_setting_070,Baseline prompt,44.5,0.08
decay_setting_070,Baseline prompt,45.5,0.08
decay_setting_070,Baseline prompt,46.5,0.07
decay_setting_070,Baseline prompt,47.5,0.07
decay_setting_070,Baseline prompt,48.5,0.06
decay_setting_070,Baseline prompt,49.5,0.06
decay_setting_070,Baseline prompt,50.5,0.05
decay_setting_070,Baseline prompt,51.5,0.05
decay_setting_070,Baseline prompt,52.5,0.04
decay_setting_070,Baseline prompt,53.5,0.04
decay_setting_070,Baseline prompt,54.5,0.04
decay_setting_070,Baseline prompt,55.5,0.03
decay_setting_070,Baseline prompt,56.5,0.03
decay_setting_070,Baseline prompt,57.5,0.03
decay_setting_070,Baseline prompt,58.5,0.02
decay_setting_070,Baseline prompt,59.5,0.02
decay_setting_070,Baseline prompt,60.5,0.02
decay_setting_070,Baseline prompt,61.5,0.02
decay_setting_070,Baseline prompt,62.5,0.01
decay_setting_070,Baseline prompt,63.5,0.01
decay_setting_070,Baseline prompt,64.5,0.01
decay_setting_070,Baseline prompt,65.5,0.01
decay_setting_070,Baseline prompt,66.5,0.01
decay_setting_070,Baseline prompt,67.5,0.01
decay_setting_070,Baseline prompt,68.5,0.01
decay_setting_070,Baseline prompt,69.5,0.01
decay_setting_070,Baseline prompt,70.5,0.01
decay_setting_070,Baseline prompt,71.5,0.01
decay_setting_070,Baseline prompt,72.5,0.01
decay_setting_070,Baseline prompt,73.5,0.01
decay_setting_070,Baseline prompt,74.5,0.01
decay_setting_070,Baseline prompt,75.5,0.01
decay_setting_070,Baseline prompt,76.5,0.01
decay_setting_070,Baseline prompt,77.5,0.01
decay_setting_070,Baseline prompt,78.5,0.01
decay_setting_070,Baseline prompt,79.5,0.01
decay_setting_070,Baseline prompt,80.5,0.0
decay_setting_070,Baseline prompt,81.5,0.0
decay_setting_070,Baseline prompt,82.5,0.0
decay_setting_070,Baseline prompt,83.5,0.0
decay_setting_070,Baseline prompt,84.5,0.0
decay_setting_070,Baseline prompt,85.5,0.0
decay_setting_070,Baseline prompt,86.5,0.0
decay_setting_070,Baseline prompt,87.5,0.0
decay_setting_070,Baseline prompt,88.5,0.0
decay_setting_070,Baseline prompt,89.5,0.0
decay_setting_070,Baseline prompt,90.5,0.0
decay_setting_070,Baseline prompt,91.5,0.0
decay_setting_070,Baseline prompt,92.5,0.0
decay_setting_070,Baseline prompt,93.5,0.0
decay_setting_070,Baseline prompt,94.5,0.0
decay_setting_070,Baseline prompt,95.5,0.0
decay_setting_070,Baseline prompt,96.5,0.0
decay_setting_070,Baseline prompt,97.5,0.0
decay_setting_070,Baseline prompt,98.5,0.0
decay_setting_070,Baseline prompt,99.5,0.0
decay_setting_069,Blueprint prompt,0.5,0.92
decay_setting_069,Blueprint prompt,1.5,0.87
decay_setting_069,Blueprint prompt,2.5,0.83
decay_setting_069,Blueprint prompt,3.5,0.79
decay_setting_069,Blueprint prompt,4.5,0.76
decay_setting_069,Blueprint prompt,5.5,0.72
decay_setting_069,Blueprint prompt,6.5,0.7
decay_setting_069,Blueprint prompt,7.5,0.68
decay_setting_069,Blueprint prompt,8.5,0.65
decay_setting_069,Blueprint prompt,9.5,0.61
decay_setting_069,Blueprint prompt,10.5,0.58
decay_setting_069,Blueprint prompt,11.5,0.54
decay_setting_069,Blueprint prompt,12.5,0.52
decay_setting_069,Blueprint prompt,13.5,0.48
decay_setting_069,Blueprint prompt,14.5,0.44
decay_setting_069,Blueprint prompt,15.5,0.41
decay_setting_069,Blueprint prompt,16.5,0.39
decay_setting_069,Blueprint prompt,17.5,0.36
decay_setting_069,Blueprint prompt,18.5,0.33
decay_setting_069,Blueprint prompt,19.5,0.31
decay_setting_069,Blueprint prompt,20.5,0.28
decay_setting_069,Blueprint prompt,21.5,0.27
decay_setting_069,Blueprint prompt,22.5,0.26
decay_setting_069,Blueprint prompt,23.5,0.25
decay_setting_069,Blueprint prompt,24.5,0.23
decay_setting_069,Blueprint prompt,25.5,0.22
decay_setting_069,Blueprint prompt,26.5,0.21
decay_setting_069,Blueprint prompt,27.5,0.2
decay_setting_069,Blueprint prompt,28.5,0.19
decay_setting_069,Blueprint prompt,29.5,0.18
decay_setting_069,Blueprint prompt,30.5,0.17
decay_setting_069,Blueprint prompt,31.5,0.16
decay_setting_069,Blueprint prompt,32.5,0.15
decay_setting_069,Blueprint prompt,33.5,0.15
decay_setting_069,Blueprint prompt,34.5,0.14
decay_setting_069,Blueprint prompt,35.5,0.14
decay_setting_069,Blueprint prompt,36.5,0.13
decay_setting_069,Blueprint prompt,37.5,0.13
decay_setting_069,Blueprint prompt,38.5,0.12
decay_setting_069,Blueprint prompt,39.5,0.12
decay_setting_069,Blueprint prompt,40.5,0.11
decay_setting_069,Blueprint prompt,41.5,0.11
decay_setting_069,Blueprint prompt,42.5,0.1
decay_setting_069,Blueprint prompt,43.5,0.1
decay_setting_069,Blueprint prompt,44.5,0.1
decay_setting_069,Blueprint prompt,45.5,0.09
decay_setting_069,Blueprint prompt,46.5,0.09
decay_setting_069,Blueprint prompt,47.5,0.08
decay_setting_069,Blueprint prompt,48.5,0.08
decay_setting_069,Blueprint prompt,49.5,0.07
decay_setting_069,Blueprint prompt,50.5,0.07
decay_setting_069,Blueprint prompt,51.5,0.07
decay_setting_069,Blueprint prompt,52.5,0.06
decay_setting_069,Blueprint prompt,53.5,0.06
decay_setting_069,Blueprint prompt,54.5,0.06
decay_setting_069,Blueprint prompt,55.5,0.05
decay_setting_069,Blueprint prompt,56.5,0.05
decay_setting_069,Blueprint prompt,57.5,0.05
decay_setting_069,Blueprint prompt,58.5,0.05
decay_setting_069,Blueprint prompt,59.5,0.04
decay_setting_069,Blueprint prompt,60.5,0.04
decay_setting_069,Blueprint prompt,61.5,0.04
decay_setting_069,Blueprint prompt,62.5,0.04
decay_setting_069,Blueprint prompt,63.5,0.03
decay_setting_069,Blueprint prompt,64.5,0.03
decay_setting_069,Blueprint prompt,65.5,0.03
decay_setting_069,Blueprint prompt,66.5,0.03
decay_setting_069,Blueprint prompt,67.5,0.03
decay_setting_069,Blueprint prompt,68.5,0.02
decay_setting_069,Blueprint prompt,69.5,0.02
decay_setting_069,Blueprint prompt,70.5,0.02
decay_setting_069,Blueprint prompt,71.5,0.02
decay_setting_069,Blueprint prompt,72.5,0.02
decay_setting_069,Blueprint prompt,73.5,0.02
decay_setting_069,Blueprint prompt,74.5,0.02
decay_setting_069,Blueprint prompt,75.5,0.01
decay_setting_069,Blueprint prompt,76.5,0.01
decay_setting_069,Blueprint prompt,77.5,0.01
decay_setting_069,Blueprint prompt,78.5,0.01
decay_setting_069,Blueprint prompt,79.5,0.01
decay_setting_069,Blueprint prompt,80.5,0.01
decay_setting_069,Blueprint prompt,81.5,0.01
decay_setting_069,Blueprint prompt,82.5,0.01
decay_setting_069,Blueprint prompt,83.5,0.01
decay_setting_069,Blueprint prompt,84.5,0.01
decay_setting_069,Blueprint prompt,85.5,0.01
decay_setting_069,Blueprint prompt,86.5,0.01
decay_setting_069,Blueprint prompt,87.5,0.01
decay_setting_069,Blueprint prompt,88.5,0.01
decay_setting_069,Blueprint prompt,89.5,0.01
decay_setting_069,Blueprint prompt,90.5,0.01
decay_setting_069,Blueprint prompt,91.5,0.01
decay_setting_069,Blueprint prompt,92.5,0.01
decay_setting_069,Blueprint prompt,93.5,0.01
decay_setting_069,Blueprint prompt,94.5,0.01
decay_setting_069,Blueprint prompt,95.5,0.01
decay_setting_069,Blueprint prompt,96.5,0.01
decay_setting_069,Blueprint prompt,97.5,0.01
decay_setting_069,Blueprint prompt,98.5,0.01
decay_setting_069,Blueprint prompt,99.5,0.01
decay_setting_070,Blueprint prompt,0.5,0.85
decay_setting_070,Blueprint prompt,1.5,0.83
decay_setting_070,Blueprint prompt,2.5,0.82
decay_setting_070,Blueprint prompt,3.5,0.81
decay_setting_070,Blueprint prompt,4.5,0.79
decay_setting_070,Blueprint prompt,5.5,0.78
decay_setting_070,Blueprint prompt,6.5,0.76
decay_setting_070,Blueprint prompt,7.5,0.74
decay_setting_070,Blueprint prompt,8.5,0.73
decay_setting_070,Blueprint prompt,9.5,0.72
decay_setting_070,Blueprint prompt,10.5,0.71
decay_setting_070,Blueprint prompt,11.5,0.7
decay_setting_070,Blueprint prompt,12.5,0.69
decay_setting_070,Blueprint prompt,13.5,0.68
decay_setting_070,Blueprint prompt,14.5,0.67
decay_setting_070,Blueprint prompt,15.5,0.66
decay_setting_070,Blueprint prompt,16.5,0.65
decay_setting_070,Blueprint prompt,17.5,0.64
decay_setting_070,Blueprint prompt,18.5,0.63
decay_setting_070,Blueprint prompt,19.5,0.61
decay_setting_070,Blueprint prompt,20.5,0.59
decay_setting_070,Blueprint prompt,21.5,0.58
decay_setting_070,Blueprint prompt,22.5,0.57
decay_setting_070,Blueprint prompt,23.5,0.56
decay_setting_070,Blueprint prompt,24.5,0.55
decay_setting_070,Blueprint prompt,25.5,0.54
decay_setting_070,Blueprint prompt,26.5,0.52
decay_setting_070,Blueprint prompt,27.5,0.5
decay_setting_070,Blueprint prompt,28.5,0.48
decay_setting_070,Blueprint prompt,29.5,0.46
decay_setting_070,Blueprint prompt,30.5,0.44
decay_setting_070,Blueprint prompt,31.5,0.43
decay_setting_070,Blueprint prompt,32.5,0.42
decay_setting_070,Blueprint prompt,33.5,0.41
decay_setting_070,Blueprint prompt,34.5,0.4
decay_setting_070,Blueprint prompt,35.5,0.39
decay_setting_070,Blueprint prompt,36.5,0.38
decay_setting_070,Blueprint prompt,37.5,0.36
decay_setting_070,Blueprint prompt,38.5,0.34
decay_setting_070,Blueprint prompt,39.5,0.33
decay_setting_070,Blueprint prompt,40.5,0.32
decay_setting_070,Blueprint prompt,41.5,0.31
decay_setting_070,Blueprint prompt,42.5,0.3
decay_setting_070,Blueprint prompt,43.5,0.29
decay_setting_070,Blueprint prompt,44.5,0.27
decay_setting_070,Blueprint prompt,45.5,0.26
decay_setting_070,Blueprint prompt,46.5,0.24
decay_setting_070,Blueprint prompt,47.5,0.23
decay_setting_070,Blueprint prompt,48.5,0.22
decay_setting_070,Blueprint prompt,49.5,0.21
decay_setting_070,Blueprint prompt,50.5,0.19
decay_setting_070,Blueprint prompt,51.5,0.18
decay_setting_070,Blueprint prompt,52.5,0.17
decay_setting_070,Blueprint prompt,53.5,0.16
decay_setting_070,Blueprint prompt,54.5,0.15
decay_setting_070,Blueprint prompt,55.5,0.14
decay_setting_070,Blueprint prompt,56.5,0.13
decay_setting_070,Blueprint prompt,57.5,0.12
decay_setting_070,Blueprint prompt,58.5,0.12
decay_setting_070,Blueprint prompt,59.5,0.11
decay_setting_070,Blueprint prompt,60.5,0.1
decay_setting_070,Blueprint prompt,61.5,0.1
decay_setting_070,Blueprint prompt,62.5,0.09
decay_setting_070,Blueprint prompt,63.5,0.08
decay_setting_070,Blueprint prompt,64.5,0.08
decay_setting_070,Blueprint prompt,65.5,0.07
decay_setting_070,Blueprint prompt,66.5,0.07
decay_setting_070,Blueprint prompt,67.5,0.06
decay_setting_070,Blueprint prompt,68.5,0.06
decay_setting_070,Blueprint prompt,69.5,0.05
decay_setting_070,Blueprint prompt,70.5,0.05
decay_setting_070,Blueprint prompt,71.5,0.05
decay_setting_070,Blueprint prompt,72.5,0.04
decay_setting_070,Blueprint prompt,73.5,0.04
decay_setting_070,Blueprint prompt,74.5,0.03
decay_setting_070,Blueprint prompt,75.5,0.03
decay_setting_070,Blueprint prompt,76.5,0.03
decay_setting_070,Blueprint prompt,77.5,0.03
decay_setting_070,Blueprint prompt,78.5,0.02
decay_setting_070,Blueprint prompt,79.5,0.02
decay_setting_070,Blueprint prompt,80.5,0.02
decay_setting_070,Blueprint prompt,81.5,0.02
decay_setting_070,Blueprint prompt,82.5,0.02
decay_setting_070,Blueprint prompt,83.5,0.02
decay_setting_070,Blueprint prompt,84.5,0.01
decay_setting_070,Blueprint prompt,85.5,0.01
decay_setting_070,Blueprint prompt,86.5,0.01
decay_setting_070,Blueprint prompt,87.5,0.01
decay_setting_070,Blueprint prompt,88.5,0.01
decay_setting_070,Blueprint prompt,89.5,0.01
decay_setting_070,Blueprint prompt,90.5,0.01
decay_setting_070,Blueprint prompt,91.5,0.01
decay_setting_070,Blueprint prompt,92.5,0.01
decay_setting_070,Blueprint prompt,93.5,0.01
decay_setting_070,Blueprint prompt,94.5,0.0
decay_setting_070,Blueprint prompt,95.5,0.0
decay_setting_070,Blueprint prompt,96.5,0.0
decay_setting_070,Blueprint prompt,97.5,0.0
decay_setting_070,Blueprint prompt,98.5,0.0
decay_setting_070,Blueprint prompt,99.5,0.0
decay_setting_069,Baseline prompt,0.5,0.85
decay_setting_069,Baseline prompt,1.5,0.83
decay_setting_069,Baseline prompt,2.5,0.81
decay_setting_069,Baseline prompt,3.5,0.78
decay_setting_069,Baseline prompt,4.5,0.76
decay_setting_069,Baseline prompt,5.5,0.74
decay_setting_069,Baseline prompt,6.5,0.71
decay_setting_069,Baseline prompt,7.5,0.68
decay_setting_069,Baseline prompt,8.5,0.63
decay_setting_069,Baseline prompt,9.5,0.59
decay_setting_069,Baseline prompt,10.5,0.55
decay_setting_069,Baseline prompt,11.5,0.51
decay_setting_069,Baseline prompt,12.5,0.47
decay_setting_069,Baseline prompt,13.5,0.43
decay_setting_069,Baseline prompt,14.5,0.38
decay_setting_069,Baseline prompt,15.5,0.34
decay_setting_069,Baseline prompt,16.5,0.31
decay_setting_069,Baseline prompt,17.5,0.28
decay_setting_069,Baseline prompt,18.5,0.24
decay_setting_069,Baseline prompt,19.5,0.21
decay_setting_069,Baseline prompt,20.5,0.18
decay_setting_069,Baseline prompt,21.5,0.16
decay_setting_069,Baseline prompt,22.5,0.14
decay_setting_069,Baseline prompt,23.5,0.11
decay_setting_069,Baseline prompt,24.5,0.1
decay_setting_069,Baseline prompt,25.5,0.09
decay_setting_069,Baseline prompt,26.5,0.08
decay_setting_069,Baseline prompt,27.5,0.07
decay_setting_069,Baseline prompt,28.5,0.06
decay_setting_069,Baseline prompt,29.5,0.05
decay_setting_069,Baseline prompt,30.5,0.04
decay_setting_069,Baseline prompt,31.5,0.04
decay_setting_069,Baseline prompt,32.5,0.04
decay_setting_069,Baseline prompt,33.5,0.03
decay_setting_069,Baseline prompt,34.5,0.03
decay_setting_069,Baseline prompt,35.5,0.03
decay_setting_069,Baseline prompt,36.5,0.02
decay_setting_069,Baseline prompt,37.5,0.02
decay_setting_069,Baseline prompt,38.5,0.02
decay_setting_069,Baseline prompt,39.5,0.02
decay_setting_069,Baseline prompt,40.5,0.02
decay_setting_069,Baseline prompt,41.5,0.02
decay_setting_069,Baseline prompt,42.5,0.02
decay_setting_069,Baseline prompt,43.5,0.01
decay_setting_069,Baseline prompt,44.5,0.01
decay_setting_069,Baseline prompt,45.5,0.01
decay_setting_069,Baseline prompt,46.5,0.01
decay_setting_069,Baseline prompt,47.5,0.01
decay_setting_069,Baseline prompt,48.5,0.01
decay_setting_069,Baseline prompt,49.5,0.01
decay_setting_069,Baseline prompt,50.5,0.01
decay_setting_069,Baseline prompt,51.5,0.01
decay_setting_069,Baseline prompt,52.5,0.01
decay_setting_069,Baseline prompt,53.5,0.01
decay_setting_069,Baseline prompt,54.5,0.01
decay_setting_069,Baseline prompt,55.5,0.01
decay_setting_069,Baseline prompt,56.5,0.01
decay_setting_069,Baseline prompt,57.5,0.01
decay_setting_069,Baseline prompt,58.5,0.01
decay_setting_069,Baseline prompt,59.5,0.01
decay_setting_069,Baseline prompt,60.5,0.01
decay_setting_069,Baseline prompt,61.5,0.01
decay_setting_069,Baseline prompt,62.5,0.01
decay_setting_069,Baseline prompt,63.5,0.01
decay_setting_069,Baseline prompt,64.5,0.01
decay_setting_069,Baseline prompt,65.5,0.01
decay_setting_069,Baseline prompt,66.5,0.01
decay_setting_069,Baseline prompt,67.5,0.01
decay_setting_069,Baseline prompt,68.5,0.01
decay_setting_069,Baseline prompt,69.5,0.01
decay_setting_069,Baseline prompt,70.5,0.01
decay_setting_069,Baseline prompt,71.5,0.01
decay_setting_069,Baseline prompt,72.5,0.01
decay_setting_069,Baseline prompt,73.5,0.01
decay_setting_069,Baseline prompt,74.5,0.01
decay_setting_069,Baseline prompt,75.5,0.01
decay_setting_069,Baseline prompt,76.5,0.01
decay_setting_069,Baseline prompt,77.5,0.01
decay_setting_069,Baseline prompt,78.5,0.01
decay_setting_069,Baseline prompt,79.5,0.01
decay_setting_069,Baseline prompt,80.5,0.01
decay_setting_069,Baseline prompt,81.5,0.01
decay_setting_069,Baseline prompt,82.5,0.01
decay_setting_069,Baseline prompt,83.5,0.01
decay_setting_069,Baseline prompt,84.5,0.01
decay_setting_069,Baseline prompt,85.5,0.01
decay_setting_069,Baseline prompt,86.5,0.01
decay_setting_069,Baseline prompt,87.5,0.01
decay_setting_069,Baseline prompt,88.5,0.01
decay_setting_069,Baseline prompt,89.5,0.01
decay_setting_069,Baseline prompt,90.5,0.01
decay_setting_069,Baseline prompt,91.5,0.01
decay_setting_069,Baseline prompt,92.5,0.01
decay_setting_069,Baseline prompt,93.5,0.01
decay_setting_069,Baseline prompt,94.5,0.01
decay_setting_069,Baseline prompt,95.5,0.01
decay_setting_069,Baseline prompt,96.5,0.01
decay_setting_069,Baseline prompt,97.5,0.01
decay_setting_069,Baseline prompt,98.5,0.01
decay_setting_069,Baseline prompt,99.5,0.01
decay_setting_072,Blueprint prompt,0.5,0.88
decay_setting_072,Blueprint prompt,1.5,0.85
decay_setting_072,Blueprint prompt,2.5,0.83
decay_setting_072,Blueprint prompt,3.5,0.81
decay_setting_072,Blueprint prompt,4.5,0.79
decay_setting_072,Blueprint prompt,5.5,0.76
decay_setting_072,Blueprint prompt,6.5,0.74
decay_setting_072,Blueprint prompt,7.5,0.72
decay_setting_072,Blueprint prompt,8.5,0.71
decay_setting_072,Blueprint prompt,9.5,0.69
decay_setting_072,Blueprint prompt,10.5,0.67
decay_setting_072,Blueprint prompt,11.5,0.64
decay_setting_072,Blueprint prompt,12.5,0.62
decay_setting_072,Blueprint prompt,13.5,0.6
decay_setting_072,Blueprint prompt,14.5,0.59
decay_setting_072,Blueprint prompt,15.5,0.57
decay_setting_072,Blueprint prompt,16.5,0.55
decay_setting_072,Blueprint prompt,17.5,0.52
decay_setting_072,Blueprint prompt,18.5,0.5
decay_setting_072,Blueprint prompt,19.5,0.49
decay_setting_072,Blueprint prompt,20.5,0.46
decay_setting_072,Blueprint prompt,21.5,0.44
decay_setting_072,Blueprint prompt,22.5,0.42
decay_setting_072,Blueprint prompt,23.5,0.4
decay_setting_072,Blueprint prompt,24.5,0.38
decay_setting_072,Blueprint prompt,25.5,0.36
decay_setting_072,Blueprint prompt,26.5,0.34
decay_setting_072,Blueprint prompt,27.5,0.32
decay_setting_072,Blueprint prompt,28.5,0.3
decay_setting_072,Blueprint prompt,29.5,0.29
decay_setting_072,Blueprint prompt,30.5,0.27
decay_setting_072,Blueprint prompt,31.5,0.25
decay_setting_072,Blueprint prompt,32.5,0.24
decay_setting_072,Blueprint prompt,33.5,0.22
decay_setting_072,Blueprint prompt,34.5,0.21
decay_setting_072,Blueprint prompt,35.5,0.19
decay_setting_072,Blueprint prompt,36.5,0.18
decay_setting_072,Blueprint prompt,37.5,0.17
decay_setting_072,Blueprint prompt,38.5,0.16
decay_setting_072,Blueprint prompt,39.5,0.15
decay_setting_072,Blueprint prompt,40.5,0.14
decay_setting_072,Blueprint prompt,41.5,0.13
decay_setting_072,Blueprint prompt,42.5,0.12
decay_setting_072,Blueprint prompt,43.5,0.12
decay_setting_072,Blueprint prompt,44.5,0.11
decay_setting_072,Blueprint prompt,45.5,0.11
decay_setting_072,Blueprint prompt,46.5,0.1
decay_setting_072,Blueprint prompt,47.5,0.09
decay_setting_072,Blueprint prompt,48.5,0.09
decay_setting_072,Blueprint prompt,49.5,0.08
decay_setting_072,Blueprint prompt,50.5,0.08
decay_setting_072,Blueprint prompt,51.5,0.08
decay_setting_072,Blueprint prompt,52.5,0.07
decay_setting_072,Blueprint prompt,53.5,0.07
decay_setting_072,Blueprint prompt,54.5,0.06
decay_setting_072,Blueprint prompt,55.5,0.06
decay_setting_072,Blueprint prompt,56.5,0.06
decay_setting_072,Blueprint prompt,57.5,0.05
decay_setting_072,Blueprint prompt,58.5,0.05
decay_setting_072,Blueprint prompt,59.5,0.05
decay_setting_072,Blueprint prompt,60.5,0.05
decay_setting_072,Blueprint prompt,61.5,0.04
decay_setting_072,Blueprint prompt,62.5,0.04
decay_setting_072,Blueprint prompt,63.5,0.04
decay_setting_072,Blueprint prompt,64.5,0.04
decay_setting_072,Blueprint prompt,65.5,0.03
decay_setting_072,Blueprint prompt,66.5,0.03
decay_setting_072,Blueprint prompt,67.5,0.03
decay_setting_072,Blueprint prompt,68.5,0.03
decay_setting_072,Blueprint prompt,69.5,0.03
decay_setting_072,Blueprint prompt,70.5,0.02
decay_setting_072,Blueprint prompt,71.5,0.02
decay_setting_072,Blueprint prompt,72.5,0.02
decay_setting_072,Blueprint prompt,73.5,0.02
decay_setting_072,Blueprint prompt,74.5,0.02
decay_setting_072,Blueprint prompt,75.5,0.02
decay_setting_072,Blueprint prompt,76.5,0.02
decay_setting_072,Blueprint prompt,77.5,0.01
decay_setting_072,Blueprint prompt,78.5,0.01
decay_setting_072,Blueprint prompt,79.5,0.01
decay_setting_072,Blueprint prompt,80.5,0.01
decay_setting_072,Blueprint prompt,81.5,0.01
decay_setting_072,Blueprint prompt,82.5,0.01
decay_setting_072,Blueprint prompt,83.5,0.01
decay_setting_072,Blueprint prompt,84.5,0.01
decay_setting_072,Blueprint prompt,85.5,0.01
decay_setting_072,Blueprint prompt,86.5,0.01
decay_setting_072,Blueprint prompt,87.5,0.01
decay_setting_072,Blueprint prompt,88.5,0.01
decay_setting_072,Blueprint prompt,89.5,0.01
decay_setting_072,Blueprint prompt,90.5,0.01
decay_setting_072,Blueprint prompt,91.5,0.01
decay_setting_072,Blueprint prompt,92.5,0.01
decay_setting_072,Blueprint prompt,93.5,0.01
decay_setting_072,Blueprint prompt,94.5,0.01
decay_setting_072,Blueprint prompt,95.5,0.01
decay_setting_072,Blueprint prompt,96.5,0.01
decay_setting_072,Blueprint prompt,97.5,0.01
decay_setting_072,Blueprint prompt,98.5,0.01
decay_setting_072,Blueprint prompt,99.5,0.01
decay_setting_071,Baseline prompt,0.5,0.75
decay_setting_071,Baseline prompt,1.5,0.7
decay_setting_071,Baseline prompt,2.5,0.68
decay_setting_071,Baseline prompt,3.5,0.65
decay_setting_071,Baseline prompt,4.5,0.63
decay_setting_071,Baseline prompt,5.5,0.61
decay_setting_071,Baseline prompt,6.5,0.58
decay_setting_071,Baseline prompt,7.5,0.55
decay_setting_071,Baseline prompt,8.5,0.52
decay_setting_071,Baseline prompt,9.5,0.49
decay_setting_071,Baseline prompt,10.5,0.45
decay_setting_071,Baseline prompt,11.5,0.42
decay_setting_071,Baseline prompt,12.5,0.4
decay_setting_071,Baseline prompt,13.5,0.37
decay_setting_071,Baseline prompt,14.5,0.35
decay_setting_071,Baseline prompt,15.5,0.33
decay_setting_071,Baseline prompt,16.5,0.31
decay_setting_071,Baseline prompt,17.5,0.28
decay_setting_071,Baseline prompt,18.5,0.26
decay_setting_071,Baseline prompt,19.5,0.24
decay_setting_071,Baseline prompt,20.5,0.23
decay_setting_071,Baseline prompt,21.5,0.22
decay_setting_071,Baseline prompt,22.5,0.2
decay_setting_071,Baseline prompt,23.5,0.19
decay_setting_071,Baseline prompt,24.5,0.18
decay_setting_071,Baseline prompt,25.5,0.17
decay_setting_071,Baseline prompt,26.5,0.15
decay_setting_071,Baseline prompt,27.5,0.14
decay_setting_071,Baseline prompt,28.5,0.13
decay_setting_071,Baseline prompt,29.5,0.12
decay_setting_071,Baseline prompt,30.5,0.11
decay_setting_071,Baseline prompt,31.5,0.1
decay_setting_071,Baseline prompt,32.5,0.09
decay_setting_071,Baseline prompt,33.5,0.085
decay_setting_071,Baseline prompt,34.5,0.08
decay_setting_071,Baseline prompt,35.5,0.075
decay_setting_071,Baseline prompt,36.5,0.07
decay_setting_071,Baseline prompt,37.5,0.065
decay_setting_071,Baseline prompt,38.5,0.06
decay_setting_071,Baseline prompt,39.5,0.058
decay_setting_071,Baseline prompt,40.5,0.055
decay_setting_071,Baseline prompt,41.5,0.05
decay_setting_071,Baseline prompt,42.5,0.048
decay_setting_071,Baseline prompt,43.5,0.045
decay_setting_071,Baseline prompt,44.5,0.043
decay_setting_071,Baseline prompt,45.5,0.04
decay_setting_071,Baseline prompt,46.5,0.038
decay_setting_071,Baseline prompt,47.5,0.035
decay_setting_071,Baseline prompt,48.5,0.033
decay_setting_071,Baseline prompt,49.5,0.03
decay_setting_071,Baseline prompt,50.5,0.028
decay_setting_071,Baseline prompt,51.5,0.027
decay_setting_071,Baseline prompt,52.5,0.025
decay_setting_071,Baseline prompt,53.5,0.023
decay_setting_071,Baseline prompt,54.5,0.022
decay_setting_071,Baseline prompt,55.5,0.02
decay_setting_071,Baseline prompt,56.5,0.018
decay_setting_071,Baseline prompt,57.5,0.016
decay_setting_071,Baseline prompt,58.5,0.015
decay_setting_071,Baseline prompt,59.5,0.014
decay_setting_071,Baseline prompt,60.5,0.013
decay_setting_071,Baseline prompt,61.5,0.012
decay_setting_071,Baseline prompt,62.5,0.011
decay_setting_071,Baseline prompt,63.5,0.01
decay_setting_071,Baseline prompt,64.5,0.009
decay_setting_071,Baseline prompt,65.5,0.008
decay_setting_071,Baseline prompt,66.5,0.007
decay_setting_071,Baseline prompt,67.5,0.006
decay_setting_071,Baseline prompt,68.5,0.005
decay_setting_071,Baseline prompt,69.5,0.005
decay_setting_071,Baseline prompt,70.5,0.004
decay_setting_071,Baseline prompt,71.5,0.0038
decay_setting_071,Baseline prompt,72.5,0.0035
decay_setting_071,Baseline prompt,73.5,0.0032
decay_setting_071,Baseline prompt,74.5,0.003
decay_setting_071,Baseline prompt,75.5,0.0028
decay_setting_071,Baseline prompt,76.5,0.0025
decay_setting_071,Baseline prompt,77.5,0.0023
decay_setting_071,Baseline prompt,78.5,0.002
decay_setting_071,Baseline prompt,79.5,0.0018
decay_setting_071,Baseline prompt,80.5,0.0015
decay_setting_071,Baseline prompt,81.5,0.0013
decay_setting_071,Baseline prompt,82.5,0.0012
decay_setting_071,Baseline prompt,83.5,0.001
decay_setting_071,Baseline prompt,84.5,0.0009
decay_setting_071,Baseline prompt,85.5,0.0008
decay_setting_071,Baseline prompt,86.5,0.0007
decay_setting_071,Baseline prompt,87.5,0.0006
decay_setting_071,Baseline prompt,88.5,0.0005
decay_setting_071,Baseline prompt,89.5,0.00045
decay_setting_071,Baseline prompt,90.5,0.0004
decay_setting_071,Baseline prompt,91.5,0.00035
decay_setting_071,Baseline prompt,92.5,0.0003
decay_setting_071,Baseline prompt,93.5,0.00028
decay_setting_071,Baseline prompt,94.5,0.00025
decay_setting_071,Baseline prompt,95.5,0.00022
decay_setting_071,Baseline prompt,96.5,0.0002
decay_setting_071,Baseline prompt,97.5,0.00018
decay_setting_071,Baseline prompt,98.5,0.00015
decay_setting_071,Baseline prompt,99.5,0.00012
decay_setting_073,Blueprint prompt,0.5,0.85
decay_setting_073,Blueprint prompt,1.5,0.89
decay_setting_073,Blueprint prompt,2.5,0.91
decay_setting_073,Blueprint prompt,3.5,0.88
decay_setting_073,Blueprint prompt,4.5,0.85
decay_setting_073,Blueprint prompt,5.5,0.81
decay_setting_073,Blueprint prompt,6.5,0.77
decay_setting_073,Blueprint prompt,7.5,0.72
decay_setting_073,Blueprint prompt,8.5,0.68
decay_setting_073,Blueprint prompt,9.5,0.64
decay_setting_073,Blueprint prompt,10.5,0.61
decay_setting_073,Blueprint prompt,11.5,0.58
decay_setting_073,Blueprint prompt,12.5,0.54
decay_setting_073,Blueprint prompt,13.5,0.51
decay_setting_073,Blueprint prompt,14.5,0.48
decay_setting_073,Blueprint prompt,15.5,0.46
decay_setting_073,Blueprint prompt,16.5,0.43
decay_setting_073,Blueprint prompt,17.5,0.4
decay_setting_073,Blueprint prompt,18.5,0.38
decay_setting_073,Blueprint prompt,19.5,0.35
decay_setting_073,Blueprint prompt,20.5,0.33
decay_setting_073,Blueprint prompt,21.5,0.31
decay_setting_073,Blueprint prompt,22.5,0.29
decay_setting_073,Blueprint prompt,23.5,0.28
decay_setting_073,Blueprint prompt,24.5,0.26
decay_setting_073,Blueprint prompt,25.5,0.24
decay_setting_073,Blueprint prompt,26.5,0.23
decay_setting_073,Blueprint prompt,27.5,0.21
decay_setting_073,Blueprint prompt,28.5,0.2
decay_setting_073,Blueprint prompt,29.5,0.19
decay_setting_073,Blueprint prompt,30.5,0.18
decay_setting_073,Blueprint prompt,31.5,0.17
decay_setting_073,Blueprint prompt,32.5,0.16
decay_setting_073,Blueprint prompt,33.5,0.15
decay_setting_073,Blueprint prompt,34.5,0.14
decay_setting_073,Blueprint prompt,35.5,0.14
decay_setting_073,Blueprint prompt,36.5,0.13
decay_setting_073,Blueprint prompt,37.5,0.13
decay_setting_073,Blueprint prompt,38.5,0.12
decay_setting_073,Blueprint prompt,39.5,0.12
decay_setting_073,Blueprint prompt,40.5,0.11
decay_setting_073,Blueprint prompt,41.5,0.11
decay_setting_073,Blueprint prompt,42.5,0.1
decay_setting_073,Blueprint prompt,43.5,0.1
decay_setting_073,Blueprint prompt,44.5,0.1
decay_setting_073,Blueprint prompt,45.5,0.09
decay_setting_073,Blueprint prompt,46.5,0.09
decay_setting_073,Blueprint prompt,47.5,0.09
decay_setting_073,Blueprint prompt,48.5,0.08
decay_setting_073,Blueprint prompt,49.5,0.08
decay_setting_073,Blueprint prompt,50.5,0.08
decay_setting_073,Blueprint prompt,51.5,0.07
decay_setting_073,Blueprint prompt,52.5,0.07
decay_setting_073,Blueprint prompt,53.5,0.07
decay_setting_073,Blueprint prompt,54.5,0.06
decay_setting_073,Blueprint prompt,55.5,0.06
decay_setting_073,Blueprint prompt,56.5,0.06
decay_setting_073,Blueprint prompt,57.5,0.05
decay_setting_073,Blueprint prompt,58.5,0.05
decay_setting_073,Blueprint prompt,59.5,0.05
decay_setting_073,Blueprint prompt,60.5,0.05
decay_setting_073,Blueprint prompt,61.5,0.04
decay_setting_073,Blueprint prompt,62.5,0.04
decay_setting_073,Blueprint prompt,63.5,0.04
decay_setting_073,Blueprint prompt,64.5,0.04
decay_setting_073,Blueprint prompt,65.5,0.04
decay_setting_073,Blueprint prompt,66.5,0.03
decay_setting_073,Blueprint prompt,67.5,0.03
decay_setting_073,Blueprint prompt,68.5,0.03
decay_setting_073,Blueprint prompt,69.5,0.03
decay_setting_073,Blueprint prompt,70.5,0.03
decay_setting_073,Blueprint prompt,71.5,0.02
decay_setting_073,Blueprint prompt,72.5,0.02
decay_setting_073,Blueprint prompt,73.5,0.02
decay_setting_073,Blueprint prompt,74.5,0.02
decay_setting_073,Blueprint prompt,75.5,0.02
decay_setting_073,Blueprint prompt,76.5,0.02
decay_setting_073,Blueprint prompt,77.5,0.02
decay_setting_073,Blueprint prompt,78.5,0.02
decay_setting_073,Blueprint prompt,79.5,0.02
decay_setting_073,Blueprint prompt,80.5,0.02
decay_setting_073,Blueprint prompt,81.5,0.01
decay_setting_073,Blueprint prompt,82.5,0.01
decay_setting_073,Blueprint prompt,83.5,0.01
decay_setting_073,Blueprint prompt,84.5,0.01
decay_setting_073,Blueprint prompt,85.5,0.01
decay_setting_073,Blueprint prompt,86.5,0.01
decay_setting_073,Blueprint prompt,87.5,0.01
decay_setting_073,Blueprint prompt,88.5,0.01
decay_setting_073,Blueprint prompt,89.5,0.01
decay_setting_073,Blueprint prompt,90.5,0.01
decay_setting_073,Blueprint prompt,91.5,0.01
decay_setting_073,Blueprint prompt,92.5,0.01
decay_setting_073,Blueprint prompt,93.5,0.01
decay_setting_073,Blueprint prompt,94.5,0.01
decay_setting_073,Blueprint prompt,95.5,0.01
decay_setting_073,Blueprint prompt,96.5,0.01
decay_setting_073,Blueprint prompt,97.5,0.0
decay_setting_073,Blueprint prompt,98.5,0.0
decay_setting_073,Blueprint prompt,99.5,0.0
decay_setting_071,Blueprint prompt,0.5,0.91
decay_setting_071,Blueprint prompt,1.5,0.88
decay_setting_071,Blueprint prompt,2.5,0.85
decay_setting_071,Blueprint prompt,3.5,0.83
decay_setting_071,Blueprint prompt,4.5,0.81
decay_setting_071,Blueprint prompt,5.5,0.79
decay_setting_071,Blueprint prompt,6.5,0.76
decay_setting_071,Blueprint prompt,7.5,0.74
decay_setting_071,Blueprint prompt,8.5,0.72
decay_setting_071,Blueprint prompt,9.5,0.7
decay_setting_071,Blueprint prompt,10.5,0.67
decay_setting_071,Blueprint prompt,11.5,0.65
decay_setting_071,Blueprint prompt,12.5,0.63
decay_setting_071,Blueprint prompt,13.5,0.6
decay_setting_071,Blueprint prompt,14.5,0.57
decay_setting_071,Blueprint prompt,15.5,0.55
decay_setting_071,Blueprint prompt,16.5,0.53
decay_setting_071,Blueprint prompt,17.5,0.5
decay_setting_071,Blueprint prompt,18.5,0.48
decay_setting_071,Blueprint prompt,19.5,0.46
decay_setting_071,Blueprint prompt,20.5,0.43
decay_setting_071,Blueprint prompt,21.5,0.41
decay_setting_071,Blueprint prompt,22.5,0.39
decay_setting_071,Blueprint prompt,23.5,0.37
decay_setting_071,Blueprint prompt,24.5,0.35
decay_setting_071,Blueprint prompt,25.5,0.34
decay_setting_071,Blueprint prompt,26.5,0.32
decay_setting_071,Blueprint prompt,27.5,0.3
decay_setting_071,Blueprint prompt,28.5,0.28
decay_setting_071,Blueprint prompt,29.5,0.27
decay_setting_071,Blueprint prompt,30.5,0.25
decay_setting_071,Blueprint prompt,31.5,0.24
decay_setting_071,Blueprint prompt,32.5,0.23
decay_setting_071,Blueprint prompt,33.5,0.22
decay_setting_071,Blueprint prompt,34.5,0.21
decay_setting_071,Blueprint prompt,35.5,0.2
decay_setting_071,Blueprint prompt,36.5,0.19
decay_setting_071,Blueprint prompt,37.5,0.18
decay_setting_071,Blueprint prompt,38.5,0.17
decay_setting_071,Blueprint prompt,39.5,0.16
decay_setting_071,Blueprint prompt,40.5,0.15
decay_setting_071,Blueprint prompt,41.5,0.14
decay_setting_071,Blueprint prompt,42.5,0.13
decay_setting_071,Blueprint prompt,43.5,0.12
decay_setting_071,Blueprint prompt,44.5,0.11
decay_setting_071,Blueprint prompt,45.5,0.1
decay_setting_071,Blueprint prompt,46.5,0.09
decay_setting_071,Blueprint prompt,47.5,0.09
decay_setting_071,Blueprint prompt,48.5,0.08
decay_setting_071,Blueprint prompt,49.5,0.08
decay_setting_071,Blueprint prompt,50.5,0.07
decay_setting_071,Blueprint prompt,51.5,0.07
decay_setting_071,Blueprint prompt,52.5,0.06
decay_setting_071,Blueprint prompt,53.5,0.06
decay_setting_071,Blueprint prompt,54.5,0.05
decay_setting_071,Blueprint prompt,55.5,0.05
decay_setting_071,Blueprint prompt,56.5,0.05
decay_setting_071,Blueprint prompt,57.5,0.04
decay_setting_071,Blueprint prompt,58.5,0.04
decay_setting_071,Blueprint prompt,59.5,0.04
decay_setting_071,Blueprint prompt,60.5,0.04
decay_setting_071,Blueprint prompt,61.5,0.03
decay_setting_071,Blueprint prompt,62.5,0.03
decay_setting_071,Blueprint prompt,63.5,0.03
decay_setting_071,Blueprint prompt,64.5,0.03
decay_setting_071,Blueprint prompt,65.5,0.03
decay_setting_071,Blueprint prompt,66.5,0.02
decay_setting_071,Blueprint prompt,67.5,0.02
decay_setting_071,Blueprint prompt,68.5,0.02
decay_setting_071,Blueprint prompt,69.5,0.02
decay_setting_071,Blueprint prompt,70.5,0.02
decay_setting_071,Blueprint prompt,71.5,0.02
decay_setting_071,Blueprint prompt,72.5,0.01
decay_setting_071,Blueprint prompt,73.5,0.01
decay_setting_071,Blueprint prompt,74.5,0.01
decay_setting_071,Blueprint prompt,75.5,0.01
decay_setting_071,Blueprint prompt,76.5,0.01
decay_setting_071,Blueprint prompt,77.5,0.01
decay_setting_071,Blueprint prompt,78.5,0.01
decay_setting_071,Blueprint prompt,79.5,0.01
decay_setting_071,Blueprint prompt,80.5,0.01
decay_setting_071,Blueprint prompt,81.5,0.01
decay_setting_071,Blueprint prompt,82.5,0.01
decay_setting_071,Blueprint prompt,83.5,0.01
decay_setting_071,Blueprint prompt,84.5,0.01
decay_setting_071,Blueprint prompt,85.5,0.01
decay_setting_071,Blueprint prompt,86.5,0.01
decay_setting_071,Blueprint prompt,87.5,0.01
decay_setting_071,Blueprint prompt,88.5,0.01
decay_setting_071,Blueprint prompt,89.5,0.01
decay_setting_071,Blueprint prompt,90.5,0.01
decay_setting_071,Blueprint prompt,91.5,0.01
decay_setting_071,Blueprint prompt,92.5,0.01
decay_setting_071,Blueprint prompt,93.5,0.01
decay_setting_071,Blueprint prompt,94.5,0.01
decay_setting_071,Blueprint prompt,95.5,0.01
decay_setting_071,Blueprint prompt,96.5,0.01
decay_setting_071,Blueprint prompt,97.5,0.01
decay_setting_071,Blueprint prompt,98.5,0.01
decay_setting_071,Blueprint prompt,99.5,0.01
decay_setting_072,Baseline prompt,0.5,0.85
decay_setting_072,Baseline prompt,1.5,0.82
decay_setting_072,Baseline prompt,2.5,0.79
decay_setting_072,Baseline prompt,3.5,0.76
decay_setting_072,Baseline prompt,4.5,0.73
decay_setting_072,Baseline prompt,5.5,0.71
decay_setting_072,Baseline prompt,6.5,0.69
decay_setting_072,Baseline prompt,7.5,0.67
decay_setting_072,Baseline prompt,8.5,0.65
decay_setting_072,Baseline prompt,9.5,0.63
decay_setting_072,Baseline prompt,10.5,0.61
decay_setting_072,Baseline prompt,11.5,0.59
decay_setting_072,Baseline prompt,12.5,0.56
decay_setting_072,Baseline prompt,13.5,0.54
decay_setting_072,Baseline prompt,14.5,0.52
decay_setting_072,Baseline prompt,15.5,0.5
decay_setting_072,Baseline prompt,16.5,0.48
decay_setting_072,Baseline prompt,17.5,0.46
decay_setting_072,Baseline prompt,18.5,0.44
decay_setting_072,Baseline prompt,19.5,0.42
decay_setting_072,Baseline prompt,20.5,0.4
decay_setting_072,Baseline prompt,21.5,0.38
decay_setting_072,Baseline prompt,22.5,0.36
decay_setting_072,Baseline prompt,23.5,0.34
decay_setting_072,Baseline prompt,24.5,0.32
decay_setting_072,Baseline prompt,25.5,0.3
decay_setting_072,Baseline prompt,26.5,0.28
decay_setting_072,Baseline prompt,27.5,0.26
decay_setting_072,Baseline prompt,28.5,0.24
decay_setting_072,Baseline prompt,29.5,0.22
decay_setting_072,Baseline prompt,30.5,0.21
decay_setting_072,Baseline prompt,31.5,0.2
decay_setting_072,Baseline prompt,32.5,0.19
decay_setting_072,Baseline prompt,33.5,0.18
decay_setting_072,Baseline prompt,34.5,0.17
decay_setting_072,Baseline prompt,35.5,0.16
decay_setting_072,Baseline prompt,36.5,0.15
decay_setting_072,Baseline prompt,37.5,0.14
decay_setting_072,Baseline prompt,38.5,0.13
decay_setting_072,Baseline prompt,39.5,0.12
decay_setting_072,Baseline prompt,40.5,0.11
decay_setting_072,Baseline prompt,41.5,0.1
decay_setting_072,Baseline prompt,42.5,0.09
decay_setting_072,Baseline prompt,43.5,0.08
decay_setting_072,Baseline prompt,44.5,0.07
decay_setting_072,Baseline prompt,45.5,0.06
decay_setting_072,Baseline prompt,46.5,0.05
decay_setting_072,Baseline prompt,47.5,0.045
decay_setting_072,Baseline prompt,48.5,0.04
decay_setting_072,Baseline prompt,49.5,0.035
decay_setting_072,Baseline prompt,50.5,0.03
decay_setting_072,Baseline prompt,51.5,0.025
decay_setting_072,Baseline prompt,52.5,0.02
decay_setting_072,Baseline prompt,53.5,0.018
decay_setting_072,Baseline prompt,54.5,0.016
decay_setting_072,Baseline prompt,55.5,0.014
decay_setting_072,Baseline prompt,56.5,0.012
decay_setting_072,Baseline prompt,57.5,0.01
decay_setting_072,Baseline prompt,58.5,0.008
decay_setting_072,Baseline prompt,59.5,0.006
decay_setting_072,Baseline prompt,60.5,0.005
decay_setting_072,Baseline prompt,61.5,0.004
decay_setting_072,Baseline prompt,62.5,0.0035
decay_setting_072,Baseline prompt,63.5,0.003
decay_setting_072,Baseline prompt,64.5,0.0025
decay_setting_072,Baseline prompt,65.5,0.002
decay_setting_072,Baseline prompt,66.5,0.0018
decay_setting_072,Baseline prompt,67.5,0.0016
decay_setting_072,Baseline prompt,68.5,0.0014
decay_setting_072,Baseline prompt,69.5,0.0012
decay_setting_072,Baseline prompt,70.5,0.001
decay_setting_072,Baseline prompt,71.5,0.0009
decay_setting_072,Baseline prompt,72.5,0.0008
decay_setting_072,Baseline prompt,73.5,0.0007
decay_setting_072,Baseline prompt,74.5,0.0006
decay_setting_072,Baseline prompt,75.5,0.0005
decay_setting_072,Baseline prompt,76.5,0.00045
decay_setting_072,Baseline prompt,77.5,0.0004
decay_setting_072,Baseline prompt,78.5,0.00035
decay_setting_072,Baseline prompt,79.5,0.0003
decay_setting_072,Baseline prompt,80.5,0.00025
decay_setting_072,Baseline prompt,81.5,0.0002
decay_setting_072,Baseline prompt,82.5,0.00018
decay_setting_072,Baseline prompt,83.5,0.00016
decay_setting_072,Baseline prompt,84.5,0.00014
decay_setting_072,Baseline prompt,85.5,0.00012
decay_setting_072,Baseline prompt,86.5,0.0001
decay_setting_072,Baseline prompt,87.5,9e-05
decay_setting_072,Baseline prompt,88.5,8e-05
decay_setting_072,Baseline prompt,89.5,7e-05
decay_setting_072,Baseline prompt,90.5,6e-05
decay_setting_072,Baseline prompt,91.5,5e-05
decay_setting_072,Baseline prompt,92.5,4.5e-05
decay_setting_072,Baseline prompt,93.5,4e-05
decay_setting_072,Baseline prompt,94.5,3.5e-05
decay_setting_072,Baseline prompt,95.5,3e-05
decay_setting_072,Baseline prompt,96.5,2.5e-05
decay_setting_072,Baseline prompt,97.5,2e-05
decay_setting_072,Baseline prompt,98.5,1.5e-05
decay_setting_072,Baseline prompt,99.5,1e-05
decay_setting_074,Baseline prompt,0.5,0.83
decay_setting_074,Baseline prompt,1.5,0.81
decay_setting_074,Baseline prompt,2.5,0.78
decay_setting_074,Baseline prompt,3.5,0.75
decay_setting_074,Baseline prompt,4.5,0.73
decay_setting_074,Baseline prompt,5.5,0.7
decay_setting_074,Baseline prompt,6.5,0.67
decay_setting_074,Baseline prompt,7.5,0.65
decay_setting_074,Baseline prompt,8.5,0.62
decay_setting_074,Baseline prompt,9.5,0.58
decay_setting_074,Baseline prompt,10.5,0.55
decay_setting_074,Baseline prompt,11.5,0.53
decay_setting_074,Baseline prompt,12.5,0.5
decay_setting_074,Baseline prompt,13.5,0.48
decay_setting_074,Baseline prompt,14.5,0.45
decay_setting_074,Baseline prompt,15.5,0.42
decay_setting_074,Baseline prompt,16.5,0.4
decay_setting_074,Baseline prompt,17.5,0.38
decay_setting_074,Baseline prompt,18.5,0.35
decay_setting_074,Baseline prompt,19.5,0.33
decay_setting_074,Baseline prompt,20.5,0.31
decay_setting_074,Baseline prompt,21.5,0.3
decay_setting_074,Baseline prompt,22.5,0.28
decay_setting_074,Baseline prompt,23.5,0.26
decay_setting_074,Baseline prompt,24.5,0.24
decay_setting_074,Baseline prompt,25.5,0.23
decay_setting_074,Baseline prompt,26.5,0.22
decay_setting_074,Baseline prompt,27.5,0.2
decay_setting_074,Baseline prompt,28.5,0.19
decay_setting_074,Baseline prompt,29.5,0.18
decay_setting_074,Baseline prompt,30.5,0.16
decay_setting_074,Baseline prompt,31.5,0.15
decay_setting_074,Baseline prompt,32.5,0.13
decay_setting_074,Baseline prompt,33.5,0.12
decay_setting_074,Baseline prompt,34.5,0.11
decay_setting_074,Baseline prompt,35.5,0.1
decay_setting_074,Baseline prompt,36.5,0.09
decay_setting_074,Baseline prompt,37.5,0.08
decay_setting_074,Baseline prompt,38.5,0.07
decay_setting_074,Baseline prompt,39.5,0.07
decay_setting_074,Baseline prompt,40.5,0.06
decay_setting_074,Baseline prompt,41.5,0.06
decay_setting_074,Baseline prompt,42.5,0.05
decay_setting_074,Baseline prompt,43.5,0.05
decay_setting_074,Baseline prompt,44.5,0.04
decay_setting_074,Baseline prompt,45.5,0.04
decay_setting_074,Baseline prompt,46.5,0.03
decay_setting_074,Baseline prompt,47.5,0.03
decay_setting_074,Baseline prompt,48.5,0.03
decay_setting_074,Baseline prompt,49.5,0.02
decay_setting_074,Baseline prompt,50.5,0.02
decay_setting_074,Baseline prompt,51.5,0.02
decay_setting_074,Baseline prompt,52.5,0.02
decay_setting_074,Baseline prompt,53.5,0.01
decay_setting_074,Baseline prompt,54.5,0.01
decay_setting_074,Baseline prompt,55.5,0.01
decay_setting_074,Baseline prompt,56.5,0.01
decay_setting_074,Baseline prompt,57.5,0.01
decay_setting_074,Baseline prompt,58.5,0.01
decay_setting_074,Baseline prompt,59.5,0.01
decay_setting_074,Baseline prompt,60.5,0.01
decay_setting_074,Baseline prompt,61.5,0.01
decay_setting_074,Baseline prompt,62.5,0.01
decay_setting_074,Baseline prompt,63.5,0.01
decay_setting_074,Baseline prompt,64.5,0.01
decay_setting_074,Baseline prompt,65.5,0.01
decay_setting_074,Baseline prompt,66.5,0.01
decay_setting_074,Baseline prompt,67.5,0.01
decay_setting_074,Baseline prompt,68.5,0.01
decay_setting_074,Baseline prompt,69.5,0.01
decay_setting_074,Baseline prompt,70.5,0.01
decay_setting_074,Baseline prompt,71.5,0.01
decay_setting_074,Baseline prompt,72.5,0.01
decay_setting_074,Baseline prompt,73.5,0.01
decay_setting_074,Baseline prompt,74.5,0.01
decay_setting_074,Baseline prompt,75.5,0.01
decay_setting_074,Baseline prompt,76.5,0.01
decay_setting_074,Baseline prompt,77.5,0.01
decay_setting_074,Baseline prompt,78.5,0.01
decay_setting_074,Baseline prompt,79.5,0.01
decay_setting_074,Baseline prompt,80.5,0.01
decay_setting_074,Baseline prompt,81.5,0.01
decay_setting_074,Baseline prompt,82.5,0.01
decay_setting_074,Baseline prompt,83.5,0.01
decay_setting_074,Baseline prompt,84.5,0.01
decay_setting_074,Baseline prompt,85.5,0.01
decay_setting_074,Baseline prompt,86.5,0.01
decay_setting_074,Baseline prompt,87.5,0.01
decay_setting_074,Baseline prompt,88.5,0.01
decay_setting_074,Baseline prompt,89.5,0.01
decay_setting_074,Baseline prompt,90.5,0.01
decay_setting_074,Baseline prompt,91.5,0.01
decay_setting_074,Baseline prompt,92.5,0.01
decay_setting_074,Baseline prompt,93.5,0.01
decay_setting_074,Baseline prompt,94.5,0.01
decay_setting_074,Baseline prompt,95.5,0.01
decay_setting_074,Baseline prompt,96.5,0.01
decay_setting_074,Baseline prompt,97.5,0.01
decay_setting_074,Baseline prompt,98.5,0.01
decay_setting_074,Baseline prompt,99.5,0.01
decay_setting_074,Blueprint prompt,0.5,0.92
decay_setting_074,Blueprint prompt,1.5,0.9
decay_setting_074,Blueprint prompt,2.5,0.88
decay_setting_074,Blueprint prompt,3.5,0.85
decay_setting_074,Blueprint prompt,4.5,0.81
decay_setting_074,Blueprint prompt,5.5,0.78
decay_setting_074,Blueprint prompt,6.5,0.75
decay_setting_074,Blueprint prompt,7.5,0.72
decay_setting_074,Blueprint prompt,8.5,0.68
decay_setting_074,Blueprint prompt,9.5,0.65
decay_setting_074,Blueprint prompt,10.5,0.63
decay_setting_074,Blueprint prompt,11.5,0.61
decay_setting_074,Blueprint prompt,12.5,0.58
decay_setting_074,Blueprint prompt,13.5,0.55
decay_setting_074,Blueprint prompt,14.5,0.52
decay_setting_074,Blueprint prompt,15.5,0.5
decay_setting_074,Blueprint prompt,16.5,0.47
decay_setting_074,Blueprint prompt,17.5,0.45
decay_setting_074,Blueprint prompt,18.5,0.43
decay_setting_074,Blueprint prompt,19.5,0.4
decay_setting_074,Blueprint prompt,20.5,0.38
decay_setting_074,Blueprint prompt,21.5,0.36
decay_setting_074,Blueprint prompt,22.5,0.34
decay_setting_074,Blueprint prompt,23.5,0.32
decay_setting_074,Blueprint prompt,24.5,0.3
decay_setting_074,Blueprint prompt,25.5,0.28
decay_setting_074,Blueprint prompt,26.5,0.26
decay_setting_074,Blueprint prompt,27.5,0.24
decay_setting_074,Blueprint prompt,28.5,0.22
decay_setting_074,Blueprint prompt,29.5,0.2
decay_setting_074,Blueprint prompt,30.5,0.18
decay_setting_074,Blueprint prompt,31.5,0.17
decay_setting_074,Blueprint prompt,32.5,0.16
decay_setting_074,Blueprint prompt,33.5,0.15
decay_setting_074,Blueprint prompt,34.5,0.14
decay_setting_074,Blueprint prompt,35.5,0.13
decay_setting_074,Blueprint prompt,36.5,0.12
decay_setting_074,Blueprint prompt,37.5,0.11
decay_setting_074,Blueprint prompt,38.5,0.1
decay_setting_074,Blueprint prompt,39.5,0.09
decay_setting_074,Blueprint prompt,40.5,0.08
decay_setting_074,Blueprint prompt,41.5,0.08
decay_setting_074,Blueprint prompt,42.5,0.07
decay_setting_074,Blueprint prompt,43.5,0.06
decay_setting_074,Blueprint prompt,44.5,0.06
decay_setting_074,Blueprint prompt,45.5,0.05
decay_setting_074,Blueprint prompt,46.5,0.05
decay_setting_074,Blueprint prompt,47.5,0.04
decay_setting_074,Blueprint prompt,48.5,0.04
decay_setting_074,Blueprint prompt,49.5,0.03
decay_setting_074,Blueprint prompt,50.5,0.03
decay_setting_074,Blueprint prompt,51.5,0.03
decay_setting_074,Blueprint prompt,52.5,0.02
decay_setting_074,Blueprint prompt,53.5,0.02
decay_setting_074,Blueprint prompt,54.5,0.02
decay_setting_074,Blueprint prompt,55.5,0.02
decay_setting_074,Blueprint prompt,56.5,0.01
decay_setting_074,Blueprint prompt,57.5,0.01
decay_setting_074,Blueprint prompt,58.5,0.01
decay_setting_074,Blueprint prompt,59.5,0.01
decay_setting_074,Blueprint prompt,60.5,0.01
decay_setting_074,Blueprint prompt,61.5,0.01
decay_setting_074,Blueprint prompt,62.5,0.01
decay_setting_074,Blueprint prompt,63.5,0.01
decay_setting_074,Blueprint prompt,64.5,0.01
decay_setting_074,Blueprint prompt,65.5,0.01
decay_setting_074,Blueprint prompt,66.5,0.01
decay_setting_074,Blueprint prompt,67.5,0.01
decay_setting_074,Blueprint prompt,68.5,0.01
decay_setting_074,Blueprint prompt,69.5,0.01
decay_setting_074,Blueprint prompt,70.5,0.01
decay_setting_074,Blueprint prompt,71.5,0.01
decay_setting_074,Blueprint prompt,72.5,0.01
decay_setting_074,Blueprint prompt,73.5,0.01
decay_setting_074,Blueprint prompt,74.5,0.01
decay_setting_074,Blueprint prompt,75.5,0.01
decay_setting_074,Blueprint prompt,76.5,0.01
decay_setting_074,Blueprint prompt,77.5,0.01
decay_setting_074,Blueprint prompt,78.5,0.01
decay_setting_074,Blueprint prompt,79.5,0.01
decay_setting_074,Blueprint prompt,80.5,0.01
decay_setting_074,Blueprint prompt,81.5,0.01
decay_setting_074,Blueprint prompt,82.5,0.01
decay_setting_074,Blueprint prompt,83.5,0.01
decay_setting_074,Blueprint prompt,84.5,0.01
decay_setting_074,Blueprint prompt,85.5,0.01
decay_setting_074,Blueprint prompt,86.5,0.01
decay_setting_074,Blueprint prompt,87.5,0.01
decay_setting_074,Blueprint prompt,88.5,0.01
decay_setting_074,Blueprint prompt,89.5,0.01
decay_setting_074,Blueprint prompt,90.5,0.01
decay_setting_074,Blueprint prompt,91.5,0.01
decay_setting_074,Blueprint prompt,92.5,0.01
decay_setting_074,Blueprint prompt,93.5,0.01
decay_setting_074,Blueprint prompt,94.5,0.01
decay_setting_074,Blueprint prompt,95.5,0.01
decay_setting_074,Blueprint prompt,96.5,0.01
decay_setting_074,Blueprint prompt,97.5,0.01
decay_setting_074,Blueprint prompt,98.5,0.01
decay_setting_074,Blueprint prompt,99.5,0.01
decay_setting_073,Baseline prompt,0.5,0.85
decay_setting_073,Baseline prompt,1.5,0.83
decay_setting_073,Baseline prompt,2.5,0.8
decay_setting_073,Baseline prompt,3.5,0.77
decay_setting_073,Baseline prompt,4.5,0.73
decay_setting_073,Baseline prompt,5.5,0.7
decay_setting_073,Baseline prompt,6.5,0.66
decay_setting_073,Baseline prompt,7.5,0.62
decay_setting_073,Baseline prompt,8.5,0.58
decay_setting_073,Baseline prompt,9.5,0.54
decay_setting_073,Baseline prompt,10.5,0.49
decay_setting_073,Baseline prompt,11.5,0.44
decay_setting_073,Baseline prompt,12.5,0.4
decay_setting_073,Baseline prompt,13.5,0.36
decay_setting_073,Baseline prompt,14.5,0.32
decay_setting_073,Baseline prompt,15.5,0.28
decay_setting_073,Baseline prompt,16.5,0.25
decay_setting_073,Baseline prompt,17.5,0.22
decay_setting_073,Baseline prompt,18.5,0.19
decay_setting_073,Baseline prompt,19.5,0.17
decay_setting_073,Baseline prompt,20.5,0.15
decay_setting_073,Baseline prompt,21.5,0.13
decay_setting_073,Baseline prompt,22.5,0.11
decay_setting_073,Baseline prompt,23.5,0.1
decay_setting_073,Baseline prompt,24.5,0.09
decay_setting_073,Baseline prompt,25.5,0.08
decay_setting_073,Baseline prompt,26.5,0.07
decay_setting_073,Baseline prompt,27.5,0.06
decay_setting_073,Baseline prompt,28.5,0.05
decay_setting_073,Baseline prompt,29.5,0.05
decay_setting_073,Baseline prompt,30.5,0.04
decay_setting_073,Baseline prompt,31.5,0.04
decay_setting_073,Baseline prompt,32.5,0.03
decay_setting_073,Baseline prompt,33.5,0.03
decay_setting_073,Baseline prompt,34.5,0.02
decay_setting_073,Baseline prompt,35.5,0.02
decay_setting_073,Baseline prompt,36.5,0.02
decay_setting_073,Baseline prompt,37.5,0.01
decay_setting_073,Baseline prompt,38.5,0.01
decay_setting_073,Baseline prompt,39.5,0.01
decay_setting_073,Baseline prompt,40.5,0.01
decay_setting_073,Baseline prompt,41.5,0.01
decay_setting_073,Baseline prompt,42.5,0.01
decay_setting_073,Baseline prompt,43.5,0.01
decay_setting_073,Baseline prompt,44.5,0.01
decay_setting_073,Baseline prompt,45.5,0.01
decay_setting_073,Baseline prompt,46.5,0.01
decay_setting_073,Baseline prompt,47.5,0.01
decay_setting_073,Baseline prompt,48.5,0.01
decay_setting_073,Baseline prompt,49.5,0.01
decay_setting_073,Baseline prompt,50.5,0.01
decay_setting_073,Baseline prompt,51.5,0.01
decay_setting_073,Baseline prompt,52.5,0.01
decay_setting_073,Baseline prompt,53.5,0.01
decay_setting_073,Baseline prompt,54.5,0.01
decay_setting_073,Baseline prompt,55.5,0.01
decay_setting_073,Baseline prompt,56.5,0.01
decay_setting_073,Baseline prompt,57.5,0.01
decay_setting_073,Baseline prompt,58.5,0.01
decay_setting_073,Baseline prompt,59.5,0.01
decay_setting_073,Baseline prompt,60.5,0.01
decay_setting_073,Baseline prompt,61.5,0.01
decay_setting_073,Baseline prompt,62.5,0.01
decay_setting_073,Baseline prompt,63.5,0.01
decay_setting_073,Baseline prompt,64.5,0.01
decay_setting_073,Baseline prompt,65.5,0.01
decay_setting_073,Baseline prompt,66.5,0.01
decay_setting_073,Baseline prompt,67.5,0.01
decay_setting_073,Baseline prompt,68.5,0.01
decay_setting_073,Baseline prompt,69.5,0.01
decay_setting_073,Baseline prompt,70.5,0.01
decay_setting_073,Baseline prompt,71.5,0.01
decay_setting_073,Baseline prompt,72.5,0.01
decay_setting_073,Baseline prompt,73.5,0.01
decay_setting_073,Baseline prompt,74.5,0.01
decay_setting_073,Baseline prompt,75.5,0.01
decay_setting_073,Baseline prompt,76.5,0.01
decay_setting_073,Baseline prompt,77.5,0.01
decay_setting_073,Baseline prompt,78.5,0.01
decay_setting_073,Baseline prompt,79.5,0.01
decay_setting_073,Baseline prompt,80.5,0.01
decay_setting_073,Baseline prompt,81.5,0.01
decay_setting_073,Baseline prompt,82.5,0.01
decay_setting_073,Baseline prompt,83.5,0.01
decay_setting_073,Baseline prompt,84.5,0.01
decay_setting_073,Baseline prompt,85.5,0.01
decay_setting_073,Baseline prompt,86.5,0.01
decay_setting_073,Baseline prompt,87.5,0.01
decay_setting_073,Baseline prompt,88.5,0.01
decay_setting_073,Baseline prompt,89.5,0.01
decay_setting_073,Baseline prompt,90.5,0.01
decay_setting_073,Baseline prompt,91.5,0.01
decay_setting_073,Baseline prompt,92.5,0.01
decay_setting_073,Baseline prompt,93.5,0.01
decay_setting_073,Baseline prompt,94.5,0.01
decay_setting_073,Baseline prompt,95.5,0.01
decay_setting_073,Baseline prompt,96.5,0.01
decay_setting_073,Baseline prompt,97.5,0.01
decay_setting_073,Baseline prompt,98.5,0.01
decay_setting_073,Baseline prompt,99.5,0.01
decay_setting_075,Blueprint prompt,0.5,0.925
decay_setting_075,Blueprint prompt,1.5,0.902
decay_setting_075,Blueprint prompt,2.5,0.879
decay_setting_075,Blueprint prompt,3.5,0.86
decay_setting_075,Blueprint prompt,4.5,0.832
decay_setting_075,Blueprint prompt,5.5,0.812
decay_setting_075,Blueprint prompt,6.5,0.798
decay_setting_075,Blueprint prompt,7.5,0.775
decay_setting_075,Blueprint prompt,8.5,0.748
decay_setting_075,Blueprint prompt,9.5,0.732
decay_setting_075,Blueprint prompt,10.5,0.718
decay_setting_075,Blueprint prompt,11.5,0.702
decay_setting_075,Blueprint prompt,12.5,0.688
decay_setting_075,Blueprint prompt,13.5,0.667
decay_setting_075,Blueprint prompt,14.5,0.642
decay_setting_075,Blueprint prompt,15.5,0.623
decay_setting_075,Blueprint prompt,16.5,0.597
decay_setting_075,Blueprint prompt,17.5,0.578
decay_setting_075,Blueprint prompt,18.5,0.553
decay_setting_075,Blueprint prompt,19.5,0.53
decay_setting_075,Blueprint prompt,20.5,0.512
decay_setting_075,Blueprint prompt,21.5,0.489
decay_setting_075,Blueprint prompt,22.5,0.475
decay_setting_075,Blueprint prompt,23.5,0.455
decay_setting_075,Blueprint prompt,24.5,0.438
decay_setting_075,Blueprint prompt,25.5,0.423
decay_setting_075,Blueprint prompt,26.5,0.405
decay_setting_075,Blueprint prompt,27.5,0.388
decay_setting_075,Blueprint prompt,28.5,0.374
decay_setting_075,Blueprint prompt,29.5,0.36
decay_setting_075,Blueprint prompt,30.5,0.342
decay_setting_075,Blueprint prompt,31.5,0.328
decay_setting_075,Blueprint prompt,32.5,0.315
decay_setting_075,Blueprint prompt,33.5,0.303
decay_setting_075,Blueprint prompt,34.5,0.285
decay_setting_075,Blueprint prompt,35.5,0.268
decay_setting_075,Blueprint prompt,36.5,0.252
decay_setting_075,Blueprint prompt,37.5,0.245
decay_setting_075,Blueprint prompt,38.5,0.228
decay_setting_075,Blueprint prompt,39.5,0.215
decay_setting_075,Blueprint prompt,40.5,0.207
decay_setting_075,Blueprint prompt,41.5,0.198
decay_setting_075,Blueprint prompt,42.5,0.184
decay_setting_075,Blueprint prompt,43.5,0.172
decay_setting_075,Blueprint prompt,44.5,0.16
decay_setting_075,Blueprint prompt,45.5,0.153
decay_setting_075,Blueprint prompt,46.5,0.145
decay_setting_075,Blueprint prompt,47.5,0.134
decay_setting_075,Blueprint prompt,48.5,0.128
decay_setting_075,Blueprint prompt,49.5,0.12
decay_setting_075,Blueprint prompt,50.5,0.115
decay_setting_075,Blueprint prompt,51.5,0.107
decay_setting_075,Blueprint prompt,52.5,0.098
decay_setting_075,Blueprint prompt,53.5,0.087
decay_setting_075,Blueprint prompt,54.5,0.083
decay_setting_075,Blueprint prompt,55.5,0.076
decay_setting_075,Blueprint prompt,56.5,0.072
decay_setting_075,Blueprint prompt,57.5,0.068
decay_setting_075,Blueprint prompt,58.5,0.06
decay_setting_075,Blueprint prompt,59.5,0.054
decay_setting_075,Blueprint prompt,60.5,0.05
decay_setting_075,Blueprint prompt,61.5,0.045
decay_setting_075,Blueprint prompt,62.5,0.042
decay_setting_075,Blueprint prompt,63.5,0.039
decay_setting_075,Blueprint prompt,64.5,0.035
decay_setting_075,Blueprint prompt,65.5,0.033
decay_setting_075,Blueprint prompt,66.5,0.03
decay_setting_075,Blueprint prompt,67.5,0.027
decay_setting_075,Blueprint prompt,68.5,0.025
decay_setting_075,Blueprint prompt,69.5,0.023
decay_setting_075,Blueprint prompt,70.5,0.021
decay_setting_075,Blueprint prompt,71.5,0.02
decay_setting_075,Blueprint prompt,72.5,0.019
decay_setting_075,Blueprint prompt,73.5,0.018
decay_setting_075,Blueprint prompt,74.5,0.017
decay_setting_075,Blueprint prompt,75.5,0.016
decay_setting_075,Blueprint prompt,76.5,0.015
decay_setting_075,Blueprint prompt,77.5,0.014
decay_setting_075,Blueprint prompt,78.5,0.013
decay_setting_075,Blueprint prompt,79.5,0.012
decay_setting_075,Blueprint prompt,80.5,0.011
decay_setting_075,Blueprint prompt,81.5,0.01
decay_setting_075,Blueprint prompt,82.5,0.009
decay_setting_075,Blueprint prompt,83.5,0.008
decay_setting_075,Blueprint prompt,84.5,0.007
decay_setting_075,Blueprint prompt,85.5,0.007
decay_setting_075,Blueprint prompt,86.5,0.006
decay_setting_075,Blueprint prompt,87.5,0.005
decay_setting_075,Blueprint prompt,88.5,0.005
decay_setting_075,Blueprint prompt,89.5,0.004
decay_setting_075,Blueprint prompt,90.5,0.004
decay_setting_075,Blueprint prompt,91.5,0.004
decay_setting_075,Blueprint prompt,92.5,0.003
decay_setting_075,Blueprint prompt,93.5,0.003
decay_setting_075,Blueprint prompt,94.5,0.003
decay_setting_075,Blueprint prompt,95.5,0.002
decay_setting_075,Blueprint prompt,96.5,0.002
decay_setting_075,Blueprint prompt,97.5,0.002
decay_setting_075,Blueprint prompt,98.5,0.001
decay_setting_075,Blueprint prompt,99.5,0.001
decay_setting_075,Baseline prompt,0.5,0.85
decay_setting_075,Baseline prompt,1.5,0.78
decay_setting_075,Baseline prompt,2.5,0.74
decay_setting_075,Baseline prompt,3.5,0.7
decay_setting_075,Baseline prompt,4.5,0.66
decay_setting_075,Baseline prompt,5.5,0.62
decay_setting_075,Baseline prompt,6.5,0.58
decay_setting_075,Baseline prompt,7.5,0.55
decay_setting_075,Baseline prompt,8.5,0.51
decay_setting_075,Baseline prompt,9.5,0.48
decay_setting_075,Baseline prompt,10.5,0.46
decay_setting_075,Baseline prompt,11.5,0.42
decay_setting_075,Baseline prompt,12.5,0.39
decay_setting_075,Baseline prompt,13.5,0.36
decay_setting_075,Baseline prompt,14.5,0.33
decay_setting_075,Baseline prompt,15.5,0.3
decay_setting_075,Baseline prompt,16.5,0.28
decay_setting_075,Baseline prompt,17.5,0.26
decay_setting_075,Baseline prompt,18.5,0.24
decay_setting_075,Baseline prompt,19.5,0.22
decay_setting_075,Baseline prompt,20.5,0.2
decay_setting_075,Baseline prompt,21.5,0.18
decay_setting_075,Baseline prompt,22.5,0.16
decay_setting_075,Baseline prompt,23.5,0.15
decay_setting_075,Baseline prompt,24.5,0.14
decay_setting_075,Baseline prompt,25.5,0.13
decay_setting_075,Baseline prompt,26.5,0.12
decay_setting_075,Baseline prompt,27.5,0.11
decay_setting_075,Baseline prompt,28.5,0.1
decay_setting_075,Baseline prompt,29.5,0.09
decay_setting_075,Baseline prompt,30.5,0.08
decay_setting_075,Baseline prompt,31.5,0.07
decay_setting_075,Baseline prompt,32.5,0.07
decay_setting_075,Baseline prompt,33.5,0.06
decay_setting_075,Baseline prompt,34.5,0.06
decay_setting_075,Baseline prompt,35.5,0.05
decay_setting_075,Baseline prompt,36.5,0.05
decay_setting_075,Baseline prompt,37.5,0.05
decay_setting_075,Baseline prompt,38.5,0.04
decay_setting_075,Baseline prompt,39.5,0.04
decay_setting_075,Baseline prompt,40.5,0.04
decay_setting_075,Baseline prompt,41.5,0.03
decay_setting_075,Baseline prompt,42.5,0.03
decay_setting_075,Baseline prompt,43.5,0.03
decay_setting_075,Baseline prompt,44.5,0.03
decay_setting_075,Baseline prompt,45.5,0.02
decay_setting_075,Baseline prompt,46.5,0.02
decay_setting_075,Baseline prompt,47.5,0.02
decay_setting_075,Baseline prompt,48.5,0.02
decay_setting_075,Baseline prompt,49.5,0.02
decay_setting_075,Baseline prompt,50.5,0.02
decay_setting_075,Baseline prompt,51.5,0.02
decay_setting_075,Baseline prompt,52.5,0.02
decay_setting_075,Baseline prompt,53.5,0.02
decay_setting_075,Baseline prompt,54.5,0.01
decay_setting_075,Baseline prompt,55.5,0.01
decay_setting_075,Baseline prompt,56.5,0.01
decay_setting_075,Baseline prompt,57.5,0.01
decay_setting_075,Baseline prompt,58.5,0.01
decay_setting_075,Baseline prompt,59.5,0.01
decay_setting_075,Baseline prompt,60.5,0.01
decay_setting_075,Baseline prompt,61.5,0.01
decay_setting_075,Baseline prompt,62.5,0.01
decay_setting_075,Baseline prompt,63.5,0.01
decay_setting_075,Baseline prompt,64.5,0.01
decay_setting_075,Baseline prompt,65.5,0.01
decay_setting_075,Baseline prompt,66.5,0.01
decay_setting_075,Baseline prompt,67.5,0.01
decay_setting_075,Baseline prompt,68.5,0.01
decay_setting_075,Baseline prompt,69.5,0.01
decay_setting_075,Baseline prompt,70.5,0.01
decay_setting_075,Baseline prompt,71.5,0.01
decay_setting_075,Baseline prompt,72.5,0.01
decay_setting_075,Baseline prompt,73.5,0.01
decay_setting_075,Baseline prompt,74.5,0.01
decay_setting_075,Baseline prompt,75.5,0.01
decay_setting_075,Baseline prompt,76.5,0.01
decay_setting_075,Baseline prompt,77.5,0.01
decay_setting_075,Baseline prompt,78.5,0.01
decay_setting_075,Baseline prompt,79.5,0.01
decay_setting_075,Baseline prompt,80.5,0.01
decay_setting_075,Baseline prompt,81.5,0.01
decay_setting_075,Baseline prompt,82.5,0.01
decay_setting_075,Baseline prompt,83.5,0.01
decay_setting_075,Baseline prompt,84.5,0.01
decay_setting_075,Baseline prompt,85.5,0.01
decay_setting_075,Baseline prompt,86.5,0.01
decay_setting_075,Baseline prompt,87.5,0.01
decay_setting_075,Baseline prompt,88.5,0.01
decay_setting_075,Baseline prompt,89.5,0.01
decay_setting_075,Baseline prompt,90.5,0.01
decay_setting_075,Baseline prompt,91.5,0.01
decay_setting_075,Baseline prompt,92.5,0.01
decay_setting_075,Baseline prompt,93.5,0.01
decay_setting_075,Baseline prompt,94.5,0.01
decay_setting_075,Baseline prompt,95.5,0.01
decay_setting_075,Baseline prompt,96.5,0.01
decay_setting_075,Baseline prompt,97.5,0.01
decay_setting_075,Baseline prompt,98.5,0.01
decay_setting_075,Baseline prompt,99.5,0.01
decay_setting_076,Blueprint prompt,0.5,0.91
decay_setting_076,Blueprint prompt,1.5,0.89
decay_setting_076,Blueprint prompt,2.5,0.86
decay_setting_076,Blueprint prompt,3.5,0.84
decay_setting_076,Blueprint prompt,4.5,0.81
decay_setting_076,Blueprint prompt,5.5,0.79
decay_setting_076,Blueprint prompt,6.5,0.76
decay_setting_076,Blueprint prompt,7.5,0.72
decay_setting_076,Blueprint prompt,8.5,0.68
decay_setting_076,Blueprint prompt,9.5,0.66
decay_setting_076,Blueprint prompt,10.5,0.64
decay_setting_076,Blueprint prompt,11.5,0.62
decay_setting_076,Blueprint prompt,12.5,0.6
decay_setting_076,Blueprint prompt,13.5,0.57
decay_setting_076,Blueprint prompt,14.5,0.54
decay_setting_076,Blueprint prompt,15.5,0.51
decay_setting_076,Blueprint prompt,16.5,0.48
decay_setting_076,Blueprint prompt,17.5,0.45
decay_setting_076,Blueprint prompt,18.5,0.42
decay_setting_076,Blueprint prompt,19.5,0.4
decay_setting_076,Blueprint prompt,20.5,0.38
decay_setting_076,Blueprint prompt,21.5,0.35
decay_setting_076,Blueprint prompt,22.5,0.34
decay_setting_076,Blueprint prompt,23.5,0.33
decay_setting_076,Blueprint prompt,24.5,0.31
decay_setting_076,Blueprint prompt,25.5,0.29
decay_setting_076,Blueprint prompt,26.5,0.28
decay_setting_076,Blueprint prompt,27.5,0.27
decay_setting_076,Blueprint prompt,28.5,0.26
decay_setting_076,Blueprint prompt,29.5,0.25
decay_setting_076,Blueprint prompt,30.5,0.24
decay_setting_076,Blueprint prompt,31.5,0.23
decay_setting_076,Blueprint prompt,32.5,0.22
decay_setting_076,Blueprint prompt,33.5,0.21
decay_setting_076,Blueprint prompt,34.5,0.2
decay_setting_076,Blueprint prompt,35.5,0.19
decay_setting_076,Blueprint prompt,36.5,0.18
decay_setting_076,Blueprint prompt,37.5,0.17
decay_setting_076,Blueprint prompt,38.5,0.16
decay_setting_076,Blueprint prompt,39.5,0.15
decay_setting_076,Blueprint prompt,40.5,0.14
decay_setting_076,Blueprint prompt,41.5,0.13
decay_setting_076,Blueprint prompt,42.5,0.13
decay_setting_076,Blueprint prompt,43.5,0.12
decay_setting_076,Blueprint prompt,44.5,0.12
decay_setting_076,Blueprint prompt,45.5,0.11
decay_setting_076,Blueprint prompt,46.5,0.11
decay_setting_076,Blueprint prompt,47.5,0.1
decay_setting_076,Blueprint prompt,48.5,0.1
decay_setting_076,Blueprint prompt,49.5,0.09
decay_setting_076,Blueprint prompt,50.5,0.09
decay_setting_076,Blueprint prompt,51.5,0.08
decay_setting_076,Blueprint prompt,52.5,0.08
decay_setting_076,Blueprint prompt,53.5,0.07
decay_setting_076,Blueprint prompt,54.5,0.07
decay_setting_076,Blueprint prompt,55.5,0.06
decay_setting_076,Blueprint prompt,56.5,0.06
decay_setting_076,Blueprint prompt,57.5,0.06
decay_setting_076,Blueprint prompt,58.5,0.05
decay_setting_076,Blueprint prompt,59.5,0.05
decay_setting_076,Blueprint prompt,60.5,0.05
decay_setting_076,Blueprint prompt,61.5,0.05
decay_setting_076,Blueprint prompt,62.5,0.04
decay_setting_076,Blueprint prompt,63.5,0.04
decay_setting_076,Blueprint prompt,64.5,0.04
decay_setting_076,Blueprint prompt,65.5,0.04
decay_setting_076,Blueprint prompt,66.5,0.03
decay_setting_076,Blueprint prompt,67.5,0.03
decay_setting_076,Blueprint prompt,68.5,0.03
decay_setting_076,Blueprint prompt,69.5,0.03
decay_setting_076,Blueprint prompt,70.5,0.03
decay_setting_076,Blueprint prompt,71.5,0.02
decay_setting_076,Blueprint prompt,72.5,0.02
decay_setting_076,Blueprint prompt,73.5,0.02
decay_setting_076,Blueprint prompt,74.5,0.02
decay_setting_076,Blueprint prompt,75.5,0.02
decay_setting_076,Blueprint prompt,76.5,0.02
decay_setting_076,Blueprint prompt,77.5,0.01
decay_setting_076,Blueprint prompt,78.5,0.01
decay_setting_076,Blueprint prompt,79.5,0.01
decay_setting_076,Blueprint prompt,80.5,0.01
decay_setting_076,Blueprint prompt,81.5,0.01
decay_setting_076,Blueprint prompt,82.5,0.01
decay_setting_076,Blueprint prompt,83.5,0.01
decay_setting_076,Blueprint prompt,84.5,0.01
decay_setting_076,Blueprint prompt,85.5,0.01
decay_setting_076,Blueprint prompt,86.5,0.01
decay_setting_076,Blueprint prompt,87.5,0.01
decay_setting_076,Blueprint prompt,88.5,0.01
decay_setting_076,Blueprint prompt,89.5,0.01
decay_setting_076,Blueprint prompt,90.5,0.01
decay_setting_076,Blueprint prompt,91.5,0.01
decay_setting_076,Blueprint prompt,92.5,0.01
decay_setting_076,Blueprint prompt,93.5,0.01
decay_setting_076,Blueprint prompt,94.5,0.01
decay_setting_076,Blueprint prompt,95.5,0.01
decay_setting_076,Blueprint prompt,96.5,0.01
decay_setting_076,Blueprint prompt,97.5,0.01
decay_setting_076,Blueprint prompt,98.5,0.01
decay_setting_076,Blueprint prompt,99.5,0.01
decay_setting_076,Baseline prompt,0.5,0.85
decay_setting_076,Baseline prompt,1.5,0.82
decay_setting_076,Baseline prompt,2.5,0.78
decay_setting_076,Baseline prompt,3.5,0.75
decay_setting_076,Baseline prompt,4.5,0.72
decay_setting_076,Baseline prompt,5.5,0.68
decay_setting_076,Baseline prompt,6.5,0.64
decay_setting_076,Baseline prompt,7.5,0.6
decay_setting_076,Baseline prompt,8.5,0.56
decay_setting_076,Baseline prompt,9.5,0.52
decay_setting_076,Baseline prompt,10.5,0.48
decay_setting_076,Baseline prompt,11.5,0.45
decay_setting_076,Baseline prompt,12.5,0.42
decay_setting_076,Baseline prompt,13.5,0.39
decay_setting_076,Baseline prompt,14.5,0.36
decay_setting_076,Baseline prompt,15.5,0.34
decay_setting_076,Baseline prompt,16.5,0.32
decay_setting_076,Baseline prompt,17.5,0.3
decay_setting_076,Baseline prompt,18.5,0.28
decay_setting_076,Baseline prompt,19.5,0.26
decay_setting_076,Baseline prompt,20.5,0.24
decay_setting_076,Baseline prompt,21.5,0.22
decay_setting_076,Baseline prompt,22.5,0.21
decay_setting_076,Baseline prompt,23.5,0.2
decay_setting_076,Baseline prompt,24.5,0.19
decay_setting_076,Baseline prompt,25.5,0.18
decay_setting_076,Baseline prompt,26.5,0.17
decay_setting_076,Baseline prompt,27.5,0.16
decay_setting_076,Baseline prompt,28.5,0.15
decay_setting_076,Baseline prompt,29.5,0.14
decay_setting_076,Baseline prompt,30.5,0.13
decay_setting_076,Baseline prompt,31.5,0.12
decay_setting_076,Baseline prompt,32.5,0.12
decay_setting_076,Baseline prompt,33.5,0.11
decay_setting_076,Baseline prompt,34.5,0.11
decay_setting_076,Baseline prompt,35.5,0.1
decay_setting_076,Baseline prompt,36.5,0.1
decay_setting_076,Baseline prompt,37.5,0.09
decay_setting_076,Baseline prompt,38.5,0.09
decay_setting_076,Baseline prompt,39.5,0.08
decay_setting_076,Baseline prompt,40.5,0.08
decay_setting_076,Baseline prompt,41.5,0.07
decay_setting_076,Baseline prompt,42.5,0.07
decay_setting_076,Baseline prompt,43.5,0.07
decay_setting_076,Baseline prompt,44.5,0.06
decay_setting_076,Baseline prompt,45.5,0.06
decay_setting_076,Baseline prompt,46.5,0.06
decay_setting_076,Baseline prompt,47.5,0.05
decay_setting_076,Baseline prompt,48.5,0.05
decay_setting_076,Baseline prompt,49.5,0.05
decay_setting_076,Baseline prompt,50.5,0.04
decay_setting_076,Baseline prompt,51.5,0.04
decay_setting_076,Baseline prompt,52.5,0.04
decay_setting_076,Baseline prompt,53.5,0.03
decay_setting_076,Baseline prompt,54.5,0.03
decay_setting_076,Baseline prompt,55.5,0.03
decay_setting_076,Baseline prompt,56.5,0.03
decay_setting_076,Baseline prompt,57.5,0.02
decay_setting_076,Baseline prompt,58.5,0.02
decay_setting_076,Baseline prompt,59.5,0.02
decay_setting_076,Baseline prompt,60.5,0.02
decay_setting_076,Baseline prompt,61.5,0.02
decay_setting_076,Baseline prompt,62.5,0.02
decay_setting_076,Baseline prompt,63.5,0.02
decay_setting_076,Baseline prompt,64.5,0.02
decay_setting_076,Baseline prompt,65.5,0.02
decay_setting_076,Baseline prompt,66.5,0.02
decay_setting_076,Baseline prompt,67.5,0.02
decay_setting_076,Baseline prompt,68.5,0.01
decay_setting_076,Baseline prompt,69.5,0.01
decay_setting_076,Baseline prompt,70.5,0.01
decay_setting_076,Baseline prompt,71.5,0.01
decay_setting_076,Baseline prompt,72.5,0.01
decay_setting_076,Baseline prompt,73.5,0.01
decay_setting_076,Baseline prompt,74.5,0.01
decay_setting_076,Baseline prompt,75.5,0.01
decay_setting_076,Baseline prompt,76.5,0.01
decay_setting_076,Baseline prompt,77.5,0.01
decay_setting_076,Baseline prompt,78.5,0.01
decay_setting_076,Baseline prompt,79.5,0.01
decay_setting_076,Baseline prompt,80.5,0.01
decay_setting_076,Baseline prompt,81.5,0.01
decay_setting_076,Baseline prompt,82.5,0.01
decay_setting_076,Baseline prompt,83.5,0.01
decay_setting_076,Baseline prompt,84.5,0.01
decay_setting_076,Baseline prompt,85.5,0.01
decay_setting_076,Baseline prompt,86.5,0.01
decay_setting_076,Baseline prompt,87.5,0.01
decay_setting_076,Baseline prompt,88.5,0.01
decay_setting_076,Baseline prompt,89.5,0.01
decay_setting_076,Baseline prompt,90.5,0.01
decay_setting_076,Baseline prompt,91.5,0.01
decay_setting_076,Baseline prompt,92.5,0.01
decay_setting_076,Baseline prompt,93.5,0.01
decay_setting_076,Baseline prompt,94.5,0.01
decay_setting_076,Baseline prompt,95.5,0.01
decay_setting_076,Baseline prompt,96.5,0.01
decay_setting_076,Baseline prompt,97.5,0.01
decay_setting_076,Baseline prompt,98.5,0.01
decay_setting_076,Baseline prompt,99.5,0.01
decay_setting_078,Blueprint prompt,0.5,0.88
decay_setting_078,Blueprint prompt,1.5,0.85
decay_setting_078,Blueprint prompt,2.5,0.82
decay_setting_078,Blueprint prompt,3.5,0.8
decay_setting_078,Blueprint prompt,4.5,0.77
decay_setting_078,Blueprint prompt,5.5,0.74
decay_setting_078,Blueprint prompt,6.5,0.71
decay_setting_078,Blueprint prompt,7.5,0.67
decay_setting_078,Blueprint prompt,8.5,0.63
decay_setting_078,Blueprint prompt,9.5,0.59
decay_setting_078,Blueprint prompt,10.5,0.55
decay_setting_078,Blueprint prompt,11.5,0.52
decay_setting_078,Blueprint prompt,12.5,0.49
decay_setting_078,Blueprint prompt,13.5,0.46
decay_setting_078,Blueprint prompt,14.5,0.43
decay_setting_078,Blueprint prompt,15.5,0.41
decay_setting_078,Blueprint prompt,16.5,0.38
decay_setting_078,Blueprint prompt,17.5,0.35
decay_setting_078,Blueprint prompt,18.5,0.33
decay_setting_078,Blueprint prompt,19.5,0.31
decay_setting_078,Blueprint prompt,20.5,0.29
decay_setting_078,Blueprint prompt,21.5,0.27
decay_setting_078,Blueprint prompt,22.5,0.25
decay_setting_078,Blueprint prompt,23.5,0.24
decay_setting_078,Blueprint prompt,24.5,0.22
decay_setting_078,Blueprint prompt,25.5,0.21
decay_setting_078,Blueprint prompt,26.5,0.2
decay_setting_078,Blueprint prompt,27.5,0.18
decay_setting_078,Blueprint prompt,28.5,0.17
decay_setting_078,Blueprint prompt,29.5,0.16
decay_setting_078,Blueprint prompt,30.5,0.15
decay_setting_078,Blueprint prompt,31.5,0.14
decay_setting_078,Blueprint prompt,32.5,0.13
decay_setting_078,Blueprint prompt,33.5,0.13
decay_setting_078,Blueprint prompt,34.5,0.12
decay_setting_078,Blueprint prompt,35.5,0.11
decay_setting_078,Blueprint prompt,36.5,0.1
decay_setting_078,Blueprint prompt,37.5,0.1
decay_setting_078,Blueprint prompt,38.5,0.09
decay_setting_078,Blueprint prompt,39.5,0.08
decay_setting_078,Blueprint prompt,40.5,0.08
decay_setting_078,Blueprint prompt,41.5,0.07
decay_setting_078,Blueprint prompt,42.5,0.07
decay_setting_078,Blueprint prompt,43.5,0.06
decay_setting_078,Blueprint prompt,44.5,0.06
decay_setting_078,Blueprint prompt,45.5,0.05
decay_setting_078,Blueprint prompt,46.5,0.05
decay_setting_078,Blueprint prompt,47.5,0.05
decay_setting_078,Blueprint prompt,48.5,0.04
decay_setting_078,Blueprint prompt,49.5,0.04
decay_setting_078,Blueprint prompt,50.5,0.04
decay_setting_078,Blueprint prompt,51.5,0.03
decay_setting_078,Blueprint prompt,52.5,0.03
decay_setting_078,Blueprint prompt,53.5,0.03
decay_setting_078,Blueprint prompt,54.5,0.03
decay_setting_078,Blueprint prompt,55.5,0.02
decay_setting_078,Blueprint prompt,56.5,0.02
decay_setting_078,Blueprint prompt,57.5,0.02
decay_setting_078,Blueprint prompt,58.5,0.02
decay_setting_078,Blueprint prompt,59.5,0.02
decay_setting_078,Blueprint prompt,60.5,0.02
decay_setting_078,Blueprint prompt,61.5,0.02
decay_setting_078,Blueprint prompt,62.5,0.02
decay_setting_078,Blueprint prompt,63.5,0.02
decay_setting_078,Blueprint prompt,64.5,0.02
decay_setting_078,Blueprint prompt,65.5,0.02
decay_setting_078,Blueprint prompt,66.5,0.01
decay_setting_078,Blueprint prompt,67.5,0.01
decay_setting_078,Blueprint prompt,68.5,0.01
decay_setting_078,Blueprint prompt,69.5,0.01
decay_setting_078,Blueprint prompt,70.5,0.01
decay_setting_078,Blueprint prompt,71.5,0.01
decay_setting_078,Blueprint prompt,72.5,0.01
decay_setting_078,Blueprint prompt,73.5,0.01
decay_setting_078,Blueprint prompt,74.5,0.01
decay_setting_078,Blueprint prompt,75.5,0.01
decay_setting_078,Blueprint prompt,76.5,0.01
decay_setting_078,Blueprint prompt,77.5,0.01
decay_setting_078,Blueprint prompt,78.5,0.01
decay_setting_078,Blueprint prompt,79.5,0.01
decay_setting_078,Blueprint prompt,80.5,0.01
decay_setting_078,Blueprint prompt,81.5,0.01
decay_setting_078,Blueprint prompt,82.5,0.01
decay_setting_078,Blueprint prompt,83.5,0.01
decay_setting_078,Blueprint prompt,84.5,0.01
decay_setting_078,Blueprint prompt,85.5,0.01
decay_setting_078,Blueprint prompt,86.5,0.01
decay_setting_078,Blueprint prompt,87.5,0.01
decay_setting_078,Blueprint prompt,88.5,0.01
decay_setting_078,Blueprint prompt,89.5,0.01
decay_setting_078,Blueprint prompt,90.5,0.01
decay_setting_078,Blueprint prompt,91.5,0.01
decay_setting_078,Blueprint prompt,92.5,0.01
decay_setting_078,Blueprint prompt,93.5,0.01
decay_setting_078,Blueprint prompt,94.5,0.01
decay_setting_078,Blueprint prompt,95.5,0.01
decay_setting_078,Blueprint prompt,96.5,0.01
decay_setting_078,Blueprint prompt,97.5,0.01
decay_setting_078,Blueprint prompt,98.5,0.01
decay_setting_078,Blueprint prompt,99.5,0.01
decay_setting_078,Baseline prompt,0.5,0.71
decay_setting_078,Baseline prompt,1.5,0.65
decay_setting_078,Baseline prompt,2.5,0.58
decay_setting_078,Baseline prompt,3.5,0.52
decay_setting_078,Baseline prompt,4.5,0.48
decay_setting_078,Baseline prompt,5.5,0.42
decay_setting_078,Baseline prompt,6.5,0.38
decay_setting_078,Baseline prompt,7.5,0.33
decay_setting_078,Baseline prompt,8.5,0.29
decay_setting_078,Baseline prompt,9.5,0.25
decay_setting_078,Baseline prompt,10.5,0.22
decay_setting_078,Baseline prompt,11.5,0.2
decay_setting_078,Baseline prompt,12.5,0.17
decay_setting_078,Baseline prompt,13.5,0.15
decay_setting_078,Baseline prompt,14.5,0.12
decay_setting_078,Baseline prompt,15.5,0.1
decay_setting_078,Baseline prompt,16.5,0.08
decay_setting_078,Baseline prompt,17.5,0.07
decay_setting_078,Baseline prompt,18.5,0.05
decay_setting_078,Baseline prompt,19.5,0.04
decay_setting_078,Baseline prompt,20.5,0.03
decay_setting_078,Baseline prompt,21.5,0.03
decay_setting_078,Baseline prompt,22.5,0.02
decay_setting_078,Baseline prompt,23.5,0.02
decay_setting_078,Baseline prompt,24.5,0.01
decay_setting_078,Baseline prompt,25.5,0.01
decay_setting_078,Baseline prompt,26.5,0.01
decay_setting_078,Baseline prompt,27.5,0.01
decay_setting_078,Baseline prompt,28.5,0.01
decay_setting_078,Baseline prompt,29.5,0.01
decay_setting_078,Baseline prompt,30.5,0.01
decay_setting_078,Baseline prompt,31.5,0.01
decay_setting_078,Baseline prompt,32.5,0.01
decay_setting_078,Baseline prompt,33.5,0.01
decay_setting_078,Baseline prompt,34.5,0.01
decay_setting_078,Baseline prompt,35.5,0.01
decay_setting_078,Baseline prompt,36.5,0.01
decay_setting_078,Baseline prompt,37.5,0.01
decay_setting_078,Baseline prompt,38.5,0.01
decay_setting_078,Baseline prompt,39.5,0.01
decay_setting_078,Baseline prompt,40.5,0.01
decay_setting_078,Baseline prompt,41.5,0.01
decay_setting_078,Baseline prompt,42.5,0.01
decay_setting_078,Baseline prompt,43.5,0.01
decay_setting_078,Baseline prompt,44.5,0.01
decay_setting_078,Baseline prompt,45.5,0.01
decay_setting_078,Baseline prompt,46.5,0.01
decay_setting_078,Baseline prompt,47.5,0.01
decay_setting_078,Baseline prompt,48.5,0.01
decay_setting_078,Baseline prompt,49.5,0.01
decay_setting_078,Baseline prompt,50.5,0.01
decay_setting_078,Baseline prompt,51.5,0.01
decay_setting_078,Baseline prompt,52.5,0.01
decay_setting_078,Baseline prompt,53.5,0.01
decay_setting_078,Baseline prompt,54.5,0.01
decay_setting_078,Baseline prompt,55.5,0.01
decay_setting_078,Baseline prompt,56.5,0.01
decay_setting_078,Baseline prompt,57.5,0.01
decay_setting_078,Baseline prompt,58.5,0.01
decay_setting_078,Baseline prompt,59.5,0.01
decay_setting_078,Baseline prompt,60.5,0.01
decay_setting_078,Baseline prompt,61.5,0.01
decay_setting_078,Baseline prompt,62.5,0.01
decay_setting_078,Baseline prompt,63.5,0.01
decay_setting_078,Baseline prompt,64.5,0.01
decay_setting_078,Baseline prompt,65.5,0.01
decay_setting_078,Baseline prompt,66.5,0.01
decay_setting_078,Baseline prompt,67.5,0.01
decay_setting_078,Baseline prompt,68.5,0.01
decay_setting_078,Baseline prompt,69.5,0.01
decay_setting_078,Baseline prompt,70.5,0.01
decay_setting_078,Baseline prompt,71.5,0.01
decay_setting_078,Baseline prompt,72.5,0.01
decay_setting_078,Baseline prompt,73.5,0.01
decay_setting_078,Baseline prompt,74.5,0.01
decay_setting_078,Baseline prompt,75.5,0.01
decay_setting_078,Baseline prompt,76.5,0.01
decay_setting_078,Baseline prompt,77.5,0.01
decay_setting_078,Baseline prompt,78.5,0.01
decay_setting_078,Baseline prompt,79.5,0.01
decay_setting_078,Baseline prompt,80.5,0.01
decay_setting_078,Baseline prompt,81.5,0.01
decay_setting_078,Baseline prompt,82.5,0.01
decay_setting_078,Baseline prompt,83.5,0.01
decay_setting_078,Baseline prompt,84.5,0.01
decay_setting_078,Baseline prompt,85.5,0.01
decay_setting_078,Baseline prompt,86.5,0.01
decay_setting_078,Baseline prompt,87.5,0.01
decay_setting_078,Baseline prompt,88.5,0.01
decay_setting_078,Baseline prompt,89.5,0.01
decay_setting_078,Baseline prompt,90.5,0.01
decay_setting_078,Baseline prompt,91.5,0.01
decay_setting_078,Baseline prompt,92.5,0.01
decay_setting_078,Baseline prompt,93.5,0.01
decay_setting_078,Baseline prompt,94.5,0.01
decay_setting_078,Baseline prompt,95.5,0.01
decay_setting_078,Baseline prompt,96.5,0.01
decay_setting_078,Baseline prompt,97.5,0.01
decay_setting_078,Baseline prompt,98.5,0.01
decay_setting_078,Baseline prompt,99.5,0.01
decay_setting_077,Baseline prompt,0.5,0.85
decay_setting_077,Baseline prompt,1.5,0.81
decay_setting_077,Baseline prompt,2.5,0.76
decay_setting_077,Baseline prompt,3.5,0.71
decay_setting_077,Baseline prompt,4.5,0.65
decay_setting_077,Baseline prompt,5.5,0.59
decay_setting_077,Baseline prompt,6.5,0.55
decay_setting_077,Baseline prompt,7.5,0.49
decay_setting_077,Baseline prompt,8.5,0.45
decay_setting_077,Baseline prompt,9.5,0.4
decay_setting_077,Baseline prompt,10.5,0.38
decay_setting_077,Baseline prompt,11.5,0.35
decay_setting_077,Baseline prompt,12.5,0.31
decay_setting_077,Baseline prompt,13.5,0.29
decay_setting_077,Baseline prompt,14.5,0.25
decay_setting_077,Baseline prompt,15.5,0.23
decay_setting_077,Baseline prompt,16.5,0.21
decay_setting_077,Baseline prompt,17.5,0.19
decay_setting_077,Baseline prompt,18.5,0.17
decay_setting_077,Baseline prompt,19.5,0.15
decay_setting_077,Baseline prompt,20.5,0.14
decay_setting_077,Baseline prompt,21.5,0.13
decay_setting_077,Baseline prompt,22.5,0.12
decay_setting_077,Baseline prompt,23.5,0.11
decay_setting_077,Baseline prompt,24.5,0.1
decay_setting_077,Baseline prompt,25.5,0.1
decay_setting_077,Baseline prompt,26.5,0.09
decay_setting_077,Baseline prompt,27.5,0.08
decay_setting_077,Baseline prompt,28.5,0.08
decay_setting_077,Baseline prompt,29.5,0.07
decay_setting_077,Baseline prompt,30.5,0.07
decay_setting_077,Baseline prompt,31.5,0.06
decay_setting_077,Baseline prompt,32.5,0.06
decay_setting_077,Baseline prompt,33.5,0.05
decay_setting_077,Baseline prompt,34.5,0.05
decay_setting_077,Baseline prompt,35.5,0.05
decay_setting_077,Baseline prompt,36.5,0.04
decay_setting_077,Baseline prompt,37.5,0.04
decay_setting_077,Baseline prompt,38.5,0.04
decay_setting_077,Baseline prompt,39.5,0.03
decay_setting_077,Baseline prompt,40.5,0.03
decay_setting_077,Baseline prompt,41.5,0.03
decay_setting_077,Baseline prompt,42.5,0.03
decay_setting_077,Baseline prompt,43.5,0.03
decay_setting_077,Baseline prompt,44.5,0.02
decay_setting_077,Baseline prompt,45.5,0.02
decay_setting_077,Baseline prompt,46.5,0.02
decay_setting_077,Baseline prompt,47.5,0.02
decay_setting_077,Baseline prompt,48.5,0.02
decay_setting_077,Baseline prompt,49.5,0.01
decay_setting_077,Baseline prompt,50.5,0.01
decay_setting_077,Baseline prompt,51.5,0.01
decay_setting_077,Baseline prompt,52.5,0.01
decay_setting_077,Baseline prompt,53.5,0.01
decay_setting_077,Baseline prompt,54.5,0.01
decay_setting_077,Baseline prompt,55.5,0.01
decay_setting_077,Baseline prompt,56.5,0.01
decay_setting_077,Baseline prompt,57.5,0.01
decay_setting_077,Baseline prompt,58.5,0.01
decay_setting_077,Baseline prompt,59.5,0.01
decay_setting_077,Baseline prompt,60.5,0.01
decay_setting_077,Baseline prompt,61.5,0.01
decay_setting_077,Baseline prompt,62.5,0.01
decay_setting_077,Baseline prompt,63.5,0.01
decay_setting_077,Baseline prompt,64.5,0.01
decay_setting_077,Baseline prompt,65.5,0.01
decay_setting_077,Baseline prompt,66.5,0.01
decay_setting_077,Baseline prompt,67.5,0.01
decay_setting_077,Baseline prompt,68.5,0.01
decay_setting_077,Baseline prompt,69.5,0.01
decay_setting_077,Baseline prompt,70.5,0.01
decay_setting_077,Baseline prompt,71.5,0.01
decay_setting_077,Baseline prompt,72.5,0.01
decay_setting_077,Baseline prompt,73.5,0.01
decay_setting_077,Baseline prompt,74.5,0.01
decay_setting_077,Baseline prompt,75.5,0.01
decay_setting_077,Baseline prompt,76.5,0.01
decay_setting_077,Baseline prompt,77.5,0.01
decay_setting_077,Baseline prompt,78.5,0.01
decay_setting_077,Baseline prompt,79.5,0.01
decay_setting_077,Baseline prompt,80.5,0.01
decay_setting_077,Baseline prompt,81.5,0.01
decay_setting_077,Baseline prompt,82.5,0.01
decay_setting_077,Baseline prompt,83.5,0.01
decay_setting_077,Baseline prompt,84.5,0.01
decay_setting_077,Baseline prompt,85.5,0.01
decay_setting_077,Baseline prompt,86.5,0.01
decay_setting_077,Baseline prompt,87.5,0.01
decay_setting_077,Baseline prompt,88.5,0.01
decay_setting_077,Baseline prompt,89.5,0.01
decay_setting_077,Baseline prompt,90.5,0.01
decay_setting_077,Baseline prompt,91.5,0.01
decay_setting_077,Baseline prompt,92.5,0.01
decay_setting_077,Baseline prompt,93.5,0.01
decay_setting_077,Baseline prompt,94.5,0.01
decay_setting_077,Baseline prompt,95.5,0.01
decay_setting_077,Baseline prompt,96.5,0.01
decay_setting_077,Baseline prompt,97.5,0.01
decay_setting_077,Baseline prompt,98.5,0.01
decay_setting_077,Baseline prompt,99.5,0.01
decay_setting_079,Baseline prompt,0.5,0.85
decay_setting_079,Baseline prompt,1.5,0.82
decay_setting_079,Baseline prompt,2.5,0.78
decay_setting_079,Baseline prompt,3.5,0.75
decay_setting_079,Baseline prompt,4.5,0.72
decay_setting_079,Baseline prompt,5.5,0.68
decay_setting_079,Baseline prompt,6.5,0.64
decay_setting_079,Baseline prompt,7.5,0.6
decay_setting_079,Baseline prompt,8.5,0.57
decay_setting_079,Baseline prompt,9.5,0.54
decay_setting_079,Baseline prompt,10.5,0.51
decay_setting_079,Baseline prompt,11.5,0.48
decay_setting_079,Baseline prompt,12.5,0.45
decay_setting_079,Baseline prompt,13.5,0.42
decay_setting_079,Baseline prompt,14.5,0.4
decay_setting_079,Baseline prompt,15.5,0.38
decay_setting_079,Baseline prompt,16.5,0.35
decay_setting_079,Baseline prompt,17.5,0.33
decay_setting_079,Baseline prompt,18.5,0.3
decay_setting_079,Baseline prompt,19.5,0.28
decay_setting_079,Baseline prompt,20.5,0.26
decay_setting_079,Baseline prompt,21.5,0.24
decay_setting_079,Baseline prompt,22.5,0.22
decay_setting_079,Baseline prompt,23.5,0.2
decay_setting_079,Baseline prompt,24.5,0.18
decay_setting_079,Baseline prompt,25.5,0.17
decay_setting_079,Baseline prompt,26.5,0.16
decay_setting_079,Baseline prompt,27.5,0.15
decay_setting_079,Baseline prompt,28.5,0.14
decay_setting_079,Baseline prompt,29.5,0.13
decay_setting_079,Baseline prompt,30.5,0.12
decay_setting_079,Baseline prompt,31.5,0.11
decay_setting_079,Baseline prompt,32.5,0.1
decay_setting_079,Baseline prompt,33.5,0.09
decay_setting_079,Baseline prompt,34.5,0.08
decay_setting_079,Baseline prompt,35.5,0.08
decay_setting_079,Baseline prompt,36.5,0.07
decay_setting_079,Baseline prompt,37.5,0.07
decay_setting_079,Baseline prompt,38.5,0.06
decay_setting_079,Baseline prompt,39.5,0.06
decay_setting_079,Baseline prompt,40.5,0.05
decay_setting_079,Baseline prompt,41.5,0.05
decay_setting_079,Baseline prompt,42.5,0.04
decay_setting_079,Baseline prompt,43.5,0.04
decay_setting_079,Baseline prompt,44.5,0.04
decay_setting_079,Baseline prompt,45.5,0.03
decay_setting_079,Baseline prompt,46.5,0.03
decay_setting_079,Baseline prompt,47.5,0.03
decay_setting_079,Baseline prompt,48.5,0.02
decay_setting_079,Baseline prompt,49.5,0.02
decay_setting_079,Baseline prompt,50.5,0.02
decay_setting_079,Baseline prompt,51.5,0.02
decay_setting_079,Baseline prompt,52.5,0.01
decay_setting_079,Baseline prompt,53.5,0.01
decay_setting_079,Baseline prompt,54.5,0.01
decay_setting_079,Baseline prompt,55.5,0.01
decay_setting_079,Baseline prompt,56.5,0.01
decay_setting_079,Baseline prompt,57.5,0.01
decay_setting_079,Baseline prompt,58.5,0.01
decay_setting_079,Baseline prompt,59.5,0.01
decay_setting_079,Baseline prompt,60.5,0.01
decay_setting_079,Baseline prompt,61.5,0.01
decay_setting_079,Baseline prompt,62.5,0.01
decay_setting_079,Baseline prompt,63.5,0.01
decay_setting_079,Baseline prompt,64.5,0.01
decay_setting_079,Baseline prompt,65.5,0.01
decay_setting_079,Baseline prompt,66.5,0.01
decay_setting_079,Baseline prompt,67.5,0.01
decay_setting_079,Baseline prompt,68.5,0.01
decay_setting_079,Baseline prompt,69.5,0.01
decay_setting_079,Baseline prompt,70.5,0.01
decay_setting_079,Baseline prompt,71.5,0.01
decay_setting_079,Baseline prompt,72.5,0.01
decay_setting_079,Baseline prompt,73.5,0.01
decay_setting_079,Baseline prompt,74.5,0.01
decay_setting_079,Baseline prompt,75.5,0.01
decay_setting_079,Baseline prompt,76.5,0.01
decay_setting_079,Baseline prompt,77.5,0.01
decay_setting_079,Baseline prompt,78.5,0.01
decay_setting_079,Baseline prompt,79.5,0.01
decay_setting_079,Baseline prompt,80.5,0.01
decay_setting_079,Baseline prompt,81.5,0.01
decay_setting_079,Baseline prompt,82.5,0.01
decay_setting_079,Baseline prompt,83.5,0.01
decay_setting_079,Baseline prompt,84.5,0.01
decay_setting_079,Baseline prompt,85.5,0.01
decay_setting_079,Baseline prompt,86.5,0.01
decay_setting_079,Baseline prompt,87.5,0.01
decay_setting_079,Baseline prompt,88.5,0.01
decay_setting_079,Baseline prompt,89.5,0.01
decay_setting_079,Baseline prompt,90.5,0.01
decay_setting_079,Baseline prompt,91.5,0.01
decay_setting_079,Baseline prompt,92.5,0.01
decay_setting_079,Baseline prompt,93.5,0.01
decay_setting_079,Baseline prompt,94.5,0.01
decay_setting_079,Baseline prompt,95.5,0.01
decay_setting_079,Baseline prompt,96.5,0.01
decay_setting_079,Baseline prompt,97.5,0.01
decay_setting_079,Baseline prompt,98.5,0.01
decay_setting_079,Baseline prompt,99.5,0.01
decay_setting_077,Blueprint prompt,0.5,0.92
decay_setting_077,Blueprint prompt,1.5,0.89
decay_setting_077,Blueprint prompt,2.5,0.87
decay_setting_077,Blueprint prompt,3.5,0.83
decay_setting_077,Blueprint prompt,4.5,0.79
decay_setting_077,Blueprint prompt,5.5,0.75
decay_setting_077,Blueprint prompt,6.5,0.71
decay_setting_077,Blueprint prompt,7.5,0.68
decay_setting_077,Blueprint prompt,8.5,0.64
decay_setting_077,Blueprint prompt,9.5,0.61
decay_setting_077,Blueprint prompt,10.5,0.58
decay_setting_077,Blueprint prompt,11.5,0.54
decay_setting_077,Blueprint prompt,12.5,0.51
decay_setting_077,Blueprint prompt,13.5,0.48
decay_setting_077,Blueprint prompt,14.5,0.44
decay_setting_077,Blueprint prompt,15.5,0.41
decay_setting_077,Blueprint prompt,16.5,0.37
decay_setting_077,Blueprint prompt,17.5,0.34
decay_setting_077,Blueprint prompt,18.5,0.31
decay_setting_077,Blueprint prompt,19.5,0.29
decay_setting_077,Blueprint prompt,20.5,0.27
decay_setting_077,Blueprint prompt,21.5,0.25
decay_setting_077,Blueprint prompt,22.5,0.23
decay_setting_077,Blueprint prompt,23.5,0.21
decay_setting_077,Blueprint prompt,24.5,0.2
decay_setting_077,Blueprint prompt,25.5,0.18
decay_setting_077,Blueprint prompt,26.5,0.17
decay_setting_077,Blueprint prompt,27.5,0.15
decay_setting_077,Blueprint prompt,28.5,0.14
decay_setting_077,Blueprint prompt,29.5,0.13
decay_setting_077,Blueprint prompt,30.5,0.12
decay_setting_077,Blueprint prompt,31.5,0.11
decay_setting_077,Blueprint prompt,32.5,0.11
decay_setting_077,Blueprint prompt,33.5,0.1
decay_setting_077,Blueprint prompt,34.5,0.09
decay_setting_077,Blueprint prompt,35.5,0.09
decay_setting_077,Blueprint prompt,36.5,0.08
decay_setting_077,Blueprint prompt,37.5,0.08
decay_setting_077,Blueprint prompt,38.5,0.07
decay_setting_077,Blueprint prompt,39.5,0.07
decay_setting_077,Blueprint prompt,40.5,0.06
decay_setting_077,Blueprint prompt,41.5,0.06
decay_setting_077,Blueprint prompt,42.5,0.06
decay_setting_077,Blueprint prompt,43.5,0.05
decay_setting_077,Blueprint prompt,44.5,0.05
decay_setting_077,Blueprint prompt,45.5,0.05
decay_setting_077,Blueprint prompt,46.5,0.04
decay_setting_077,Blueprint prompt,47.5,0.04
decay_setting_077,Blueprint prompt,48.5,0.04
decay_setting_077,Blueprint prompt,49.5,0.03
decay_setting_077,Blueprint prompt,50.5,0.03
decay_setting_077,Blueprint prompt,51.5,0.03
decay_setting_077,Blueprint prompt,52.5,0.03
decay_setting_077,Blueprint prompt,53.5,0.02
decay_setting_077,Blueprint prompt,54.5,0.02
decay_setting_077,Blueprint prompt,55.5,0.02
decay_setting_077,Blueprint prompt,56.5,0.02
decay_setting_077,Blueprint prompt,57.5,0.02
decay_setting_077,Blueprint prompt,58.5,0.02
decay_setting_077,Blueprint prompt,59.5,0.01
decay_setting_077,Blueprint prompt,60.5,0.01
decay_setting_077,Blueprint prompt,61.5,0.01
decay_setting_077,Blueprint prompt,62.5,0.01
decay_setting_077,Blueprint prompt,63.5,0.01
decay_setting_077,Blueprint prompt,64.5,0.01
decay_setting_077,Blueprint prompt,65.5,0.01
decay_setting_077,Blueprint prompt,66.5,0.01
decay_setting_077,Blueprint prompt,67.5,0.01
decay_setting_077,Blueprint prompt,68.5,0.01
decay_setting_077,Blueprint prompt,69.5,0.01
decay_setting_077,Blueprint prompt,70.5,0.01
decay_setting_077,Blueprint prompt,71.5,0.01
decay_setting_077,Blueprint prompt,72.5,0.01
decay_setting_077,Blueprint prompt,73.5,0.01
decay_setting_077,Blueprint prompt,74.5,0.02
decay_setting_077,Blueprint prompt,75.5,0.02
decay_setting_077,Blueprint prompt,76.5,0.02
decay_setting_077,Blueprint prompt,77.5,0.02
decay_setting_077,Blueprint prompt,78.5,0.02
decay_setting_077,Blueprint prompt,79.5,0.02
decay_setting_077,Blueprint prompt,80.5,0.02
decay_setting_077,Blueprint prompt,81.5,0.03
decay_setting_077,Blueprint prompt,82.5,0.03
decay_setting_077,Blueprint prompt,83.5,0.03
decay_setting_077,Blueprint prompt,84.5,0.03
decay_setting_077,Blueprint prompt,85.5,0.03
decay_setting_077,Blueprint prompt,86.5,0.03
decay_setting_077,Blueprint prompt,87.5,0.03
decay_setting_077,Blueprint prompt,88.5,0.03
decay_setting_077,Blueprint prompt,89.5,0.03
decay_setting_077,Blueprint prompt,90.5,0.04
decay_setting_077,Blueprint prompt,91.5,0.04
decay_setting_077,Blueprint prompt,92.5,0.04
decay_setting_077,Blueprint prompt,93.5,0.04
decay_setting_077,Blueprint prompt,94.5,0.04
decay_setting_077,Blueprint prompt,95.5,0.04
decay_setting_077,Blueprint prompt,96.5,0.04
decay_setting_077,Blueprint prompt,97.5,0.04
decay_setting_077,Blueprint prompt,98.5,0.04
decay_setting_077,Blueprint prompt,99.5,0.04
decay_setting_079,Blueprint prompt,0.5,0.91
decay_setting_079,Blueprint prompt,1.5,0.89
decay_setting_079,Blueprint prompt,2.5,0.87
decay_setting_079,Blueprint prompt,3.5,0.85
decay_setting_079,Blueprint prompt,4.5,0.84
decay_setting_079,Blueprint prompt,5.5,0.82
decay_setting_079,Blueprint prompt,6.5,0.8
decay_setting_079,Blueprint prompt,7.5,0.78
decay_setting_079,Blueprint prompt,8.5,0.77
decay_setting_079,Blueprint prompt,9.5,0.75
decay_setting_079,Blueprint prompt,10.5,0.73
decay_setting_079,Blueprint prompt,11.5,0.72
decay_setting_079,Blueprint prompt,12.5,0.7
decay_setting_079,Blueprint prompt,13.5,0.67
decay_setting_079,Blueprint prompt,14.5,0.66
decay_setting_079,Blueprint prompt,15.5,0.64
decay_setting_079,Blueprint prompt,16.5,0.62
decay_setting_079,Blueprint prompt,17.5,0.6
decay_setting_079,Blueprint prompt,18.5,0.59
decay_setting_079,Blueprint prompt,19.5,0.57
decay_setting_079,Blueprint prompt,20.5,0.55
decay_setting_079,Blueprint prompt,21.5,0.54
decay_setting_079,Blueprint prompt,22.5,0.52
decay_setting_079,Blueprint prompt,23.5,0.5
decay_setting_079,Blueprint prompt,24.5,0.49
decay_setting_079,Blueprint prompt,25.5,0.47
decay_setting_079,Blueprint prompt,26.5,0.45
decay_setting_079,Blueprint prompt,27.5,0.44
decay_setting_079,Blueprint prompt,28.5,0.42
decay_setting_079,Blueprint prompt,29.5,0.41
decay_setting_079,Blueprint prompt,30.5,0.39
decay_setting_079,Blueprint prompt,31.5,0.38
decay_setting_079,Blueprint prompt,32.5,0.36
decay_setting_079,Blueprint prompt,33.5,0.35
decay_setting_079,Blueprint prompt,34.5,0.34
decay_setting_079,Blueprint prompt,35.5,0.33
decay_setting_079,Blueprint prompt,36.5,0.31
decay_setting_079,Blueprint prompt,37.5,0.3
decay_setting_079,Blueprint prompt,38.5,0.29
decay_setting_079,Blueprint prompt,39.5,0.28
decay_setting_079,Blueprint prompt,40.5,0.27
decay_setting_079,Blueprint prompt,41.5,0.26
decay_setting_079,Blueprint prompt,42.5,0.25
decay_setting_079,Blueprint prompt,43.5,0.24
decay_setting_079,Blueprint prompt,44.5,0.22
decay_setting_079,Blueprint prompt,45.5,0.21
decay_setting_079,Blueprint prompt,46.5,0.2
decay_setting_079,Blueprint prompt,47.5,0.19
decay_setting_079,Blueprint prompt,48.5,0.18
decay_setting_079,Blueprint prompt,49.5,0.17
decay_setting_079,Blueprint prompt,50.5,0.16
decay_setting_079,Blueprint prompt,51.5,0.15
decay_setting_079,Blueprint prompt,52.5,0.14
decay_setting_079,Blueprint prompt,53.5,0.13
decay_setting_079,Blueprint prompt,54.5,0.12
decay_setting_079,Blueprint prompt,55.5,0.11
decay_setting_079,Blueprint prompt,56.5,0.1
decay_setting_079,Blueprint prompt,57.5,0.1
decay_setting_079,Blueprint prompt,58.5,0.09
decay_setting_079,Blueprint prompt,59.5,0.09
decay_setting_079,Blueprint prompt,60.5,0.08
decay_setting_079,Blueprint prompt,61.5,0.08
decay_setting_079,Blueprint prompt,62.5,0.07
decay_setting_079,Blueprint prompt,63.5,0.07
decay_setting_079,Blueprint prompt,64.5,0.06
decay_setting_079,Blueprint prompt,65.5,0.06
decay_setting_079,Blueprint prompt,66.5,0.06
decay_setting_079,Blueprint prompt,67.5,0.05
decay_setting_079,Blueprint prompt,68.5,0.05
decay_setting_079,Blueprint prompt,69.5,0.04
decay_setting_079,Blueprint prompt,70.5,0.04
decay_setting_079,Blueprint prompt,71.5,0.04
decay_setting_079,Blueprint prompt,72.5,0.03
decay_setting_079,Blueprint prompt,73.5,0.03
decay_setting_079,Blueprint prompt,74.5,0.03
decay_setting_079,Blueprint prompt,75.5,0.03
decay_setting_079,Blueprint prompt,76.5,0.02
decay_setting_079,Blueprint prompt,77.5,0.02
decay_setting_079,Blueprint prompt,78.5,0.02
decay_setting_079,Blueprint prompt,79.5,0.02
decay_setting_079,Blueprint prompt,80.5,0.01
decay_setting_079,Blueprint prompt,81.5,0.01
decay_setting_079,Blueprint prompt,82.5,0.01
decay_setting_079,Blueprint prompt,83.5,0.01
decay_setting_079,Blueprint prompt,84.5,0.01
decay_setting_079,Blueprint prompt,85.5,0.01
decay_setting_079,Blueprint prompt,86.5,0.01
decay_setting_079,Blueprint prompt,87.5,0.01
decay_setting_079,Blueprint prompt,88.5,0.01
decay_setting_079,Blueprint prompt,89.5,0.01
decay_setting_079,Blueprint prompt,90.5,0.01
decay_setting_079,Blueprint prompt,91.5,0.01
decay_setting_079,Blueprint prompt,92.5,0.01
decay_setting_079,Blueprint prompt,93.5,0.01
decay_setting_079,Blueprint prompt,94.5,0.01
decay_setting_079,Blueprint prompt,95.5,0.01
decay_setting_079,Blueprint prompt,96.5,0.01
decay_setting_079,Blueprint prompt,97.5,0.01
decay_setting_079,Blueprint prompt,98.5,0.01
decay_setting_079,Blueprint prompt,99.5,0.01
decay_setting_080,Baseline prompt,0.5,0.85
decay_setting_080,Baseline prompt,1.5,0.83
decay_setting_080,Baseline prompt,2.5,0.81
decay_setting_080,Baseline prompt,3.5,0.78
decay_setting_080,Baseline prompt,4.5,0.74
decay_setting_080,Baseline prompt,5.5,0.7
decay_setting_080,Baseline prompt,6.5,0.66
decay_setting_080,Baseline prompt,7.5,0.62
decay_setting_080,Baseline prompt,8.5,0.58
decay_setting_080,Baseline prompt,9.5,0.54
decay_setting_080,Baseline prompt,10.5,0.5
decay_setting_080,Baseline prompt,11.5,0.47
decay_setting_080,Baseline prompt,12.5,0.44
decay_setting_080,Baseline prompt,13.5,0.42
decay_setting_080,Baseline prompt,14.5,0.39
decay_setting_080,Baseline prompt,15.5,0.36
decay_setting_080,Baseline prompt,16.5,0.33
decay_setting_080,Baseline prompt,17.5,0.3
decay_setting_080,Baseline prompt,18.5,0.28
decay_setting_080,Baseline prompt,19.5,0.26
decay_setting_080,Baseline prompt,20.5,0.24
decay_setting_080,Baseline prompt,21.5,0.22
decay_setting_080,Baseline prompt,22.5,0.2
decay_setting_080,Baseline prompt,23.5,0.18
decay_setting_080,Baseline prompt,24.5,0.17
decay_setting_080,Baseline prompt,25.5,0.15
decay_setting_080,Baseline prompt,26.5,0.14
decay_setting_080,Baseline prompt,27.5,0.12
decay_setting_080,Baseline prompt,28.5,0.11
decay_setting_080,Baseline prompt,29.5,0.1
decay_setting_080,Baseline prompt,30.5,0.09
decay_setting_080,Baseline prompt,31.5,0.08
decay_setting_080,Baseline prompt,32.5,0.07
decay_setting_080,Baseline prompt,33.5,0.06
decay_setting_080,Baseline prompt,34.5,0.05
decay_setting_080,Baseline prompt,35.5,0.05
decay_setting_080,Baseline prompt,36.5,0.04
decay_setting_080,Baseline prompt,37.5,0.04
decay_setting_080,Baseline prompt,38.5,0.03
decay_setting_080,Baseline prompt,39.5,0.03
decay_setting_080,Baseline prompt,40.5,0.03
decay_setting_080,Baseline prompt,41.5,0.02
decay_setting_080,Baseline prompt,42.5,0.02
decay_setting_080,Baseline prompt,43.5,0.02
decay_setting_080,Baseline prompt,44.5,0.02
decay_setting_080,Baseline prompt,45.5,0.01
decay_setting_080,Baseline prompt,46.5,0.01
decay_setting_080,Baseline prompt,47.5,0.01
decay_setting_080,Baseline prompt,48.5,0.01
decay_setting_080,Baseline prompt,49.5,0.01
decay_setting_080,Baseline prompt,50.5,0.01
decay_setting_080,Baseline prompt,51.5,0.01
decay_setting_080,Baseline prompt,52.5,0.01
decay_setting_080,Baseline prompt,53.5,0.01
decay_setting_080,Baseline prompt,54.5,0.01
decay_setting_080,Baseline prompt,55.5,0.01
decay_setting_080,Baseline prompt,56.5,0.01
decay_setting_080,Baseline prompt,57.5,0.01
decay_setting_080,Baseline prompt,58.5,0.01
decay_setting_080,Baseline prompt,59.5,0.01
decay_setting_080,Baseline prompt,60.5,0.01
decay_setting_080,Baseline prompt,61.5,0.01
decay_setting_080,Baseline prompt,62.5,0.01
decay_setting_080,Baseline prompt,63.5,0.01
decay_setting_080,Baseline prompt,64.5,0.01
decay_setting_080,Baseline prompt,65.5,0.01
decay_setting_080,Baseline prompt,66.5,0.01
decay_setting_080,Baseline prompt,67.5,0.01
decay_setting_080,Baseline prompt,68.5,0.01
decay_setting_080,Baseline prompt,69.5,0.01
decay_setting_080,Baseline prompt,70.5,0.01
decay_setting_080,Baseline prompt,71.5,0.01
decay_setting_080,Baseline prompt,72.5,0.01
decay_setting_080,Baseline prompt,73.5,0.01
decay_setting_080,Baseline prompt,74.5,0.01
decay_setting_080,Baseline prompt,75.5,0.01
decay_setting_080,Baseline prompt,76.5,0.01
decay_setting_080,Baseline prompt,77.5,0.01
decay_setting_080,Baseline prompt,78.5,0.01
decay_setting_080,Baseline prompt,79.5,0.01
decay_setting_080,Baseline prompt,80.5,0.01
decay_setting_080,Baseline prompt,81.5,0.01
decay_setting_080,Baseline prompt,82.5,0.01
decay_setting_080,Baseline prompt,83.5,0.01
decay_setting_080,Baseline prompt,84.5,0.01
decay_setting_080,Baseline prompt,85.5,0.01
decay_setting_080,Baseline prompt,86.5,0.01
decay_setting_080,Baseline prompt,87.5,0.01
decay_setting_080,Baseline prompt,88.5,0.01
decay_setting_080,Baseline prompt,89.5,0.01
decay_setting_080,Baseline prompt,90.5,0.01
decay_setting_080,Baseline prompt,91.5,0.01
decay_setting_080,Baseline prompt,92.5,0.01
decay_setting_080,Baseline prompt,93.5,0.01
decay_setting_080,Baseline prompt,94.5,0.01
decay_setting_080,Baseline prompt,95.5,0.01
decay_setting_080,Baseline prompt,96.5,0.01
decay_setting_080,Baseline prompt,97.5,0.01
decay_setting_080,Baseline prompt,98.5,0.01
decay_setting_080,Baseline prompt,99.5,0.01
decay_setting_080,Blueprint prompt,0.5,0.91
decay_setting_080,Blueprint prompt,1.5,0.89
decay_setting_080,Blueprint prompt,2.5,0.87
decay_setting_080,Blueprint prompt,3.5,0.85
decay_setting_080,Blueprint prompt,4.5,0.82
decay_setting_080,Blueprint prompt,5.5,0.79
decay_setting_080,Blueprint prompt,6.5,0.75
decay_setting_080,Blueprint prompt,7.5,0.72
decay_setting_080,Blueprint prompt,8.5,0.69
decay_setting_080,Blueprint prompt,9.5,0.66
decay_setting_080,Blueprint prompt,10.5,0.62
decay_setting_080,Blueprint prompt,11.5,0.59
decay_setting_080,Blueprint prompt,12.5,0.56
decay_setting_080,Blueprint prompt,13.5,0.53
decay_setting_080,Blueprint prompt,14.5,0.5
decay_setting_080,Blueprint prompt,15.5,0.47
decay_setting_080,Blueprint prompt,16.5,0.44
decay_setting_080,Blueprint prompt,17.5,0.41
decay_setting_080,Blueprint prompt,18.5,0.38
decay_setting_080,Blueprint prompt,19.5,0.35
decay_setting_080,Blueprint prompt,20.5,0.31
decay_setting_080,Blueprint prompt,21.5,0.28
decay_setting_080,Blueprint prompt,22.5,0.26
decay_setting_080,Blueprint prompt,23.5,0.24
decay_setting_080,Blueprint prompt,24.5,0.22
decay_setting_080,Blueprint prompt,25.5,0.21
decay_setting_080,Blueprint prompt,26.5,0.2
decay_setting_080,Blueprint prompt,27.5,0.19
decay_setting_080,Blueprint prompt,28.5,0.18
decay_setting_080,Blueprint prompt,29.5,0.17
decay_setting_080,Blueprint prompt,30.5,0.15
decay_setting_080,Blueprint prompt,31.5,0.14
decay_setting_080,Blueprint prompt,32.5,0.13
decay_setting_080,Blueprint prompt,33.5,0.12
decay_setting_080,Blueprint prompt,34.5,0.11
decay_setting_080,Blueprint prompt,35.5,0.1
decay_setting_080,Blueprint prompt,36.5,0.1
decay_setting_080,Blueprint prompt,37.5,0.09
decay_setting_080,Blueprint prompt,38.5,0.09
decay_setting_080,Blueprint prompt,39.5,0.08
decay_setting_080,Blueprint prompt,40.5,0.08
decay_setting_080,Blueprint prompt,41.5,0.07
decay_setting_080,Blueprint prompt,42.5,0.07
decay_setting_080,Blueprint prompt,43.5,0.07
decay_setting_080,Blueprint prompt,44.5,0.06
decay_setting_080,Blueprint prompt,45.5,0.06
decay_setting_080,Blueprint prompt,46.5,0.06
decay_setting_080,Blueprint prompt,47.5,0.05
decay_setting_080,Blueprint prompt,48.5,0.05
decay_setting_080,Blueprint prompt,49.5,0.05
decay_setting_080,Blueprint prompt,50.5,0.05
decay_setting_080,Blueprint prompt,51.5,0.05
decay_setting_080,Blueprint prompt,52.5,0.05
decay_setting_080,Blueprint prompt,53.5,0.04
decay_setting_080,Blueprint prompt,54.5,0.04
decay_setting_080,Blueprint prompt,55.5,0.04
decay_setting_080,Blueprint prompt,56.5,0.04
decay_setting_080,Blueprint prompt,57.5,0.03
decay_setting_080,Blueprint prompt,58.5,0.03
decay_setting_080,Blueprint prompt,59.5,0.03
decay_setting_080,Blueprint prompt,60.5,0.03
decay_setting_080,Blueprint prompt,61.5,0.02
decay_setting_080,Blueprint prompt,62.5,0.02
decay_setting_080,Blueprint prompt,63.5,0.02
decay_setting_080,Blueprint prompt,64.5,0.02
decay_setting_080,Blueprint prompt,65.5,0.02
decay_setting_080,Blueprint prompt,66.5,0.02
decay_setting_080,Blueprint prompt,67.5,0.02
decay_setting_080,Blueprint prompt,68.5,0.02
decay_setting_080,Blueprint prompt,69.5,0.02
decay_setting_080,Blueprint prompt,70.5,0.02
decay_setting_080,Blueprint prompt,71.5,0.02
decay_setting_080,Blueprint prompt,72.5,0.02
decay_setting_080,Blueprint prompt,73.5,0.01
decay_setting_080,Blueprint prompt,74.5,0.01
decay_setting_080,Blueprint prompt,75.5,0.01
decay_setting_080,Blueprint prompt,76.5,0.01
decay_setting_080,Blueprint prompt,77.5,0.01
decay_setting_080,Blueprint prompt,78.5,0.01
decay_setting_080,Blueprint prompt,79.5,0.01
decay_setting_080,Blueprint prompt,80.5,0.01
decay_setting_080,Blueprint prompt,81.5,0.01
decay_setting_080,Blueprint prompt,82.5,0.01
decay_setting_080,Blueprint prompt,83.5,0.01
decay_setting_080,Blueprint prompt,84.5,0.01
decay_setting_080,Blueprint prompt,85.5,0.01
decay_setting_080,Blueprint prompt,86.5,0.01
decay_setting_080,Blueprint prompt,87.5,0.01
decay_setting_080,Blueprint prompt,88.5,0.01
decay_setting_080,Blueprint prompt,89.5,0.01
decay_setting_080,Blueprint prompt,90.5,0.01
decay_setting_080,Blueprint prompt,91.5,0.01
decay_setting_080,Blueprint prompt,92.5,0.01
decay_setting_080,Blueprint prompt,93.5,0.01
decay_setting_080,Blueprint prompt,94.5,0.01
decay_setting_080,Blueprint prompt,95.5,0.01
decay_setting_080,Blueprint prompt,96.5,0.01
decay_setting_080,Blueprint prompt,97.5,0.01
decay_setting_080,Blueprint prompt,98.5,0.01
decay_setting_080,Blueprint prompt,99.5,0.01
decay_setting_081,Blueprint prompt,0.5,0.89
decay_setting_081,Blueprint prompt,1.5,0.87
decay_setting_081,Blueprint prompt,2.5,0.84
decay_setting_081,Blueprint prompt,3.5,0.81
decay_setting_081,Blueprint prompt,4.5,0.79
decay_setting_081,Blueprint prompt,5.5,0.77
decay_setting_081,Blueprint prompt,6.5,0.74
decay_setting_081,Blueprint prompt,7.5,0.71
decay_setting_081,Blueprint prompt,8.5,0.68
decay_setting_081,Blueprint prompt,9.5,0.64
decay_setting_081,Blueprint prompt,10.5,0.61
decay_setting_081,Blueprint prompt,11.5,0.58
decay_setting_081,Blueprint prompt,12.5,0.56
decay_setting_081,Blueprint prompt,13.5,0.53
decay_setting_081,Blueprint prompt,14.5,0.51
decay_setting_081,Blueprint prompt,15.5,0.48
decay_setting_081,Blueprint prompt,16.5,0.46
decay_setting_081,Blueprint prompt,17.5,0.44
decay_setting_081,Blueprint prompt,18.5,0.42
decay_setting_081,Blueprint prompt,19.5,0.4
decay_setting_081,Blueprint prompt,20.5,0.37
decay_setting_081,Blueprint prompt,21.5,0.36
decay_setting_081,Blueprint prompt,22.5,0.34
decay_setting_081,Blueprint prompt,23.5,0.33
decay_setting_081,Blueprint prompt,24.5,0.32
decay_setting_081,Blueprint prompt,25.5,0.3
decay_setting_081,Blueprint prompt,26.5,0.29
decay_setting_081,Blueprint prompt,27.5,0.27
decay_setting_081,Blueprint prompt,28.5,0.26
decay_setting_081,Blueprint prompt,29.5,0.25
decay_setting_081,Blueprint prompt,30.5,0.24
decay_setting_081,Blueprint prompt,31.5,0.23
decay_setting_081,Blueprint prompt,32.5,0.22
decay_setting_081,Blueprint prompt,33.5,0.21
decay_setting_081,Blueprint prompt,34.5,0.2
decay_setting_081,Blueprint prompt,35.5,0.19
decay_setting_081,Blueprint prompt,36.5,0.18
decay_setting_081,Blueprint prompt,37.5,0.17
decay_setting_081,Blueprint prompt,38.5,0.15
decay_setting_081,Blueprint prompt,39.5,0.14
decay_setting_081,Blueprint prompt,40.5,0.14
decay_setting_081,Blueprint prompt,41.5,0.13
decay_setting_081,Blueprint prompt,42.5,0.12
decay_setting_081,Blueprint prompt,43.5,0.12
decay_setting_081,Blueprint prompt,44.5,0.11
decay_setting_081,Blueprint prompt,45.5,0.11
decay_setting_081,Blueprint prompt,46.5,0.1
decay_setting_081,Blueprint prompt,47.5,0.1
decay_setting_081,Blueprint prompt,48.5,0.09
decay_setting_081,Blueprint prompt,49.5,0.09
decay_setting_081,Blueprint prompt,50.5,0.08
decay_setting_081,Blueprint prompt,51.5,0.08
decay_setting_081,Blueprint prompt,52.5,0.07
decay_setting_081,Blueprint prompt,53.5,0.07
decay_setting_081,Blueprint prompt,54.5,0.07
decay_setting_081,Blueprint prompt,55.5,0.07
decay_setting_081,Blueprint prompt,56.5,0.06
decay_setting_081,Blueprint prompt,57.5,0.06
decay_setting_081,Blueprint prompt,58.5,0.06
decay_setting_081,Blueprint prompt,59.5,0.05
decay_setting_081,Blueprint prompt,60.5,0.05
decay_setting_081,Blueprint prompt,61.5,0.05
decay_setting_081,Blueprint prompt,62.5,0.05
decay_setting_081,Blueprint prompt,63.5,0.05
decay_setting_081,Blueprint prompt,64.5,0.05
decay_setting_081,Blueprint prompt,65.5,0.05
decay_setting_081,Blueprint prompt,66.5,0.04
decay_setting_081,Blueprint prompt,67.5,0.04
decay_setting_081,Blueprint prompt,68.5,0.04
decay_setting_081,Blueprint prompt,69.5,0.04
decay_setting_081,Blueprint prompt,70.5,0.04
decay_setting_081,Blueprint prompt,71.5,0.03
decay_setting_081,Blueprint prompt,72.5,0.03
decay_setting_081,Blueprint prompt,73.5,0.03
decay_setting_081,Blueprint prompt,74.5,0.03
decay_setting_081,Blueprint prompt,75.5,0.03
decay_setting_081,Blueprint prompt,76.5,0.02
decay_setting_081,Blueprint prompt,77.5,0.02
decay_setting_081,Blueprint prompt,78.5,0.02
decay_setting_081,Blueprint prompt,79.5,0.02
decay_setting_081,Blueprint prompt,80.5,0.02
decay_setting_081,Blueprint prompt,81.5,0.02
decay_setting_081,Blueprint prompt,82.5,0.02
decay_setting_081,Blueprint prompt,83.5,0.02
decay_setting_081,Blueprint prompt,84.5,0.02
decay_setting_081,Blueprint prompt,85.5,0.02
decay_setting_081,Blueprint prompt,86.5,0.02
decay_setting_081,Blueprint prompt,87.5,0.02
decay_setting_081,Blueprint prompt,88.5,0.01
decay_setting_081,Blueprint prompt,89.5,0.01
decay_setting_081,Blueprint prompt,90.5,0.01
decay_setting_081,Blueprint prompt,91.5,0.01
decay_setting_081,Blueprint prompt,92.5,0.01
decay_setting_081,Blueprint prompt,93.5,0.01
decay_setting_081,Blueprint prompt,94.5,0.01
decay_setting_081,Blueprint prompt,95.5,0.01
decay_setting_081,Blueprint prompt,96.5,0.01
decay_setting_081,Blueprint prompt,97.5,0.01
decay_setting_081,Blueprint prompt,98.5,0.01
decay_setting_081,Blueprint prompt,99.5,0.01
decay_setting_082,Baseline prompt,0.5,0.85
decay_setting_082,Baseline prompt,1.5,0.82
decay_setting_082,Baseline prompt,2.5,0.79
decay_setting_082,Baseline prompt,3.5,0.77
decay_setting_082,Baseline prompt,4.5,0.75
decay_setting_082,Baseline prompt,5.5,0.72
decay_setting_082,Baseline prompt,6.5,0.69
decay_setting_082,Baseline prompt,7.5,0.66
decay_setting_082,Baseline prompt,8.5,0.63
decay_setting_082,Baseline prompt,9.5,0.6
decay_setting_082,Baseline prompt,10.5,0.56
decay_setting_082,Baseline prompt,11.5,0.53
decay_setting_082,Baseline prompt,12.5,0.49
decay_setting_082,Baseline prompt,13.5,0.46
decay_setting_082,Baseline prompt,14.5,0.43
decay_setting_082,Baseline prompt,15.5,0.4
decay_setting_082,Baseline prompt,16.5,0.38
decay_setting_082,Baseline prompt,17.5,0.35
decay_setting_082,Baseline prompt,18.5,0.33
decay_setting_082,Baseline prompt,19.5,0.3
decay_setting_082,Baseline prompt,20.5,0.28
decay_setting_082,Baseline prompt,21.5,0.25
decay_setting_082,Baseline prompt,22.5,0.23
decay_setting_082,Baseline prompt,23.5,0.22
decay_setting_082,Baseline prompt,24.5,0.2
decay_setting_082,Baseline prompt,25.5,0.18
decay_setting_082,Baseline prompt,26.5,0.17
decay_setting_082,Baseline prompt,27.5,0.15
decay_setting_082,Baseline prompt,28.5,0.14
decay_setting_082,Baseline prompt,29.5,0.13
decay_setting_082,Baseline prompt,30.5,0.12
decay_setting_082,Baseline prompt,31.5,0.11
decay_setting_082,Baseline prompt,32.5,0.1
decay_setting_082,Baseline prompt,33.5,0.09
decay_setting_082,Baseline prompt,34.5,0.08
decay_setting_082,Baseline prompt,35.5,0.07
decay_setting_082,Baseline prompt,36.5,0.06
decay_setting_082,Baseline prompt,37.5,0.06
decay_setting_082,Baseline prompt,38.5,0.05
decay_setting_082,Baseline prompt,39.5,0.04
decay_setting_082,Baseline prompt,40.5,0.04
decay_setting_082,Baseline prompt,41.5,0.03
decay_setting_082,Baseline prompt,42.5,0.03
decay_setting_082,Baseline prompt,43.5,0.03
decay_setting_082,Baseline prompt,44.5,0.02
decay_setting_082,Baseline prompt,45.5,0.02
decay_setting_082,Baseline prompt,46.5,0.02
decay_setting_082,Baseline prompt,47.5,0.02
decay_setting_082,Baseline prompt,48.5,0.02
decay_setting_082,Baseline prompt,49.5,0.01
decay_setting_082,Baseline prompt,50.5,0.01
decay_setting_082,Baseline prompt,51.5,0.01
decay_setting_082,Baseline prompt,52.5,0.01
decay_setting_082,Baseline prompt,53.5,0.01
decay_setting_082,Baseline prompt,54.5,0.01
decay_setting_082,Baseline prompt,55.5,0.01
decay_setting_082,Baseline prompt,56.5,0.01
decay_setting_082,Baseline prompt,57.5,0.01
decay_setting_082,Baseline prompt,58.5,0.01
decay_setting_082,Baseline prompt,59.5,0.01
decay_setting_082,Baseline prompt,60.5,0.01
decay_setting_082,Baseline prompt,61.5,0.01
decay_setting_082,Baseline prompt,62.5,0.01
decay_setting_082,Baseline prompt,63.5,0.01
decay_setting_082,Baseline prompt,64.5,0.01
decay_setting_082,Baseline prompt,65.5,0.01
decay_setting_082,Baseline prompt,66.5,0.01
decay_setting_082,Baseline prompt,67.5,0.01
decay_setting_082,Baseline prompt,68.5,0.01
decay_setting_082,Baseline prompt,69.5,0.01
decay_setting_082,Baseline prompt,70.5,0.01
decay_setting_082,Baseline prompt,71.5,0.01
decay_setting_082,Baseline prompt,72.5,0.01
decay_setting_082,Baseline prompt,73.5,0.01
decay_setting_082,Baseline prompt,74.5,0.01
decay_setting_082,Baseline prompt,75.5,0.01
decay_setting_082,Baseline prompt,76.5,0.01
decay_setting_082,Baseline prompt,77.5,0.01
decay_setting_082,Baseline prompt,78.5,0.01
decay_setting_082,Baseline prompt,79.5,0.01
decay_setting_082,Baseline prompt,80.5,0.01
decay_setting_082,Baseline prompt,81.5,0.01
decay_setting_082,Baseline prompt,82.5,0.01
decay_setting_082,Baseline prompt,83.5,0.01
decay_setting_082,Baseline prompt,84.5,0.01
decay_setting_082,Baseline prompt,85.5,0.01
decay_setting_082,Baseline prompt,86.5,0.01
decay_setting_082,Baseline prompt,87.5,0.01
decay_setting_082,Baseline prompt,88.5,0.01
decay_setting_082,Baseline prompt,89.5,0.01
decay_setting_082,Baseline prompt,90.5,0.01
decay_setting_082,Baseline prompt,91.5,0.01
decay_setting_082,Baseline prompt,92.5,0.01
decay_setting_082,Baseline prompt,93.5,0.01
decay_setting_082,Baseline prompt,94.5,0.01
decay_setting_082,Baseline prompt,95.5,0.01
decay_setting_082,Baseline prompt,96.5,0.01
decay_setting_082,Baseline prompt,97.5,0.01
decay_setting_082,Baseline prompt,98.5,0.01
decay_setting_082,Baseline prompt,99.5,0.01
decay_setting_081,Baseline prompt,0.5,0.85
decay_setting_081,Baseline prompt,1.5,0.84
decay_setting_081,Baseline prompt,2.5,0.83
decay_setting_081,Baseline prompt,3.5,0.81
decay_setting_081,Baseline prompt,4.5,0.79
decay_setting_081,Baseline prompt,5.5,0.76
decay_setting_081,Baseline prompt,6.5,0.73
decay_setting_081,Baseline prompt,7.5,0.7
decay_setting_081,Baseline prompt,8.5,0.66
decay_setting_081,Baseline prompt,9.5,0.62
decay_setting_081,Baseline prompt,10.5,0.59
decay_setting_081,Baseline prompt,11.5,0.55
decay_setting_081,Baseline prompt,12.5,0.51
decay_setting_081,Baseline prompt,13.5,0.47
decay_setting_081,Baseline prompt,14.5,0.43
decay_setting_081,Baseline prompt,15.5,0.38
decay_setting_081,Baseline prompt,16.5,0.34
decay_setting_081,Baseline prompt,17.5,0.3
decay_setting_081,Baseline prompt,18.5,0.26
decay_setting_081,Baseline prompt,19.5,0.22
decay_setting_081,Baseline prompt,20.5,0.19
decay_setting_081,Baseline prompt,21.5,0.16
decay_setting_081,Baseline prompt,22.5,0.13
decay_setting_081,Baseline prompt,23.5,0.11
decay_setting_081,Baseline prompt,24.5,0.1
decay_setting_081,Baseline prompt,25.5,0.09
decay_setting_081,Baseline prompt,26.5,0.08
decay_setting_081,Baseline prompt,27.5,0.07
decay_setting_081,Baseline prompt,28.5,0.06
decay_setting_081,Baseline prompt,29.5,0.05
decay_setting_081,Baseline prompt,30.5,0.05
decay_setting_081,Baseline prompt,31.5,0.04
decay_setting_081,Baseline prompt,32.5,0.04
decay_setting_081,Baseline prompt,33.5,0.03
decay_setting_081,Baseline prompt,34.5,0.03
decay_setting_081,Baseline prompt,35.5,0.03
decay_setting_081,Baseline prompt,36.5,0.02
decay_setting_081,Baseline prompt,37.5,0.02
decay_setting_081,Baseline prompt,38.5,0.02
decay_setting_081,Baseline prompt,39.5,0.02
decay_setting_081,Baseline prompt,40.5,0.02
decay_setting_081,Baseline prompt,41.5,0.02
decay_setting_081,Baseline prompt,42.5,0.01
decay_setting_081,Baseline prompt,43.5,0.01
decay_setting_081,Baseline prompt,44.5,0.01
decay_setting_081,Baseline prompt,45.5,0.01
decay_setting_081,Baseline prompt,46.5,0.01
decay_setting_081,Baseline prompt,47.5,0.01
decay_setting_081,Baseline prompt,48.5,0.01
decay_setting_081,Baseline prompt,49.5,0.01
decay_setting_081,Baseline prompt,50.5,0.01
decay_setting_081,Baseline prompt,51.5,0.01
decay_setting_081,Baseline prompt,52.5,0.01
decay_setting_081,Baseline prompt,53.5,0.01
decay_setting_081,Baseline prompt,54.5,0.01
decay_setting_081,Baseline prompt,55.5,0.01
decay_setting_081,Baseline prompt,56.5,0.01
decay_setting_081,Baseline prompt,57.5,0.01
decay_setting_081,Baseline prompt,58.5,0.01
decay_setting_081,Baseline prompt,59.5,0.01
decay_setting_081,Baseline prompt,60.5,0.01
decay_setting_081,Baseline prompt,61.5,0.01
decay_setting_081,Baseline prompt,62.5,0.01
decay_setting_081,Baseline prompt,63.5,0.01
decay_setting_081,Baseline prompt,64.5,0.01
decay_setting_081,Baseline prompt,65.5,0.01
decay_setting_081,Baseline prompt,66.5,0.01
decay_setting_081,Baseline prompt,67.5,0.01
decay_setting_081,Baseline prompt,68.5,0.01
decay_setting_081,Baseline prompt,69.5,0.01
decay_setting_081,Baseline prompt,70.5,0.01
decay_setting_081,Baseline prompt,71.5,0.01
decay_setting_081,Baseline prompt,72.5,0.01
decay_setting_081,Baseline prompt,73.5,0.01
decay_setting_081,Baseline prompt,74.5,0.01
decay_setting_081,Baseline prompt,75.5,0.01
decay_setting_081,Baseline prompt,76.5,0.01
decay_setting_081,Baseline prompt,77.5,0.01
decay_setting_081,Baseline prompt,78.5,0.01
decay_setting_081,Baseline prompt,79.5,0.01
decay_setting_081,Baseline prompt,80.5,0.01
decay_setting_081,Baseline prompt,81.5,0.01
decay_setting_081,Baseline prompt,82.5,0.01
decay_setting_081,Baseline prompt,83.5,0.01
decay_setting_081,Baseline prompt,84.5,0.01
decay_setting_081,Baseline prompt,85.5,0.01
decay_setting_081,Baseline prompt,86.5,0.01
decay_setting_081,Baseline prompt,87.5,0.01
decay_setting_081,Baseline prompt,88.5,0.01
decay_setting_081,Baseline prompt,89.5,0.01
decay_setting_081,Baseline prompt,90.5,0.01
decay_setting_081,Baseline prompt,91.5,0.01
decay_setting_081,Baseline prompt,92.5,0.01
decay_setting_081,Baseline prompt,93.5,0.01
decay_setting_081,Baseline prompt,94.5,0.01
decay_setting_081,Baseline prompt,95.5,0.01
decay_setting_081,Baseline prompt,96.5,0.01
decay_setting_081,Baseline prompt,97.5,0.01
decay_setting_081,Baseline prompt,98.5,0.01
decay_setting_081,Baseline prompt,99.5,0.01
decay_setting_082,Blueprint prompt,0.5,0.92
decay_setting_082,Blueprint prompt,1.5,0.91
decay_setting_082,Blueprint prompt,2.5,0.89
decay_setting_082,Blueprint prompt,3.5,0.87
decay_setting_082,Blueprint prompt,4.5,0.84
decay_setting_082,Blueprint prompt,5.5,0.81
decay_setting_082,Blueprint prompt,6.5,0.78
decay_setting_082,Blueprint prompt,7.5,0.74
decay_setting_082,Blueprint prompt,8.5,0.71
decay_setting_082,Blueprint prompt,9.5,0.67
decay_setting_082,Blueprint prompt,10.5,0.63
decay_setting_082,Blueprint prompt,11.5,0.6
decay_setting_082,Blueprint prompt,12.5,0.57
decay_setting_082,Blueprint prompt,13.5,0.54
decay_setting_082,Blueprint prompt,14.5,0.5
decay_setting_082,Blueprint prompt,15.5,0.47
decay_setting_082,Blueprint prompt,16.5,0.44
decay_setting_082,Blueprint prompt,17.5,0.41
decay_setting_082,Blueprint prompt,18.5,0.38
decay_setting_082,Blueprint prompt,19.5,0.35
decay_setting_082,Blueprint prompt,20.5,0.33
decay_setting_082,Blueprint prompt,21.5,0.31
decay_setting_082,Blueprint prompt,22.5,0.29
decay_setting_082,Blueprint prompt,23.5,0.27
decay_setting_082,Blueprint prompt,24.5,0.26
decay_setting_082,Blueprint prompt,25.5,0.24
decay_setting_082,Blueprint prompt,26.5,0.22
decay_setting_082,Blueprint prompt,27.5,0.21
decay_setting_082,Blueprint prompt,28.5,0.2
decay_setting_082,Blueprint prompt,29.5,0.18
decay_setting_082,Blueprint prompt,30.5,0.17
decay_setting_082,Blueprint prompt,31.5,0.16
decay_setting_082,Blueprint prompt,32.5,0.15
decay_setting_082,Blueprint prompt,33.5,0.14
decay_setting_082,Blueprint prompt,34.5,0.13
decay_setting_082,Blueprint prompt,35.5,0.12
decay_setting_082,Blueprint prompt,36.5,0.11
decay_setting_082,Blueprint prompt,37.5,0.11
decay_setting_082,Blueprint prompt,38.5,0.1
decay_setting_082,Blueprint prompt,39.5,0.09
decay_setting_082,Blueprint prompt,40.5,0.09
decay_setting_082,Blueprint prompt,41.5,0.08
decay_setting_082,Blueprint prompt,42.5,0.08
decay_setting_082,Blueprint prompt,43.5,0.07
decay_setting_082,Blueprint prompt,44.5,0.07
decay_setting_082,Blueprint prompt,45.5,0.06
decay_setting_082,Blueprint prompt,46.5,0.06
decay_setting_082,Blueprint prompt,47.5,0.06
decay_setting_082,Blueprint prompt,48.5,0.05
decay_setting_082,Blueprint prompt,49.5,0.05
decay_setting_082,Blueprint prompt,50.5,0.05
decay_setting_082,Blueprint prompt,51.5,0.05
decay_setting_082,Blueprint prompt,52.5,0.05
decay_setting_082,Blueprint prompt,53.5,0.05
decay_setting_082,Blueprint prompt,54.5,0.04
decay_setting_082,Blueprint prompt,55.5,0.04
decay_setting_082,Blueprint prompt,56.5,0.04
decay_setting_082,Blueprint prompt,57.5,0.03
decay_setting_082,Blueprint prompt,58.5,0.03
decay_setting_082,Blueprint prompt,59.5,0.03
decay_setting_082,Blueprint prompt,60.5,0.03
decay_setting_082,Blueprint prompt,61.5,0.03
decay_setting_082,Blueprint prompt,62.5,0.02
decay_setting_082,Blueprint prompt,63.5,0.02
decay_setting_082,Blueprint prompt,64.5,0.02
decay_setting_082,Blueprint prompt,65.5,0.02
decay_setting_082,Blueprint prompt,66.5,0.02
decay_setting_082,Blueprint prompt,67.5,0.02
decay_setting_082,Blueprint prompt,68.5,0.02
decay_setting_082,Blueprint prompt,69.5,0.02
decay_setting_082,Blueprint prompt,70.5,0.02
decay_setting_082,Blueprint prompt,71.5,0.02
decay_setting_082,Blueprint prompt,72.5,0.02
decay_setting_082,Blueprint prompt,73.5,0.02
decay_setting_082,Blueprint prompt,74.5,0.01
decay_setting_082,Blueprint prompt,75.5,0.01
decay_setting_082,Blueprint prompt,76.5,0.01
decay_setting_082,Blueprint prompt,77.5,0.01
decay_setting_082,Blueprint prompt,78.5,0.01
decay_setting_082,Blueprint prompt,79.5,0.01
decay_setting_082,Blueprint prompt,80.5,0.01
decay_setting_082,Blueprint prompt,81.5,0.01
decay_setting_082,Blueprint prompt,82.5,0.01
decay_setting_082,Blueprint prompt,83.5,0.01
decay_setting_082,Blueprint prompt,84.5,0.01
decay_setting_082,Blueprint prompt,85.5,0.01
decay_setting_082,Blueprint prompt,86.5,0.01
decay_setting_082,Blueprint prompt,87.5,0.01
decay_setting_082,Blueprint prompt,88.5,0.01
decay_setting_082,Blueprint prompt,89.5,0.01
decay_setting_082,Blueprint prompt,90.5,0.01
decay_setting_082,Blueprint prompt,91.5,0.01
decay_setting_082,Blueprint prompt,92.5,0.01
decay_setting_082,Blueprint prompt,93.5,0.01
decay_setting_082,Blueprint prompt,94.5,0.01
decay_setting_082,Blueprint prompt,95.5,0.01
decay_setting_082,Blueprint prompt,96.5,0.01
decay_setting_082,Blueprint prompt,97.5,0.01
decay_setting_082,Blueprint prompt,98.5,0.01
decay_setting_082,Blueprint prompt,99.5,0.01
decay_setting_084,Baseline prompt,0.5,0.65
decay_setting_084,Baseline prompt,1.5,0.62
decay_setting_084,Baseline prompt,2.5,0.58
decay_setting_084,Baseline prompt,3.5,0.53
decay_setting_084,Baseline prompt,4.5,0.5
decay_setting_084,Baseline prompt,5.5,0.47
decay_setting_084,Baseline prompt,6.5,0.42
decay_setting_084,Baseline prompt,7.5,0.4
decay_setting_084,Baseline prompt,8.5,0.37
decay_setting_084,Baseline prompt,9.5,0.35
decay_setting_084,Baseline prompt,10.5,0.33
decay_setting_084,Baseline prompt,11.5,0.3
decay_setting_084,Baseline prompt,12.5,0.28
decay_setting_084,Baseline prompt,13.5,0.25
decay_setting_084,Baseline prompt,14.5,0.23
decay_setting_084,Baseline prompt,15.5,0.22
decay_setting_084,Baseline prompt,16.5,0.2
decay_setting_084,Baseline prompt,17.5,0.18
decay_setting_084,Baseline prompt,18.5,0.16
decay_setting_084,Baseline prompt,19.5,0.15
decay_setting_084,Baseline prompt,20.5,0.13
decay_setting_084,Baseline prompt,21.5,0.12
decay_setting_084,Baseline prompt,22.5,0.11
decay_setting_084,Baseline prompt,23.5,0.1
decay_setting_084,Baseline prompt,24.5,0.09
decay_setting_084,Baseline prompt,25.5,0.09
decay_setting_084,Baseline prompt,26.5,0.08
decay_setting_084,Baseline prompt,27.5,0.07
decay_setting_084,Baseline prompt,28.5,0.07
decay_setting_084,Baseline prompt,29.5,0.06
decay_setting_084,Baseline prompt,30.5,0.05
decay_setting_084,Baseline prompt,31.5,0.05
decay_setting_084,Baseline prompt,32.5,0.05
decay_setting_084,Baseline prompt,33.5,0.04
decay_setting_084,Baseline prompt,34.5,0.04
decay_setting_084,Baseline prompt,35.5,0.04
decay_setting_084,Baseline prompt,36.5,0.03
decay_setting_084,Baseline prompt,37.5,0.03
decay_setting_084,Baseline prompt,38.5,0.03
decay_setting_084,Baseline prompt,39.5,0.02
decay_setting_084,Baseline prompt,40.5,0.02
decay_setting_084,Baseline prompt,41.5,0.02
decay_setting_084,Baseline prompt,42.5,0.02
decay_setting_084,Baseline prompt,43.5,0.02
decay_setting_084,Baseline prompt,44.5,0.02
decay_setting_084,Baseline prompt,45.5,0.02
decay_setting_084,Baseline prompt,46.5,0.01
decay_setting_084,Baseline prompt,47.5,0.01
decay_setting_084,Baseline prompt,48.5,0.01
decay_setting_084,Baseline prompt,49.5,0.01
decay_setting_084,Baseline prompt,50.5,0.01
decay_setting_084,Baseline prompt,51.5,0.01
decay_setting_084,Baseline prompt,52.5,0.01
decay_setting_084,Baseline prompt,53.5,0.01
decay_setting_084,Baseline prompt,54.5,0.01
decay_setting_084,Baseline prompt,55.5,0.01
decay_setting_084,Baseline prompt,56.5,0.01
decay_setting_084,Baseline prompt,57.5,0.01
decay_setting_084,Baseline prompt,58.5,0.01
decay_setting_084,Baseline prompt,59.5,0.01
decay_setting_084,Baseline prompt,60.5,0.01
decay_setting_084,Baseline prompt,61.5,0.01
decay_setting_084,Baseline prompt,62.5,0.01
decay_setting_084,Baseline prompt,63.5,0.01
decay_setting_084,Baseline prompt,64.5,0.01
decay_setting_084,Baseline prompt,65.5,0.01
decay_setting_084,Baseline prompt,66.5,0.01
decay_setting_084,Baseline prompt,67.5,0.01
decay_setting_084,Baseline prompt,68.5,0.01
decay_setting_084,Baseline prompt,69.5,0.01
decay_setting_084,Baseline prompt,70.5,0.01
decay_setting_084,Baseline prompt,71.5,0.01
decay_setting_084,Baseline prompt,72.5,0.01
decay_setting_084,Baseline prompt,73.5,0.01
decay_setting_084,Baseline prompt,74.5,0.01
decay_setting_084,Baseline prompt,75.5,0.01
decay_setting_084,Baseline prompt,76.5,0.01
decay_setting_084,Baseline prompt,77.5,0.01
decay_setting_084,Baseline prompt,78.5,0.01
decay_setting_084,Baseline prompt,79.5,0.01
decay_setting_084,Baseline prompt,80.5,0.01
decay_setting_084,Baseline prompt,81.5,0.01
decay_setting_084,Baseline prompt,82.5,0.01
decay_setting_084,Baseline prompt,83.5,0.01
decay_setting_084,Baseline prompt,84.5,0.01
decay_setting_084,Baseline prompt,85.5,0.01
decay_setting_084,Baseline prompt,86.5,0.01
decay_setting_084,Baseline prompt,87.5,0.01
decay_setting_084,Baseline prompt,88.5,0.01
decay_setting_084,Baseline prompt,89.5,0.01
decay_setting_084,Baseline prompt,90.5,0.01
decay_setting_084,Baseline prompt,91.5,0.01
decay_setting_084,Baseline prompt,92.5,0.01
decay_setting_084,Baseline prompt,93.5,0.01
decay_setting_084,Baseline prompt,94.5,0.01
decay_setting_084,Baseline prompt,95.5,0.01
decay_setting_084,Baseline prompt,96.5,0.01
decay_setting_084,Baseline prompt,97.5,0.01
decay_setting_084,Baseline prompt,98.5,0.01
decay_setting_084,Baseline prompt,99.5,0.01
decay_setting_084,Blueprint prompt,0.5,0.91
decay_setting_084,Blueprint prompt,1.5,0.89
decay_setting_084,Blueprint prompt,2.5,0.88
decay_setting_084,Blueprint prompt,3.5,0.86
decay_setting_084,Blueprint prompt,4.5,0.85
decay_setting_084,Blueprint prompt,5.5,0.83
decay_setting_084,Blueprint prompt,6.5,0.8
decay_setting_084,Blueprint prompt,7.5,0.77
decay_setting_084,Blueprint prompt,8.5,0.75
decay_setting_084,Blueprint prompt,9.5,0.73
decay_setting_084,Blueprint prompt,10.5,0.71
decay_setting_084,Blueprint prompt,11.5,0.69
decay_setting_084,Blueprint prompt,12.5,0.67
decay_setting_084,Blueprint prompt,13.5,0.65
decay_setting_084,Blueprint prompt,14.5,0.63
decay_setting_084,Blueprint prompt,15.5,0.6
decay_setting_084,Blueprint prompt,16.5,0.58
decay_setting_084,Blueprint prompt,17.5,0.56
decay_setting_084,Blueprint prompt,18.5,0.54
decay_setting_084,Blueprint prompt,19.5,0.52
decay_setting_084,Blueprint prompt,20.5,0.5
decay_setting_084,Blueprint prompt,21.5,0.48
decay_setting_084,Blueprint prompt,22.5,0.46
decay_setting_084,Blueprint prompt,23.5,0.44
decay_setting_084,Blueprint prompt,24.5,0.42
decay_setting_084,Blueprint prompt,25.5,0.4
decay_setting_084,Blueprint prompt,26.5,0.38
decay_setting_084,Blueprint prompt,27.5,0.36
decay_setting_084,Blueprint prompt,28.5,0.34
decay_setting_084,Blueprint prompt,29.5,0.32
decay_setting_084,Blueprint prompt,30.5,0.3
decay_setting_084,Blueprint prompt,31.5,0.28
decay_setting_084,Blueprint prompt,32.5,0.27
decay_setting_084,Blueprint prompt,33.5,0.26
decay_setting_084,Blueprint prompt,34.5,0.25
decay_setting_084,Blueprint prompt,35.5,0.24
decay_setting_084,Blueprint prompt,36.5,0.23
decay_setting_084,Blueprint prompt,37.5,0.23
decay_setting_084,Blueprint prompt,38.5,0.22
decay_setting_084,Blueprint prompt,39.5,0.22
decay_setting_084,Blueprint prompt,40.5,0.21
decay_setting_084,Blueprint prompt,41.5,0.21
decay_setting_084,Blueprint prompt,42.5,0.2
decay_setting_084,Blueprint prompt,43.5,0.2
decay_setting_084,Blueprint prompt,44.5,0.19
decay_setting_084,Blueprint prompt,45.5,0.18
decay_setting_084,Blueprint prompt,46.5,0.17
decay_setting_084,Blueprint prompt,47.5,0.16
decay_setting_084,Blueprint prompt,48.5,0.15
decay_setting_084,Blueprint prompt,49.5,0.14
decay_setting_084,Blueprint prompt,50.5,0.13
decay_setting_084,Blueprint prompt,51.5,0.13
decay_setting_084,Blueprint prompt,52.5,0.12
decay_setting_084,Blueprint prompt,53.5,0.12
decay_setting_084,Blueprint prompt,54.5,0.11
decay_setting_084,Blueprint prompt,55.5,0.11
decay_setting_084,Blueprint prompt,56.5,0.1
decay_setting_084,Blueprint prompt,57.5,0.1
decay_setting_084,Blueprint prompt,58.5,0.09
decay_setting_084,Blueprint prompt,59.5,0.08
decay_setting_084,Blueprint prompt,60.5,0.08
decay_setting_084,Blueprint prompt,61.5,0.07
decay_setting_084,Blueprint prompt,62.5,0.07
decay_setting_084,Blueprint prompt,63.5,0.06
decay_setting_084,Blueprint prompt,64.5,0.06
decay_setting_084,Blueprint prompt,65.5,0.05
decay_setting_084,Blueprint prompt,66.5,0.05
decay_setting_084,Blueprint prompt,67.5,0.05
decay_setting_084,Blueprint prompt,68.5,0.05
decay_setting_084,Blueprint prompt,69.5,0.04
decay_setting_084,Blueprint prompt,70.5,0.04
decay_setting_084,Blueprint prompt,71.5,0.03
decay_setting_084,Blueprint prompt,72.5,0.03
decay_setting_084,Blueprint prompt,73.5,0.03
decay_setting_084,Blueprint prompt,74.5,0.03
decay_setting_084,Blueprint prompt,75.5,0.03
decay_setting_084,Blueprint prompt,76.5,0.03
decay_setting_084,Blueprint prompt,77.5,0.02
decay_setting_084,Blueprint prompt,78.5,0.02
decay_setting_084,Blueprint prompt,79.5,0.02
decay_setting_084,Blueprint prompt,80.5,0.02
decay_setting_084,Blueprint prompt,81.5,0.02
decay_setting_084,Blueprint prompt,82.5,0.02
decay_setting_084,Blueprint prompt,83.5,0.01
decay_setting_084,Blueprint prompt,84.5,0.01
decay_setting_084,Blueprint prompt,85.5,0.01
decay_setting_084,Blueprint prompt,86.5,0.01
decay_setting_084,Blueprint prompt,87.5,0.01
decay_setting_084,Blueprint prompt,88.5,0.01
decay_setting_084,Blueprint prompt,89.5,0.01
decay_setting_084,Blueprint prompt,90.5,0.01
decay_setting_084,Blueprint prompt,91.5,0.01
decay_setting_084,Blueprint prompt,92.5,0.01
decay_setting_084,Blueprint prompt,93.5,0.01
decay_setting_084,Blueprint prompt,94.5,0.01
decay_setting_084,Blueprint prompt,95.5,0.0
decay_setting_084,Blueprint prompt,96.5,0.0
decay_setting_084,Blueprint prompt,97.5,0.0
decay_setting_084,Blueprint prompt,98.5,0.0
decay_setting_084,Blueprint prompt,99.5,0.0
decay_setting_083,Blueprint prompt,0.5,0.92
decay_setting_083,Blueprint prompt,1.5,0.9
decay_setting_083,Blueprint prompt,2.5,0.88
decay_setting_083,Blueprint prompt,3.5,0.86
decay_setting_083,Blueprint prompt,4.5,0.84
decay_setting_083,Blueprint prompt,5.5,0.82
decay_setting_083,Blueprint prompt,6.5,0.8
decay_setting_083,Blueprint prompt,7.5,0.78
decay_setting_083,Blueprint prompt,8.5,0.76
decay_setting_083,Blueprint prompt,9.5,0.74
decay_setting_083,Blueprint prompt,10.5,0.72
decay_setting_083,Blueprint prompt,11.5,0.71
decay_setting_083,Blueprint prompt,12.5,0.69
decay_setting_083,Blueprint prompt,13.5,0.68
decay_setting_083,Blueprint prompt,14.5,0.66
decay_setting_083,Blueprint prompt,15.5,0.65
decay_setting_083,Blueprint prompt,16.5,0.63
decay_setting_083,Blueprint prompt,17.5,0.62
decay_setting_083,Blueprint prompt,18.5,0.6
decay_setting_083,Blueprint prompt,19.5,0.59
decay_setting_083,Blueprint prompt,20.5,0.57
decay_setting_083,Blueprint prompt,21.5,0.55
decay_setting_083,Blueprint prompt,22.5,0.53
decay_setting_083,Blueprint prompt,23.5,0.52
decay_setting_083,Blueprint prompt,24.5,0.5
decay_setting_083,Blueprint prompt,25.5,0.48
decay_setting_083,Blueprint prompt,26.5,0.47
decay_setting_083,Blueprint prompt,27.5,0.45
decay_setting_083,Blueprint prompt,28.5,0.44
decay_setting_083,Blueprint prompt,29.5,0.42
decay_setting_083,Blueprint prompt,30.5,0.41
decay_setting_083,Blueprint prompt,31.5,0.4
decay_setting_083,Blueprint prompt,32.5,0.38
decay_setting_083,Blueprint prompt,33.5,0.37
decay_setting_083,Blueprint prompt,34.5,0.36
decay_setting_083,Blueprint prompt,35.5,0.35
decay_setting_083,Blueprint prompt,36.5,0.34
decay_setting_083,Blueprint prompt,37.5,0.32
decay_setting_083,Blueprint prompt,38.5,0.31
decay_setting_083,Blueprint prompt,39.5,0.3
decay_setting_083,Blueprint prompt,40.5,0.29
decay_setting_083,Blueprint prompt,41.5,0.28
decay_setting_083,Blueprint prompt,42.5,0.27
decay_setting_083,Blueprint prompt,43.5,0.26
decay_setting_083,Blueprint prompt,44.5,0.25
decay_setting_083,Blueprint prompt,45.5,0.24
decay_setting_083,Blueprint prompt,46.5,0.23
decay_setting_083,Blueprint prompt,47.5,0.22
decay_setting_083,Blueprint prompt,48.5,0.21
decay_setting_083,Blueprint prompt,49.5,0.2
decay_setting_083,Blueprint prompt,50.5,0.19
decay_setting_083,Blueprint prompt,51.5,0.18
decay_setting_083,Blueprint prompt,52.5,0.17
decay_setting_083,Blueprint prompt,53.5,0.16
decay_setting_083,Blueprint prompt,54.5,0.15
decay_setting_083,Blueprint prompt,55.5,0.14
decay_setting_083,Blueprint prompt,56.5,0.13
decay_setting_083,Blueprint prompt,57.5,0.12
decay_setting_083,Blueprint prompt,58.5,0.11
decay_setting_083,Blueprint prompt,59.5,0.1
decay_setting_083,Blueprint prompt,60.5,0.09
decay_setting_083,Blueprint prompt,61.5,0.08
decay_setting_083,Blueprint prompt,62.5,0.07
decay_setting_083,Blueprint prompt,63.5,0.06
decay_setting_083,Blueprint prompt,64.5,0.05
decay_setting_083,Blueprint prompt,65.5,0.04
decay_setting_083,Blueprint prompt,66.5,0.03
decay_setting_083,Blueprint prompt,67.5,0.03
decay_setting_083,Blueprint prompt,68.5,0.02
decay_setting_083,Blueprint prompt,69.5,0.02
decay_setting_083,Blueprint prompt,70.5,0.01
decay_setting_083,Blueprint prompt,71.5,0.01
decay_setting_083,Blueprint prompt,72.5,0.01
decay_setting_083,Blueprint prompt,73.5,0.01
decay_setting_083,Blueprint prompt,74.5,0.01
decay_setting_083,Blueprint prompt,75.5,0.01
decay_setting_083,Blueprint prompt,76.5,0.01
decay_setting_083,Blueprint prompt,77.5,0.01
decay_setting_083,Blueprint prompt,78.5,0.01
decay_setting_083,Blueprint prompt,79.5,0.01
decay_setting_083,Blueprint prompt,80.5,0.01
decay_setting_083,Blueprint prompt,81.5,0.01
decay_setting_083,Blueprint prompt,82.5,0.01
decay_setting_083,Blueprint prompt,83.5,0.01
decay_setting_083,Blueprint prompt,84.5,0.01
decay_setting_083,Blueprint prompt,85.5,0.01
decay_setting_083,Blueprint prompt,86.5,0.01
decay_setting_083,Blueprint prompt,87.5,0.01
decay_setting_083,Blueprint prompt,88.5,0.01
decay_setting_083,Blueprint prompt,89.5,0.01
decay_setting_083,Blueprint prompt,90.5,0.01
decay_setting_083,Blueprint prompt,91.5,0.01
decay_setting_083,Blueprint prompt,92.5,0.01
decay_setting_083,Blueprint prompt,93.5,0.01
decay_setting_083,Blueprint prompt,94.5,0.01
decay_setting_083,Blueprint prompt,95.5,0.01
decay_setting_083,Blueprint prompt,96.5,0.01
decay_setting_083,Blueprint prompt,97.5,0.01
decay_setting_083,Blueprint prompt,98.5,0.01
decay_setting_083,Blueprint prompt,99.5,0.01
decay_setting_083,Baseline prompt,0.5,0.85
decay_setting_083,Baseline prompt,1.5,0.82
decay_setting_083,Baseline prompt,2.5,0.78
decay_setting_083,Baseline prompt,3.5,0.75
decay_setting_083,Baseline prompt,4.5,0.72
decay_setting_083,Baseline prompt,5.5,0.69
decay_setting_083,Baseline prompt,6.5,0.66
decay_setting_083,Baseline prompt,7.5,0.63
decay_setting_083,Baseline prompt,8.5,0.6
decay_setting_083,Baseline prompt,9.5,0.58
decay_setting_083,Baseline prompt,10.5,0.55
decay_setting_083,Baseline prompt,11.5,0.52
decay_setting_083,Baseline prompt,12.5,0.49
decay_setting_083,Baseline prompt,13.5,0.47
decay_setting_083,Baseline prompt,14.5,0.45
decay_setting_083,Baseline prompt,15.5,0.43
decay_setting_083,Baseline prompt,16.5,0.41
decay_setting_083,Baseline prompt,17.5,0.39
decay_setting_083,Baseline prompt,18.5,0.37
decay_setting_083,Baseline prompt,19.5,0.35
decay_setting_083,Baseline prompt,20.5,0.33
decay_setting_083,Baseline prompt,21.5,0.32
decay_setting_083,Baseline prompt,22.5,0.31
decay_setting_083,Baseline prompt,23.5,0.3
decay_setting_083,Baseline prompt,24.5,0.29
decay_setting_083,Baseline prompt,25.5,0.28
decay_setting_083,Baseline prompt,26.5,0.27
decay_setting_083,Baseline prompt,27.5,0.26
decay_setting_083,Baseline prompt,28.5,0.25
decay_setting_083,Baseline prompt,29.5,0.24
decay_setting_083,Baseline prompt,30.5,0.23
decay_setting_083,Baseline prompt,31.5,0.22
decay_setting_083,Baseline prompt,32.5,0.21
decay_setting_083,Baseline prompt,33.5,0.2
decay_setting_083,Baseline prompt,34.5,0.19
decay_setting_083,Baseline prompt,35.5,0.18
decay_setting_083,Baseline prompt,36.5,0.17
decay_setting_083,Baseline prompt,37.5,0.16
decay_setting_083,Baseline prompt,38.5,0.15
decay_setting_083,Baseline prompt,39.5,0.14
decay_setting_083,Baseline prompt,40.5,0.13
decay_setting_083,Baseline prompt,41.5,0.12
decay_setting_083,Baseline prompt,42.5,0.11
decay_setting_083,Baseline prompt,43.5,0.1
decay_setting_083,Baseline prompt,44.5,0.09
decay_setting_083,Baseline prompt,45.5,0.09
decay_setting_083,Baseline prompt,46.5,0.08
decay_setting_083,Baseline prompt,47.5,0.08
decay_setting_083,Baseline prompt,48.5,0.07
decay_setting_083,Baseline prompt,49.5,0.07
decay_setting_083,Baseline prompt,50.5,0.06
decay_setting_083,Baseline prompt,51.5,0.06
decay_setting_083,Baseline prompt,52.5,0.05
decay_setting_083,Baseline prompt,53.5,0.05
decay_setting_083,Baseline prompt,54.5,0.05
decay_setting_083,Baseline prompt,55.5,0.04
decay_setting_083,Baseline prompt,56.5,0.04
decay_setting_083,Baseline prompt,57.5,0.03
decay_setting_083,Baseline prompt,58.5,0.03
decay_setting_083,Baseline prompt,59.5,0.03
decay_setting_083,Baseline prompt,60.5,0.03
decay_setting_083,Baseline prompt,61.5,0.02
decay_setting_083,Baseline prompt,62.5,0.02
decay_setting_083,Baseline prompt,63.5,0.02
decay_setting_083,Baseline prompt,64.5,0.02
decay_setting_083,Baseline prompt,65.5,0.02
decay_setting_083,Baseline prompt,66.5,0.02
decay_setting_083,Baseline prompt,67.5,0.01
decay_setting_083,Baseline prompt,68.5,0.01
decay_setting_083,Baseline prompt,69.5,0.01
decay_setting_083,Baseline prompt,70.5,0.01
decay_setting_083,Baseline prompt,71.5,0.01
decay_setting_083,Baseline prompt,72.5,0.01
decay_setting_083,Baseline prompt,73.5,0.01
decay_setting_083,Baseline prompt,74.5,0.01
decay_setting_083,Baseline prompt,75.5,0.01
decay_setting_083,Baseline prompt,76.5,0.01
decay_setting_083,Baseline prompt,77.5,0.01
decay_setting_083,Baseline prompt,78.5,0.01
decay_setting_083,Baseline prompt,79.5,0.01
decay_setting_083,Baseline prompt,80.5,0.01
decay_setting_083,Baseline prompt,81.5,0.01
decay_setting_083,Baseline prompt,82.5,0.01
decay_setting_083,Baseline prompt,83.5,0.01
decay_setting_083,Baseline prompt,84.5,0.01
decay_setting_083,Baseline prompt,85.5,0.01
decay_setting_083,Baseline prompt,86.5,0.01
decay_setting_083,Baseline prompt,87.5,0.01
decay_setting_083,Baseline prompt,88.5,0.01
decay_setting_083,Baseline prompt,89.5,0.01
decay_setting_083,Baseline prompt,90.5,0.01
decay_setting_083,Baseline prompt,91.5,0.01
decay_setting_083,Baseline prompt,92.5,0.01
decay_setting_083,Baseline prompt,93.5,0.01
decay_setting_083,Baseline prompt,94.5,0.01
decay_setting_083,Baseline prompt,95.5,0.01
decay_setting_083,Baseline prompt,96.5,0.01
decay_setting_083,Baseline prompt,97.5,0.01
decay_setting_083,Baseline prompt,98.5,0.01
decay_setting_083,Baseline prompt,99.5,0.01
decay_setting_085,Blueprint prompt,0.5,0.9
decay_setting_085,Blueprint prompt,1.5,0.87
decay_setting_085,Blueprint prompt,2.5,0.82
decay_setting_085,Blueprint prompt,3.5,0.79
decay_setting_085,Blueprint prompt,4.5,0.76
decay_setting_085,Blueprint prompt,5.5,0.72
decay_setting_085,Blueprint prompt,6.5,0.69
decay_setting_085,Blueprint prompt,7.5,0.67
decay_setting_085,Blueprint prompt,8.5,0.64
decay_setting_085,Blueprint prompt,9.5,0.61
decay_setting_085,Blueprint prompt,10.5,0.59
decay_setting_085,Blueprint prompt,11.5,0.56
decay_setting_085,Blueprint prompt,12.5,0.54
decay_setting_085,Blueprint prompt,13.5,0.52
decay_setting_085,Blueprint prompt,14.5,0.5
decay_setting_085,Blueprint prompt,15.5,0.47
decay_setting_085,Blueprint prompt,16.5,0.45
decay_setting_085,Blueprint prompt,17.5,0.42
decay_setting_085,Blueprint prompt,18.5,0.41
decay_setting_085,Blueprint prompt,19.5,0.39
decay_setting_085,Blueprint prompt,20.5,0.37
decay_setting_085,Blueprint prompt,21.5,0.35
decay_setting_085,Blueprint prompt,22.5,0.34
decay_setting_085,Blueprint prompt,23.5,0.32
decay_setting_085,Blueprint prompt,24.5,0.3
decay_setting_085,Blueprint prompt,25.5,0.29
decay_setting_085,Blueprint prompt,26.5,0.27
decay_setting_085,Blueprint prompt,27.5,0.26
decay_setting_085,Blueprint prompt,28.5,0.24
decay_setting_085,Blueprint prompt,29.5,0.23
decay_setting_085,Blueprint prompt,30.5,0.22
decay_setting_085,Blueprint prompt,31.5,0.21
decay_setting_085,Blueprint prompt,32.5,0.19
decay_setting_085,Blueprint prompt,33.5,0.18
decay_setting_085,Blueprint prompt,34.5,0.16
decay_setting_085,Blueprint prompt,35.5,0.15
decay_setting_085,Blueprint prompt,36.5,0.14
decay_setting_085,Blueprint prompt,37.5,0.13
decay_setting_085,Blueprint prompt,38.5,0.12
decay_setting_085,Blueprint prompt,39.5,0.11
decay_setting_085,Blueprint prompt,40.5,0.1
decay_setting_085,Blueprint prompt,41.5,0.09
decay_setting_085,Blueprint prompt,42.5,0.08
decay_setting_085,Blueprint prompt,43.5,0.07
decay_setting_085,Blueprint prompt,44.5,0.07
decay_setting_085,Blueprint prompt,45.5,0.06
decay_setting_085,Blueprint prompt,46.5,0.06
decay_setting_085,Blueprint prompt,47.5,0.05
decay_setting_085,Blueprint prompt,48.5,0.05
decay_setting_085,Blueprint prompt,49.5,0.04
decay_setting_085,Blueprint prompt,50.5,0.04
decay_setting_085,Blueprint prompt,51.5,0.03
decay_setting_085,Blueprint prompt,52.5,0.03
decay_setting_085,Blueprint prompt,53.5,0.02
decay_setting_085,Blueprint prompt,54.5,0.02
decay_setting_085,Blueprint prompt,55.5,0.02
decay_setting_085,Blueprint prompt,56.5,0.02
decay_setting_085,Blueprint prompt,57.5,0.01
decay_setting_085,Blueprint prompt,58.5,0.01
decay_setting_085,Blueprint prompt,59.5,0.01
decay_setting_085,Blueprint prompt,60.5,0.01
decay_setting_085,Blueprint prompt,61.5,0.01
decay_setting_085,Blueprint prompt,62.5,0.01
decay_setting_085,Blueprint prompt,63.5,0.01
decay_setting_085,Blueprint prompt,64.5,0.01
decay_setting_085,Blueprint prompt,65.5,0.02
decay_setting_085,Blueprint prompt,66.5,0.02
decay_setting_085,Blueprint prompt,67.5,0.02
decay_setting_085,Blueprint prompt,68.5,0.02
decay_setting_085,Blueprint prompt,69.5,0.03
decay_setting_085,Blueprint prompt,70.5,0.03
decay_setting_085,Blueprint prompt,71.5,0.03
decay_setting_085,Blueprint prompt,72.5,0.04
decay_setting_085,Blueprint prompt,73.5,0.04
decay_setting_085,Blueprint prompt,74.5,0.04
decay_setting_085,Blueprint prompt,75.5,0.05
decay_setting_085,Blueprint prompt,76.5,0.05
decay_setting_085,Blueprint prompt,77.5,0.05
decay_setting_085,Blueprint prompt,78.5,0.06
decay_setting_085,Blueprint prompt,79.5,0.06
decay_setting_085,Blueprint prompt,80.5,0.06
decay_setting_085,Blueprint prompt,81.5,0.07
decay_setting_085,Blueprint prompt,82.5,0.07
decay_setting_085,Blueprint prompt,83.5,0.07
decay_setting_085,Blueprint prompt,84.5,0.08
decay_setting_085,Blueprint prompt,85.5,0.08
decay_setting_085,Blueprint prompt,86.5,0.08
decay_setting_085,Blueprint prompt,87.5,0.09
decay_setting_085,Blueprint prompt,88.5,0.09
decay_setting_085,Blueprint prompt,89.5,0.09
decay_setting_085,Blueprint prompt,90.5,0.1
decay_setting_085,Blueprint prompt,91.5,0.1
decay_setting_085,Blueprint prompt,92.5,0.1
decay_setting_085,Blueprint prompt,93.5,0.11
decay_setting_085,Blueprint prompt,94.5,0.11
decay_setting_085,Blueprint prompt,95.5,0.11
decay_setting_085,Blueprint prompt,96.5,0.12
decay_setting_085,Blueprint prompt,97.5,0.12
decay_setting_085,Blueprint prompt,98.5,0.12
decay_setting_085,Blueprint prompt,99.5,0.12
decay_setting_085,Baseline prompt,0.5,0.65
decay_setting_085,Baseline prompt,1.5,0.63
decay_setting_085,Baseline prompt,2.5,0.6
decay_setting_085,Baseline prompt,3.5,0.58
decay_setting_085,Baseline prompt,4.5,0.55
decay_setting_085,Baseline prompt,5.5,0.52
decay_setting_085,Baseline prompt,6.5,0.5
decay_setting_085,Baseline prompt,7.5,0.47
decay_setting_085,Baseline prompt,8.5,0.45
decay_setting_085,Baseline prompt,9.5,0.42
decay_setting_085,Baseline prompt,10.5,0.4
decay_setting_085,Baseline prompt,11.5,0.37
decay_setting_085,Baseline prompt,12.5,0.35
decay_setting_085,Baseline prompt,13.5,0.33
decay_setting_085,Baseline prompt,14.5,0.3
decay_setting_085,Baseline prompt,15.5,0.28
decay_setting_085,Baseline prompt,16.5,0.26
decay_setting_085,Baseline prompt,17.5,0.24
decay_setting_085,Baseline prompt,18.5,0.22
decay_setting_085,Baseline prompt,19.5,0.2
decay_setting_085,Baseline prompt,20.5,0.18
decay_setting_085,Baseline prompt,21.5,0.16
decay_setting_085,Baseline prompt,22.5,0.14
decay_setting_085,Baseline prompt,23.5,0.13
decay_setting_085,Baseline prompt,24.5,0.12
decay_setting_085,Baseline prompt,25.5,0.11
decay_setting_085,Baseline prompt,26.5,0.1
decay_setting_085,Baseline prompt,27.5,0.1
decay_setting_085,Baseline prompt,28.5,0.09
decay_setting_085,Baseline prompt,29.5,0.08
decay_setting_085,Baseline prompt,30.5,0.07
decay_setting_085,Baseline prompt,31.5,0.07
decay_setting_085,Baseline prompt,32.5,0.06
decay_setting_085,Baseline prompt,33.5,0.06
decay_setting_085,Baseline prompt,34.5,0.05
decay_setting_085,Baseline prompt,35.5,0.05
decay_setting_085,Baseline prompt,36.5,0.04
decay_setting_085,Baseline prompt,37.5,0.04
decay_setting_085,Baseline prompt,38.5,0.03
decay_setting_085,Baseline prompt,39.5,0.03
decay_setting_085,Baseline prompt,40.5,0.03
decay_setting_085,Baseline prompt,41.5,0.02
decay_setting_085,Baseline prompt,42.5,0.02
decay_setting_085,Baseline prompt,43.5,0.02
decay_setting_085,Baseline prompt,44.5,0.02
decay_setting_085,Baseline prompt,45.5,0.01
decay_setting_085,Baseline prompt,46.5,0.01
decay_setting_085,Baseline prompt,47.5,0.01
decay_setting_085,Baseline prompt,48.5,0.01
decay_setting_085,Baseline prompt,49.5,0.01
decay_setting_085,Baseline prompt,50.5,0.01
decay_setting_085,Baseline prompt,51.5,0.01
decay_setting_085,Baseline prompt,52.5,0.01
decay_setting_085,Baseline prompt,53.5,0.01
decay_setting_085,Baseline prompt,54.5,0.01
decay_setting_085,Baseline prompt,55.5,0.01
decay_setting_085,Baseline prompt,56.5,0.01
decay_setting_085,Baseline prompt,57.5,0.01
decay_setting_085,Baseline prompt,58.5,0.01
decay_setting_085,Baseline prompt,59.5,0.01
decay_setting_085,Baseline prompt,60.5,0.01
decay_setting_085,Baseline prompt,61.5,0.01
decay_setting_085,Baseline prompt,62.5,0.01
decay_setting_085,Baseline prompt,63.5,0.01
decay_setting_085,Baseline prompt,64.5,0.01
decay_setting_085,Baseline prompt,65.5,0.01
decay_setting_085,Baseline prompt,66.5,0.01
decay_setting_085,Baseline prompt,67.5,0.01
decay_setting_085,Baseline prompt,68.5,0.01
decay_setting_085,Baseline prompt,69.5,0.01
decay_setting_085,Baseline prompt,70.5,0.01
decay_setting_085,Baseline prompt,71.5,0.01
decay_setting_085,Baseline prompt,72.5,0.01
decay_setting_085,Baseline prompt,73.5,0.01
decay_setting_085,Baseline prompt,74.5,0.01
decay_setting_085,Baseline prompt,75.5,0.01
decay_setting_085,Baseline prompt,76.5,0.01
decay_setting_085,Baseline prompt,77.5,0.01
decay_setting_085,Baseline prompt,78.5,0.01
decay_setting_085,Baseline prompt,79.5,0.01
decay_setting_085,Baseline prompt,80.5,0.01
decay_setting_085,Baseline prompt,81.5,0.01
decay_setting_085,Baseline prompt,82.5,0.01
decay_setting_085,Baseline prompt,83.5,0.01
decay_setting_085,Baseline prompt,84.5,0.01
decay_setting_085,Baseline prompt,85.5,0.01
decay_setting_085,Baseline prompt,86.5,0.01
decay_setting_085,Baseline prompt,87.5,0.01
decay_setting_085,Baseline prompt,88.5,0.01
decay_setting_085,Baseline prompt,89.5,0.01
decay_setting_085,Baseline prompt,90.5,0.01
decay_setting_085,Baseline prompt,91.5,0.01
decay_setting_085,Baseline prompt,92.5,0.01
decay_setting_085,Baseline prompt,93.5,0.01
decay_setting_085,Baseline prompt,94.5,0.01
decay_setting_085,Baseline prompt,95.5,0.01
decay_setting_085,Baseline prompt,96.5,0.01
decay_setting_085,Baseline prompt,97.5,0.01
decay_setting_085,Baseline prompt,98.5,0.01
decay_setting_085,Baseline prompt,99.5,0.01
decay_setting_086,Baseline prompt,0.5,0.75
decay_setting_086,Baseline prompt,1.5,0.72
decay_setting_086,Baseline prompt,2.5,0.7
decay_setting_086,Baseline prompt,3.5,0.68
decay_setting_086,Baseline prompt,4.5,0.66
decay_setting_086,Baseline prompt,5.5,0.64
decay_setting_086,Baseline prompt,6.5,0.62
decay_setting_086,Baseline prompt,7.5,0.6
decay_setting_086,Baseline prompt,8.5,0.58
decay_setting_086,Baseline prompt,9.5,0.56
decay_setting_086,Baseline prompt,10.5,0.54
decay_setting_086,Baseline prompt,11.5,0.52
decay_setting_086,Baseline prompt,12.5,0.5
decay_setting_086,Baseline prompt,13.5,0.48
decay_setting_086,Baseline prompt,14.5,0.46
decay_setting_086,Baseline prompt,15.5,0.44
decay_setting_086,Baseline prompt,16.5,0.42
decay_setting_086,Baseline prompt,17.5,0.4
decay_setting_086,Baseline prompt,18.5,0.38
decay_setting_086,Baseline prompt,19.5,0.36
decay_setting_086,Baseline prompt,20.5,0.34
decay_setting_086,Baseline prompt,21.5,0.32
decay_setting_086,Baseline prompt,22.5,0.3
decay_setting_086,Baseline prompt,23.5,0.28
decay_setting_086,Baseline prompt,24.5,0.26
decay_setting_086,Baseline prompt,25.5,0.24
decay_setting_086,Baseline prompt,26.5,0.22
decay_setting_086,Baseline prompt,27.5,0.2
decay_setting_086,Baseline prompt,28.5,0.18
decay_setting_086,Baseline prompt,29.5,0.16
decay_setting_086,Baseline prompt,30.5,0.14
decay_setting_086,Baseline prompt,31.5,0.12
decay_setting_086,Baseline prompt,32.5,0.1
decay_setting_086,Baseline prompt,33.5,0.09
decay_setting_086,Baseline prompt,34.5,0.08
decay_setting_086,Baseline prompt,35.5,0.07
decay_setting_086,Baseline prompt,36.5,0.06
decay_setting_086,Baseline prompt,37.5,0.05
decay_setting_086,Baseline prompt,38.5,0.04
decay_setting_086,Baseline prompt,39.5,0.03
decay_setting_086,Baseline prompt,40.5,0.03
decay_setting_086,Baseline prompt,41.5,0.03
decay_setting_086,Baseline prompt,42.5,0.03
decay_setting_086,Baseline prompt,43.5,0.02
decay_setting_086,Baseline prompt,44.5,0.02
decay_setting_086,Baseline prompt,45.5,0.02
decay_setting_086,Baseline prompt,46.5,0.02
decay_setting_086,Baseline prompt,47.5,0.02
decay_setting_086,Baseline prompt,48.5,0.02
decay_setting_086,Baseline prompt,49.5,0.02
decay_setting_086,Baseline prompt,50.5,0.02
decay_setting_086,Baseline prompt,51.5,0.02
decay_setting_086,Baseline prompt,52.5,0.02
decay_setting_086,Baseline prompt,53.5,0.02
decay_setting_086,Baseline prompt,54.5,0.02
decay_setting_086,Baseline prompt,55.5,0.02
decay_setting_086,Baseline prompt,56.5,0.02
decay_setting_086,Baseline prompt,57.5,0.01
decay_setting_086,Baseline prompt,58.5,0.01
decay_setting_086,Baseline prompt,59.5,0.01
decay_setting_086,Baseline prompt,60.5,0.01
decay_setting_086,Baseline prompt,61.5,0.01
decay_setting_086,Baseline prompt,62.5,0.01
decay_setting_086,Baseline prompt,63.5,0.01
decay_setting_086,Baseline prompt,64.5,0.01
decay_setting_086,Baseline prompt,65.5,0.01
decay_setting_086,Baseline prompt,66.5,0.01
decay_setting_086,Baseline prompt,67.5,0.01
decay_setting_086,Baseline prompt,68.5,0.01
decay_setting_086,Baseline prompt,69.5,0.01
decay_setting_086,Baseline prompt,70.5,0.01
decay_setting_086,Baseline prompt,71.5,0.01
decay_setting_086,Baseline prompt,72.5,0.01
decay_setting_086,Baseline prompt,73.5,0.01
decay_setting_086,Baseline prompt,74.5,0.01
decay_setting_086,Baseline prompt,75.5,0.01
decay_setting_086,Baseline prompt,76.5,0.01
decay_setting_086,Baseline prompt,77.5,0.01
decay_setting_086,Baseline prompt,78.5,0.01
decay_setting_086,Baseline prompt,79.5,0.01
decay_setting_086,Baseline prompt,80.5,0.01
decay_setting_086,Baseline prompt,81.5,0.01
decay_setting_086,Baseline prompt,82.5,0.01
decay_setting_086,Baseline prompt,83.5,0.01
decay_setting_086,Baseline prompt,84.5,0.01
decay_setting_086,Baseline prompt,85.5,0.01
decay_setting_086,Baseline prompt,86.5,0.01
decay_setting_086,Baseline prompt,87.5,0.01
decay_setting_086,Baseline prompt,88.5,0.01
decay_setting_086,Baseline prompt,89.5,0.01
decay_setting_086,Baseline prompt,90.5,0.01
decay_setting_086,Baseline prompt,91.5,0.01
decay_setting_086,Baseline prompt,92.5,0.01
decay_setting_086,Baseline prompt,93.5,0.01
decay_setting_086,Baseline prompt,94.5,0.01
decay_setting_086,Baseline prompt,95.5,0.01
decay_setting_086,Baseline prompt,96.5,0.01
decay_setting_086,Baseline prompt,97.5,0.01
decay_setting_086,Baseline prompt,98.5,0.01
decay_setting_086,Baseline prompt,99.5,0.01
decay_setting_087,Baseline prompt,0.5,0.85
decay_setting_087,Baseline prompt,1.5,0.78
decay_setting_087,Baseline prompt,2.5,0.7
decay_setting_087,Baseline prompt,3.5,0.65
decay_setting_087,Baseline prompt,4.5,0.6
decay_setting_087,Baseline prompt,5.5,0.55
decay_setting_087,Baseline prompt,6.5,0.5
decay_setting_087,Baseline prompt,7.5,0.46
decay_setting_087,Baseline prompt,8.5,0.42
decay_setting_087,Baseline prompt,9.5,0.38
decay_setting_087,Baseline prompt,10.5,0.34
decay_setting_087,Baseline prompt,11.5,0.32
decay_setting_087,Baseline prompt,12.5,0.3
decay_setting_087,Baseline prompt,13.5,0.28
decay_setting_087,Baseline prompt,14.5,0.26
decay_setting_087,Baseline prompt,15.5,0.24
decay_setting_087,Baseline prompt,16.5,0.22
decay_setting_087,Baseline prompt,17.5,0.21
decay_setting_087,Baseline prompt,18.5,0.2
decay_setting_087,Baseline prompt,19.5,0.18
decay_setting_087,Baseline prompt,20.5,0.17
decay_setting_087,Baseline prompt,21.5,0.15
decay_setting_087,Baseline prompt,22.5,0.14
decay_setting_087,Baseline prompt,23.5,0.13
decay_setting_087,Baseline prompt,24.5,0.12
decay_setting_087,Baseline prompt,25.5,0.11
decay_setting_087,Baseline prompt,26.5,0.1
decay_setting_087,Baseline prompt,27.5,0.09
decay_setting_087,Baseline prompt,28.5,0.08
decay_setting_087,Baseline prompt,29.5,0.07
decay_setting_087,Baseline prompt,30.5,0.065
decay_setting_087,Baseline prompt,31.5,0.06
decay_setting_087,Baseline prompt,32.5,0.055
decay_setting_087,Baseline prompt,33.5,0.05
decay_setting_087,Baseline prompt,34.5,0.045
decay_setting_087,Baseline prompt,35.5,0.042
decay_setting_087,Baseline prompt,36.5,0.04
decay_setting_087,Baseline prompt,37.5,0.038
decay_setting_087,Baseline prompt,38.5,0.036
decay_setting_087,Baseline prompt,39.5,0.035
decay_setting_087,Baseline prompt,40.5,0.034
decay_setting_087,Baseline prompt,41.5,0.033
decay_setting_087,Baseline prompt,42.5,0.032
decay_setting_087,Baseline prompt,43.5,0.031
decay_setting_087,Baseline prompt,44.5,0.03
decay_setting_087,Baseline prompt,45.5,0.029
decay_setting_087,Baseline prompt,46.5,0.028
decay_setting_087,Baseline prompt,47.5,0.027
decay_setting_087,Baseline prompt,48.5,0.026
decay_setting_087,Baseline prompt,49.5,0.025
decay_setting_087,Baseline prompt,50.5,0.024
decay_setting_087,Baseline prompt,51.5,0.023
decay_setting_087,Baseline prompt,52.5,0.022
decay_setting_087,Baseline prompt,53.5,0.021
decay_setting_087,Baseline prompt,54.5,0.02
decay_setting_087,Baseline prompt,55.5,0.019
decay_setting_087,Baseline prompt,56.5,0.018
decay_setting_087,Baseline prompt,57.5,0.017
decay_setting_087,Baseline prompt,58.5,0.016
decay_setting_087,Baseline prompt,59.5,0.015
decay_setting_087,Baseline prompt,60.5,0.014
decay_setting_087,Baseline prompt,61.5,0.013
decay_setting_087,Baseline prompt,62.5,0.012
decay_setting_087,Baseline prompt,63.5,0.011
decay_setting_087,Baseline prompt,64.5,0.01
decay_setting_087,Baseline prompt,65.5,0.009
decay_setting_087,Baseline prompt,66.5,0.008
decay_setting_087,Baseline prompt,67.5,0.007
decay_setting_087,Baseline prompt,68.5,0.006
decay_setting_087,Baseline prompt,69.5,0.005
decay_setting_087,Baseline prompt,70.5,0.0048
decay_setting_087,Baseline prompt,71.5,0.0045
decay_setting_087,Baseline prompt,72.5,0.0042
decay_setting_087,Baseline prompt,73.5,0.004
decay_setting_087,Baseline prompt,74.5,0.0038
decay_setting_087,Baseline prompt,75.5,0.0035
decay_setting_087,Baseline prompt,76.5,0.0033
decay_setting_087,Baseline prompt,77.5,0.0031
decay_setting_087,Baseline prompt,78.5,0.0029
decay_setting_087,Baseline prompt,79.5,0.0028
decay_setting_087,Baseline prompt,80.5,0.0027
decay_setting_087,Baseline prompt,81.5,0.0026
decay_setting_087,Baseline prompt,82.5,0.0025
decay_setting_087,Baseline prompt,83.5,0.0024
decay_setting_087,Baseline prompt,84.5,0.0023
decay_setting_087,Baseline prompt,85.5,0.0022
decay_setting_087,Baseline prompt,86.5,0.0021
decay_setting_087,Baseline prompt,87.5,0.002
decay_setting_087,Baseline prompt,88.5,0.0018
decay_setting_087,Baseline prompt,89.5,0.0017
decay_setting_087,Baseline prompt,90.5,0.0016
decay_setting_087,Baseline prompt,91.5,0.0015
decay_setting_087,Baseline prompt,92.5,0.0014
decay_setting_087,Baseline prompt,93.5,0.0013
decay_setting_087,Baseline prompt,94.5,0.0012
decay_setting_087,Baseline prompt,95.5,0.0011
decay_setting_087,Baseline prompt,96.5,0.001
decay_setting_087,Baseline prompt,97.5,0.0009
decay_setting_087,Baseline prompt,98.5,0.0008
decay_setting_087,Baseline prompt,99.5,0.0007
decay_setting_087,Blueprint prompt,0.5,0.92
decay_setting_087,Blueprint prompt,1.5,0.89
decay_setting_087,Blueprint prompt,2.5,0.87
decay_setting_087,Blueprint prompt,3.5,0.85
decay_setting_087,Blueprint prompt,4.5,0.84
decay_setting_087,Blueprint prompt,5.5,0.82
decay_setting_087,Blueprint prompt,6.5,0.79
decay_setting_087,Blueprint prompt,7.5,0.76
decay_setting_087,Blueprint prompt,8.5,0.73
decay_setting_087,Blueprint prompt,9.5,0.71
decay_setting_087,Blueprint prompt,10.5,0.68
decay_setting_087,Blueprint prompt,11.5,0.66
decay_setting_087,Blueprint prompt,12.5,0.63
decay_setting_087,Blueprint prompt,13.5,0.62
decay_setting_087,Blueprint prompt,14.5,0.6
decay_setting_087,Blueprint prompt,15.5,0.57
decay_setting_087,Blueprint prompt,16.5,0.55
decay_setting_087,Blueprint prompt,17.5,0.53
decay_setting_087,Blueprint prompt,18.5,0.5
decay_setting_087,Blueprint prompt,19.5,0.47
decay_setting_087,Blueprint prompt,20.5,0.45
decay_setting_087,Blueprint prompt,21.5,0.43
decay_setting_087,Blueprint prompt,22.5,0.41
decay_setting_087,Blueprint prompt,23.5,0.39
decay_setting_087,Blueprint prompt,24.5,0.37
decay_setting_087,Blueprint prompt,25.5,0.35
decay_setting_087,Blueprint prompt,26.5,0.33
decay_setting_087,Blueprint prompt,27.5,0.32
decay_setting_087,Blueprint prompt,28.5,0.3
decay_setting_087,Blueprint prompt,29.5,0.28
decay_setting_087,Blueprint prompt,30.5,0.27
decay_setting_087,Blueprint prompt,31.5,0.25
decay_setting_087,Blueprint prompt,32.5,0.24
decay_setting_087,Blueprint prompt,33.5,0.22
decay_setting_087,Blueprint prompt,34.5,0.21
decay_setting_087,Blueprint prompt,35.5,0.19
decay_setting_087,Blueprint prompt,36.5,0.18
decay_setting_087,Blueprint prompt,37.5,0.17
decay_setting_087,Blueprint prompt,38.5,0.16
decay_setting_087,Blueprint prompt,39.5,0.15
decay_setting_087,Blueprint prompt,40.5,0.14
decay_setting_087,Blueprint prompt,41.5,0.13
decay_setting_087,Blueprint prompt,42.5,0.12
decay_setting_087,Blueprint prompt,43.5,0.12
decay_setting_087,Blueprint prompt,44.5,0.11
decay_setting_087,Blueprint prompt,45.5,0.11
decay_setting_087,Blueprint prompt,46.5,0.1
decay_setting_087,Blueprint prompt,47.5,0.1
decay_setting_087,Blueprint prompt,48.5,0.09
decay_setting_087,Blueprint prompt,49.5,0.09
decay_setting_087,Blueprint prompt,50.5,0.08
decay_setting_087,Blueprint prompt,51.5,0.08
decay_setting_087,Blueprint prompt,52.5,0.07
decay_setting_087,Blueprint prompt,53.5,0.07
decay_setting_087,Blueprint prompt,54.5,0.07
decay_setting_087,Blueprint prompt,55.5,0.06
decay_setting_087,Blueprint prompt,56.5,0.06
decay_setting_087,Blueprint prompt,57.5,0.06
decay_setting_087,Blueprint prompt,58.5,0.06
decay_setting_087,Blueprint prompt,59.5,0.05
decay_setting_087,Blueprint prompt,60.5,0.05
decay_setting_087,Blueprint prompt,61.5,0.05
decay_setting_087,Blueprint prompt,62.5,0.05
decay_setting_087,Blueprint prompt,63.5,0.04
decay_setting_087,Blueprint prompt,64.5,0.04
decay_setting_087,Blueprint prompt,65.5,0.04
decay_setting_087,Blueprint prompt,66.5,0.04
decay_setting_087,Blueprint prompt,67.5,0.04
decay_setting_087,Blueprint prompt,68.5,0.03
decay_setting_087,Blueprint prompt,69.5,0.03
decay_setting_087,Blueprint prompt,70.5,0.03
decay_setting_087,Blueprint prompt,71.5,0.03
decay_setting_087,Blueprint prompt,72.5,0.03
decay_setting_087,Blueprint prompt,73.5,0.03
decay_setting_087,Blueprint prompt,74.5,0.02
decay_setting_087,Blueprint prompt,75.5,0.02
decay_setting_087,Blueprint prompt,76.5,0.02
decay_setting_087,Blueprint prompt,77.5,0.02
decay_setting_087,Blueprint prompt,78.5,0.02
decay_setting_087,Blueprint prompt,79.5,0.02
decay_setting_087,Blueprint prompt,80.5,0.01
decay_setting_087,Blueprint prompt,81.5,0.01
decay_setting_087,Blueprint prompt,82.5,0.01
decay_setting_087,Blueprint prompt,83.5,0.01
decay_setting_087,Blueprint prompt,84.5,0.01
decay_setting_087,Blueprint prompt,85.5,0.01
decay_setting_087,Blueprint prompt,86.5,0.01
decay_setting_087,Blueprint prompt,87.5,0.01
decay_setting_087,Blueprint prompt,88.5,0.01
decay_setting_087,Blueprint prompt,89.5,0.01
decay_setting_087,Blueprint prompt,90.5,0.01
decay_setting_087,Blueprint prompt,91.5,0.01
decay_setting_087,Blueprint prompt,92.5,0.01
decay_setting_087,Blueprint prompt,93.5,0.01
decay_setting_087,Blueprint prompt,94.5,0.01
decay_setting_087,Blueprint prompt,95.5,0.01
decay_setting_087,Blueprint prompt,96.5,0.01
decay_setting_087,Blueprint prompt,97.5,0.01
decay_setting_087,Blueprint prompt,98.5,0.01
decay_setting_087,Blueprint prompt,99.5,0.01
decay_setting_086,Blueprint prompt,0.5,0.88
decay_setting_086,Blueprint prompt,1.5,0.91
decay_setting_086,Blueprint prompt,2.5,0.92
decay_setting_086,Blueprint prompt,3.5,0.91
decay_setting_086,Blueprint prompt,4.5,0.9
decay_setting_086,Blueprint prompt,5.5,0.89
decay_setting_086,Blueprint prompt,6.5,0.87
decay_setting_086,Blueprint prompt,7.5,0.85
decay_setting_086,Blueprint prompt,8.5,0.81
decay_setting_086,Blueprint prompt,9.5,0.78
decay_setting_086,Blueprint prompt,10.5,0.75
decay_setting_086,Blueprint prompt,11.5,0.73
decay_setting_086,Blueprint prompt,12.5,0.71
decay_setting_086,Blueprint prompt,13.5,0.7
decay_setting_086,Blueprint prompt,14.5,0.68
decay_setting_086,Blueprint prompt,15.5,0.66
decay_setting_086,Blueprint prompt,16.5,0.64
decay_setting_086,Blueprint prompt,17.5,0.61
decay_setting_086,Blueprint prompt,18.5,0.59
decay_setting_086,Blueprint prompt,19.5,0.56
decay_setting_086,Blueprint prompt,20.5,0.54
decay_setting_086,Blueprint prompt,21.5,0.52
decay_setting_086,Blueprint prompt,22.5,0.5
decay_setting_086,Blueprint prompt,23.5,0.48
decay_setting_086,Blueprint prompt,24.5,0.46
decay_setting_086,Blueprint prompt,25.5,0.43
decay_setting_086,Blueprint prompt,26.5,0.41
decay_setting_086,Blueprint prompt,27.5,0.39
decay_setting_086,Blueprint prompt,28.5,0.37
decay_setting_086,Blueprint prompt,29.5,0.35
decay_setting_086,Blueprint prompt,30.5,0.33
decay_setting_086,Blueprint prompt,31.5,0.31
decay_setting_086,Blueprint prompt,32.5,0.3
decay_setting_086,Blueprint prompt,33.5,0.29
decay_setting_086,Blueprint prompt,34.5,0.28
decay_setting_086,Blueprint prompt,35.5,0.26
decay_setting_086,Blueprint prompt,36.5,0.25
decay_setting_086,Blueprint prompt,37.5,0.24
decay_setting_086,Blueprint prompt,38.5,0.23
decay_setting_086,Blueprint prompt,39.5,0.22
decay_setting_086,Blueprint prompt,40.5,0.21
decay_setting_086,Blueprint prompt,41.5,0.2
decay_setting_086,Blueprint prompt,42.5,0.19
decay_setting_086,Blueprint prompt,43.5,0.18
decay_setting_086,Blueprint prompt,44.5,0.17
decay_setting_086,Blueprint prompt,45.5,0.16
decay_setting_086,Blueprint prompt,46.5,0.15
decay_setting_086,Blueprint prompt,47.5,0.14
decay_setting_086,Blueprint prompt,48.5,0.13
decay_setting_086,Blueprint prompt,49.5,0.13
decay_setting_086,Blueprint prompt,50.5,0.12
decay_setting_086,Blueprint prompt,51.5,0.11
decay_setting_086,Blueprint prompt,52.5,0.11
decay_setting_086,Blueprint prompt,53.5,0.1
decay_setting_086,Blueprint prompt,54.5,0.09
decay_setting_086,Blueprint prompt,55.5,0.09
decay_setting_086,Blueprint prompt,56.5,0.08
decay_setting_086,Blueprint prompt,57.5,0.08
decay_setting_086,Blueprint prompt,58.5,0.07
decay_setting_086,Blueprint prompt,59.5,0.07
decay_setting_086,Blueprint prompt,60.5,0.06
decay_setting_086,Blueprint prompt,61.5,0.06
decay_setting_086,Blueprint prompt,62.5,0.05
decay_setting_086,Blueprint prompt,63.5,0.05
decay_setting_086,Blueprint prompt,64.5,0.05
decay_setting_086,Blueprint prompt,65.5,0.04
decay_setting_086,Blueprint prompt,66.5,0.04
decay_setting_086,Blueprint prompt,67.5,0.03
decay_setting_086,Blueprint prompt,68.5,0.03
decay_setting_086,Blueprint prompt,69.5,0.03
decay_setting_086,Blueprint prompt,70.5,0.02
decay_setting_086,Blueprint prompt,71.5,0.02
decay_setting_086,Blueprint prompt,72.5,0.02
decay_setting_086,Blueprint prompt,73.5,0.02
decay_setting_086,Blueprint prompt,74.5,0.02
decay_setting_086,Blueprint prompt,75.5,0.01
decay_setting_086,Blueprint prompt,76.5,0.01
decay_setting_086,Blueprint prompt,77.5,0.01
decay_setting_086,Blueprint prompt,78.5,0.01
decay_setting_086,Blueprint prompt,79.5,0.01
decay_setting_086,Blueprint prompt,80.5,0.01
decay_setting_086,Blueprint prompt,81.5,0.01
decay_setting_086,Blueprint prompt,82.5,0.01
decay_setting_086,Blueprint prompt,83.5,0.01
decay_setting_086,Blueprint prompt,84.5,0.01
decay_setting_086,Blueprint prompt,85.5,0.01
decay_setting_086,Blueprint prompt,86.5,0.01
decay_setting_086,Blueprint prompt,87.5,0.01
decay_setting_086,Blueprint prompt,88.5,0.01
decay_setting_086,Blueprint prompt,89.5,0.01
decay_setting_086,Blueprint prompt,90.5,0.01
decay_setting_086,Blueprint prompt,91.5,0.01
decay_setting_086,Blueprint prompt,92.5,0.01
decay_setting_086,Blueprint prompt,93.5,0.01
decay_setting_086,Blueprint prompt,94.5,0.01
decay_setting_086,Blueprint prompt,95.5,0.01
decay_setting_086,Blueprint prompt,96.5,0.01
decay_setting_086,Blueprint prompt,97.5,0.01
decay_setting_086,Blueprint prompt,98.5,0.01
decay_setting_086,Blueprint prompt,99.5,0.01
decay_setting_088,Blueprint prompt,0.5,0.85
decay_setting_088,Blueprint prompt,1.5,0.84
decay_setting_088,Blueprint prompt,2.5,0.82
decay_setting_088,Blueprint prompt,3.5,0.81
decay_setting_088,Blueprint prompt,4.5,0.8
decay_setting_088,Blueprint prompt,5.5,0.79
decay_setting_088,Blueprint prompt,6.5,0.78
decay_setting_088,Blueprint prompt,7.5,0.77
decay_setting_088,Blueprint prompt,8.5,0.76
decay_setting_088,Blueprint prompt,9.5,0.74
decay_setting_088,Blueprint prompt,10.5,0.73
decay_setting_088,Blueprint prompt,11.5,0.72
decay_setting_088,Blueprint prompt,12.5,0.71
decay_setting_088,Blueprint prompt,13.5,0.7
decay_setting_088,Blueprint prompt,14.5,0.69
decay_setting_088,Blueprint prompt,15.5,0.68
decay_setting_088,Blueprint prompt,16.5,0.67
decay_setting_088,Blueprint prompt,17.5,0.66
decay_setting_088,Blueprint prompt,18.5,0.65
decay_setting_088,Blueprint prompt,19.5,0.63
decay_setting_088,Blueprint prompt,20.5,0.62
decay_setting_088,Blueprint prompt,21.5,0.61
decay_setting_088,Blueprint prompt,22.5,0.6
decay_setting_088,Blueprint prompt,23.5,0.58
decay_setting_088,Blueprint prompt,24.5,0.57
decay_setting_088,Blueprint prompt,25.5,0.56
decay_setting_088,Blueprint prompt,26.5,0.55
decay_setting_088,Blueprint prompt,27.5,0.54
decay_setting_088,Blueprint prompt,28.5,0.53
decay_setting_088,Blueprint prompt,29.5,0.52
decay_setting_088,Blueprint prompt,30.5,0.51
decay_setting_088,Blueprint prompt,31.5,0.49
decay_setting_088,Blueprint prompt,32.5,0.48
decay_setting_088,Blueprint prompt,33.5,0.47
decay_setting_088,Blueprint prompt,34.5,0.46
decay_setting_088,Blueprint prompt,35.5,0.45
decay_setting_088,Blueprint prompt,36.5,0.44
decay_setting_088,Blueprint prompt,37.5,0.43
decay_setting_088,Blueprint prompt,38.5,0.42
decay_setting_088,Blueprint prompt,39.5,0.4
decay_setting_088,Blueprint prompt,40.5,0.39
decay_setting_088,Blueprint prompt,41.5,0.38
decay_setting_088,Blueprint prompt,42.5,0.37
decay_setting_088,Blueprint prompt,43.5,0.36
decay_setting_088,Blueprint prompt,44.5,0.34
decay_setting_088,Blueprint prompt,45.5,0.33
decay_setting_088,Blueprint prompt,46.5,0.32
decay_setting_088,Blueprint prompt,47.5,0.31
decay_setting_088,Blueprint prompt,48.5,0.3
decay_setting_088,Blueprint prompt,49.5,0.28
decay_setting_088,Blueprint prompt,50.5,0.27
decay_setting_088,Blueprint prompt,51.5,0.26
decay_setting_088,Blueprint prompt,52.5,0.25
decay_setting_088,Blueprint prompt,53.5,0.24
decay_setting_088,Blueprint prompt,54.5,0.23
decay_setting_088,Blueprint prompt,55.5,0.23
decay_setting_088,Blueprint prompt,56.5,0.22
decay_setting_088,Blueprint prompt,57.5,0.21
decay_setting_088,Blueprint prompt,58.5,0.2
decay_setting_088,Blueprint prompt,59.5,0.19
decay_setting_088,Blueprint prompt,60.5,0.18
decay_setting_088,Blueprint prompt,61.5,0.17
decay_setting_088,Blueprint prompt,62.5,0.16
decay_setting_088,Blueprint prompt,63.5,0.16
decay_setting_088,Blueprint prompt,64.5,0.15
decay_setting_088,Blueprint prompt,65.5,0.14
decay_setting_088,Blueprint prompt,66.5,0.13
decay_setting_088,Blueprint prompt,67.5,0.13
decay_setting_088,Blueprint prompt,68.5,0.12
decay_setting_088,Blueprint prompt,69.5,0.11
decay_setting_088,Blueprint prompt,70.5,0.1
decay_setting_088,Blueprint prompt,71.5,0.1
decay_setting_088,Blueprint prompt,72.5,0.09
decay_setting_088,Blueprint prompt,73.5,0.08
decay_setting_088,Blueprint prompt,74.5,0.08
decay_setting_088,Blueprint prompt,75.5,0.07
decay_setting_088,Blueprint prompt,76.5,0.07
decay_setting_088,Blueprint prompt,77.5,0.06
decay_setting_088,Blueprint prompt,78.5,0.05
decay_setting_088,Blueprint prompt,79.5,0.05
decay_setting_088,Blueprint prompt,80.5,0.05
decay_setting_088,Blueprint prompt,81.5,0.04
decay_setting_088,Blueprint prompt,82.5,0.04
decay_setting_088,Blueprint prompt,83.5,0.04
decay_setting_088,Blueprint prompt,84.5,0.03
decay_setting_088,Blueprint prompt,85.5,0.03
decay_setting_088,Blueprint prompt,86.5,0.03
decay_setting_088,Blueprint prompt,87.5,0.02
decay_setting_088,Blueprint prompt,88.5,0.02
decay_setting_088,Blueprint prompt,89.5,0.01
decay_setting_088,Blueprint prompt,90.5,0.01
decay_setting_088,Blueprint prompt,91.5,0.01
decay_setting_088,Blueprint prompt,92.5,0.01
decay_setting_088,Blueprint prompt,93.5,0.01
decay_setting_088,Blueprint prompt,94.5,0.01
decay_setting_088,Blueprint prompt,95.5,0.01
decay_setting_088,Blueprint prompt,96.5,0.01
decay_setting_088,Blueprint prompt,97.5,0.01
decay_setting_088,Blueprint prompt,98.5,0.01
decay_setting_088,Blueprint prompt,99.5,0.0
decay_setting_089,Blueprint prompt,0.5,0.92
decay_setting_089,Blueprint prompt,1.5,0.91
decay_setting_089,Blueprint prompt,2.5,0.89
decay_setting_089,Blueprint prompt,3.5,0.86
decay_setting_089,Blueprint prompt,4.5,0.83
decay_setting_089,Blueprint prompt,5.5,0.79
decay_setting_089,Blueprint prompt,6.5,0.76
decay_setting_089,Blueprint prompt,7.5,0.73
decay_setting_089,Blueprint prompt,8.5,0.71
decay_setting_089,Blueprint prompt,9.5,0.68
decay_setting_089,Blueprint prompt,10.5,0.65
decay_setting_089,Blueprint prompt,11.5,0.63
decay_setting_089,Blueprint prompt,12.5,0.62
decay_setting_089,Blueprint prompt,13.5,0.6
decay_setting_089,Blueprint prompt,14.5,0.58
decay_setting_089,Blueprint prompt,15.5,0.56
decay_setting_089,Blueprint prompt,16.5,0.54
decay_setting_089,Blueprint prompt,17.5,0.52
decay_setting_089,Blueprint prompt,18.5,0.5
decay_setting_089,Blueprint prompt,19.5,0.47
decay_setting_089,Blueprint prompt,20.5,0.45
decay_setting_089,Blueprint prompt,21.5,0.42
decay_setting_089,Blueprint prompt,22.5,0.4
decay_setting_089,Blueprint prompt,23.5,0.38
decay_setting_089,Blueprint prompt,24.5,0.36
decay_setting_089,Blueprint prompt,25.5,0.34
decay_setting_089,Blueprint prompt,26.5,0.32
decay_setting_089,Blueprint prompt,27.5,0.3
decay_setting_089,Blueprint prompt,28.5,0.28
decay_setting_089,Blueprint prompt,29.5,0.27
decay_setting_089,Blueprint prompt,30.5,0.25
decay_setting_089,Blueprint prompt,31.5,0.24
decay_setting_089,Blueprint prompt,32.5,0.23
decay_setting_089,Blueprint prompt,33.5,0.21
decay_setting_089,Blueprint prompt,34.5,0.2
decay_setting_089,Blueprint prompt,35.5,0.19
decay_setting_089,Blueprint prompt,36.5,0.18
decay_setting_089,Blueprint prompt,37.5,0.16
decay_setting_089,Blueprint prompt,38.5,0.15
decay_setting_089,Blueprint prompt,39.5,0.14
decay_setting_089,Blueprint prompt,40.5,0.13
decay_setting_089,Blueprint prompt,41.5,0.12
decay_setting_089,Blueprint prompt,42.5,0.11
decay_setting_089,Blueprint prompt,43.5,0.1
decay_setting_089,Blueprint prompt,44.5,0.1
decay_setting_089,Blueprint prompt,45.5,0.09
decay_setting_089,Blueprint prompt,46.5,0.09
decay_setting_089,Blueprint prompt,47.5,0.08
decay_setting_089,Blueprint prompt,48.5,0.08
decay_setting_089,Blueprint prompt,49.5,0.07
decay_setting_089,Blueprint prompt,50.5,0.07
decay_setting_089,Blueprint prompt,51.5,0.06
decay_setting_089,Blueprint prompt,52.5,0.06
decay_setting_089,Blueprint prompt,53.5,0.06
decay_setting_089,Blueprint prompt,54.5,0.05
decay_setting_089,Blueprint prompt,55.5,0.05
decay_setting_089,Blueprint prompt,56.5,0.05
decay_setting_089,Blueprint prompt,57.5,0.05
decay_setting_089,Blueprint prompt,58.5,0.04
decay_setting_089,Blueprint prompt,59.5,0.04
decay_setting_089,Blueprint prompt,60.5,0.04
decay_setting_089,Blueprint prompt,61.5,0.04
decay_setting_089,Blueprint prompt,62.5,0.03
decay_setting_089,Blueprint prompt,63.5,0.03
decay_setting_089,Blueprint prompt,64.5,0.03
decay_setting_089,Blueprint prompt,65.5,0.03
decay_setting_089,Blueprint prompt,66.5,0.03
decay_setting_089,Blueprint prompt,67.5,0.03
decay_setting_089,Blueprint prompt,68.5,0.03
decay_setting_089,Blueprint prompt,69.5,0.02
decay_setting_089,Blueprint prompt,70.5,0.02
decay_setting_089,Blueprint prompt,71.5,0.02
decay_setting_089,Blueprint prompt,72.5,0.02
decay_setting_089,Blueprint prompt,73.5,0.02
decay_setting_089,Blueprint prompt,74.5,0.02
decay_setting_089,Blueprint prompt,75.5,0.02
decay_setting_089,Blueprint prompt,76.5,0.02
decay_setting_089,Blueprint prompt,77.5,0.02
decay_setting_089,Blueprint prompt,78.5,0.02
decay_setting_089,Blueprint prompt,79.5,0.02
decay_setting_089,Blueprint prompt,80.5,0.02
decay_setting_089,Blueprint prompt,81.5,0.02
decay_setting_089,Blueprint prompt,82.5,0.02
decay_setting_089,Blueprint prompt,83.5,0.01
decay_setting_089,Blueprint prompt,84.5,0.01
decay_setting_089,Blueprint prompt,85.5,0.01
decay_setting_089,Blueprint prompt,86.5,0.01
decay_setting_089,Blueprint prompt,87.5,0.01
decay_setting_089,Blueprint prompt,88.5,0.01
decay_setting_089,Blueprint prompt,89.5,0.01
decay_setting_089,Blueprint prompt,90.5,0.01
decay_setting_089,Blueprint prompt,91.5,0.01
decay_setting_089,Blueprint prompt,92.5,0.01
decay_setting_089,Blueprint prompt,93.5,0.01
decay_setting_089,Blueprint prompt,94.5,0.01
decay_setting_089,Blueprint prompt,95.5,0.01
decay_setting_089,Blueprint prompt,96.5,0.01
decay_setting_089,Blueprint prompt,97.5,0.01
decay_setting_089,Blueprint prompt,98.5,0.01
decay_setting_089,Blueprint prompt,99.5,0.01
decay_setting_090,Baseline prompt,0.5,0.85
decay_setting_090,Baseline prompt,1.5,0.83
decay_setting_090,Baseline prompt,2.5,0.8
decay_setting_090,Baseline prompt,3.5,0.76
decay_setting_090,Baseline prompt,4.5,0.72
decay_setting_090,Baseline prompt,5.5,0.68
decay_setting_090,Baseline prompt,6.5,0.63
decay_setting_090,Baseline prompt,7.5,0.58
decay_setting_090,Baseline prompt,8.5,0.54
decay_setting_090,Baseline prompt,9.5,0.49
decay_setting_090,Baseline prompt,10.5,0.45
decay_setting_090,Baseline prompt,11.5,0.4
decay_setting_090,Baseline prompt,12.5,0.36
decay_setting_090,Baseline prompt,13.5,0.32
decay_setting_090,Baseline prompt,14.5,0.29
decay_setting_090,Baseline prompt,15.5,0.26
decay_setting_090,Baseline prompt,16.5,0.23
decay_setting_090,Baseline prompt,17.5,0.21
decay_setting_090,Baseline prompt,18.5,0.18
decay_setting_090,Baseline prompt,19.5,0.16
decay_setting_090,Baseline prompt,20.5,0.14
decay_setting_090,Baseline prompt,21.5,0.13
decay_setting_090,Baseline prompt,22.5,0.12
decay_setting_090,Baseline prompt,23.5,0.11
decay_setting_090,Baseline prompt,24.5,0.1
decay_setting_090,Baseline prompt,25.5,0.09
decay_setting_090,Baseline prompt,26.5,0.08
decay_setting_090,Baseline prompt,27.5,0.07
decay_setting_090,Baseline prompt,28.5,0.06
decay_setting_090,Baseline prompt,29.5,0.05
decay_setting_090,Baseline prompt,30.5,0.05
decay_setting_090,Baseline prompt,31.5,0.05
decay_setting_090,Baseline prompt,32.5,0.04
decay_setting_090,Baseline prompt,33.5,0.04
decay_setting_090,Baseline prompt,34.5,0.04
decay_setting_090,Baseline prompt,35.5,0.04
decay_setting_090,Baseline prompt,36.5,0.03
decay_setting_090,Baseline prompt,37.5,0.03
decay_setting_090,Baseline prompt,38.5,0.03
decay_setting_090,Baseline prompt,39.5,0.03
decay_setting_090,Baseline prompt,40.5,0.02
decay_setting_090,Baseline prompt,41.5,0.02
decay_setting_090,Baseline prompt,42.5,0.02
decay_setting_090,Baseline prompt,43.5,0.02
decay_setting_090,Baseline prompt,44.5,0.02
decay_setting_090,Baseline prompt,45.5,0.01
decay_setting_090,Baseline prompt,46.5,0.01
decay_setting_090,Baseline prompt,47.5,0.01
decay_setting_090,Baseline prompt,48.5,0.01
decay_setting_090,Baseline prompt,49.5,0.01
decay_setting_090,Baseline prompt,50.5,0.01
decay_setting_090,Baseline prompt,51.5,0.01
decay_setting_090,Baseline prompt,52.5,0.01
decay_setting_090,Baseline prompt,53.5,0.01
decay_setting_090,Baseline prompt,54.5,0.01
decay_setting_090,Baseline prompt,55.5,0.01
decay_setting_090,Baseline prompt,56.5,0.01
decay_setting_090,Baseline prompt,57.5,0.01
decay_setting_090,Baseline prompt,58.5,0.01
decay_setting_090,Baseline prompt,59.5,0.01
decay_setting_090,Baseline prompt,60.5,0.01
decay_setting_090,Baseline prompt,61.5,0.01
decay_setting_090,Baseline prompt,62.5,0.01
decay_setting_090,Baseline prompt,63.5,0.01
decay_setting_090,Baseline prompt,64.5,0.01
decay_setting_090,Baseline prompt,65.5,0.01
decay_setting_090,Baseline prompt,66.5,0.01
decay_setting_090,Baseline prompt,67.5,0.01
decay_setting_090,Baseline prompt,68.5,0.01
decay_setting_090,Baseline prompt,69.5,0.01
decay_setting_090,Baseline prompt,70.5,0.01
decay_setting_090,Baseline prompt,71.5,0.01
decay_setting_090,Baseline prompt,72.5,0.01
decay_setting_090,Baseline prompt,73.5,0.01
decay_setting_090,Baseline prompt,74.5,0.01
decay_setting_090,Baseline prompt,75.5,0.01
decay_setting_090,Baseline prompt,76.5,0.01
decay_setting_090,Baseline prompt,77.5,0.01
decay_setting_090,Baseline prompt,78.5,0.01
decay_setting_090,Baseline prompt,79.5,0.01
decay_setting_090,Baseline prompt,80.5,0.01
decay_setting_090,Baseline prompt,81.5,0.01
decay_setting_090,Baseline prompt,82.5,0.01
decay_setting_090,Baseline prompt,83.5,0.01
decay_setting_090,Baseline prompt,84.5,0.01
decay_setting_090,Baseline prompt,85.5,0.01
decay_setting_090,Baseline prompt,86.5,0.01
decay_setting_090,Baseline prompt,87.5,0.01
decay_setting_090,Baseline prompt,88.5,0.01
decay_setting_090,Baseline prompt,89.5,0.01
decay_setting_090,Baseline prompt,90.5,0.01
decay_setting_090,Baseline prompt,91.5,0.01
decay_setting_090,Baseline prompt,92.5,0.01
decay_setting_090,Baseline prompt,93.5,0.01
decay_setting_090,Baseline prompt,94.5,0.01
decay_setting_090,Baseline prompt,95.5,0.01
decay_setting_090,Baseline prompt,96.5,0.01
decay_setting_090,Baseline prompt,97.5,0.01
decay_setting_090,Baseline prompt,98.5,0.01
decay_setting_090,Baseline prompt,99.5,0.01
decay_setting_090,Blueprint prompt,0.5,0.85
decay_setting_090,Blueprint prompt,1.5,0.84
decay_setting_090,Blueprint prompt,2.5,0.83
decay_setting_090,Blueprint prompt,3.5,0.82
decay_setting_090,Blueprint prompt,4.5,0.81
decay_setting_090,Blueprint prompt,5.5,0.8
decay_setting_090,Blueprint prompt,6.5,0.78
decay_setting_090,Blueprint prompt,7.5,0.76
decay_setting_090,Blueprint prompt,8.5,0.75
decay_setting_090,Blueprint prompt,9.5,0.73
decay_setting_090,Blueprint prompt,10.5,0.71
decay_setting_090,Blueprint prompt,11.5,0.69
decay_setting_090,Blueprint prompt,12.5,0.67
decay_setting_090,Blueprint prompt,13.5,0.65
decay_setting_090,Blueprint prompt,14.5,0.63
decay_setting_090,Blueprint prompt,15.5,0.61
decay_setting_090,Blueprint prompt,16.5,0.59
decay_setting_090,Blueprint prompt,17.5,0.57
decay_setting_090,Blueprint prompt,18.5,0.55
decay_setting_090,Blueprint prompt,19.5,0.53
decay_setting_090,Blueprint prompt,20.5,0.51
decay_setting_090,Blueprint prompt,21.5,0.5
decay_setting_090,Blueprint prompt,22.5,0.49
decay_setting_090,Blueprint prompt,23.5,0.47
decay_setting_090,Blueprint prompt,24.5,0.45
decay_setting_090,Blueprint prompt,25.5,0.43
decay_setting_090,Blueprint prompt,26.5,0.42
decay_setting_090,Blueprint prompt,27.5,0.4
decay_setting_090,Blueprint prompt,28.5,0.38
decay_setting_090,Blueprint prompt,29.5,0.36
decay_setting_090,Blueprint prompt,30.5,0.35
decay_setting_090,Blueprint prompt,31.5,0.34
decay_setting_090,Blueprint prompt,32.5,0.32
decay_setting_090,Blueprint prompt,33.5,0.31
decay_setting_090,Blueprint prompt,34.5,0.3
decay_setting_090,Blueprint prompt,35.5,0.28
decay_setting_090,Blueprint prompt,36.5,0.27
decay_setting_090,Blueprint prompt,37.5,0.26
decay_setting_090,Blueprint prompt,38.5,0.25
decay_setting_090,Blueprint prompt,39.5,0.23
decay_setting_090,Blueprint prompt,40.5,0.22
decay_setting_090,Blueprint prompt,41.5,0.21
decay_setting_090,Blueprint prompt,42.5,0.2
decay_setting_090,Blueprint prompt,43.5,0.19
decay_setting_090,Blueprint prompt,44.5,0.18
decay_setting_090,Blueprint prompt,45.5,0.17
decay_setting_090,Blueprint prompt,46.5,0.16
decay_setting_090,Blueprint prompt,47.5,0.15
decay_setting_090,Blueprint prompt,48.5,0.14
decay_setting_090,Blueprint prompt,49.5,0.13
decay_setting_090,Blueprint prompt,50.5,0.12
decay_setting_090,Blueprint prompt,51.5,0.12
decay_setting_090,Blueprint prompt,52.5,0.11
decay_setting_090,Blueprint prompt,53.5,0.11
decay_setting_090,Blueprint prompt,54.5,0.1
decay_setting_090,Blueprint prompt,55.5,0.1
decay_setting_090,Blueprint prompt,56.5,0.09
decay_setting_090,Blueprint prompt,57.5,0.09
decay_setting_090,Blueprint prompt,58.5,0.08
decay_setting_090,Blueprint prompt,59.5,0.07
decay_setting_090,Blueprint prompt,60.5,0.07
decay_setting_090,Blueprint prompt,61.5,0.07
decay_setting_090,Blueprint prompt,62.5,0.06
decay_setting_090,Blueprint prompt,63.5,0.06
decay_setting_090,Blueprint prompt,64.5,0.05
decay_setting_090,Blueprint prompt,65.5,0.05
decay_setting_090,Blueprint prompt,66.5,0.05
decay_setting_090,Blueprint prompt,67.5,0.05
decay_setting_090,Blueprint prompt,68.5,0.04
decay_setting_090,Blueprint prompt,69.5,0.04
decay_setting_090,Blueprint prompt,70.5,0.04
decay_setting_090,Blueprint prompt,71.5,0.04
decay_setting_090,Blueprint prompt,72.5,0.03
decay_setting_090,Blueprint prompt,73.5,0.03
decay_setting_090,Blueprint prompt,74.5,0.03
decay_setting_090,Blueprint prompt,75.5,0.03
decay_setting_090,Blueprint prompt,76.5,0.03
decay_setting_090,Blueprint prompt,77.5,0.02
decay_setting_090,Blueprint prompt,78.5,0.02
decay_setting_090,Blueprint prompt,79.5,0.02
decay_setting_090,Blueprint prompt,80.5,0.02
decay_setting_090,Blueprint prompt,81.5,0.02
decay_setting_090,Blueprint prompt,82.5,0.02
decay_setting_090,Blueprint prompt,83.5,0.01
decay_setting_090,Blueprint prompt,84.5,0.01
decay_setting_090,Blueprint prompt,85.5,0.01
decay_setting_090,Blueprint prompt,86.5,0.01
decay_setting_090,Blueprint prompt,87.5,0.01
decay_setting_090,Blueprint prompt,88.5,0.01
decay_setting_090,Blueprint prompt,89.5,0.01
decay_setting_090,Blueprint prompt,90.5,0.01
decay_setting_090,Blueprint prompt,91.5,0.01
decay_setting_090,Blueprint prompt,92.5,0.01
decay_setting_090,Blueprint prompt,93.5,0.01
decay_setting_090,Blueprint prompt,94.5,0.01
decay_setting_090,Blueprint prompt,95.5,0.01
decay_setting_090,Blueprint prompt,96.5,0.01
decay_setting_090,Blueprint prompt,97.5,0.01
decay_setting_090,Blueprint prompt,98.5,0.01
decay_setting_090,Blueprint prompt,99.5,0.01
decay_setting_091,Baseline prompt,0.5,0.85
decay_setting_091,Baseline prompt,1.5,0.83
decay_setting_091,Baseline prompt,2.5,0.8
decay_setting_091,Baseline prompt,3.5,0.75
decay_setting_091,Baseline prompt,4.5,0.72
decay_setting_091,Baseline prompt,5.5,0.7
decay_setting_091,Baseline prompt,6.5,0.67
decay_setting_091,Baseline prompt,7.5,0.64
decay_setting_091,Baseline prompt,8.5,0.62
decay_setting_091,Baseline prompt,9.5,0.59
decay_setting_091,Baseline prompt,10.5,0.56
decay_setting_091,Baseline prompt,11.5,0.54
decay_setting_091,Baseline prompt,12.5,0.51
decay_setting_091,Baseline prompt,13.5,0.49
decay_setting_091,Baseline prompt,14.5,0.46
decay_setting_091,Baseline prompt,15.5,0.44
decay_setting_091,Baseline prompt,16.5,0.41
decay_setting_091,Baseline prompt,17.5,0.39
decay_setting_091,Baseline prompt,18.5,0.37
decay_setting_091,Baseline prompt,19.5,0.35
decay_setting_091,Baseline prompt,20.5,0.33
decay_setting_091,Baseline prompt,21.5,0.31
decay_setting_091,Baseline prompt,22.5,0.28
decay_setting_091,Baseline prompt,23.5,0.26
decay_setting_091,Baseline prompt,24.5,0.24
decay_setting_091,Baseline prompt,25.5,0.22
decay_setting_091,Baseline prompt,26.5,0.2
decay_setting_091,Baseline prompt,27.5,0.19
decay_setting_091,Baseline prompt,28.5,0.17
decay_setting_091,Baseline prompt,29.5,0.16
decay_setting_091,Baseline prompt,30.5,0.14
decay_setting_091,Baseline prompt,31.5,0.13
decay_setting_091,Baseline prompt,32.5,0.12
decay_setting_091,Baseline prompt,33.5,0.11
decay_setting_091,Baseline prompt,34.5,0.1
decay_setting_091,Baseline prompt,35.5,0.09
decay_setting_091,Baseline prompt,36.5,0.08
decay_setting_091,Baseline prompt,37.5,0.07
decay_setting_091,Baseline prompt,38.5,0.07
decay_setting_091,Baseline prompt,39.5,0.06
decay_setting_091,Baseline prompt,40.5,0.05
decay_setting_091,Baseline prompt,41.5,0.05
decay_setting_091,Baseline prompt,42.5,0.05
decay_setting_091,Baseline prompt,43.5,0.04
decay_setting_091,Baseline prompt,44.5,0.04
decay_setting_091,Baseline prompt,45.5,0.03
decay_setting_091,Baseline prompt,46.5,0.03
decay_setting_091,Baseline prompt,47.5,0.03
decay_setting_091,Baseline prompt,48.5,0.02
decay_setting_091,Baseline prompt,49.5,0.02
decay_setting_091,Baseline prompt,50.5,0.02
decay_setting_091,Baseline prompt,51.5,0.02
decay_setting_091,Baseline prompt,52.5,0.02
decay_setting_091,Baseline prompt,53.5,0.02
decay_setting_091,Baseline prompt,54.5,0.01
decay_setting_091,Baseline prompt,55.5,0.01
decay_setting_091,Baseline prompt,56.5,0.01
decay_setting_091,Baseline prompt,57.5,0.01
decay_setting_091,Baseline prompt,58.5,0.01
decay_setting_091,Baseline prompt,59.5,0.01
decay_setting_091,Baseline prompt,60.5,0.01
decay_setting_091,Baseline prompt,61.5,0.01
decay_setting_091,Baseline prompt,62.5,0.01
decay_setting_091,Baseline prompt,63.5,0.01
decay_setting_091,Baseline prompt,64.5,0.01
decay_setting_091,Baseline prompt,65.5,0.01
decay_setting_091,Baseline prompt,66.5,0.01
decay_setting_091,Baseline prompt,67.5,0.01
decay_setting_091,Baseline prompt,68.5,0.01
decay_setting_091,Baseline prompt,69.5,0.01
decay_setting_091,Baseline prompt,70.5,0.01
decay_setting_091,Baseline prompt,71.5,0.01
decay_setting_091,Baseline prompt,72.5,0.01
decay_setting_091,Baseline prompt,73.5,0.01
decay_setting_091,Baseline prompt,74.5,0.01
decay_setting_091,Baseline prompt,75.5,0.01
decay_setting_091,Baseline prompt,76.5,0.01
decay_setting_091,Baseline prompt,77.5,0.01
decay_setting_091,Baseline prompt,78.5,0.01
decay_setting_091,Baseline prompt,79.5,0.01
decay_setting_091,Baseline prompt,80.5,0.01
decay_setting_091,Baseline prompt,81.5,0.01
decay_setting_091,Baseline prompt,82.5,0.01
decay_setting_091,Baseline prompt,83.5,0.01
decay_setting_091,Baseline prompt,84.5,0.01
decay_setting_091,Baseline prompt,85.5,0.01
decay_setting_091,Baseline prompt,86.5,0.01
decay_setting_091,Baseline prompt,87.5,0.01
decay_setting_091,Baseline prompt,88.5,0.01
decay_setting_091,Baseline prompt,89.5,0.01
decay_setting_091,Baseline prompt,90.5,0.01
decay_setting_091,Baseline prompt,91.5,0.01
decay_setting_091,Baseline prompt,92.5,0.01
decay_setting_091,Baseline prompt,93.5,0.01
decay_setting_091,Baseline prompt,94.5,0.01
decay_setting_091,Baseline prompt,95.5,0.01
decay_setting_091,Baseline prompt,96.5,0.01
decay_setting_091,Baseline prompt,97.5,0.01
decay_setting_091,Baseline prompt,98.5,0.01
decay_setting_091,Baseline prompt,99.5,0.01
decay_setting_091,Blueprint prompt,0.5,0.91
decay_setting_091,Blueprint prompt,1.5,0.89
decay_setting_091,Blueprint prompt,2.5,0.88
decay_setting_091,Blueprint prompt,3.5,0.86
decay_setting_091,Blueprint prompt,4.5,0.85
decay_setting_091,Blueprint prompt,5.5,0.83
decay_setting_091,Blueprint prompt,6.5,0.81
decay_setting_091,Blueprint prompt,7.5,0.79
decay_setting_091,Blueprint prompt,8.5,0.76
decay_setting_091,Blueprint prompt,9.5,0.74
decay_setting_091,Blueprint prompt,10.5,0.72
decay_setting_091,Blueprint prompt,11.5,0.69
decay_setting_091,Blueprint prompt,12.5,0.67
decay_setting_091,Blueprint prompt,13.5,0.65
decay_setting_091,Blueprint prompt,14.5,0.63
decay_setting_091,Blueprint prompt,15.5,0.61
decay_setting_091,Blueprint prompt,16.5,0.6
decay_setting_091,Blueprint prompt,17.5,0.58
decay_setting_091,Blueprint prompt,18.5,0.56
decay_setting_091,Blueprint prompt,19.5,0.54
decay_setting_091,Blueprint prompt,20.5,0.52
decay_setting_091,Blueprint prompt,21.5,0.5
decay_setting_091,Blueprint prompt,22.5,0.49
decay_setting_091,Blueprint prompt,23.5,0.47
decay_setting_091,Blueprint prompt,24.5,0.45
decay_setting_091,Blueprint prompt,25.5,0.43
decay_setting_091,Blueprint prompt,26.5,0.41
decay_setting_091,Blueprint prompt,27.5,0.4
decay_setting_091,Blueprint prompt,28.5,0.38
decay_setting_091,Blueprint prompt,29.5,0.37
decay_setting_091,Blueprint prompt,30.5,0.36
decay_setting_091,Blueprint prompt,31.5,0.34
decay_setting_091,Blueprint prompt,32.5,0.33
decay_setting_091,Blueprint prompt,33.5,0.32
decay_setting_091,Blueprint prompt,34.5,0.31
decay_setting_091,Blueprint prompt,35.5,0.3
decay_setting_091,Blueprint prompt,36.5,0.28
decay_setting_091,Blueprint prompt,37.5,0.27
decay_setting_091,Blueprint prompt,38.5,0.26
decay_setting_091,Blueprint prompt,39.5,0.25
decay_setting_091,Blueprint prompt,40.5,0.24
decay_setting_091,Blueprint prompt,41.5,0.23
decay_setting_091,Blueprint prompt,42.5,0.22
decay_setting_091,Blueprint prompt,43.5,0.21
decay_setting_091,Blueprint prompt,44.5,0.2
decay_setting_091,Blueprint prompt,45.5,0.19
decay_setting_091,Blueprint prompt,46.5,0.18
decay_setting_091,Blueprint prompt,47.5,0.17
decay_setting_091,Blueprint prompt,48.5,0.17
decay_setting_091,Blueprint prompt,49.5,0.16
decay_setting_091,Blueprint prompt,50.5,0.15
decay_setting_091,Blueprint prompt,51.5,0.15
decay_setting_091,Blueprint prompt,52.5,0.14
decay_setting_091,Blueprint prompt,53.5,0.14
decay_setting_091,Blueprint prompt,54.5,0.13
decay_setting_091,Blueprint prompt,55.5,0.13
decay_setting_091,Blueprint prompt,56.5,0.12
decay_setting_091,Blueprint prompt,57.5,0.12
decay_setting_091,Blueprint prompt,58.5,0.11
decay_setting_091,Blueprint prompt,59.5,0.11
decay_setting_091,Blueprint prompt,60.5,0.11
decay_setting_091,Blueprint prompt,61.5,0.1
decay_setting_091,Blueprint prompt,62.5,0.1
decay_setting_091,Blueprint prompt,63.5,0.09
decay_setting_091,Blueprint prompt,64.5,0.09
decay_setting_091,Blueprint prompt,65.5,0.09
decay_setting_091,Blueprint prompt,66.5,0.08
decay_setting_091,Blueprint prompt,67.5,0.08
decay_setting_091,Blueprint prompt,68.5,0.08
decay_setting_091,Blueprint prompt,69.5,0.08
decay_setting_091,Blueprint prompt,70.5,0.07
decay_setting_091,Blueprint prompt,71.5,0.07
decay_setting_091,Blueprint prompt,72.5,0.07
decay_setting_091,Blueprint prompt,73.5,0.06
decay_setting_091,Blueprint prompt,74.5,0.06
decay_setting_091,Blueprint prompt,75.5,0.06
decay_setting_091,Blueprint prompt,76.5,0.06
decay_setting_091,Blueprint prompt,77.5,0.05
decay_setting_091,Blueprint prompt,78.5,0.05
decay_setting_091,Blueprint prompt,79.5,0.05
decay_setting_091,Blueprint prompt,80.5,0.05
decay_setting_091,Blueprint prompt,81.5,0.05
decay_setting_091,Blueprint prompt,82.5,0.05
decay_setting_091,Blueprint prompt,83.5,0.04
decay_setting_091,Blueprint prompt,84.5,0.04
decay_setting_091,Blueprint prompt,85.5,0.04
decay_setting_091,Blueprint prompt,86.5,0.04
decay_setting_091,Blueprint prompt,87.5,0.03
decay_setting_091,Blueprint prompt,88.5,0.03
decay_setting_091,Blueprint prompt,89.5,0.03
decay_setting_091,Blueprint prompt,90.5,0.03
decay_setting_091,Blueprint prompt,91.5,0.03
decay_setting_091,Blueprint prompt,92.5,0.03
decay_setting_091,Blueprint prompt,93.5,0.02
decay_setting_091,Blueprint prompt,94.5,0.02
decay_setting_091,Blueprint prompt,95.5,0.02
decay_setting_091,Blueprint prompt,96.5,0.02
decay_setting_091,Blueprint prompt,97.5,0.02
decay_setting_091,Blueprint prompt,98.5,0.01
decay_setting_091,Blueprint prompt,99.5,0.01
decay_setting_088,Baseline prompt,0.5,0.85
decay_setting_088,Baseline prompt,1.5,0.83
decay_setting_088,Baseline prompt,2.5,0.81
decay_setting_088,Baseline prompt,3.5,0.78
decay_setting_088,Baseline prompt,4.5,0.75
decay_setting_088,Baseline prompt,5.5,0.71
decay_setting_088,Baseline prompt,6.5,0.67
decay_setting_088,Baseline prompt,7.5,0.63
decay_setting_088,Baseline prompt,8.5,0.59
decay_setting_088,Baseline prompt,9.5,0.55
decay_setting_088,Baseline prompt,10.5,0.51
decay_setting_088,Baseline prompt,11.5,0.47
decay_setting_088,Baseline prompt,12.5,0.44
decay_setting_088,Baseline prompt,13.5,0.41
decay_setting_088,Baseline prompt,14.5,0.38
decay_setting_088,Baseline prompt,15.5,0.35
decay_setting_088,Baseline prompt,16.5,0.33
decay_setting_088,Baseline prompt,17.5,0.31
decay_setting_088,Baseline prompt,18.5,0.29
decay_setting_088,Baseline prompt,19.5,0.27
decay_setting_088,Baseline prompt,20.5,0.25
decay_setting_088,Baseline prompt,21.5,0.24
decay_setting_088,Baseline prompt,22.5,0.23
decay_setting_088,Baseline prompt,23.5,0.22
decay_setting_088,Baseline prompt,24.5,0.21
decay_setting_088,Baseline prompt,25.5,0.2
decay_setting_088,Baseline prompt,26.5,0.19
decay_setting_088,Baseline prompt,27.5,0.18
decay_setting_088,Baseline prompt,28.5,0.17
decay_setting_088,Baseline prompt,29.5,0.16
decay_setting_088,Baseline prompt,30.5,0.15
decay_setting_088,Baseline prompt,31.5,0.14
decay_setting_088,Baseline prompt,32.5,0.13
decay_setting_088,Baseline prompt,33.5,0.12
decay_setting_088,Baseline prompt,34.5,0.11
decay_setting_088,Baseline prompt,35.5,0.1
decay_setting_088,Baseline prompt,36.5,0.09
decay_setting_088,Baseline prompt,37.5,0.09
decay_setting_088,Baseline prompt,38.5,0.08
decay_setting_088,Baseline prompt,39.5,0.08
decay_setting_088,Baseline prompt,40.5,0.07
decay_setting_088,Baseline prompt,41.5,0.07
decay_setting_088,Baseline prompt,42.5,0.07
decay_setting_088,Baseline prompt,43.5,0.06
decay_setting_088,Baseline prompt,44.5,0.06
decay_setting_088,Baseline prompt,45.5,0.06
decay_setting_088,Baseline prompt,46.5,0.05
decay_setting_088,Baseline prompt,47.5,0.05
decay_setting_088,Baseline prompt,48.5,0.05
decay_setting_088,Baseline prompt,49.5,0.05
decay_setting_088,Baseline prompt,50.5,0.04
decay_setting_088,Baseline prompt,51.5,0.04
decay_setting_088,Baseline prompt,52.5,0.04
decay_setting_088,Baseline prompt,53.5,0.04
decay_setting_088,Baseline prompt,54.5,0.03
decay_setting_088,Baseline prompt,55.5,0.03
decay_setting_088,Baseline prompt,56.5,0.03
decay_setting_088,Baseline prompt,57.5,0.03
decay_setting_088,Baseline prompt,58.5,0.02
decay_setting_088,Baseline prompt,59.5,0.02
decay_setting_088,Baseline prompt,60.5,0.02
decay_setting_088,Baseline prompt,61.5,0.02
decay_setting_088,Baseline prompt,62.5,0.02
decay_setting_088,Baseline prompt,63.5,0.02
decay_setting_088,Baseline prompt,64.5,0.02
decay_setting_088,Baseline prompt,65.5,0.01
decay_setting_088,Baseline prompt,66.5,0.01
decay_setting_088,Baseline prompt,67.5,0.01
decay_setting_088,Baseline prompt,68.5,0.01
decay_setting_088,Baseline prompt,69.5,0.01
decay_setting_088,Baseline prompt,70.5,0.01
decay_setting_088,Baseline prompt,71.5,0.01
decay_setting_088,Baseline prompt,72.5,0.01
decay_setting_088,Baseline prompt,73.5,0.01
decay_setting_088,Baseline prompt,74.5,0.01
decay_setting_088,Baseline prompt,75.5,0.01
decay_setting_088,Baseline prompt,76.5,0.01
decay_setting_088,Baseline prompt,77.5,0.01
decay_setting_088,Baseline prompt,78.5,0.01
decay_setting_088,Baseline prompt,79.5,0.01
decay_setting_088,Baseline prompt,80.5,0.01
decay_setting_088,Baseline prompt,81.5,0.01
decay_setting_088,Baseline prompt,82.5,0.01
decay_setting_088,Baseline prompt,83.5,0.01
decay_setting_088,Baseline prompt,84.5,0.01
decay_setting_088,Baseline prompt,85.5,0.01
decay_setting_088,Baseline prompt,86.5,0.01
decay_setting_088,Baseline prompt,87.5,0.01
decay_setting_088,Baseline prompt,88.5,0.01
decay_setting_088,Baseline prompt,89.5,0.01
decay_setting_088,Baseline prompt,90.5,0.01
decay_setting_088,Baseline prompt,91.5,0.01
decay_setting_088,Baseline prompt,92.5,0.01
decay_setting_088,Baseline prompt,93.5,0.01
decay_setting_088,Baseline prompt,94.5,0.01
decay_setting_088,Baseline prompt,95.5,0.01
decay_setting_088,Baseline prompt,96.5,0.01
decay_setting_088,Baseline prompt,97.5,0.01
decay_setting_088,Baseline prompt,98.5,0.01
decay_setting_088,Baseline prompt,99.5,0.01
decay_setting_092,Baseline prompt,0.5,0.82
decay_setting_092,Baseline prompt,1.5,0.79
decay_setting_092,Baseline prompt,2.5,0.78
decay_setting_092,Baseline prompt,3.5,0.75
decay_setting_092,Baseline prompt,4.5,0.72
decay_setting_092,Baseline prompt,5.5,0.68
decay_setting_092,Baseline prompt,6.5,0.66
decay_setting_092,Baseline prompt,7.5,0.63
decay_setting_092,Baseline prompt,8.5,0.6
decay_setting_092,Baseline prompt,9.5,0.58
decay_setting_092,Baseline prompt,10.5,0.55
decay_setting_092,Baseline prompt,11.5,0.52
decay_setting_092,Baseline prompt,12.5,0.5
decay_setting_092,Baseline prompt,13.5,0.48
decay_setting_092,Baseline prompt,14.5,0.45
decay_setting_092,Baseline prompt,15.5,0.43
decay_setting_092,Baseline prompt,16.5,0.4
decay_setting_092,Baseline prompt,17.5,0.38
decay_setting_092,Baseline prompt,18.5,0.35
decay_setting_092,Baseline prompt,19.5,0.33
decay_setting_092,Baseline prompt,20.5,0.31
decay_setting_092,Baseline prompt,21.5,0.29
decay_setting_092,Baseline prompt,22.5,0.28
decay_setting_092,Baseline prompt,23.5,0.26
decay_setting_092,Baseline prompt,24.5,0.25
decay_setting_092,Baseline prompt,25.5,0.23
decay_setting_092,Baseline prompt,26.5,0.21
decay_setting_092,Baseline prompt,27.5,0.2
decay_setting_092,Baseline prompt,28.5,0.18
decay_setting_092,Baseline prompt,29.5,0.17
decay_setting_092,Baseline prompt,30.5,0.16
decay_setting_092,Baseline prompt,31.5,0.15
decay_setting_092,Baseline prompt,32.5,0.14
decay_setting_092,Baseline prompt,33.5,0.12
decay_setting_092,Baseline prompt,34.5,0.11
decay_setting_092,Baseline prompt,35.5,0.1
decay_setting_092,Baseline prompt,36.5,0.1
decay_setting_092,Baseline prompt,37.5,0.09
decay_setting_092,Baseline prompt,38.5,0.08
decay_setting_092,Baseline prompt,39.5,0.07
decay_setting_092,Baseline prompt,40.5,0.07
decay_setting_092,Baseline prompt,41.5,0.06
decay_setting_092,Baseline prompt,42.5,0.06
decay_setting_092,Baseline prompt,43.5,0.05
decay_setting_092,Baseline prompt,44.5,0.05
decay_setting_092,Baseline prompt,45.5,0.04
decay_setting_092,Baseline prompt,46.5,0.04
decay_setting_092,Baseline prompt,47.5,0.03
decay_setting_092,Baseline prompt,48.5,0.03
decay_setting_092,Baseline prompt,49.5,0.02
decay_setting_092,Baseline prompt,50.5,0.02
decay_setting_092,Baseline prompt,51.5,0.02
decay_setting_092,Baseline prompt,52.5,0.02
decay_setting_092,Baseline prompt,53.5,0.02
decay_setting_092,Baseline prompt,54.5,0.02
decay_setting_092,Baseline prompt,55.5,0.02
decay_setting_092,Baseline prompt,56.5,0.02
decay_setting_092,Baseline prompt,57.5,0.01
decay_setting_092,Baseline prompt,58.5,0.01
decay_setting_092,Baseline prompt,59.5,0.01
decay_setting_092,Baseline prompt,60.5,0.01
decay_setting_092,Baseline prompt,61.5,0.01
decay_setting_092,Baseline prompt,62.5,0.01
decay_setting_092,Baseline prompt,63.5,0.01
decay_setting_092,Baseline prompt,64.5,0.01
decay_setting_092,Baseline prompt,65.5,0.01
decay_setting_092,Baseline prompt,66.5,0.01
decay_setting_092,Baseline prompt,67.5,0.01
decay_setting_092,Baseline prompt,68.5,0.01
decay_setting_092,Baseline prompt,69.5,0.01
decay_setting_092,Baseline prompt,70.5,0.01
decay_setting_092,Baseline prompt,71.5,0.01
decay_setting_092,Baseline prompt,72.5,0.01
decay_setting_092,Baseline prompt,73.5,0.01
decay_setting_092,Baseline prompt,74.5,0.01
decay_setting_092,Baseline prompt,75.5,0.01
decay_setting_092,Baseline prompt,76.5,0.01
decay_setting_092,Baseline prompt,77.5,0.01
decay_setting_092,Baseline prompt,78.5,0.01
decay_setting_092,Baseline prompt,79.5,0.01
decay_setting_092,Baseline prompt,80.5,0.01
decay_setting_092,Baseline prompt,81.5,0.01
decay_setting_092,Baseline prompt,82.5,0.01
decay_setting_092,Baseline prompt,83.5,0.01
decay_setting_092,Baseline prompt,84.5,0.01
decay_setting_092,Baseline prompt,85.5,0.01
decay_setting_092,Baseline prompt,86.5,0.01
decay_setting_092,Baseline prompt,87.5,0.01
decay_setting_092,Baseline prompt,88.5,0.01
decay_setting_092,Baseline prompt,89.5,0.01
decay_setting_092,Baseline prompt,90.5,0.01
decay_setting_092,Baseline prompt,91.5,0.01
decay_setting_092,Baseline prompt,92.5,0.01
decay_setting_092,Baseline prompt,93.5,0.01
decay_setting_092,Baseline prompt,94.5,0.01
decay_setting_092,Baseline prompt,95.5,0.01
decay_setting_092,Baseline prompt,96.5,0.01
decay_setting_092,Baseline prompt,97.5,0.01
decay_setting_092,Baseline prompt,98.5,0.01
decay_setting_092,Baseline prompt,99.5,0.01
decay_setting_092,Blueprint prompt,0.5,0.92
decay_setting_092,Blueprint prompt,1.5,0.91
decay_setting_092,Blueprint prompt,2.5,0.89
decay_setting_092,Blueprint prompt,3.5,0.88
decay_setting_092,Blueprint prompt,4.5,0.86
decay_setting_092,Blueprint prompt,5.5,0.84
decay_setting_092,Blueprint prompt,6.5,0.82
decay_setting_092,Blueprint prompt,7.5,0.81
decay_setting_092,Blueprint prompt,8.5,0.78
decay_setting_092,Blueprint prompt,9.5,0.76
decay_setting_092,Blueprint prompt,10.5,0.74
decay_setting_092,Blueprint prompt,11.5,0.72
decay_setting_092,Blueprint prompt,12.5,0.7
decay_setting_092,Blueprint prompt,13.5,0.69
decay_setting_092,Blueprint prompt,14.5,0.67
decay_setting_092,Blueprint prompt,15.5,0.66
decay_setting_092,Blueprint prompt,16.5,0.64
decay_setting_092,Blueprint prompt,17.5,0.62
decay_setting_092,Blueprint prompt,18.5,0.6
decay_setting_092,Blueprint prompt,19.5,0.58
decay_setting_092,Blueprint prompt,20.5,0.57
decay_setting_092,Blueprint prompt,21.5,0.55
decay_setting_092,Blueprint prompt,22.5,0.54
decay_setting_092,Blueprint prompt,23.5,0.53
decay_setting_092,Blueprint prompt,24.5,0.51
decay_setting_092,Blueprint prompt,25.5,0.5
decay_setting_092,Blueprint prompt,26.5,0.49
decay_setting_092,Blueprint prompt,27.5,0.47
decay_setting_092,Blueprint prompt,28.5,0.46
decay_setting_092,Blueprint prompt,29.5,0.45
decay_setting_092,Blueprint prompt,30.5,0.43
decay_setting_092,Blueprint prompt,31.5,0.42
decay_setting_092,Blueprint prompt,32.5,0.41
decay_setting_092,Blueprint prompt,33.5,0.4
decay_setting_092,Blueprint prompt,34.5,0.38
decay_setting_092,Blueprint prompt,35.5,0.37
decay_setting_092,Blueprint prompt,36.5,0.36
decay_setting_092,Blueprint prompt,37.5,0.35
decay_setting_092,Blueprint prompt,38.5,0.34
decay_setting_092,Blueprint prompt,39.5,0.33
decay_setting_092,Blueprint prompt,40.5,0.32
decay_setting_092,Blueprint prompt,41.5,0.31
decay_setting_092,Blueprint prompt,42.5,0.3
decay_setting_092,Blueprint prompt,43.5,0.29
decay_setting_092,Blueprint prompt,44.5,0.28
decay_setting_092,Blueprint prompt,45.5,0.27
decay_setting_092,Blueprint prompt,46.5,0.26
decay_setting_092,Blueprint prompt,47.5,0.26
decay_setting_092,Blueprint prompt,48.5,0.25
decay_setting_092,Blueprint prompt,49.5,0.24
decay_setting_092,Blueprint prompt,50.5,0.23
decay_setting_092,Blueprint prompt,51.5,0.23
decay_setting_092,Blueprint prompt,52.5,0.22
decay_setting_092,Blueprint prompt,53.5,0.21
decay_setting_092,Blueprint prompt,54.5,0.21
decay_setting_092,Blueprint prompt,55.5,0.2
decay_setting_092,Blueprint prompt,56.5,0.19
decay_setting_092,Blueprint prompt,57.5,0.19
decay_setting_092,Blueprint prompt,58.5,0.18
decay_setting_092,Blueprint prompt,59.5,0.18
decay_setting_092,Blueprint prompt,60.5,0.17
decay_setting_092,Blueprint prompt,61.5,0.17
decay_setting_092,Blueprint prompt,62.5,0.16
decay_setting_092,Blueprint prompt,63.5,0.15
decay_setting_092,Blueprint prompt,64.5,0.15
decay_setting_092,Blueprint prompt,65.5,0.14
decay_setting_092,Blueprint prompt,66.5,0.14
decay_setting_092,Blueprint prompt,67.5,0.13
decay_setting_092,Blueprint prompt,68.5,0.13
decay_setting_092,Blueprint prompt,69.5,0.12
decay_setting_092,Blueprint prompt,70.5,0.12
decay_setting_092,Blueprint prompt,71.5,0.11
decay_setting_092,Blueprint prompt,72.5,0.11
decay_setting_092,Blueprint prompt,73.5,0.1
decay_setting_092,Blueprint prompt,74.5,0.1
decay_setting_092,Blueprint prompt,75.5,0.09
decay_setting_092,Blueprint prompt,76.5,0.09
decay_setting_092,Blueprint prompt,77.5,0.08
decay_setting_092,Blueprint prompt,78.5,0.08
decay_setting_092,Blueprint prompt,79.5,0.08
decay_setting_092,Blueprint prompt,80.5,0.08
decay_setting_092,Blueprint prompt,81.5,0.08
decay_setting_092,Blueprint prompt,82.5,0.07
decay_setting_092,Blueprint prompt,83.5,0.07
decay_setting_092,Blueprint prompt,84.5,0.07
decay_setting_092,Blueprint prompt,85.5,0.07
decay_setting_092,Blueprint prompt,86.5,0.07
decay_setting_092,Blueprint prompt,87.5,0.06
decay_setting_092,Blueprint prompt,88.5,0.06
decay_setting_092,Blueprint prompt,89.5,0.06
decay_setting_092,Blueprint prompt,90.5,0.06
decay_setting_092,Blueprint prompt,91.5,0.05
decay_setting_092,Blueprint prompt,92.5,0.05
decay_setting_092,Blueprint prompt,93.5,0.05
decay_setting_092,Blueprint prompt,94.5,0.05
decay_setting_092,Blueprint prompt,95.5,0.05
decay_setting_092,Blueprint prompt,96.5,0.05
decay_setting_092,Blueprint prompt,97.5,0.05
decay_setting_092,Blueprint prompt,98.5,0.05
decay_setting_092,Blueprint prompt,99.5,0.05
decay_setting_094,Baseline prompt,0.5,0.85
decay_setting_094,Baseline prompt,1.5,0.83
decay_setting_094,Baseline prompt,2.5,0.81
decay_setting_094,Baseline prompt,3.5,0.79
decay_setting_094,Baseline prompt,4.5,0.75
decay_setting_094,Baseline prompt,5.5,0.72
decay_setting_094,Baseline prompt,6.5,0.69
decay_setting_094,Baseline prompt,7.5,0.66
decay_setting_094,Baseline prompt,8.5,0.63
decay_setting_094,Baseline prompt,9.5,0.6
decay_setting_094,Baseline prompt,10.5,0.58
decay_setting_094,Baseline prompt,11.5,0.55
decay_setting_094,Baseline prompt,12.5,0.52
decay_setting_094,Baseline prompt,13.5,0.5
decay_setting_094,Baseline prompt,14.5,0.48
decay_setting_094,Baseline prompt,15.5,0.46
decay_setting_094,Baseline prompt,16.5,0.44
decay_setting_094,Baseline prompt,17.5,0.42
decay_setting_094,Baseline prompt,18.5,0.41
decay_setting_094,Baseline prompt,19.5,0.39
decay_setting_094,Baseline prompt,20.5,0.37
decay_setting_094,Baseline prompt,21.5,0.35
decay_setting_094,Baseline prompt,22.5,0.33
decay_setting_094,Baseline prompt,23.5,0.31
decay_setting_094,Baseline prompt,24.5,0.29
decay_setting_094,Baseline prompt,25.5,0.27
decay_setting_094,Baseline prompt,26.5,0.25
decay_setting_094,Baseline prompt,27.5,0.23
decay_setting_094,Baseline prompt,28.5,0.21
decay_setting_094,Baseline prompt,29.5,0.2
decay_setting_094,Baseline prompt,30.5,0.19
decay_setting_094,Baseline prompt,31.5,0.18
decay_setting_094,Baseline prompt,32.5,0.17
decay_setting_094,Baseline prompt,33.5,0.16
decay_setting_094,Baseline prompt,34.5,0.15
decay_setting_094,Baseline prompt,35.5,0.14
decay_setting_094,Baseline prompt,36.5,0.13
decay_setting_094,Baseline prompt,37.5,0.12
decay_setting_094,Baseline prompt,38.5,0.11
decay_setting_094,Baseline prompt,39.5,0.1
decay_setting_094,Baseline prompt,40.5,0.09
decay_setting_094,Baseline prompt,41.5,0.08
decay_setting_094,Baseline prompt,42.5,0.07
decay_setting_094,Baseline prompt,43.5,0.07
decay_setting_094,Baseline prompt,44.5,0.06
decay_setting_094,Baseline prompt,45.5,0.06
decay_setting_094,Baseline prompt,46.5,0.06
decay_setting_094,Baseline prompt,47.5,0.05
decay_setting_094,Baseline prompt,48.5,0.05
decay_setting_094,Baseline prompt,49.5,0.05
decay_setting_094,Baseline prompt,50.5,0.04
decay_setting_094,Baseline prompt,51.5,0.04
decay_setting_094,Baseline prompt,52.5,0.04
decay_setting_094,Baseline prompt,53.5,0.03
decay_setting_094,Baseline prompt,54.5,0.03
decay_setting_094,Baseline prompt,55.5,0.03
decay_setting_094,Baseline prompt,56.5,0.03
decay_setting_094,Baseline prompt,57.5,0.02
decay_setting_094,Baseline prompt,58.5,0.02
decay_setting_094,Baseline prompt,59.5,0.02
decay_setting_094,Baseline prompt,60.5,0.02
decay_setting_094,Baseline prompt,61.5,0.02
decay_setting_094,Baseline prompt,62.5,0.01
decay_setting_094,Baseline prompt,63.5,0.01
decay_setting_094,Baseline prompt,64.5,0.01
decay_setting_094,Baseline prompt,65.5,0.01
decay_setting_094,Baseline prompt,66.5,0.01
decay_setting_094,Baseline prompt,67.5,0.01
decay_setting_094,Baseline prompt,68.5,0.01
decay_setting_094,Baseline prompt,69.5,0.01
decay_setting_094,Baseline prompt,70.5,0.01
decay_setting_094,Baseline prompt,71.5,0.01
decay_setting_094,Baseline prompt,72.5,0.01
decay_setting_094,Baseline prompt,73.5,0.01
decay_setting_094,Baseline prompt,74.5,0.01
decay_setting_094,Baseline prompt,75.5,0.01
decay_setting_094,Baseline prompt,76.5,0.01
decay_setting_094,Baseline prompt,77.5,0.01
decay_setting_094,Baseline prompt,78.5,0.01
decay_setting_094,Baseline prompt,79.5,0.01
decay_setting_094,Baseline prompt,80.5,0.01
decay_setting_094,Baseline prompt,81.5,0.01
decay_setting_094,Baseline prompt,82.5,0.01
decay_setting_094,Baseline prompt,83.5,0.01
decay_setting_094,Baseline prompt,84.5,0.01
decay_setting_094,Baseline prompt,85.5,0.01
decay_setting_094,Baseline prompt,86.5,0.01
decay_setting_094,Baseline prompt,87.5,0.01
decay_setting_094,Baseline prompt,88.5,0.01
decay_setting_094,Baseline prompt,89.5,0.01
decay_setting_094,Baseline prompt,90.5,0.01
decay_setting_094,Baseline prompt,91.5,0.01
decay_setting_094,Baseline prompt,92.5,0.01
decay_setting_094,Baseline prompt,93.5,0.01
decay_setting_094,Baseline prompt,94.5,0.01
decay_setting_094,Baseline prompt,95.5,0.01
decay_setting_094,Baseline prompt,96.5,0.01
decay_setting_094,Baseline prompt,97.5,0.01
decay_setting_094,Baseline prompt,98.5,0.01
decay_setting_094,Baseline prompt,99.5,0.01
decay_setting_093,Blueprint prompt,0.5,0.86
decay_setting_093,Blueprint prompt,1.5,0.83
decay_setting_093,Blueprint prompt,2.5,0.81
decay_setting_093,Blueprint prompt,3.5,0.79
decay_setting_093,Blueprint prompt,4.5,0.76
decay_setting_093,Blueprint prompt,5.5,0.74
decay_setting_093,Blueprint prompt,6.5,0.72
decay_setting_093,Blueprint prompt,7.5,0.7
decay_setting_093,Blueprint prompt,8.5,0.67
decay_setting_093,Blueprint prompt,9.5,0.64
decay_setting_093,Blueprint prompt,10.5,0.6
decay_setting_093,Blueprint prompt,11.5,0.58
decay_setting_093,Blueprint prompt,12.5,0.57
decay_setting_093,Blueprint prompt,13.5,0.56
decay_setting_093,Blueprint prompt,14.5,0.55
decay_setting_093,Blueprint prompt,15.5,0.54
decay_setting_093,Blueprint prompt,16.5,0.53
decay_setting_093,Blueprint prompt,17.5,0.51
decay_setting_093,Blueprint prompt,18.5,0.49
decay_setting_093,Blueprint prompt,19.5,0.46
decay_setting_093,Blueprint prompt,20.5,0.44
decay_setting_093,Blueprint prompt,21.5,0.42
decay_setting_093,Blueprint prompt,22.5,0.4
decay_setting_093,Blueprint prompt,23.5,0.39
decay_setting_093,Blueprint prompt,24.5,0.37
decay_setting_093,Blueprint prompt,25.5,0.35
decay_setting_093,Blueprint prompt,26.5,0.34
decay_setting_093,Blueprint prompt,27.5,0.33
decay_setting_093,Blueprint prompt,28.5,0.32
decay_setting_093,Blueprint prompt,29.5,0.3
decay_setting_093,Blueprint prompt,30.5,0.29
decay_setting_093,Blueprint prompt,31.5,0.27
decay_setting_093,Blueprint prompt,32.5,0.26
decay_setting_093,Blueprint prompt,33.5,0.24
decay_setting_093,Blueprint prompt,34.5,0.23
decay_setting_093,Blueprint prompt,35.5,0.22
decay_setting_093,Blueprint prompt,36.5,0.2
decay_setting_093,Blueprint prompt,37.5,0.19
decay_setting_093,Blueprint prompt,38.5,0.18
decay_setting_093,Blueprint prompt,39.5,0.17
decay_setting_093,Blueprint prompt,40.5,0.16
decay_setting_093,Blueprint prompt,41.5,0.15
decay_setting_093,Blueprint prompt,42.5,0.14
decay_setting_093,Blueprint prompt,43.5,0.13
decay_setting_093,Blueprint prompt,44.5,0.12
decay_setting_093,Blueprint prompt,45.5,0.11
decay_setting_093,Blueprint prompt,46.5,0.1
decay_setting_093,Blueprint prompt,47.5,0.09
decay_setting_093,Blueprint prompt,48.5,0.09
decay_setting_093,Blueprint prompt,49.5,0.08
decay_setting_093,Blueprint prompt,50.5,0.08
decay_setting_093,Blueprint prompt,51.5,0.08
decay_setting_093,Blueprint prompt,52.5,0.07
decay_setting_093,Blueprint prompt,53.5,0.07
decay_setting_093,Blueprint prompt,54.5,0.07
decay_setting_093,Blueprint prompt,55.5,0.06
decay_setting_093,Blueprint prompt,56.5,0.06
decay_setting_093,Blueprint prompt,57.5,0.05
decay_setting_093,Blueprint prompt,58.5,0.05
decay_setting_093,Blueprint prompt,59.5,0.05
decay_setting_093,Blueprint prompt,60.5,0.05
decay_setting_093,Blueprint prompt,61.5,0.05
decay_setting_093,Blueprint prompt,62.5,0.05
decay_setting_093,Blueprint prompt,63.5,0.04
decay_setting_093,Blueprint prompt,64.5,0.04
decay_setting_093,Blueprint prompt,65.5,0.04
decay_setting_093,Blueprint prompt,66.5,0.04
decay_setting_093,Blueprint prompt,67.5,0.04
decay_setting_093,Blueprint prompt,68.5,0.04
decay_setting_093,Blueprint prompt,69.5,0.04
decay_setting_093,Blueprint prompt,70.5,0.03
decay_setting_093,Blueprint prompt,71.5,0.03
decay_setting_093,Blueprint prompt,72.5,0.03
decay_setting_093,Blueprint prompt,73.5,0.03
decay_setting_093,Blueprint prompt,74.5,0.03
decay_setting_093,Blueprint prompt,75.5,0.03
decay_setting_093,Blueprint prompt,76.5,0.03
decay_setting_093,Blueprint prompt,77.5,0.03
decay_setting_093,Blueprint prompt,78.5,0.02
decay_setting_093,Blueprint prompt,79.5,0.02
decay_setting_093,Blueprint prompt,80.5,0.02
decay_setting_093,Blueprint prompt,81.5,0.02
decay_setting_093,Blueprint prompt,82.5,0.02
decay_setting_093,Blueprint prompt,83.5,0.02
decay_setting_093,Blueprint prompt,84.5,0.02
decay_setting_093,Blueprint prompt,85.5,0.02
decay_setting_093,Blueprint prompt,86.5,0.02
decay_setting_093,Blueprint prompt,87.5,0.02
decay_setting_093,Blueprint prompt,88.5,0.02
decay_setting_093,Blueprint prompt,89.5,0.02
decay_setting_093,Blueprint prompt,90.5,0.02
decay_setting_093,Blueprint prompt,91.5,0.02
decay_setting_093,Blueprint prompt,92.5,0.02
decay_setting_093,Blueprint prompt,93.5,0.02
decay_setting_093,Blueprint prompt,94.5,0.02
decay_setting_093,Blueprint prompt,95.5,0.02
decay_setting_093,Blueprint prompt,96.5,0.02
decay_setting_093,Blueprint prompt,97.5,0.02
decay_setting_093,Blueprint prompt,98.5,0.02
decay_setting_093,Blueprint prompt,99.5,0.02
decay_setting_093,Baseline prompt,0.5,0.85
decay_setting_093,Baseline prompt,1.5,0.82
decay_setting_093,Baseline prompt,2.5,0.78
decay_setting_093,Baseline prompt,3.5,0.75
decay_setting_093,Baseline prompt,4.5,0.72
decay_setting_093,Baseline prompt,5.5,0.68
decay_setting_093,Baseline prompt,6.5,0.65
decay_setting_093,Baseline prompt,7.5,0.62
decay_setting_093,Baseline prompt,8.5,0.6
decay_setting_093,Baseline prompt,9.5,0.57
decay_setting_093,Baseline prompt,10.5,0.54
decay_setting_093,Baseline prompt,11.5,0.51
decay_setting_093,Baseline prompt,12.5,0.48
decay_setting_093,Baseline prompt,13.5,0.45
decay_setting_093,Baseline prompt,14.5,0.42
decay_setting_093,Baseline prompt,15.5,0.4
decay_setting_093,Baseline prompt,16.5,0.38
decay_setting_093,Baseline prompt,17.5,0.35
decay_setting_093,Baseline prompt,18.5,0.33
decay_setting_093,Baseline prompt,19.5,0.32
decay_setting_093,Baseline prompt,20.5,0.3
decay_setting_093,Baseline prompt,21.5,0.28
decay_setting_093,Baseline prompt,22.5,0.27
decay_setting_093,Baseline prompt,23.5,0.25
decay_setting_093,Baseline prompt,24.5,0.23
decay_setting_093,Baseline prompt,25.5,0.21
decay_setting_093,Baseline prompt,26.5,0.2
decay_setting_093,Baseline prompt,27.5,0.19
decay_setting_093,Baseline prompt,28.5,0.18
decay_setting_093,Baseline prompt,29.5,0.16
decay_setting_093,Baseline prompt,30.5,0.15
decay_setting_093,Baseline prompt,31.5,0.14
decay_setting_093,Baseline prompt,32.5,0.13
decay_setting_093,Baseline prompt,33.5,0.12
decay_setting_093,Baseline prompt,34.5,0.11
decay_setting_093,Baseline prompt,35.5,0.1
decay_setting_093,Baseline prompt,36.5,0.09
decay_setting_093,Baseline prompt,37.5,0.08
decay_setting_093,Baseline prompt,38.5,0.07
decay_setting_093,Baseline prompt,39.5,0.06
decay_setting_093,Baseline prompt,40.5,0.05
decay_setting_093,Baseline prompt,41.5,0.05
decay_setting_093,Baseline prompt,42.5,0.04
decay_setting_093,Baseline prompt,43.5,0.04
decay_setting_093,Baseline prompt,44.5,0.03
decay_setting_093,Baseline prompt,45.5,0.03
decay_setting_093,Baseline prompt,46.5,0.02
decay_setting_093,Baseline prompt,47.5,0.02
decay_setting_093,Baseline prompt,48.5,0.01
decay_setting_093,Baseline prompt,49.5,0.01
decay_setting_093,Baseline prompt,50.5,0.01
decay_setting_093,Baseline prompt,51.5,0.01
decay_setting_093,Baseline prompt,52.5,0.01
decay_setting_093,Baseline prompt,53.5,0.01
decay_setting_093,Baseline prompt,54.5,0.01
decay_setting_093,Baseline prompt,55.5,0.01
decay_setting_093,Baseline prompt,56.5,0.01
decay_setting_093,Baseline prompt,57.5,0.01
decay_setting_093,Baseline prompt,58.5,0.01
decay_setting_093,Baseline prompt,59.5,0.01
decay_setting_093,Baseline prompt,60.5,0.01
decay_setting_093,Baseline prompt,61.5,0.01
decay_setting_093,Baseline prompt,62.5,0.01
decay_setting_093,Baseline prompt,63.5,0.01
decay_setting_093,Baseline prompt,64.5,0.01
decay_setting_093,Baseline prompt,65.5,0.01
decay_setting_093,Baseline prompt,66.5,0.01
decay_setting_093,Baseline prompt,67.5,0.01
decay_setting_093,Baseline prompt,68.5,0.01
decay_setting_093,Baseline prompt,69.5,0.01
decay_setting_093,Baseline prompt,70.5,0.01
decay_setting_093,Baseline prompt,71.5,0.01
decay_setting_093,Baseline prompt,72.5,0.01
decay_setting_093,Baseline prompt,73.5,0.01
decay_setting_093,Baseline prompt,74.5,0.01
decay_setting_093,Baseline prompt,75.5,0.01
decay_setting_093,Baseline prompt,76.5,0.01
decay_setting_093,Baseline prompt,77.5,0.01
decay_setting_093,Baseline prompt,78.5,0.01
decay_setting_093,Baseline prompt,79.5,0.01
decay_setting_093,Baseline prompt,80.5,0.01
decay_setting_093,Baseline prompt,81.5,0.01
decay_setting_093,Baseline prompt,82.5,0.01
decay_setting_093,Baseline prompt,83.5,0.01
decay_setting_093,Baseline prompt,84.5,0.01
decay_setting_093,Baseline prompt,85.5,0.01
decay_setting_093,Baseline prompt,86.5,0.01
decay_setting_093,Baseline prompt,87.5,0.01
decay_setting_093,Baseline prompt,88.5,0.01
decay_setting_093,Baseline prompt,89.5,0.01
decay_setting_093,Baseline prompt,90.5,0.01
decay_setting_093,Baseline prompt,91.5,0.01
decay_setting_093,Baseline prompt,92.5,0.01
decay_setting_093,Baseline prompt,93.5,0.01
decay_setting_093,Baseline prompt,94.5,0.01
decay_setting_093,Baseline prompt,95.5,0.01
decay_setting_093,Baseline prompt,96.5,0.01
decay_setting_093,Baseline prompt,97.5,0.01
decay_setting_093,Baseline prompt,98.5,0.01
decay_setting_093,Baseline prompt,99.5,0.01
decay_setting_095,Blueprint prompt,0.5,0.91
decay_setting_095,Blueprint prompt,1.5,0.88
decay_setting_095,Blueprint prompt,2.5,0.84
decay_setting_095,Blueprint prompt,3.5,0.8
decay_setting_095,Blueprint prompt,4.5,0.76
decay_setting_095,Blueprint prompt,5.5,0.71
decay_setting_095,Blueprint prompt,6.5,0.66
decay_setting_095,Blueprint prompt,7.5,0.62
decay_setting_095,Blueprint prompt,8.5,0.59
decay_setting_095,Blueprint prompt,9.5,0.55
decay_setting_095,Blueprint prompt,10.5,0.52
decay_setting_095,Blueprint prompt,11.5,0.5
decay_setting_095,Blueprint prompt,12.5,0.47
decay_setting_095,Blueprint prompt,13.5,0.43
decay_setting_095,Blueprint prompt,14.5,0.4
decay_setting_095,Blueprint prompt,15.5,0.37
decay_setting_095,Blueprint prompt,16.5,0.34
decay_setting_095,Blueprint prompt,17.5,0.32
decay_setting_095,Blueprint prompt,18.5,0.29
decay_setting_095,Blueprint prompt,19.5,0.27
decay_setting_095,Blueprint prompt,20.5,0.25
decay_setting_095,Blueprint prompt,21.5,0.23
decay_setting_095,Blueprint prompt,22.5,0.21
decay_setting_095,Blueprint prompt,23.5,0.2
decay_setting_095,Blueprint prompt,24.5,0.18
decay_setting_095,Blueprint prompt,25.5,0.17
decay_setting_095,Blueprint prompt,26.5,0.16
decay_setting_095,Blueprint prompt,27.5,0.15
decay_setting_095,Blueprint prompt,28.5,0.13
decay_setting_095,Blueprint prompt,29.5,0.12
decay_setting_095,Blueprint prompt,30.5,0.11
decay_setting_095,Blueprint prompt,31.5,0.1
decay_setting_095,Blueprint prompt,32.5,0.09
decay_setting_095,Blueprint prompt,33.5,0.09
decay_setting_095,Blueprint prompt,34.5,0.08
decay_setting_095,Blueprint prompt,35.5,0.07
decay_setting_095,Blueprint prompt,36.5,0.07
decay_setting_095,Blueprint prompt,37.5,0.06
decay_setting_095,Blueprint prompt,38.5,0.06
decay_setting_095,Blueprint prompt,39.5,0.05
decay_setting_095,Blueprint prompt,40.5,0.05
decay_setting_095,Blueprint prompt,41.5,0.05
decay_setting_095,Blueprint prompt,42.5,0.04
decay_setting_095,Blueprint prompt,43.5,0.04
decay_setting_095,Blueprint prompt,44.5,0.04
decay_setting_095,Blueprint prompt,45.5,0.03
decay_setting_095,Blueprint prompt,46.5,0.03
decay_setting_095,Blueprint prompt,47.5,0.03
decay_setting_095,Blueprint prompt,48.5,0.03
decay_setting_095,Blueprint prompt,49.5,0.02
decay_setting_095,Blueprint prompt,50.5,0.02
decay_setting_095,Blueprint prompt,51.5,0.02
decay_setting_095,Blueprint prompt,52.5,0.01
decay_setting_095,Blueprint prompt,53.5,0.01
decay_setting_095,Blueprint prompt,54.5,0.01
decay_setting_095,Blueprint prompt,55.5,0.01
decay_setting_095,Blueprint prompt,56.5,0.01
decay_setting_095,Blueprint prompt,57.5,0.01
decay_setting_095,Blueprint prompt,58.5,0.01
decay_setting_095,Blueprint prompt,59.5,0.01
decay_setting_095,Blueprint prompt,60.5,0.01
decay_setting_095,Blueprint prompt,61.5,0.01
decay_setting_095,Blueprint prompt,62.5,0.01
decay_setting_095,Blueprint prompt,63.5,0.01
decay_setting_095,Blueprint prompt,64.5,0.01
decay_setting_095,Blueprint prompt,65.5,0.01
decay_setting_095,Blueprint prompt,66.5,0.01
decay_setting_095,Blueprint prompt,67.5,0.01
decay_setting_095,Blueprint prompt,68.5,0.01
decay_setting_095,Blueprint prompt,69.5,0.01
decay_setting_095,Blueprint prompt,70.5,0.01
decay_setting_095,Blueprint prompt,71.5,0.01
decay_setting_095,Blueprint prompt,72.5,0.01
decay_setting_095,Blueprint prompt,73.5,0.01
decay_setting_095,Blueprint prompt,74.5,0.01
decay_setting_095,Blueprint prompt,75.5,0.01
decay_setting_095,Blueprint prompt,76.5,0.01
decay_setting_095,Blueprint prompt,77.5,0.01
decay_setting_095,Blueprint prompt,78.5,0.01
decay_setting_095,Blueprint prompt,79.5,0.01
decay_setting_095,Blueprint prompt,80.5,0.01
decay_setting_095,Blueprint prompt,81.5,0.01
decay_setting_095,Blueprint prompt,82.5,0.01
decay_setting_095,Blueprint prompt,83.5,0.01
decay_setting_095,Blueprint prompt,84.5,0.01
decay_setting_095,Blueprint prompt,85.5,0.01
decay_setting_095,Blueprint prompt,86.5,0.01
decay_setting_095,Blueprint prompt,87.5,0.01
decay_setting_095,Blueprint prompt,88.5,0.01
decay_setting_095,Blueprint prompt,89.5,0.01
decay_setting_095,Blueprint prompt,90.5,0.01
decay_setting_095,Blueprint prompt,91.5,0.01
decay_setting_095,Blueprint prompt,92.5,0.01
decay_setting_095,Blueprint prompt,93.5,0.01
decay_setting_095,Blueprint prompt,94.5,0.01
decay_setting_095,Blueprint prompt,95.5,0.01
decay_setting_095,Blueprint prompt,96.5,0.01
decay_setting_095,Blueprint prompt,97.5,0.01
decay_setting_095,Blueprint prompt,98.5,0.01
decay_setting_095,Blueprint prompt,99.5,0.01
decay_setting_094,Blueprint prompt,0.5,0.86
decay_setting_094,Blueprint prompt,1.5,0.83
decay_setting_094,Blueprint prompt,2.5,0.82
decay_setting_094,Blueprint prompt,3.5,0.8
decay_setting_094,Blueprint prompt,4.5,0.78
decay_setting_094,Blueprint prompt,5.5,0.75
decay_setting_094,Blueprint prompt,6.5,0.72
decay_setting_094,Blueprint prompt,7.5,0.71
decay_setting_094,Blueprint prompt,8.5,0.69
decay_setting_094,Blueprint prompt,9.5,0.67
decay_setting_094,Blueprint prompt,10.5,0.66
decay_setting_094,Blueprint prompt,11.5,0.64
decay_setting_094,Blueprint prompt,12.5,0.63
decay_setting_094,Blueprint prompt,13.5,0.62
decay_setting_094,Blueprint prompt,14.5,0.59
decay_setting_094,Blueprint prompt,15.5,0.57
decay_setting_094,Blueprint prompt,16.5,0.55
decay_setting_094,Blueprint prompt,17.5,0.53
decay_setting_094,Blueprint prompt,18.5,0.5
decay_setting_094,Blueprint prompt,19.5,0.48
decay_setting_094,Blueprint prompt,20.5,0.46
decay_setting_094,Blueprint prompt,21.5,0.44
decay_setting_094,Blueprint prompt,22.5,0.42
decay_setting_094,Blueprint prompt,23.5,0.4
decay_setting_094,Blueprint prompt,24.5,0.38
decay_setting_094,Blueprint prompt,25.5,0.36
decay_setting_094,Blueprint prompt,26.5,0.34
decay_setting_094,Blueprint prompt,27.5,0.32
decay_setting_094,Blueprint prompt,28.5,0.3
decay_setting_094,Blueprint prompt,29.5,0.28
decay_setting_094,Blueprint prompt,30.5,0.27
decay_setting_094,Blueprint prompt,31.5,0.26
decay_setting_094,Blueprint prompt,32.5,0.25
decay_setting_094,Blueprint prompt,33.5,0.24
decay_setting_094,Blueprint prompt,34.5,0.22
decay_setting_094,Blueprint prompt,35.5,0.21
decay_setting_094,Blueprint prompt,36.5,0.2
decay_setting_094,Blueprint prompt,37.5,0.19
decay_setting_094,Blueprint prompt,38.5,0.18
decay_setting_094,Blueprint prompt,39.5,0.16
decay_setting_094,Blueprint prompt,40.5,0.15
decay_setting_094,Blueprint prompt,41.5,0.14
decay_setting_094,Blueprint prompt,42.5,0.13
decay_setting_094,Blueprint prompt,43.5,0.12
decay_setting_094,Blueprint prompt,44.5,0.11
decay_setting_094,Blueprint prompt,45.5,0.1
decay_setting_094,Blueprint prompt,46.5,0.09
decay_setting_094,Blueprint prompt,47.5,0.09
decay_setting_094,Blueprint prompt,48.5,0.08
decay_setting_094,Blueprint prompt,49.5,0.08
decay_setting_094,Blueprint prompt,50.5,0.07
decay_setting_094,Blueprint prompt,51.5,0.07
decay_setting_094,Blueprint prompt,52.5,0.06
decay_setting_094,Blueprint prompt,53.5,0.06
decay_setting_094,Blueprint prompt,54.5,0.06
decay_setting_094,Blueprint prompt,55.5,0.05
decay_setting_094,Blueprint prompt,56.5,0.05
decay_setting_094,Blueprint prompt,57.5,0.05
decay_setting_094,Blueprint prompt,58.5,0.05
decay_setting_094,Blueprint prompt,59.5,0.04
decay_setting_094,Blueprint prompt,60.5,0.04
decay_setting_094,Blueprint prompt,61.5,0.04
decay_setting_094,Blueprint prompt,62.5,0.04
decay_setting_094,Blueprint prompt,63.5,0.03
decay_setting_094,Blueprint prompt,64.5,0.03
decay_setting_094,Blueprint prompt,65.5,0.03
decay_setting_094,Blueprint prompt,66.5,0.03
decay_setting_094,Blueprint prompt,67.5,0.03
decay_setting_094,Blueprint prompt,68.5,0.02
decay_setting_094,Blueprint prompt,69.5,0.02
decay_setting_094,Blueprint prompt,70.5,0.02
decay_setting_094,Blueprint prompt,71.5,0.02
decay_setting_094,Blueprint prompt,72.5,0.02
decay_setting_094,Blueprint prompt,73.5,0.02
decay_setting_094,Blueprint prompt,74.5,0.02
decay_setting_094,Blueprint prompt,75.5,0.02
decay_setting_094,Blueprint prompt,76.5,0.02
decay_setting_094,Blueprint prompt,77.5,0.02
decay_setting_094,Blueprint prompt,78.5,0.02
decay_setting_094,Blueprint prompt,79.5,0.01
decay_setting_094,Blueprint prompt,80.5,0.01
decay_setting_094,Blueprint prompt,81.5,0.01
decay_setting_094,Blueprint prompt,82.5,0.01
decay_setting_094,Blueprint prompt,83.5,0.01
decay_setting_094,Blueprint prompt,84.5,0.01
decay_setting_094,Blueprint prompt,85.5,0.01
decay_setting_094,Blueprint prompt,86.5,0.01
decay_setting_094,Blueprint prompt,87.5,0.01
decay_setting_094,Blueprint prompt,88.5,0.01
decay_setting_094,Blueprint prompt,89.5,0.01
decay_setting_094,Blueprint prompt,90.5,0.01
decay_setting_094,Blueprint prompt,91.5,0.01
decay_setting_094,Blueprint prompt,92.5,0.01
decay_setting_094,Blueprint prompt,93.5,0.01
decay_setting_094,Blueprint prompt,94.5,0.01
decay_setting_094,Blueprint prompt,95.5,0.01
decay_setting_094,Blueprint prompt,96.5,0.01
decay_setting_094,Blueprint prompt,97.5,0.01
decay_setting_094,Blueprint prompt,98.5,0.01
decay_setting_094,Blueprint prompt,99.5,0.0
decay_setting_095,Baseline prompt,0.5,0.85
decay_setting_095,Baseline prompt,1.5,0.78
decay_setting_095,Baseline prompt,2.5,0.74
decay_setting_095,Baseline prompt,3.5,0.71
decay_setting_095,Baseline prompt,4.5,0.67
decay_setting_095,Baseline prompt,5.5,0.62
decay_setting_095,Baseline prompt,6.5,0.58
decay_setting_095,Baseline prompt,7.5,0.54
decay_setting_095,Baseline prompt,8.5,0.5
decay_setting_095,Baseline prompt,9.5,0.46
decay_setting_095,Baseline prompt,10.5,0.43
decay_setting_095,Baseline prompt,11.5,0.4
decay_setting_095,Baseline prompt,12.5,0.37
decay_setting_095,Baseline prompt,13.5,0.33
decay_setting_095,Baseline prompt,14.5,0.31
decay_setting_095,Baseline prompt,15.5,0.28
decay_setting_095,Baseline prompt,16.5,0.25
decay_setting_095,Baseline prompt,17.5,0.23
decay_setting_095,Baseline prompt,18.5,0.2
decay_setting_095,Baseline prompt,19.5,0.18
decay_setting_095,Baseline prompt,20.5,0.16
decay_setting_095,Baseline prompt,21.5,0.14
decay_setting_095,Baseline prompt,22.5,0.13
decay_setting_095,Baseline prompt,23.5,0.12
decay_setting_095,Baseline prompt,24.5,0.11
decay_setting_095,Baseline prompt,25.5,0.1
decay_setting_095,Baseline prompt,26.5,0.09
decay_setting_095,Baseline prompt,27.5,0.08
decay_setting_095,Baseline prompt,28.5,0.07
decay_setting_095,Baseline prompt,29.5,0.06
decay_setting_095,Baseline prompt,30.5,0.06
decay_setting_095,Baseline prompt,31.5,0.05
decay_setting_095,Baseline prompt,32.5,0.05
decay_setting_095,Baseline prompt,33.5,0.04
decay_setting_095,Baseline prompt,34.5,0.04
decay_setting_095,Baseline prompt,35.5,0.04
decay_setting_095,Baseline prompt,36.5,0.03
decay_setting_095,Baseline prompt,37.5,0.03
decay_setting_095,Baseline prompt,38.5,0.03
decay_setting_095,Baseline prompt,39.5,0.02
decay_setting_095,Baseline prompt,40.5,0.02
decay_setting_095,Baseline prompt,41.5,0.02
decay_setting_095,Baseline prompt,42.5,0.02
decay_setting_095,Baseline prompt,43.5,0.02
decay_setting_095,Baseline prompt,44.5,0.01
decay_setting_095,Baseline prompt,45.5,0.01
decay_setting_095,Baseline prompt,46.5,0.01
decay_setting_095,Baseline prompt,47.5,0.01
decay_setting_095,Baseline prompt,48.5,0.01
decay_setting_095,Baseline prompt,49.5,0.01
decay_setting_095,Baseline prompt,50.5,0.01
decay_setting_095,Baseline prompt,51.5,0.01
decay_setting_095,Baseline prompt,52.5,0.01
decay_setting_095,Baseline prompt,53.5,0.01
decay_setting_095,Baseline prompt,54.5,0.01
decay_setting_095,Baseline prompt,55.5,0.01
decay_setting_095,Baseline prompt,56.5,0.01
decay_setting_095,Baseline prompt,57.5,0.01
decay_setting_095,Baseline prompt,58.5,0.01
decay_setting_095,Baseline prompt,59.5,0.01
decay_setting_095,Baseline prompt,60.5,0.01
decay_setting_095,Baseline prompt,61.5,0.01
decay_setting_095,Baseline prompt,62.5,0.01
decay_setting_095,Baseline prompt,63.5,0.01
decay_setting_095,Baseline prompt,64.5,0.01
decay_setting_095,Baseline prompt,65.5,0.01
decay_setting_095,Baseline prompt,66.5,0.01
decay_setting_095,Baseline prompt,67.5,0.01
decay_setting_095,Baseline prompt,68.5,0.01
decay_setting_095,Baseline prompt,69.5,0.01
decay_setting_095,Baseline prompt,70.5,0.01
decay_setting_095,Baseline prompt,71.5,0.01
decay_setting_095,Baseline prompt,72.5,0.01
decay_setting_095,Baseline prompt,73.5,0.01
decay_setting_095,Baseline prompt,74.5,0.01
decay_setting_095,Baseline prompt,75.5,0.01
decay_setting_095,Baseline prompt,76.5,0.01
decay_setting_095,Baseline prompt,77.5,0.01
decay_setting_095,Baseline prompt,78.5,0.01
decay_setting_095,Baseline prompt,79.5,0.01
decay_setting_095,Baseline prompt,80.5,0.01
decay_setting_095,Baseline prompt,81.5,0.01
decay_setting_095,Baseline prompt,82.5,0.01
decay_setting_095,Baseline prompt,83.5,0.01
decay_setting_095,Baseline prompt,84.5,0.01
decay_setting_095,Baseline prompt,85.5,0.01
decay_setting_095,Baseline prompt,86.5,0.01
decay_setting_095,Baseline prompt,87.5,0.01
decay_setting_095,Baseline prompt,88.5,0.01
decay_setting_095,Baseline prompt,89.5,0.01
decay_setting_095,Baseline prompt,90.5,0.01
decay_setting_095,Baseline prompt,91.5,0.01
decay_setting_095,Baseline prompt,92.5,0.01
decay_setting_095,Baseline prompt,93.5,0.01
decay_setting_095,Baseline prompt,94.5,0.01
decay_setting_095,Baseline prompt,95.5,0.01
decay_setting_095,Baseline prompt,96.5,0.01
decay_setting_095,Baseline prompt,97.5,0.01
decay_setting_095,Baseline prompt,98.5,0.01
decay_setting_095,Baseline prompt,99.5,0.01
decay_setting_096,Blueprint prompt,0.5,0.82
decay_setting_096,Blueprint prompt,1.5,0.81
decay_setting_096,Blueprint prompt,2.5,0.79
decay_setting_096,Blueprint prompt,3.5,0.77
decay_setting_096,Blueprint prompt,4.5,0.76
decay_setting_096,Blueprint prompt,5.5,0.75
decay_setting_096,Blueprint prompt,6.5,0.74
decay_setting_096,Blueprint prompt,7.5,0.72
decay_setting_096,Blueprint prompt,8.5,0.7
decay_setting_096,Blueprint prompt,9.5,0.68
decay_setting_096,Blueprint prompt,10.5,0.66
decay_setting_096,Blueprint prompt,11.5,0.64
decay_setting_096,Blueprint prompt,12.5,0.62
decay_setting_096,Blueprint prompt,13.5,0.6
decay_setting_096,Blueprint prompt,14.5,0.58
decay_setting_096,Blueprint prompt,15.5,0.57
decay_setting_096,Blueprint prompt,16.5,0.55
decay_setting_096,Blueprint prompt,17.5,0.53
decay_setting_096,Blueprint prompt,18.5,0.51
decay_setting_096,Blueprint prompt,19.5,0.5
decay_setting_096,Blueprint prompt,20.5,0.48
decay_setting_096,Blueprint prompt,21.5,0.47
decay_setting_096,Blueprint prompt,22.5,0.45
decay_setting_096,Blueprint prompt,23.5,0.43
decay_setting_096,Blueprint prompt,24.5,0.42
decay_setting_096,Blueprint prompt,25.5,0.41
decay_setting_096,Blueprint prompt,26.5,0.39
decay_setting_096,Blueprint prompt,27.5,0.37
decay_setting_096,Blueprint prompt,28.5,0.36
decay_setting_096,Blueprint prompt,29.5,0.34
decay_setting_096,Blueprint prompt,30.5,0.32
decay_setting_096,Blueprint prompt,31.5,0.3
decay_setting_096,Blueprint prompt,32.5,0.29
decay_setting_096,Blueprint prompt,33.5,0.28
decay_setting_096,Blueprint prompt,34.5,0.27
decay_setting_096,Blueprint prompt,35.5,0.25
decay_setting_096,Blueprint prompt,36.5,0.24
decay_setting_096,Blueprint prompt,37.5,0.23
decay_setting_096,Blueprint prompt,38.5,0.22
decay_setting_096,Blueprint prompt,39.5,0.21
decay_setting_096,Blueprint prompt,40.5,0.19
decay_setting_096,Blueprint prompt,41.5,0.18
decay_setting_096,Blueprint prompt,42.5,0.17
decay_setting_096,Blueprint prompt,43.5,0.16
decay_setting_096,Blueprint prompt,44.5,0.15
decay_setting_096,Blueprint prompt,45.5,0.13
decay_setting_096,Blueprint prompt,46.5,0.12
decay_setting_096,Blueprint prompt,47.5,0.11
decay_setting_096,Blueprint prompt,48.5,0.1
decay_setting_096,Blueprint prompt,49.5,0.09
decay_setting_096,Blueprint prompt,50.5,0.08
decay_setting_096,Blueprint prompt,51.5,0.07
decay_setting_096,Blueprint prompt,52.5,0.07
decay_setting_096,Blueprint prompt,53.5,0.06
decay_setting_096,Blueprint prompt,54.5,0.06
decay_setting_096,Blueprint prompt,55.5,0.05
decay_setting_096,Blueprint prompt,56.5,0.05
decay_setting_096,Blueprint prompt,57.5,0.04
decay_setting_096,Blueprint prompt,58.5,0.04
decay_setting_096,Blueprint prompt,59.5,0.03
decay_setting_096,Blueprint prompt,60.5,0.03
decay_setting_096,Blueprint prompt,61.5,0.03
decay_setting_096,Blueprint prompt,62.5,0.03
decay_setting_096,Blueprint prompt,63.5,0.02
decay_setting_096,Blueprint prompt,64.5,0.02
decay_setting_096,Blueprint prompt,65.5,0.02
decay_setting_096,Blueprint prompt,66.5,0.02
decay_setting_096,Blueprint prompt,67.5,0.02
decay_setting_096,Blueprint prompt,68.5,0.02
decay_setting_096,Blueprint prompt,69.5,0.01
decay_setting_096,Blueprint prompt,70.5,0.01
decay_setting_096,Blueprint prompt,71.5,0.01
decay_setting_096,Blueprint prompt,72.5,0.01
decay_setting_096,Blueprint prompt,73.5,0.01
decay_setting_096,Blueprint prompt,74.5,0.01
decay_setting_096,Blueprint prompt,75.5,0.01
decay_setting_096,Blueprint prompt,76.5,0.01
decay_setting_096,Blueprint prompt,77.5,0.01
decay_setting_096,Blueprint prompt,78.5,0.01
decay_setting_096,Blueprint prompt,79.5,0.01
decay_setting_096,Blueprint prompt,80.5,0.01
decay_setting_096,Blueprint prompt,81.5,0.01
decay_setting_096,Blueprint prompt,82.5,0.01
decay_setting_096,Blueprint prompt,83.5,0.01
decay_setting_096,Blueprint prompt,84.5,0.01
decay_setting_096,Blueprint prompt,85.5,0.01
decay_setting_096,Blueprint prompt,86.5,0.01
decay_setting_096,Blueprint prompt,87.5,0.01
decay_setting_096,Blueprint prompt,88.5,0.01
decay_setting_096,Blueprint prompt,89.5,0.01
decay_setting_096,Blueprint prompt,90.5,0.01
decay_setting_096,Blueprint prompt,91.5,0.01
decay_setting_096,Blueprint prompt,92.5,0.01
decay_setting_096,Blueprint prompt,93.5,0.01
decay_setting_096,Blueprint prompt,94.5,0.01
decay_setting_096,Blueprint prompt,95.5,0.01
decay_setting_096,Blueprint prompt,96.5,0.01
decay_setting_096,Blueprint prompt,97.5,0.01
decay_setting_096,Blueprint prompt,98.5,0.01
decay_setting_096,Blueprint prompt,99.5,0.01
decay_setting_096,Baseline prompt,0.5,0.85
decay_setting_096,Baseline prompt,1.5,0.82
decay_setting_096,Baseline prompt,2.5,0.78
decay_setting_096,Baseline prompt,3.5,0.72
decay_setting_096,Baseline prompt,4.5,0.65
decay_setting_096,Baseline prompt,5.5,0.58
decay_setting_096,Baseline prompt,6.5,0.52
decay_setting_096,Baseline prompt,7.5,0.45
decay_setting_096,Baseline prompt,8.5,0.39
decay_setting_096,Baseline prompt,9.5,0.34
decay_setting_096,Baseline prompt,10.5,0.3
decay_setting_096,Baseline prompt,11.5,0.26
decay_setting_096,Baseline prompt,12.5,0.23
decay_setting_096,Baseline prompt,13.5,0.21
decay_setting_096,Baseline prompt,14.5,0.19
decay_setting_096,Baseline prompt,15.5,0.17
decay_setting_096,Baseline prompt,16.5,0.15
decay_setting_096,Baseline prompt,17.5,0.14
decay_setting_096,Baseline prompt,18.5,0.12
decay_setting_096,Baseline prompt,19.5,0.11
decay_setting_096,Baseline prompt,20.5,0.1
decay_setting_096,Baseline prompt,21.5,0.09
decay_setting_096,Baseline prompt,22.5,0.08
decay_setting_096,Baseline prompt,23.5,0.07
decay_setting_096,Baseline prompt,24.5,0.07
decay_setting_096,Baseline prompt,25.5,0.06
decay_setting_096,Baseline prompt,26.5,0.06
decay_setting_096,Baseline prompt,27.5,0.05
decay_setting_096,Baseline prompt,28.5,0.05
decay_setting_096,Baseline prompt,29.5,0.05
decay_setting_096,Baseline prompt,30.5,0.04
decay_setting_096,Baseline prompt,31.5,0.04
decay_setting_096,Baseline prompt,32.5,0.04
decay_setting_096,Baseline prompt,33.5,0.03
decay_setting_096,Baseline prompt,34.5,0.03
decay_setting_096,Baseline prompt,35.5,0.03
decay_setting_096,Baseline prompt,36.5,0.03
decay_setting_096,Baseline prompt,37.5,0.02
decay_setting_096,Baseline prompt,38.5,0.02
decay_setting_096,Baseline prompt,39.5,0.02
decay_setting_096,Baseline prompt,40.5,0.02
decay_setting_096,Baseline prompt,41.5,0.02
decay_setting_096,Baseline prompt,42.5,0.01
decay_setting_096,Baseline prompt,43.5,0.01
decay_setting_096,Baseline prompt,44.5,0.01
decay_setting_096,Baseline prompt,45.5,0.01
decay_setting_096,Baseline prompt,46.5,0.01
decay_setting_096,Baseline prompt,47.5,0.01
decay_setting_096,Baseline prompt,48.5,0.01
decay_setting_096,Baseline prompt,49.5,0.01
decay_setting_096,Baseline prompt,50.5,0.01
decay_setting_096,Baseline prompt,51.5,0.01
decay_setting_096,Baseline prompt,52.5,0.01
decay_setting_096,Baseline prompt,53.5,0.01
decay_setting_096,Baseline prompt,54.5,0.01
decay_setting_096,Baseline prompt,55.5,0.01
decay_setting_096,Baseline prompt,56.5,0.01
decay_setting_096,Baseline prompt,57.5,0.01
decay_setting_096,Baseline prompt,58.5,0.01
decay_setting_096,Baseline prompt,59.5,0.01
decay_setting_096,Baseline prompt,60.5,0.01
decay_setting_096,Baseline prompt,61.5,0.01
decay_setting_096,Baseline prompt,62.5,0.01
decay_setting_096,Baseline prompt,63.5,0.01
decay_setting_096,Baseline prompt,64.5,0.01
decay_setting_096,Baseline prompt,65.5,0.01
decay_setting_096,Baseline prompt,66.5,0.01
decay_setting_096,Baseline prompt,67.5,0.01
decay_setting_096,Baseline prompt,68.5,0.01
decay_setting_096,Baseline prompt,69.5,0.01
decay_setting_096,Baseline prompt,70.5,0.01
decay_setting_096,Baseline prompt,71.5,0.01
decay_setting_096,Baseline prompt,72.5,0.01
decay_setting_096,Baseline prompt,73.5,0.01
decay_setting_096,Baseline prompt,74.5,0.01
decay_setting_096,Baseline prompt,75.5,0.01
decay_setting_096,Baseline prompt,76.5,0.01
decay_setting_096,Baseline prompt,77.5,0.01
decay_setting_096,Baseline prompt,78.5,0.01
decay_setting_096,Baseline prompt,79.5,0.01
decay_setting_096,Baseline prompt,80.5,0.01
decay_setting_096,Baseline prompt,81.5,0.01
decay_setting_096,Baseline prompt,82.5,0.01
decay_setting_096,Baseline prompt,83.5,0.01
decay_setting_096,Baseline prompt,84.5,0.01
decay_setting_096,Baseline prompt,85.5,0.01
decay_setting_096,Baseline prompt,86.5,0.01
decay_setting_096,Baseline prompt,87.5,0.01
decay_setting_096,Baseline prompt,88.5,0.01
decay_setting_096,Baseline prompt,89.5,0.01
decay_setting_096,Baseline prompt,90.5,0.01
decay_setting_096,Baseline prompt,91.5,0.01
decay_setting_096,Baseline prompt,92.5,0.01
decay_setting_096,Baseline prompt,93.5,0.01
decay_setting_096,Baseline prompt,94.5,0.01
decay_setting_096,Baseline prompt,95.5,0.01
decay_setting_096,Baseline prompt,96.5,0.01
decay_setting_096,Baseline prompt,97.5,0.01
decay_setting_096,Baseline prompt,98.5,0.01
decay_setting_096,Baseline prompt,99.5,0.01
decay_setting_097,Baseline prompt,0.5,0.85
decay_setting_097,Baseline prompt,1.5,0.83
decay_setting_097,Baseline prompt,2.5,0.81
decay_setting_097,Baseline prompt,3.5,0.8
decay_setting_097,Baseline prompt,4.5,0.78
decay_setting_097,Baseline prompt,5.5,0.76
decay_setting_097,Baseline prompt,6.5,0.74
decay_setting_097,Baseline prompt,7.5,0.72
decay_setting_097,Baseline prompt,8.5,0.7
decay_setting_097,Baseline prompt,9.5,0.68
decay_setting_097,Baseline prompt,10.5,0.66
decay_setting_097,Baseline prompt,11.5,0.64
decay_setting_097,Baseline prompt,12.5,0.62
decay_setting_097,Baseline prompt,13.5,0.6
decay_setting_097,Baseline prompt,14.5,0.57
decay_setting_097,Baseline prompt,15.5,0.55
decay_setting_097,Baseline prompt,16.5,0.53
decay_setting_097,Baseline prompt,17.5,0.51
decay_setting_097,Baseline prompt,18.5,0.49
decay_setting_097,Baseline prompt,19.5,0.47
decay_setting_097,Baseline prompt,20.5,0.45
decay_setting_097,Baseline prompt,21.5,0.44
decay_setting_097,Baseline prompt,22.5,0.42
decay_setting_097,Baseline prompt,23.5,0.4
decay_setting_097,Baseline prompt,24.5,0.38
decay_setting_097,Baseline prompt,25.5,0.36
decay_setting_097,Baseline prompt,26.5,0.35
decay_setting_097,Baseline prompt,27.5,0.33
decay_setting_097,Baseline prompt,28.5,0.31
decay_setting_097,Baseline prompt,29.5,0.29
decay_setting_097,Baseline prompt,30.5,0.27
decay_setting_097,Baseline prompt,31.5,0.26
decay_setting_097,Baseline prompt,32.5,0.24
decay_setting_097,Baseline prompt,33.5,0.22
decay_setting_097,Baseline prompt,34.5,0.21
decay_setting_097,Baseline prompt,35.5,0.2
decay_setting_097,Baseline prompt,36.5,0.19
decay_setting_097,Baseline prompt,37.5,0.18
decay_setting_097,Baseline prompt,38.5,0.17
decay_setting_097,Baseline prompt,39.5,0.16
decay_setting_097,Baseline prompt,40.5,0.15
decay_setting_097,Baseline prompt,41.5,0.14
decay_setting_097,Baseline prompt,42.5,0.13
decay_setting_097,Baseline prompt,43.5,0.13
decay_setting_097,Baseline prompt,44.5,0.12
decay_setting_097,Baseline prompt,45.5,0.11
decay_setting_097,Baseline prompt,46.5,0.1
decay_setting_097,Baseline prompt,47.5,0.09
decay_setting_097,Baseline prompt,48.5,0.09
decay_setting_097,Baseline prompt,49.5,0.08
decay_setting_097,Baseline prompt,50.5,0.07
decay_setting_097,Baseline prompt,51.5,0.07
decay_setting_097,Baseline prompt,52.5,0.06
decay_setting_097,Baseline prompt,53.5,0.06
decay_setting_097,Baseline prompt,54.5,0.05
decay_setting_097,Baseline prompt,55.5,0.05
decay_setting_097,Baseline prompt,56.5,0.04
decay_setting_097,Baseline prompt,57.5,0.04
decay_setting_097,Baseline prompt,58.5,0.03
decay_setting_097,Baseline prompt,59.5,0.03
decay_setting_097,Baseline prompt,60.5,0.03
decay_setting_097,Baseline prompt,61.5,0.02
decay_setting_097,Baseline prompt,62.5,0.02
decay_setting_097,Baseline prompt,63.5,0.02
decay_setting_097,Baseline prompt,64.5,0.02
decay_setting_097,Baseline prompt,65.5,0.01
decay_setting_097,Baseline prompt,66.5,0.01
decay_setting_097,Baseline prompt,67.5,0.01
decay_setting_097,Baseline prompt,68.5,0.01
decay_setting_097,Baseline prompt,69.5,0.01
decay_setting_097,Baseline prompt,70.5,0.01
decay_setting_097,Baseline prompt,71.5,0.01
decay_setting_097,Baseline prompt,72.5,0.01
decay_setting_097,Baseline prompt,73.5,0.01
decay_setting_097,Baseline prompt,74.5,0.01
decay_setting_097,Baseline prompt,75.5,0.01
decay_setting_097,Baseline prompt,76.5,0.01
decay_setting_097,Baseline prompt,77.5,0.01
decay_setting_097,Baseline prompt,78.5,0.01
decay_setting_097,Baseline prompt,79.5,0.01
decay_setting_097,Baseline prompt,80.5,0.01
decay_setting_097,Baseline prompt,81.5,0.01
decay_setting_097,Baseline prompt,82.5,0.01
decay_setting_097,Baseline prompt,83.5,0.01
decay_setting_097,Baseline prompt,84.5,0.01
decay_setting_097,Baseline prompt,85.5,0.01
decay_setting_097,Baseline prompt,86.5,0.01
decay_setting_097,Baseline prompt,87.5,0.01
decay_setting_097,Baseline prompt,88.5,0.01
decay_setting_097,Baseline prompt,89.5,0.01
decay_setting_097,Baseline prompt,90.5,0.01
decay_setting_097,Baseline prompt,91.5,0.01
decay_setting_097,Baseline prompt,92.5,0.01
decay_setting_097,Baseline prompt,93.5,0.01
decay_setting_097,Baseline prompt,94.5,0.01
decay_setting_097,Baseline prompt,95.5,0.01
decay_setting_097,Baseline prompt,96.5,0.01
decay_setting_097,Baseline prompt,97.5,0.01
decay_setting_097,Baseline prompt,98.5,0.01
decay_setting_097,Baseline prompt,99.5,0.01
decay_setting_097,Blueprint prompt,0.5,0.92
decay_setting_097,Blueprint prompt,1.5,0.89
decay_setting_097,Blueprint prompt,2.5,0.85
decay_setting_097,Blueprint prompt,3.5,0.81
decay_setting_097,Blueprint prompt,4.5,0.76
decay_setting_097,Blueprint prompt,5.5,0.71
decay_setting_097,Blueprint prompt,6.5,0.66
decay_setting_097,Blueprint prompt,7.5,0.61
decay_setting_097,Blueprint prompt,8.5,0.57
decay_setting_097,Blueprint prompt,9.5,0.53
decay_setting_097,Blueprint prompt,10.5,0.49
decay_setting_097,Blueprint prompt,11.5,0.45
decay_setting_097,Blueprint prompt,12.5,0.42
decay_setting_097,Blueprint prompt,13.5,0.39
decay_setting_097,Blueprint prompt,14.5,0.36
decay_setting_097,Blueprint prompt,15.5,0.34
decay_setting_097,Blueprint prompt,16.5,0.31
decay_setting_097,Blueprint prompt,17.5,0.29
decay_setting_097,Blueprint prompt,18.5,0.27
decay_setting_097,Blueprint prompt,19.5,0.25
decay_setting_097,Blueprint prompt,20.5,0.23
decay_setting_097,Blueprint prompt,21.5,0.21
decay_setting_097,Blueprint prompt,22.5,0.2
decay_setting_097,Blueprint prompt,23.5,0.19
decay_setting_097,Blueprint prompt,24.5,0.18
decay_setting_097,Blueprint prompt,25.5,0.17
decay_setting_097,Blueprint prompt,26.5,0.16
decay_setting_097,Blueprint prompt,27.5,0.15
decay_setting_097,Blueprint prompt,28.5,0.14
decay_setting_097,Blueprint prompt,29.5,0.13
decay_setting_097,Blueprint prompt,30.5,0.12
decay_setting_097,Blueprint prompt,31.5,0.11
decay_setting_097,Blueprint prompt,32.5,0.1
decay_setting_097,Blueprint prompt,33.5,0.1
decay_setting_097,Blueprint prompt,34.5,0.09
decay_setting_097,Blueprint prompt,35.5,0.09
decay_setting_097,Blueprint prompt,36.5,0.08
decay_setting_097,Blueprint prompt,37.5,0.08
decay_setting_097,Blueprint prompt,38.5,0.07
decay_setting_097,Blueprint prompt,39.5,0.07
decay_setting_097,Blueprint prompt,40.5,0.06
decay_setting_097,Blueprint prompt,41.5,0.06
decay_setting_097,Blueprint prompt,42.5,0.05
decay_setting_097,Blueprint prompt,43.5,0.05
decay_setting_097,Blueprint prompt,44.5,0.05
decay_setting_097,Blueprint prompt,45.5,0.04
decay_setting_097,Blueprint prompt,46.5,0.04
decay_setting_097,Blueprint prompt,47.5,0.04
decay_setting_097,Blueprint prompt,48.5,0.03
decay_setting_097,Blueprint prompt,49.5,0.03
decay_setting_097,Blueprint prompt,50.5,0.03
decay_setting_097,Blueprint prompt,51.5,0.03
decay_setting_097,Blueprint prompt,52.5,0.02
decay_setting_097,Blueprint prompt,53.5,0.02
decay_setting_097,Blueprint prompt,54.5,0.02
decay_setting_097,Blueprint prompt,55.5,0.02
decay_setting_097,Blueprint prompt,56.5,0.01
decay_setting_097,Blueprint prompt,57.5,0.01
decay_setting_097,Blueprint prompt,58.5,0.01
decay_setting_097,Blueprint prompt,59.5,0.01
decay_setting_097,Blueprint prompt,60.5,0.01
decay_setting_097,Blueprint prompt,61.5,0.01
decay_setting_097,Blueprint prompt,62.5,0.01
decay_setting_097,Blueprint prompt,63.5,0.01
decay_setting_097,Blueprint prompt,64.5,0.01
decay_setting_097,Blueprint prompt,65.5,0.01
decay_setting_097,Blueprint prompt,66.5,0.01
decay_setting_097,Blueprint prompt,67.5,0.01
decay_setting_097,Blueprint prompt,68.5,0.01
decay_setting_097,Blueprint prompt,69.5,0.01
decay_setting_097,Blueprint prompt,70.5,0.01
decay_setting_097,Blueprint prompt,71.5,0.01
decay_setting_097,Blueprint prompt,72.5,0.01
decay_setting_097,Blueprint prompt,73.5,0.01
decay_setting_097,Blueprint prompt,74.5,0.01
decay_setting_097,Blueprint prompt,75.5,0.01
decay_setting_097,Blueprint prompt,76.5,0.01
decay_setting_097,Blueprint prompt,77.5,0.01
decay_setting_097,Blueprint prompt,78.5,0.01
decay_setting_097,Blueprint prompt,79.5,0.01
decay_setting_097,Blueprint prompt,80.5,0.01
decay_setting_097,Blueprint prompt,81.5,0.01
decay_setting_097,Blueprint prompt,82.5,0.01
decay_setting_097,Blueprint prompt,83.5,0.01
decay_setting_097,Blueprint prompt,84.5,0.01
decay_setting_097,Blueprint prompt,85.5,0.01
decay_setting_097,Blueprint prompt,86.5,0.01
decay_setting_097,Blueprint prompt,87.5,0.01
decay_setting_097,Blueprint prompt,88.5,0.01
decay_setting_097,Blueprint prompt,89.5,0.01
decay_setting_097,Blueprint prompt,90.5,0.01
decay_setting_097,Blueprint prompt,91.5,0.01
decay_setting_097,Blueprint prompt,92.5,0.01
decay_setting_097,Blueprint prompt,93.5,0.01
decay_setting_097,Blueprint prompt,94.5,0.01
decay_setting_097,Blueprint prompt,95.5,0.01
decay_setting_097,Blueprint prompt,96.5,0.01
decay_setting_097,Blueprint prompt,97.5,0.01
decay_setting_097,Blueprint prompt,98.5,0.01
decay_setting_097,Blueprint prompt,99.5,0.01
decay_setting_098,Baseline prompt,0.5,0.85
decay_setting_098,Baseline prompt,1.5,0.83
decay_setting_098,Baseline prompt,2.5,0.8
decay_setting_098,Baseline prompt,3.5,0.77
decay_setting_098,Baseline prompt,4.5,0.75
decay_setting_098,Baseline prompt,5.5,0.72
decay_setting_098,Baseline prompt,6.5,0.7
decay_setting_098,Baseline prompt,7.5,0.67
decay_setting_098,Baseline prompt,8.5,0.65
decay_setting_098,Baseline prompt,9.5,0.63
decay_setting_098,Baseline prompt,10.5,0.6
decay_setting_098,Baseline prompt,11.5,0.58
decay_setting_098,Baseline prompt,12.5,0.56
decay_setting_098,Baseline prompt,13.5,0.54
decay_setting_098,Baseline prompt,14.5,0.52
decay_setting_098,Baseline prompt,15.5,0.5
decay_setting_098,Baseline prompt,16.5,0.47
decay_setting_098,Baseline prompt,17.5,0.45
decay_setting_098,Baseline prompt,18.5,0.43
decay_setting_098,Baseline prompt,19.5,0.41
decay_setting_098,Baseline prompt,20.5,0.39
decay_setting_098,Baseline prompt,21.5,0.38
decay_setting_098,Baseline prompt,22.5,0.36
decay_setting_098,Baseline prompt,23.5,0.34
decay_setting_098,Baseline prompt,24.5,0.33
decay_setting_098,Baseline prompt,25.5,0.31
decay_setting_098,Baseline prompt,26.5,0.3
decay_setting_098,Baseline prompt,27.5,0.28
decay_setting_098,Baseline prompt,28.5,0.27
decay_setting_098,Baseline prompt,29.5,0.26
decay_setting_098,Baseline prompt,30.5,0.24
decay_setting_098,Baseline prompt,31.5,0.23
decay_setting_098,Baseline prompt,32.5,0.22
decay_setting_098,Baseline prompt,33.5,0.21
decay_setting_098,Baseline prompt,34.5,0.2
decay_setting_098,Baseline prompt,35.5,0.19
decay_setting_098,Baseline prompt,36.5,0.18
decay_setting_098,Baseline prompt,37.5,0.17
decay_setting_098,Baseline prompt,38.5,0.16
decay_setting_098,Baseline prompt,39.5,0.15
decay_setting_098,Baseline prompt,40.5,0.14
decay_setting_098,Baseline prompt,41.5,0.13
decay_setting_098,Baseline prompt,42.5,0.12
decay_setting_098,Baseline prompt,43.5,0.11
decay_setting_098,Baseline prompt,44.5,0.1
decay_setting_098,Baseline prompt,45.5,0.09
decay_setting_098,Baseline prompt,46.5,0.08
decay_setting_098,Baseline prompt,47.5,0.08
decay_setting_098,Baseline prompt,48.5,0.07
decay_setting_098,Baseline prompt,49.5,0.07
decay_setting_098,Baseline prompt,50.5,0.06
decay_setting_098,Baseline prompt,51.5,0.06
decay_setting_098,Baseline prompt,52.5,0.05
decay_setting_098,Baseline prompt,53.5,0.05
decay_setting_098,Baseline prompt,54.5,0.05
decay_setting_098,Baseline prompt,55.5,0.04
decay_setting_098,Baseline prompt,56.5,0.04
decay_setting_098,Baseline prompt,57.5,0.04
decay_setting_098,Baseline prompt,58.5,0.03
decay_setting_098,Baseline prompt,59.5,0.03
decay_setting_098,Baseline prompt,60.5,0.03
decay_setting_098,Baseline prompt,61.5,0.03
decay_setting_098,Baseline prompt,62.5,0.02
decay_setting_098,Baseline prompt,63.5,0.02
decay_setting_098,Baseline prompt,64.5,0.02
decay_setting_098,Baseline prompt,65.5,0.02
decay_setting_098,Baseline prompt,66.5,0.02
decay_setting_098,Baseline prompt,67.5,0.01
decay_setting_098,Baseline prompt,68.5,0.01
decay_setting_098,Baseline prompt,69.5,0.01
decay_setting_098,Baseline prompt,70.5,0.01
decay_setting_098,Baseline prompt,71.5,0.01
decay_setting_098,Baseline prompt,72.5,0.01
decay_setting_098,Baseline prompt,73.5,0.01
decay_setting_098,Baseline prompt,74.5,0.01
decay_setting_098,Baseline prompt,75.5,0.01
decay_setting_098,Baseline prompt,76.5,0.01
decay_setting_098,Baseline prompt,77.5,0.01
decay_setting_098,Baseline prompt,78.5,0.01
decay_setting_098,Baseline prompt,79.5,0.01
decay_setting_098,Baseline prompt,80.5,0.01
decay_setting_098,Baseline prompt,81.5,0.01
decay_setting_098,Baseline prompt,82.5,0.01
decay_setting_098,Baseline prompt,83.5,0.01
decay_setting_098,Baseline prompt,84.5,0.01
decay_setting_098,Baseline prompt,85.5,0.01
decay_setting_098,Baseline prompt,86.5,0.01
decay_setting_098,Baseline prompt,87.5,0.01
decay_setting_098,Baseline prompt,88.5,0.01
decay_setting_098,Baseline prompt,89.5,0.01
decay_setting_098,Baseline prompt,90.5,0.01
decay_setting_098,Baseline prompt,91.5,0.01
decay_setting_098,Baseline prompt,92.5,0.01
decay_setting_098,Baseline prompt,93.5,0.01
decay_setting_098,Baseline prompt,94.5,0.01
decay_setting_098,Baseline prompt,95.5,0.01
decay_setting_098,Baseline prompt,96.5,0.01
decay_setting_098,Baseline prompt,97.5,0.01
decay_setting_098,Baseline prompt,98.5,0.01
decay_setting_098,Baseline prompt,99.5,0.01
decay_setting_098,Blueprint prompt,0.5,0.92
decay_setting_098,Blueprint prompt,1.5,0.89
decay_setting_098,Blueprint prompt,2.5,0.85
decay_setting_098,Blueprint prompt,3.5,0.79
decay_setting_098,Blueprint prompt,4.5,0.75
decay_setting_098,Blueprint prompt,5.5,0.72
decay_setting_098,Blueprint prompt,6.5,0.71
decay_setting_098,Blueprint prompt,7.5,0.69
decay_setting_098,Blueprint prompt,8.5,0.68
decay_setting_098,Blueprint prompt,9.5,0.67
decay_setting_098,Blueprint prompt,10.5,0.65
decay_setting_098,Blueprint prompt,11.5,0.63
decay_setting_098,Blueprint prompt,12.5,0.61
decay_setting_098,Blueprint prompt,13.5,0.6
decay_setting_098,Blueprint prompt,14.5,0.58
decay_setting_098,Blueprint prompt,15.5,0.56
decay_setting_098,Blueprint prompt,16.5,0.54
decay_setting_098,Blueprint prompt,17.5,0.53
decay_setting_098,Blueprint prompt,18.5,0.51
decay_setting_098,Blueprint prompt,19.5,0.5
decay_setting_098,Blueprint prompt,20.5,0.48
decay_setting_098,Blueprint prompt,21.5,0.47
decay_setting_098,Blueprint prompt,22.5,0.45
decay_setting_098,Blueprint prompt,23.5,0.43
decay_setting_098,Blueprint prompt,24.5,0.41
decay_setting_098,Blueprint prompt,25.5,0.39
decay_setting_098,Blueprint prompt,26.5,0.38
decay_setting_098,Blueprint prompt,27.5,0.37
decay_setting_098,Blueprint prompt,28.5,0.35
decay_setting_098,Blueprint prompt,29.5,0.33
decay_setting_098,Blueprint prompt,30.5,0.32
decay_setting_098,Blueprint prompt,31.5,0.3
decay_setting_098,Blueprint prompt,32.5,0.29
decay_setting_098,Blueprint prompt,33.5,0.27
decay_setting_098,Blueprint prompt,34.5,0.26
decay_setting_098,Blueprint prompt,35.5,0.24
decay_setting_098,Blueprint prompt,36.5,0.23
decay_setting_098,Blueprint prompt,37.5,0.22
decay_setting_098,Blueprint prompt,38.5,0.2
decay_setting_098,Blueprint prompt,39.5,0.19
decay_setting_098,Blueprint prompt,40.5,0.18
decay_setting_098,Blueprint prompt,41.5,0.17
decay_setting_098,Blueprint prompt,42.5,0.15
decay_setting_098,Blueprint prompt,43.5,0.14
decay_setting_098,Blueprint prompt,44.5,0.13
decay_setting_098,Blueprint prompt,45.5,0.12
decay_setting_098,Blueprint prompt,46.5,0.11
decay_setting_098,Blueprint prompt,47.5,0.1
decay_setting_098,Blueprint prompt,48.5,0.09
decay_setting_098,Blueprint prompt,49.5,0.08
decay_setting_098,Blueprint prompt,50.5,0.08
decay_setting_098,Blueprint prompt,51.5,0.07
decay_setting_098,Blueprint prompt,52.5,0.06
decay_setting_098,Blueprint prompt,53.5,0.06
decay_setting_098,Blueprint prompt,54.5,0.05
decay_setting_098,Blueprint prompt,55.5,0.05
decay_setting_098,Blueprint prompt,56.5,0.05
decay_setting_098,Blueprint prompt,57.5,0.04
decay_setting_098,Blueprint prompt,58.5,0.04
decay_setting_098,Blueprint prompt,59.5,0.03
decay_setting_098,Blueprint prompt,60.5,0.03
decay_setting_098,Blueprint prompt,61.5,0.03
decay_setting_098,Blueprint prompt,62.5,0.02
decay_setting_098,Blueprint prompt,63.5,0.02
decay_setting_098,Blueprint prompt,64.5,0.02
decay_setting_098,Blueprint prompt,65.5,0.02
decay_setting_098,Blueprint prompt,66.5,0.02
decay_setting_098,Blueprint prompt,67.5,0.01
decay_setting_098,Blueprint prompt,68.5,0.01
decay_setting_098,Blueprint prompt,69.5,0.01
decay_setting_098,Blueprint prompt,70.5,0.01
decay_setting_098,Blueprint prompt,71.5,0.01
decay_setting_098,Blueprint prompt,72.5,0.01
decay_setting_098,Blueprint prompt,73.5,0.01
decay_setting_098,Blueprint prompt,74.5,0.01
decay_setting_098,Blueprint prompt,75.5,0.01
decay_setting_098,Blueprint prompt,76.5,0.01
decay_setting_098,Blueprint prompt,77.5,0.01
decay_setting_098,Blueprint prompt,78.5,0.01
decay_setting_098,Blueprint prompt,79.5,0.01
decay_setting_098,Blueprint prompt,80.5,0.01
decay_setting_098,Blueprint prompt,81.5,0.01
decay_setting_098,Blueprint prompt,82.5,0.01
decay_setting_098,Blueprint prompt,83.5,0.01
decay_setting_098,Blueprint prompt,84.5,0.01
decay_setting_098,Blueprint prompt,85.5,0.01
decay_setting_098,Blueprint prompt,86.5,0.01
decay_setting_098,Blueprint prompt,87.5,0.01
decay_setting_098,Blueprint prompt,88.5,0.01
decay_setting_098,Blueprint prompt,89.5,0.01
decay_setting_098,Blueprint prompt,90.5,0.01
decay_setting_098,Blueprint prompt,91.5,0.01
decay_setting_098,Blueprint prompt,92.5,0.01
decay_setting_098,Blueprint prompt,93.5,0.01
decay_setting_098,Blueprint prompt,94.5,0.01
decay_setting_098,Blueprint prompt,95.5,0.01
decay_setting_098,Blueprint prompt,96.5,0.01
decay_setting_098,Blueprint prompt,97.5,0.01
decay_setting_098,Blueprint prompt,98.5,0.01
decay_setting_098,Blueprint prompt,99.5,0.01
decay_setting_099,Baseline prompt,0.5,0.85
decay_setting_099,Baseline prompt,1.5,0.79
decay_setting_099,Baseline prompt,2.5,0.75
decay_setting_099,Baseline prompt,3.5,0.71
decay_setting_099,Baseline prompt,4.5,0.66
decay_setting_099,Baseline prompt,5.5,0.61
decay_setting_099,Baseline prompt,6.5,0.57
decay_setting_099,Baseline prompt,7.5,0.53
decay_setting_099,Baseline prompt,8.5,0.49
decay_setting_099,Baseline prompt,9.5,0.45
decay_setting_099,Baseline prompt,10.5,0.42
decay_setting_099,Baseline prompt,11.5,0.39
decay_setting_099,Baseline prompt,12.5,0.36
decay_setting_099,Baseline prompt,13.5,0.34
decay_setting_099,Baseline prompt,14.5,0.32
decay_setting_099,Baseline prompt,15.5,0.3
decay_setting_099,Baseline prompt,16.5,0.29
decay_setting_099,Baseline prompt,17.5,0.27
decay_setting_099,Baseline prompt,18.5,0.25
decay_setting_099,Baseline prompt,19.5,0.23
decay_setting_099,Baseline prompt,20.5,0.22
decay_setting_099,Baseline prompt,21.5,0.2
decay_setting_099,Baseline prompt,22.5,0.19
decay_setting_099,Baseline prompt,23.5,0.18
decay_setting_099,Baseline prompt,24.5,0.16
decay_setting_099,Baseline prompt,25.5,0.15
decay_setting_099,Baseline prompt,26.5,0.14
decay_setting_099,Baseline prompt,27.5,0.13
decay_setting_099,Baseline prompt,28.5,0.12
decay_setting_099,Baseline prompt,29.5,0.11
decay_setting_099,Baseline prompt,30.5,0.1
decay_setting_099,Baseline prompt,31.5,0.09
decay_setting_099,Baseline prompt,32.5,0.08
decay_setting_099,Baseline prompt,33.5,0.07
decay_setting_099,Baseline prompt,34.5,0.07
decay_setting_099,Baseline prompt,35.5,0.06
decay_setting_099,Baseline prompt,36.5,0.06
decay_setting_099,Baseline prompt,37.5,0.05
decay_setting_099,Baseline prompt,38.5,0.05
decay_setting_099,Baseline prompt,39.5,0.04
decay_setting_099,Baseline prompt,40.5,0.04
decay_setting_099,Baseline prompt,41.5,0.03
decay_setting_099,Baseline prompt,42.5,0.03
decay_setting_099,Baseline prompt,43.5,0.03
decay_setting_099,Baseline prompt,44.5,0.02
decay_setting_099,Baseline prompt,45.5,0.02
decay_setting_099,Baseline prompt,46.5,0.02
decay_setting_099,Baseline prompt,47.5,0.02
decay_setting_099,Baseline prompt,48.5,0.02
decay_setting_099,Baseline prompt,49.5,0.01
decay_setting_099,Baseline prompt,50.5,0.01
decay_setting_099,Baseline prompt,51.5,0.01
decay_setting_099,Baseline prompt,52.5,0.01
decay_setting_099,Baseline prompt,53.5,0.01
decay_setting_099,Baseline prompt,54.5,0.01
decay_setting_099,Baseline prompt,55.5,0.01
decay_setting_099,Baseline prompt,56.5,0.01
decay_setting_099,Baseline prompt,57.5,0.01
decay_setting_099,Baseline prompt,58.5,0.01
decay_setting_099,Baseline prompt,59.5,0.01
decay_setting_099,Baseline prompt,60.5,0.01
decay_setting_099,Baseline prompt,61.5,0.01
decay_setting_099,Baseline prompt,62.5,0.01
decay_setting_099,Baseline prompt,63.5,0.01
decay_setting_099,Baseline prompt,64.5,0.01
decay_setting_099,Baseline prompt,65.5,0.0
decay_setting_099,Baseline prompt,66.5,0.0
decay_setting_099,Baseline prompt,67.5,0.0
decay_setting_099,Baseline prompt,68.5,0.0
decay_setting_099,Baseline prompt,69.5,0.0
decay_setting_099,Baseline prompt,70.5,0.0
decay_setting_099,Baseline prompt,71.5,0.0
decay_setting_099,Baseline prompt,72.5,0.0
decay_setting_099,Baseline prompt,73.5,0.0
decay_setting_099,Baseline prompt,74.5,0.0
decay_setting_099,Baseline prompt,75.5,0.0
decay_setting_099,Baseline prompt,76.5,0.0
decay_setting_099,Baseline prompt,77.5,0.0
decay_setting_099,Baseline prompt,78.5,0.0
decay_setting_099,Baseline prompt,79.5,0.0
decay_setting_099,Baseline prompt,80.5,0.0
decay_setting_099,Baseline prompt,81.5,0.0
decay_setting_099,Baseline prompt,82.5,0.0
decay_setting_099,Baseline prompt,83.5,0.0
decay_setting_099,Baseline prompt,84.5,0.0
decay_setting_099,Baseline prompt,85.5,0.0
decay_setting_099,Baseline prompt,86.5,0.0
decay_setting_099,Baseline prompt,87.5,0.0
decay_setting_099,Baseline prompt,88.5,0.0
decay_setting_099,Baseline prompt,89.5,0.0
decay_setting_099,Baseline prompt,90.5,0.0
decay_setting_099,Baseline prompt,91.5,0.0
decay_setting_099,Baseline prompt,92.5,0.0
decay_setting_099,Baseline prompt,93.5,0.0
decay_setting_099,Baseline prompt,94.5,0.0
decay_setting_099,Baseline prompt,95.5,0.0
decay_setting_099,Baseline prompt,96.5,0.0
decay_setting_099,Baseline prompt,97.5,0.0
decay_setting_099,Baseline prompt,98.5,0.0
decay_setting_099,Baseline prompt,99.5,0.0
decay_setting_099,Blueprint prompt,0.5,0.91
decay_setting_099,Blueprint prompt,1.5,0.88
decay_setting_099,Blueprint prompt,2.5,0.85
decay_setting_099,Blueprint prompt,3.5,0.82
decay_setting_099,Blueprint prompt,4.5,0.8
decay_setting_099,Blueprint prompt,5.5,0.78
decay_setting_099,Blueprint prompt,6.5,0.75
decay_setting_099,Blueprint prompt,7.5,0.71
decay_setting_099,Blueprint prompt,8.5,0.68
decay_setting_099,Blueprint prompt,9.5,0.65
decay_setting_099,Blueprint prompt,10.5,0.62
decay_setting_099,Blueprint prompt,11.5,0.6
decay_setting_099,Blueprint prompt,12.5,0.58
decay_setting_099,Blueprint prompt,13.5,0.57
decay_setting_099,Blueprint prompt,14.5,0.56
decay_setting_099,Blueprint prompt,15.5,0.54
decay_setting_099,Blueprint prompt,16.5,0.52
decay_setting_099,Blueprint prompt,17.5,0.51
decay_setting_099,Blueprint prompt,18.5,0.49
decay_setting_099,Blueprint prompt,19.5,0.47
decay_setting_099,Blueprint prompt,20.5,0.44
decay_setting_099,Blueprint prompt,21.5,0.41
decay_setting_099,Blueprint prompt,22.5,0.39
decay_setting_099,Blueprint prompt,23.5,0.37
decay_setting_099,Blueprint prompt,24.5,0.34
decay_setting_099,Blueprint prompt,25.5,0.32
decay_setting_099,Blueprint prompt,26.5,0.31
decay_setting_099,Blueprint prompt,27.5,0.3
decay_setting_099,Blueprint prompt,28.5,0.29
decay_setting_099,Blueprint prompt,29.5,0.27
decay_setting_099,Blueprint prompt,30.5,0.25
decay_setting_099,Blueprint prompt,31.5,0.24
decay_setting_099,Blueprint prompt,32.5,0.23
decay_setting_099,Blueprint prompt,33.5,0.22
decay_setting_099,Blueprint prompt,34.5,0.21
decay_setting_099,Blueprint prompt,35.5,0.2
decay_setting_099,Blueprint prompt,36.5,0.19
decay_setting_099,Blueprint prompt,37.5,0.18
decay_setting_099,Blueprint prompt,38.5,0.18
decay_setting_099,Blueprint prompt,39.5,0.17
decay_setting_099,Blueprint prompt,40.5,0.16
decay_setting_099,Blueprint prompt,41.5,0.16
decay_setting_099,Blueprint prompt,42.5,0.15
decay_setting_099,Blueprint prompt,43.5,0.14
decay_setting_099,Blueprint prompt,44.5,0.14
decay_setting_099,Blueprint prompt,45.5,0.13
decay_setting_099,Blueprint prompt,46.5,0.13
decay_setting_099,Blueprint prompt,47.5,0.12
decay_setting_099,Blueprint prompt,48.5,0.12
decay_setting_099,Blueprint prompt,49.5,0.11
decay_setting_099,Blueprint prompt,50.5,0.11
decay_setting_099,Blueprint prompt,51.5,0.1
decay_setting_099,Blueprint prompt,52.5,0.1
decay_setting_099,Blueprint prompt,53.5,0.09
decay_setting_099,Blueprint prompt,54.5,0.09
decay_setting_099,Blueprint prompt,55.5,0.09
decay_setting_099,Blueprint prompt,56.5,0.08
decay_setting_099,Blueprint prompt,57.5,0.08
decay_setting_099,Blueprint prompt,58.5,0.08
decay_setting_099,Blueprint prompt,59.5,0.07
decay_setting_099,Blueprint prompt,60.5,0.07
decay_setting_099,Blueprint prompt,61.5,0.06
decay_setting_099,Blueprint prompt,62.5,0.06
decay_setting_099,Blueprint prompt,63.5,0.05
decay_setting_099,Blueprint prompt,64.5,0.05
decay_setting_099,Blueprint prompt,65.5,0.05
decay_setting_099,Blueprint prompt,66.5,0.05
decay_setting_099,Blueprint prompt,67.5,0.05
decay_setting_099,Blueprint prompt,68.5,0.04
decay_setting_099,Blueprint prompt,69.5,0.04
decay_setting_099,Blueprint prompt,70.5,0.04
decay_setting_099,Blueprint prompt,71.5,0.04
decay_setting_099,Blueprint prompt,72.5,0.03
decay_setting_099,Blueprint prompt,73.5,0.03
decay_setting_099,Blueprint prompt,74.5,0.03
decay_setting_099,Blueprint prompt,75.5,0.03
decay_setting_099,Blueprint prompt,76.5,0.03
decay_setting_099,Blueprint prompt,77.5,0.03
decay_setting_099,Blueprint prompt,78.5,0.02
decay_setting_099,Blueprint prompt,79.5,0.02
decay_setting_099,Blueprint prompt,80.5,0.02
decay_setting_099,Blueprint prompt,81.5,0.02
decay_setting_099,Blueprint prompt,82.5,0.02
decay_setting_099,Blueprint prompt,83.5,0.02
decay_setting_099,Blueprint prompt,84.5,0.02
decay_setting_099,Blueprint prompt,85.5,0.02
decay_setting_099,Blueprint prompt,86.5,0.01
decay_setting_099,Blueprint prompt,87.5,0.01
decay_setting_099,Blueprint prompt,88.5,0.01
decay_setting_099,Blueprint prompt,89.5,0.01
decay_setting_099,Blueprint prompt,90.5,0.01
decay_setting_099,Blueprint prompt,91.5,0.01
decay_setting_099,Blueprint prompt,92.5,0.01
decay_setting_099,Blueprint prompt,93.5,0.01
decay_setting_099,Blueprint prompt,94.5,0.01
decay_setting_099,Blueprint prompt,95.5,0.01
decay_setting_099,Blueprint prompt,96.5,0.01
decay_setting_099,Blueprint prompt,97.5,0.01
decay_setting_099,Blueprint prompt,98.5,0.01
decay_setting_099,Blueprint prompt,99.5,0.01
decay_setting_100,Blueprint prompt,0.5,0.93
decay_setting_100,Blueprint prompt,1.5,0.91
decay_setting_100,Blueprint prompt,2.5,0.89
decay_setting_100,Blueprint prompt,3.5,0.87
decay_setting_100,Blueprint prompt,4.5,0.85
decay_setting_100,Blueprint prompt,5.5,0.82
decay_setting_100,Blueprint prompt,6.5,0.79
decay_setting_100,Blueprint prompt,7.5,0.78
decay_setting_100,Blueprint prompt,8.5,0.76
decay_setting_100,Blueprint prompt,9.5,0.74
decay_setting_100,Blueprint prompt,10.5,0.7
decay_setting_100,Blueprint prompt,11.5,0.67
decay_setting_100,Blueprint prompt,12.5,0.64
decay_setting_100,Blueprint prompt,13.5,0.62
decay_setting_100,Blueprint prompt,14.5,0.6
decay_setting_100,Blueprint prompt,15.5,0.57
decay_setting_100,Blueprint prompt,16.5,0.55
decay_setting_100,Blueprint prompt,17.5,0.52
decay_setting_100,Blueprint prompt,18.5,0.5
decay_setting_100,Blueprint prompt,19.5,0.47
decay_setting_100,Blueprint prompt,20.5,0.45
decay_setting_100,Blueprint prompt,21.5,0.43
decay_setting_100,Blueprint prompt,22.5,0.41
decay_setting_100,Blueprint prompt,23.5,0.39
decay_setting_100,Blueprint prompt,24.5,0.38
decay_setting_100,Blueprint prompt,25.5,0.36
decay_setting_100,Blueprint prompt,26.5,0.35
decay_setting_100,Blueprint prompt,27.5,0.33
decay_setting_100,Blueprint prompt,28.5,0.32
decay_setting_100,Blueprint prompt,29.5,0.3
decay_setting_100,Blueprint prompt,30.5,0.28
decay_setting_100,Blueprint prompt,31.5,0.26
decay_setting_100,Blueprint prompt,32.5,0.25
decay_setting_100,Blueprint prompt,33.5,0.24
decay_setting_100,Blueprint prompt,34.5,0.22
decay_setting_100,Blueprint prompt,35.5,0.21
decay_setting_100,Blueprint prompt,36.5,0.2
decay_setting_100,Blueprint prompt,37.5,0.18
decay_setting_100,Blueprint prompt,38.5,0.17
decay_setting_100,Blueprint prompt,39.5,0.16
decay_setting_100,Blueprint prompt,40.5,0.15
decay_setting_100,Blueprint prompt,41.5,0.13
decay_setting_100,Blueprint prompt,42.5,0.12
decay_setting_100,Blueprint prompt,43.5,0.12
decay_setting_100,Blueprint prompt,44.5,0.11
decay_setting_100,Blueprint prompt,45.5,0.1
decay_setting_100,Blueprint prompt,46.5,0.09
decay_setting_100,Blueprint prompt,47.5,0.09
decay_setting_100,Blueprint prompt,48.5,0.08
decay_setting_100,Blueprint prompt,49.5,0.08
decay_setting_100,Blueprint prompt,50.5,0.07
decay_setting_100,Blueprint prompt,51.5,0.07
decay_setting_100,Blueprint prompt,52.5,0.06
decay_setting_100,Blueprint prompt,53.5,0.06
decay_setting_100,Blueprint prompt,54.5,0.05
decay_setting_100,Blueprint prompt,55.5,0.05
decay_setting_100,Blueprint prompt,56.5,0.05
decay_setting_100,Blueprint prompt,57.5,0.04
decay_setting_100,Blueprint prompt,58.5,0.04
decay_setting_100,Blueprint prompt,59.5,0.04
decay_setting_100,Blueprint prompt,60.5,0.03
decay_setting_100,Blueprint prompt,61.5,0.03
decay_setting_100,Blueprint prompt,62.5,0.03
decay_setting_100,Blueprint prompt,63.5,0.02
decay_setting_100,Blueprint prompt,64.5,0.02
decay_setting_100,Blueprint prompt,65.5,0.02
decay_setting_100,Blueprint prompt,66.5,0.02
decay_setting_100,Blueprint prompt,67.5,0.01
decay_setting_100,Blueprint prompt,68.5,0.01
decay_setting_100,Blueprint prompt,69.5,0.01
decay_setting_100,Blueprint prompt,70.5,0.01
decay_setting_100,Blueprint prompt,71.5,0.01
decay_setting_100,Blueprint prompt,72.5,0.01
decay_setting_100,Blueprint prompt,73.5,0.01
decay_setting_100,Blueprint prompt,74.5,0.01
decay_setting_100,Blueprint prompt,75.5,0.01
decay_setting_100,Blueprint prompt,76.5,0.01
decay_setting_100,Blueprint prompt,77.5,0.01
decay_setting_100,Blueprint prompt,78.5,0.01
decay_setting_100,Blueprint prompt,79.5,0.01
decay_setting_100,Blueprint prompt,80.5,0.01
decay_setting_100,Blueprint prompt,81.5,0.01
decay_setting_100,Blueprint prompt,82.5,0.01
decay_setting_100,Blueprint prompt,83.5,0.01
decay_setting_100,Blueprint prompt,84.5,0.01
decay_setting_100,Blueprint prompt,85.5,0.01
decay_setting_100,Blueprint prompt,86.5,0.01
decay_setting_100,Blueprint prompt,87.5,0.01
decay_setting_100,Blueprint prompt,88.5,0.01
decay_setting_100,Blueprint prompt,89.5,0.01
decay_setting_100,Blueprint prompt,90.5,0.01
decay_setting_100,Blueprint prompt,91.5,0.01
decay_setting_100,Blueprint prompt,92.5,0.01
decay_setting_100,Blueprint prompt,93.5,0.01
decay_setting_100,Blueprint prompt,94.5,0.01
decay_setting_100,Blueprint prompt,95.5,0.01
decay_setting_100,Blueprint prompt,96.5,0.01
decay_setting_100,Blueprint prompt,97.5,0.01
decay_setting_100,Blueprint prompt,98.5,0.01
decay_setting_100,Blueprint prompt,99.5,0.01
decay_setting_100,Baseline prompt,0.5,0.85
decay_setting_100,Baseline prompt,1.5,0.8
decay_setting_100,Baseline prompt,2.5,0.76
decay_setting_100,Baseline prompt,3.5,0.72
decay_setting_100,Baseline prompt,4.5,0.67
decay_setting_100,Baseline prompt,5.5,0.62
decay_setting_100,Baseline prompt,6.5,0.57
decay_setting_100,Baseline prompt,7.5,0.52
decay_setting_100,Baseline prompt,8.5,0.47
decay_setting_100,Baseline prompt,9.5,0.42
decay_setting_100,Baseline prompt,10.5,0.38
decay_setting_100,Baseline prompt,11.5,0.34
decay_setting_100,Baseline prompt,12.5,0.3
decay_setting_100,Baseline prompt,13.5,0.27
decay_setting_100,Baseline prompt,14.5,0.24
decay_setting_100,Baseline prompt,15.5,0.22
decay_setting_100,Baseline prompt,16.5,0.2
decay_setting_100,Baseline prompt,17.5,0.18
decay_setting_100,Baseline prompt,18.5,0.16
decay_setting_100,Baseline prompt,19.5,0.14
decay_setting_100,Baseline prompt,20.5,0.12
decay_setting_100,Baseline prompt,21.5,0.11
decay_setting_100,Baseline prompt,22.5,0.1
decay_setting_100,Baseline prompt,23.5,0.09
decay_setting_100,Baseline prompt,24.5,0.08
decay_setting_100,Baseline prompt,25.5,0.07
decay_setting_100,Baseline prompt,26.5,0.06
decay_setting_100,Baseline prompt,27.5,0.05
decay_setting_100,Baseline prompt,28.5,0.045
decay_setting_100,Baseline prompt,29.5,0.04
decay_setting_100,Baseline prompt,30.5,0.035
decay_setting_100,Baseline prompt,31.5,0.03
decay_setting_100,Baseline prompt,32.5,0.028
decay_setting_100,Baseline prompt,33.5,0.026
decay_setting_100,Baseline prompt,34.5,0.024
decay_setting_100,Baseline prompt,35.5,0.022
decay_setting_100,Baseline prompt,36.5,0.02
decay_setting_100,Baseline prompt,37.5,0.018
decay_setting_100,Baseline prompt,38.5,0.016
decay_setting_100,Baseline prompt,39.5,0.015
decay_setting_100,Baseline prompt,40.5,0.014
decay_setting_100,Baseline prompt,41.5,0.013
decay_setting_100,Baseline prompt,42.5,0.012
decay_setting_100,Baseline prompt,43.5,0.011
decay_setting_100,Baseline prompt,44.5,0.01
decay_setting_100,Baseline prompt,45.5,0.009
decay_setting_100,Baseline prompt,46.5,0.008
decay_setting_100,Baseline prompt,47.5,0.007
decay_setting_100,Baseline prompt,48.5,0.006
decay_setting_100,Baseline prompt,49.5,0.005
decay_setting_100,Baseline prompt,50.5,0.0045
decay_setting_100,Baseline prompt,51.5,0.004
decay_setting_100,Baseline prompt,52.5,0.0038
decay_setting_100,Baseline prompt,53.5,0.0036
decay_setting_100,Baseline prompt,54.5,0.0034
decay_setting_100,Baseline prompt,55.5,0.0032
decay_setting_100,Baseline prompt,56.5,0.003
decay_setting_100,Baseline prompt,57.5,0.0028
decay_setting_100,Baseline prompt,58.5,0.0026
decay_setting_100,Baseline prompt,59.5,0.0024
decay_setting_100,Baseline prompt,60.5,0.0022
decay_setting_100,Baseline prompt,61.5,0.002
decay_setting_100,Baseline prompt,62.5,0.0019
decay_setting_100,Baseline prompt,63.5,0.0018
decay_setting_100,Baseline prompt,64.5,0.0017
decay_setting_100,Baseline prompt,65.5,0.0016
decay_setting_100,Baseline prompt,66.5,0.0015
decay_setting_100,Baseline prompt,67.5,0.0014
decay_setting_100,Baseline prompt,68.5,0.0013
decay_setting_100,Baseline prompt,69.5,0.0012
decay_setting_100,Baseline prompt,70.5,0.0011
decay_setting_100,Baseline prompt,71.5,0.00105
decay_setting_100,Baseline prompt,72.5,0.001
decay_setting_100,Baseline prompt,73.5,0.00095
decay_setting_100,Baseline prompt,74.5,0.0009
decay_setting_100,Baseline prompt,75.5,0.00085
decay_setting_100,Baseline prompt,76.5,0.0008
decay_setting_100,Baseline prompt,77.5,0.00075
decay_setting_100,Baseline prompt,78.5,0.0007
decay_setting_100,Baseline prompt,79.5,0.00065
decay_setting_100,Baseline prompt,80.5,0.0006
decay_setting_100,Baseline prompt,81.5,0.00055
decay_setting_100,Baseline prompt,82.5,0.0005
decay_setting_100,Baseline prompt,83.5,0.00045
decay_setting_100,Baseline prompt,84.5,0.0004
decay_setting_100,Baseline prompt,85.5,0.00035
decay_setting_100,Baseline prompt,86.5,0.0003
decay_setting_100,Baseline prompt,87.5,0.00025
decay_setting_100,Baseline prompt,88.5,0.0002
decay_setting_100,Baseline prompt,89.5,0.00015
decay_setting_100,Baseline prompt,90.5,0.0001
decay_setting_100,Baseline prompt,91.5,9e-05
decay_setting_100,Baseline prompt,92.5,8e-05
decay_setting_100,Baseline prompt,93.5,7e-05
decay_setting_100,Baseline prompt,94.5,6e-05
decay_setting_100,Baseline prompt,95.5,5e-05
decay_setting_100,Baseline prompt,96.5,4e-05
decay_setting_100,Baseline prompt,97.5,3e-05
decay_setting_100,Baseline prompt,98.5,2e-05
decay_setting_100,Baseline prompt,99.5,1e-05
