prompt_variant_id,setting_id,outcome,relation,population_direction,surface,answer_order,clean_margin,target_slope,target_plus1_effect,population_slope,registry_slope,random_1_slope,random_2_slope,random_3_slope,random_4_slope,random_5_slope
scaling_variant_0001,scaling_mechanism_setting_001,gdp,direct,up,surface_c,forward,-5.79687487334013,0.1062500894069671,0.1250000521540641,-0.1640623547136783,0.531250111758709,-0.0546876303851604,-0.0312499366700649,0.2812501639127731,0.2421875894069671,-0.0937500149011612
scaling_variant_0002,scaling_mechanism_setting_001,gdp,direct,up,surface_c,reverse,-5.562500135973096,0.0375000627711415,0.0312499515712261,-0.179687581025064,0.3593749697320163,-0.039062543772161,-0.1093751899898052,0.1328124636784196,0.2031249450519681,-0.1406249161809682
scaling_variant_0003,scaling_mechanism_setting_001,gdp,direct,up,surface_d,forward,-4.625000135973096,-0.2437499659135937,-0.3124997392296791,-0.0703124590218067,0.5703124278225005,-0.0546875596046447,-0.0312500819563865,0.1874998770654201,0.1718750242143869,-0.0703123975545167
scaling_variant_0004,scaling_mechanism_setting_001,gdp,direct,up,surface_d,reverse,-4.796875081956387,-0.2687499174848199,-0.3437497811391949,-0.0937499664723873,0.4531248728744685,-0.0624998835846781,-0.0781251285225153,0.1093750060535967,0.1640625218860805,-0.1484373253770172
scaling_variant_0005,scaling_mechanism_setting_001,gdp,direct,down,surface_c,forward,-1.5781249701976776,0.4406250476837158,0.6874999701976776,0.0390624776482582,0.4062499776482582,-0.0468749850988388,0.0312500596046447,7.450580596923828e-09,-0.1015625149011612,0.140624962747097
scaling_variant_0006,scaling_mechanism_setting_001,gdp,direct,down,surface_c,reverse,-0.53125,0.5031250178813934,0.6875,0.1093749701976776,0.4296874701976776,-0.0234374701976776,-0.0781250149011612,-0.0234374701976776,-0.15625,0.1328125
scaling_variant_0007,scaling_mechanism_setting_001,gdp,direct,down,surface_d,forward,0.6718750298023224,0.5906250178813933,0.7812499850988388,0.0468750149011611,-0.0078125149011611,-0.0078125298023223,-0.0234374850988388,-0.0781250149011612,-0.0781249850988388,0.046875
scaling_variant_0008,scaling_mechanism_setting_001,gdp,direct,down,surface_d,reverse,1.4687499850988388,0.5906249940395355,0.7031250521540642,0.0859375447034835,0.03125,7.450580596923828e-09,-0.046874962747097,-0.0625000223517417,-0.0781250149011612,0.0781249925494194
scaling_variant_0009,scaling_mechanism_setting_001,gdp,inverse,up,surface_c,forward,-1.9843750894069672,-0.8031250104308129,-0.4062499403953552,-0.0781249776482582,-0.9531249832361935,-0.0546874888241291,-0.0624999888241291,-0.0078124478459358,0.1249999813735485,-0.0546874217689037
scaling_variant_0010,scaling_mechanism_setting_001,gdp,inverse,up,surface_c,reverse,2.4375000596046448,-0.7031250074505806,-0.6093750894069672,-0.4140625149011612,-0.5625000596046448,-0.1640625521540641,0.1171873919665813,0.2031250707805156,0.3203125,-0.1718750037252903
scaling_variant_0011,scaling_mechanism_setting_001,gdp,inverse,up,surface_d,forward,-1.8906250596046448,-0.0812499552965164,0.0312501788139343,0.015624925494194,-0.3906250596046448,-3.725290298461914e-08,-0.0468750372529029,0.0468750447034835,0.0390624701976776,-0.171875
scaling_variant_0012,scaling_mechanism_setting_001,gdp,inverse,up,surface_d,reverse,-0.7031250298023224,-0.237499988079071,-0.1093749403953552,-0.0156250447034835,-0.2890625298023224,-0.03125,0.0624999850988388,0.078125,0.09375,-0.15625
scaling_variant_0013,scaling_mechanism_setting_001,gdp,inverse,down,surface_c,forward,-5.312499854713678,0.6156250724568963,0.5781250391155481,0.1249998533166945,-0.2812500610016286,0.0624999264255166,0.0468750626314431,-0.1562497937120497,-0.2187500693835318,0.0156249636784195
scaling_variant_0014,scaling_mechanism_setting_001,gdp,inverse,down,surface_c,reverse,-5.656249909196049,0.5218749463558198,0.4999999976716935,0.1718750688014552,-0.312500043422915,0.0234374583233147,0.0546874190913513,-0.1015624634455889,-0.2265625182772055,0.0703124762512743
scaling_variant_0015,scaling_mechanism_setting_001,gdp,inverse,down,surface_d,forward,-3.2500000409781933,0.6843749299645424,0.6406249366700649,0.109375063329935,-0.2578124888241291,0.0234374962747097,2.9802322387695312e-08,-0.1015625279396772,-0.1953124366700649,0.023437600582838
scaling_variant_0016,scaling_mechanism_setting_001,gdp,inverse,down,surface_d,reverse,-3.328124988824129,0.5593750096857547,0.5156250111758709,0.1093749906867742,-0.1562500409781932,0.0078125540167093,-5.0291419029235846e-08,-0.0546874795109033,-0.1484375074505806,0.0625001024454832
scaling_variant_0017,scaling_mechanism_setting_001,road,direct,up,surface_c,forward,-3.140624910593033,0.4125000223517418,0.406249962747097,-0.1250000149011612,0.468750037252903,-0.0468749329447746,-0.0468749850988388,0.2656250707805156,0.1406249962747097,-0.0468750968575477
scaling_variant_0018,scaling_mechanism_setting_001,road,direct,up,surface_c,reverse,-4.375000108033419,0.0843750722706318,0.0625002309679985,-0.1406249655410647,0.3203124171122908,-0.0390625149011611,-0.0937501275911927,0.132812462747097,0.1640625121071934,-0.1171874292194843
scaling_variant_0019,scaling_mechanism_setting_001,road,direct,up,surface_d,forward,-0.296875,0.2749999761581421,0.21875,0.0078125,0.1875,0.0078125,-0.0546875,0.0703125,0.046875,-0.109375
scaling_variant_0020,scaling_mechanism_setting_001,road,direct,up,surface_d,reverse,-1.1874999701976776,0.1093749821186065,0.0156249701976776,-0.0078125149011611,0.1250000298023224,-0.0078124701976776,-0.0312499552965164,0.0703125149011612,0.0390625298023223,-0.1406249701976776
scaling_variant_0021,scaling_mechanism_setting_001,road,direct,down,surface_c,forward,-0.3125,0.5500000238418579,0.71875,0.1015625,0.1171875,0.0078125,0.0234375,-0.0078125,-0.09375,0.078125
scaling_variant_0022,scaling_mechanism_setting_001,road,direct,down,surface_c,reverse,0.5,0.7656249821186066,0.9531249552965164,0.1640625,0.1406250298023224,-0.015625,0.0,-0.0312500149011611,-0.1484374850988388,0.0859374701976776
scaling_variant_0023,scaling_mechanism_setting_001,road,direct,down,surface_d,forward,-0.046875,0.574999988079071,0.7656249701976776,0.0703125,0.078125,0.0,0.0234375,-0.0546875,-0.0625,0.0703125
scaling_variant_0024,scaling_mechanism_setting_001,road,direct,down,surface_d,reverse,0.6562500298023224,0.6749999880790711,0.8281249403953552,0.1093749701976776,0.1171875,-0.0078124850988388,-0.0390625,-0.0625000447034835,-0.0703124850988388,0.0859374701976776
scaling_variant_0025,scaling_mechanism_setting_001,road,inverse,up,surface_c,forward,-0.9687499403953552,-0.7687499880790714,-0.3906250149011612,-0.0937500149011612,-0.5625000298023224,-0.0624999850988388,-0.0703124850988388,-0.0078124850988388,0.0859375,-0.0859375298023223
scaling_variant_0026,scaling_mechanism_setting_001,road,inverse,up,surface_c,reverse,2.250000089406967,-0.6750000134110449,-0.578125074505806,-0.3750000298023224,-0.3281250149011612,-0.1015625521540641,0.0312500149011611,0.1796875,0.2265624292194843,-0.1640625149011612
scaling_variant_0027,scaling_mechanism_setting_001,road,inverse,up,surface_d,forward,-2.671874977648258,-0.1499999761581421,-0.0156249776482582,0.0078125409781932,-0.5000000353902578,0.015625026077032,-0.1015625484287738,0.0156250111758708,0.046875063329935,-0.1875000149011612
scaling_variant_0028,scaling_mechanism_setting_001,road,inverse,up,surface_d,reverse,-1.4999999850988388,-0.3031250417232514,-0.1406250745058059,-0.0312499925494194,-0.4140624925494194,0.015625,0.0234374776482582,0.0703124850988388,0.0781250298023223,-0.1874999925494194
scaling_variant_0029,scaling_mechanism_setting_001,road,inverse,down,surface_c,forward,-5.093749789521098,0.6499999764375389,0.6093746237456799,0.1562499292194843,-0.3437497895210981,0.0937499504070729,0.046875104540959,-0.1484375998843461,-0.2187499951105564,0.0390624897554516
scaling_variant_0030,scaling_mechanism_setting_001,road,inverse,down,surface_c,reverse,-5.640625225147232,0.528125023469329,0.5312502917367965,0.1953124740393832,-0.3515624715946615,0.0234374374849721,0.0546875002328306,-0.09374989150092,-0.2343749763676896,0.0703125449363142
scaling_variant_0031,scaling_mechanism_setting_001,road,inverse,down,surface_d,forward,-1.906249925494194,0.893749986588955,0.7812498956918716,0.1406249776482582,-0.0937500298023223,0.0390625149011611,4.4703483581542975e-08,-0.0859374776482582,-0.1640625447034835,0.0156249478459358
scaling_variant_0032,scaling_mechanism_setting_001,road,inverse,down,surface_d,reverse,-2.3750001192092896,0.7687500432133675,0.6875001043081284,0.1562499962747097,-0.0546874664723873,7.450580596923828e-09,4.4703483581542975e-08,-0.0546875186264514,-0.1484375037252903,0.0703125484287738
scaling_variant_0033,scaling_mechanism_setting_002,gdp,direct,up,surface_c,forward,-5.890624918043613,0.0968749552965164,0.1406247615814209,-0.1640624180436134,0.6093748062849045,-0.0546874552965164,-0.0234375894069671,0.3125000335276127,0.234375175088644,-0.1171874515712261
scaling_variant_0034,scaling_mechanism_setting_002,gdp,direct,up,surface_c,reverse,-5.734374847263098,0.0687498494982719,0.0468747876584529,-0.1640624525025487,0.3828124906867742,-0.0390624850988388,-0.0937501601874828,0.1249999850988388,0.2031249003484845,-0.1406248547136783
scaling_variant_0035,scaling_mechanism_setting_002,gdp,direct,up,surface_d,forward,-4.593749899417162,-0.2218750566244125,-0.3125001937150955,-0.0625000353902578,0.5703125125728548,-0.0625000586733222,-0.0234374729916453,0.1953125121071934,0.1640625018626451,-0.062500013038516
scaling_variant_0036,scaling_mechanism_setting_002,gdp,direct,up,surface_d,reverse,-4.82812477555126,-0.2531250169500709,-0.3125001643784344,-0.0937499571591615,0.4453124899882823,-0.0781250740401446,-0.0859373770654201,0.1171874464489519,0.1562499217689037,-0.1562499003484845
scaling_variant_0037,scaling_mechanism_setting_002,gdp,direct,down,surface_c,forward,-1.4687499701976776,0.3687499821186065,0.6093749403953552,0.0468750447034835,0.3828125298023224,-0.0546875298023223,0.0312500596046447,-0.0312499403953552,-0.1015625298023223,0.1406250447034835
scaling_variant_0038,scaling_mechanism_setting_002,gdp,direct,down,surface_c,reverse,-0.515625,0.4499999999999999,0.640625,0.1250000298023224,0.40625,-0.03125,-0.0781250298023223,-0.0390624701976776,-0.1562499701976776,0.140625
scaling_variant_0039,scaling_mechanism_setting_002,gdp,direct,down,surface_d,forward,0.203125,0.5593749642372131,0.7968749403953552,0.03125,0.046875,0.0,-0.0234375,-0.0625,-0.046875,0.0703125
scaling_variant_0040,scaling_mechanism_setting_002,gdp,direct,down,surface_d,reverse,1.0000000298023224,0.5906250357627869,0.7343750149011612,0.0859375298023223,0.1093750149011612,0.0078124552965164,-0.0781250149011612,-0.0703125149011612,-0.0625000298023223,0.0859375149011612
scaling_variant_0041,scaling_mechanism_setting_002,gdp,inverse,up,surface_c,forward,-1.6718750149011612,-1.0218749821186066,-0.546875,-0.0937499776482582,-0.9921874403953552,-0.0546874776482582,-0.0390624925494194,-0.0156249850988388,0.1562500447034835,-0.0390624925494194
scaling_variant_0042,scaling_mechanism_setting_002,gdp,inverse,up,surface_c,reverse,2.5156251043081284,-0.706249973922968,-0.6406250149011612,-0.4296875279396772,-0.5390624441206455,-0.1562499031424522,0.0781249813735485,0.1953125223517418,0.3125000596046448,-0.1328124776482582
scaling_variant_0043,scaling_mechanism_setting_002,gdp,inverse,up,surface_d,forward,-2.140625089406967,-0.0468750149011611,0.0468750596046447,0.0390624031424522,-0.4218749403953552,-8.195638656616212e-08,-0.0390625745058059,0.0390625074505806,0.023437425494194,-0.1796874701976776
scaling_variant_0044,scaling_mechanism_setting_002,gdp,inverse,up,surface_d,reverse,-1.0156250298023224,-0.1968750178813934,-0.0937500298023223,-1.4901161193847656e-08,-0.3437500149011612,-0.0156250298023223,0.0703125149011612,0.0937500149011612,0.0859374701976776,-0.1718749552965164
scaling_variant_0045,scaling_mechanism_setting_002,gdp,inverse,down,surface_c,forward,-5.093750000931323,0.6624999255873263,0.6406250689178705,0.1562501033768057,-0.2187499541323632,0.0703124518040567,0.0234376448206603,-0.1484376206062734,-0.2343750698491931,0.0078124783467501
scaling_variant_0046,scaling_mechanism_setting_002,gdp,inverse,down,surface_c,reverse,-5.515625124331564,0.5218750342261045,0.4843753362074494,0.179687684867531,-0.2812499032588675,0.0390624827705323,0.0390625551808625,-0.093749911757186,-0.2343751046573743,0.0781248635612428
scaling_variant_0047,scaling_mechanism_setting_002,gdp,inverse,down,surface_d,forward,-2.640625044703484,0.784374952316284,0.7031249850988388,0.1093749776482582,-0.1953125447034835,0.0156249701976776,-0.0234374590218067,-0.1015625149011612,-0.1874999292194843,0.0312499850988388
scaling_variant_0048,scaling_mechanism_setting_002,gdp,inverse,down,surface_d,reverse,-2.921874899417162,0.578124924749136,0.5156248025596142,0.1015624161809682,-0.0937500223517417,0.0234375093132257,-0.0156250279396772,-0.0546875316649675,-0.1328125596046447,0.0781250186264514
scaling_variant_0049,scaling_mechanism_setting_002,road,direct,up,surface_c,forward,-3.5781249552965164,0.4249999746680259,0.4374999329447746,-0.1406249739229679,0.4921873826533556,-0.0546874888241291,-0.0312499590218067,0.2890625670552254,0.1640625819563865,-0.0625000372529029
scaling_variant_0050,scaling_mechanism_setting_002,road,direct,up,surface_c,reverse,-4.671874985098839,0.1062500327825546,0.1093751322478056,-0.1796876862645149,0.3203124334104359,-0.0624997988343238,-0.0859374646097421,0.156250131316483,0.1718749413266778,-0.1250000298023224
scaling_variant_0051,scaling_mechanism_setting_002,road,direct,up,surface_d,forward,-0.453125,0.299999976158142,0.21875,0.0156250298023223,0.2109375,0.0078125298023223,-0.0624999701976776,0.0859375,0.0312499701976776,-0.1171875
scaling_variant_0052,scaling_mechanism_setting_002,road,direct,up,surface_d,reverse,-1.3437499403953552,0.1437499791383743,0.0468748807907104,-0.0078124701976776,0.1406250298023224,-0.0156250149011611,-0.0312500149011611,0.0859374552965164,0.0312500149011611,-0.1406250074505806
scaling_variant_0053,scaling_mechanism_setting_002,road,direct,down,surface_c,forward,-0.53125,0.4781249880790711,0.671875,0.1093750298023223,0.0703125,0.0,0.0390624403953552,-0.0234375298023223,-0.0703125,0.0859375
scaling_variant_0054,scaling_mechanism_setting_002,road,direct,down,surface_c,reverse,0.328125,0.606250011920929,0.7968750298023224,0.171875,0.1328124701976776,0.0078125,-0.015625,-0.0546875,-0.1328125,0.109375
scaling_variant_0055,scaling_mechanism_setting_002,road,direct,down,surface_d,forward,-0.109375,0.54375,0.734375,0.0703125,0.0625,0.0078125,0.015625,-0.046875,-0.0546875,0.078125
scaling_variant_0056,scaling_mechanism_setting_002,road,direct,down,surface_d,reverse,0.5624999403953552,0.6468749701976775,0.8281250149011612,0.1093749701976776,0.1484375298023224,0.0,-0.0546875596046447,-0.0624999701976776,-0.0546875149011611,0.1015625298023223
scaling_variant_0057,scaling_mechanism_setting_002,road,inverse,up,surface_c,forward,-0.9843749701976776,-0.7281249821186065,-0.3906249850988388,-0.09375,-0.5,-0.0546875149011611,-0.0703124701976776,1.4901161193847656e-08,0.0781250298023223,-0.0781250149011612
scaling_variant_0058,scaling_mechanism_setting_002,road,inverse,up,surface_c,reverse,2.1562500298023224,-0.6562500268220902,-0.5312500149011612,-0.3515624403953552,-0.2499999664723873,-0.1171874962747097,0.0312500149011611,0.1640624701976776,0.2499999925494194,-0.1562499925494194
scaling_variant_0059,scaling_mechanism_setting_002,road,inverse,up,surface_d,forward,-2.6875000074505806,-0.1562499761581421,-0.015624962747097,0.0234374441206455,-0.4999999534338712,0.0156249552965164,-0.1093750223517417,0.0156249850988388,0.0390624180436134,-0.1796875335276127
scaling_variant_0060,scaling_mechanism_setting_002,road,inverse,up,surface_d,reverse,-1.5312500596046448,-0.2968749940395355,-0.1249999105930328,-0.0390624850988388,-0.4218750223517418,0.0156249776482582,0.0156249776482582,0.0859374701976776,0.0859375372529029,-0.1796875
scaling_variant_0061,scaling_mechanism_setting_002,road,inverse,down,surface_c,forward,-4.718749838881195,0.6468751003034412,0.6250000717118382,0.1796874639112502,-0.2968750346917659,0.0937497885897755,0.0312499445863068,-0.1250001541338861,-0.2187499245628714,0.0468749841675162
scaling_variant_0062,scaling_mechanism_setting_002,road,inverse,down,surface_c,reverse,-5.437500091735274,0.5187499666120856,0.4999999511055648,0.1953123655403033,-0.3203125308500603,0.0546876899898052,0.0625001434236764,-0.0859375994186848,-0.2421875150175765,0.0546876217704266
scaling_variant_0063,scaling_mechanism_setting_002,road,inverse,down,surface_d,forward,-1.7812500149011612,0.9312499821186064,0.8124999850988388,0.15625,-0.0859374701976776,0.039062462747097,-0.0156250074505805,-0.0703124850988388,-0.1718749403953552,0.0234375372529029
scaling_variant_0064,scaling_mechanism_setting_002,road,inverse,down,surface_d,reverse,-2.343750111758709,0.7843750551342965,0.7187501415610313,0.1718749552965164,-0.0468749552965164,0.0390624664723873,-0.0156250484287738,-0.0546874925494194,-0.1406249664723873,0.0703125149011612
scaling_variant_0065,scaling_mechanism_setting_003,gdp,direct,up,surface_c,forward,-4.906249821186066,0.053124951198697,0.0156246628612279,-0.1328124860301613,0.4687499571591615,-0.0546875055879354,-0.0078125074505805,0.2500000596046448,0.1953125800937414,-0.0703125400468707
scaling_variant_0066,scaling_mechanism_setting_003,gdp,direct,up,surface_c,reverse,-4.937500193715096,0.0187500918284058,-0.0156247531995177,-0.1484374636784196,0.2968749366700649,5.8207660913467414e-08,-0.0781249143183231,0.1250000302679836,0.1640626187436282,-0.1249998826533556
scaling_variant_0067,scaling_mechanism_setting_003,gdp,direct,up,surface_d,forward,-4.750000101514161,-0.2500000327825546,-0.3124997839331627,-0.0859374143183231,0.5546873684506863,-0.0390625623986125,-0.0390625903382897,0.1718748831190168,0.1874999892897904,-0.062499959487468
scaling_variant_0068,scaling_mechanism_setting_003,gdp,direct,up,surface_d,reverse,-4.81249990221113,-0.2906250163912773,-0.3593751001171767,-0.078124962747097,0.4765623966231942,-0.0546876159496605,-0.0781248402781784,0.109375026077032,0.1484374203719198,-0.1328124408610165
scaling_variant_0069,scaling_mechanism_setting_003,gdp,direct,down,surface_c,forward,-1.875000074505806,0.1531249910593032,0.3281250745058059,0.0078125149011611,0.3593750521540642,-0.0390624105930328,0.062499925494194,-0.0156249180436134,-0.0859374329447746,0.140624962747097
scaling_variant_0070,scaling_mechanism_setting_003,gdp,direct,down,surface_c,reverse,-1.015625,0.24375,0.4062500596046448,0.0937500149011612,0.4062499403953552,-0.0390625149011611,-0.0546875447034835,-0.0312499850988388,-0.1328125,0.1484374701976776
scaling_variant_0071,scaling_mechanism_setting_003,gdp,direct,down,surface_d,forward,-0.125,0.371875,0.546875,0.0234375,0.046875,0.0078125,0.015625,-0.0390625,-0.046875,0.0703125
scaling_variant_0072,scaling_mechanism_setting_003,gdp,direct,down,surface_d,reverse,0.6093749701976776,0.4875000119209289,0.6250000596046448,0.0703124701976776,0.1249999701976776,0.0156250298023223,-0.0624999552965164,-0.0703125298023223,-0.0625,0.0859374850988388
scaling_variant_0073,scaling_mechanism_setting_003,gdp,inverse,up,surface_c,forward,-0.7343750298023224,-1.1406250298023222,-0.7187500149011612,-0.125,-0.8906250149011612,-0.0625000298023223,-0.0234374701976776,0.0234374850988388,0.1171875298023223,-0.0234374850988388
scaling_variant_0074,scaling_mechanism_setting_003,gdp,inverse,up,surface_c,reverse,2.9687499403953552,-0.5874999314546585,-0.5624998733401299,-0.3984374608844518,-0.3828126024454832,-0.1250000614672899,0.0625000745058059,0.1718750409781932,0.2968750260770321,-0.1328125335276127
scaling_variant_0075,scaling_mechanism_setting_003,gdp,inverse,up,surface_d,forward,-1.5000000298023224,-0.0937500149011612,0.0156250298023223,0.0156249925494194,-0.3046874776482582,-0.0234375149011611,-0.0390625372529029,0.0390625,0.0312499701976776,-0.1484374850988388
scaling_variant_0076,scaling_mechanism_setting_003,gdp,inverse,up,surface_d,reverse,-0.234375,-0.278125,-0.140625,-0.03125,-0.2265625,-0.0390625,0.0625,0.09375,0.109375,-0.140625
scaling_variant_0077,scaling_mechanism_setting_003,gdp,inverse,down,surface_c,forward,-4.421875018626452,0.6124999368563294,0.5781250186264515,0.1328125270083546,-0.1875000651925802,0.0624999171122908,0.0312501494772732,-0.1406251201406121,-0.2187500009313225,0.0078123840503394
scaling_variant_0078,scaling_mechanism_setting_003,gdp,inverse,down,surface_c,reverse,-4.859374826774001,0.4812500689178705,0.4531250279396772,0.1640624091960489,-0.1875000779982656,0.0234373975545167,0.0390624976716935,-0.1093749336432665,-0.2109374720603227,0.0703123956918716
scaling_variant_0079,scaling_mechanism_setting_003,gdp,inverse,down,surface_d,forward,-1.9999998807907104,0.756249997019768,0.6406248509883881,0.1093749478459358,-0.1093749105930328,0.0156250149011611,-0.0156250521540641,-0.1015625298023223,-0.1406250596046447,0.0234375521540641
scaling_variant_0080,scaling_mechanism_setting_003,gdp,inverse,down,surface_d,reverse,-2.4375000074505806,0.5531249716877937,0.4843749925494194,0.1015625596046447,-0.0390624813735485,0.0078124776482582,-0.0234375819563865,-0.0624999292194843,-0.1328125409781932,0.0546875186264514
scaling_variant_0081,scaling_mechanism_setting_003,road,direct,up,surface_c,forward,-2.3437501192092896,0.4062500447034836,0.3906252086162567,-0.0859374813735485,0.4843749590218067,-0.0781249739229679,-0.0390625968575477,0.2421875111758709,0.0937499850988388,-0.0546875409781932
scaling_variant_0082,scaling_mechanism_setting_003,road,direct,up,surface_c,reverse,-3.8593749534338713,0.1187500525265932,0.1093750074505806,-0.1406251275911927,0.3046874683350324,-0.0546873928979039,-0.0703125204890966,0.1406249664723873,0.1562499841675162,-0.1093749422580003
scaling_variant_0083,scaling_mechanism_setting_003,road,direct,up,surface_d,forward,-0.09375,0.234375,0.171875,0.0,0.140625,-0.0078125,-0.0546875,0.0546875,0.0234375,-0.109375
scaling_variant_0084,scaling_mechanism_setting_003,road,direct,up,surface_d,reverse,-0.9375,0.0968750238418579,5.960464477539064e-08,0.0,0.078125,-0.0156249850988388,-0.0078125,0.0546875149011611,0.0234375298023223,-0.1249999701976776
scaling_variant_0085,scaling_mechanism_setting_003,road,direct,down,surface_c,forward,-0.9374999701976776,0.3749999940395355,0.5468749701976776,0.0781249850988388,0.1562500298023224,0.03125,0.0468750149011611,-0.0078124850988388,-0.0546875298023223,0.1093749701976776
scaling_variant_0086,scaling_mechanism_setting_003,road,direct,down,surface_c,reverse,-0.25,0.4343749999999999,0.609375,0.125,0.1875,0.0,-0.0078125,-0.046875,-0.09375,0.1171875
scaling_variant_0087,scaling_mechanism_setting_003,road,direct,down,surface_d,forward,-0.375,0.3375000119209289,0.484375,0.0390625,0.0703125,0.0,0.0390625,-0.046875,-0.046875,0.078125
scaling_variant_0088,scaling_mechanism_setting_003,road,direct,down,surface_d,reverse,0.140625,0.4625,0.640625,0.0859375,0.15625,-0.0078125,-0.0390625,-0.0546875,-0.046875,0.1015625
scaling_variant_0089,scaling_mechanism_setting_003,road,inverse,up,surface_c,forward,-0.375,-0.8187500119209289,-0.4843749701976776,-0.1171875,-0.3828125298023224,-0.0703125,-0.03125,-0.0078125,0.0546875,-0.0859374850988388
scaling_variant_0090,scaling_mechanism_setting_003,road,inverse,up,surface_c,reverse,2.406249985098839,-0.5468750640749931,-0.4531249701976776,-0.3359374739229679,-0.1796875931322574,-0.1015625223517417,0.0312500670552253,0.1562499813735485,0.2421875521540641,-0.1328124813735485
scaling_variant_0091,scaling_mechanism_setting_003,road,inverse,up,surface_d,forward,-2.1874999701976776,-0.1906250685453415,-0.0625000894069671,-7.450580596923828e-09,-0.4062499552965164,0.0078125968575477,-0.0937500558793544,0.0234375223517417,0.0468750745058059,-0.1562500074505806
scaling_variant_0092,scaling_mechanism_setting_003,road,inverse,up,surface_d,reverse,-1.0781249701976776,-0.3093750178813935,-0.1718750596046447,-0.0546875,-0.3124999850988388,0.0078125149011611,0.0156249850988388,0.0625,0.0781250298023223,-0.1484375
scaling_variant_0093,scaling_mechanism_setting_003,road,inverse,down,surface_c,forward,-4.015625128522515,0.6468749584630132,0.6250000838190317,0.1796876019798219,-0.2265624310821294,0.085937543772161,0.0078124571591615,-0.1249998714774847,-0.1953124655410647,0.0390626192092895
scaling_variant_0094,scaling_mechanism_setting_003,road,inverse,down,surface_c,reverse,-4.640625048428774,0.4656249523162841,0.4531248304992914,0.1796875493600964,-0.2421874944120645,0.0468749711290001,0.0390626494772732,-0.0859375488944351,-0.2187497932463884,0.0703125325962901
scaling_variant_0095,scaling_mechanism_setting_003,road,inverse,down,surface_d,forward,-1.0156250298023224,0.821875014901161,0.6562500298023224,0.1093749850988388,0.0,0.0390625149011611,-1.4901161193847656e-08,-0.0703125298023223,-0.1328124701976776,0.0390625149011611
scaling_variant_0096,scaling_mechanism_setting_003,road,inverse,down,surface_d,reverse,-1.7031249850988388,0.7312499731779099,0.624999925494194,0.1562499552965164,0.0078124850988388,0.0234375298023223,-0.0078125149011611,-0.0546875298023223,-0.1328124850988388,0.0781250074505806
scaling_variant_0097,scaling_mechanism_setting_004,gdp,direct,up,surface_c,forward,-5.531250014901161,0.074999976158142,0.1093751415610313,-0.1484376490116119,0.5546875298023224,-0.0546873919665813,-0.0078124590218067,0.2812499552965164,0.2265626117587089,-0.0937499813735485
scaling_variant_0098,scaling_mechanism_setting_004,gdp,direct,up,surface_c,reverse,-5.453124940395355,0.0499999167397618,0.0312497690320014,-0.148437668569386,0.3593750023283064,-0.0312499487772583,-0.0859374040737748,0.1328125726431608,0.1874998994171619,-0.1328124506399035
scaling_variant_0099,scaling_mechanism_setting_004,gdp,direct,up,surface_d,forward,-5.171874896623194,-0.2593749918043612,-0.3281251629814505,-0.0781250181607902,0.6249998894054443,-0.062500134576112,-0.0312499827705323,0.1875000237487256,0.1875000651925802,-0.0546875423751771
scaling_variant_0100,scaling_mechanism_setting_004,gdp,direct,up,surface_d,reverse,-5.312499878462404,-0.3093749409541487,-0.3906253506429493,-0.0859375370200723,0.5703125937143341,-0.0546875742729753,-0.0937500083819031,0.1171875630971044,0.1562499571591615,-0.1406251303851604
scaling_variant_0101,scaling_mechanism_setting_004,gdp,direct,down,surface_c,forward,-1.4843749701976776,0.1687499821186065,0.3593749403953552,0.03125,0.3593750149011612,-0.0546874850988388,0.015625,-0.0468749850988388,-0.0781250149011612,0.1484374850988388
scaling_variant_0102,scaling_mechanism_setting_004,gdp,direct,down,surface_c,reverse,-0.59375,0.299999988079071,0.5,0.0937499701976776,0.3906249701976776,-0.0312500298023223,-0.0781249403953552,-0.0312499701976776,-0.1328124701976776,0.1562499701976776
scaling_variant_0103,scaling_mechanism_setting_004,gdp,direct,down,surface_d,forward,0.140625,0.4906249880790709,0.7031249701976776,0.0078125,0.0546875,0.0,-0.015625,-0.046875,-0.046875,0.0703125
scaling_variant_0104,scaling_mechanism_setting_004,gdp,direct,down,surface_d,reverse,0.96875,0.559374976158142,0.734375,0.0781250447034835,0.1015625447034835,4.4703483581542975e-08,-0.0781250447034835,-0.0703124701976776,-0.0546875149011611,0.0937499701976776
scaling_variant_0105,scaling_mechanism_setting_004,gdp,inverse,up,surface_c,forward,-1.9531250894069672,-0.9937500044703488,-0.4999998733401298,-0.1015624329447746,-1.109375011175871,-0.0546874850988388,-0.0390624180436134,-8.195638656616212e-08,0.1406249962747097,-0.0468749403953552
scaling_variant_0106,scaling_mechanism_setting_004,gdp,inverse,up,surface_c,reverse,2.4531249552965164,-0.6906249493360519,-0.6249999403953552,-0.4140625931322574,-0.5546874534338713,-0.15625,0.1015624776482582,0.1640625074505806,0.3124999962747097,-0.1328125037252903
scaling_variant_0107,scaling_mechanism_setting_004,gdp,inverse,up,surface_d,forward,-1.9531250596046448,-0.0187499672174453,0.0781251192092895,0.0312500894069671,-0.3749999515712261,-0.0078124180436134,-0.046875,0.0312500372529029,0.0234375223517417,-0.1718749776482582
scaling_variant_0108,scaling_mechanism_setting_004,gdp,inverse,up,surface_d,reverse,-0.7031249403953552,-0.2093749761581421,-0.0937500298023223,-0.0156250298023223,-0.2812500149011612,-0.0312500447034835,0.0625000149011612,0.0937499552965164,0.078125,-0.1484374850988388
scaling_variant_0109,scaling_mechanism_setting_004,gdp,inverse,down,surface_c,forward,-4.734374796971679,0.6718748589977622,0.6406246200203896,0.1718748433049768,-0.2109375009313225,0.0625000074505806,0.0234373309649527,-0.1328123901039362,-0.2187498898711055,0.0078122783452272
scaling_variant_0110,scaling_mechanism_setting_004,gdp,inverse,down,surface_c,reverse,-5.421875211875886,0.4999999272637069,0.484375184867531,0.1718750251457095,-0.2578123974381014,0.0312499601859599,0.0468750596046447,-0.101562509778887,-0.2265624776482582,0.0859376823063939
scaling_variant_0111,scaling_mechanism_setting_004,gdp,inverse,down,surface_d,forward,-2.7031249701976776,0.7625000447034835,0.703125074505806,0.1093749739229679,-0.1874999515712261,0.0156249701976776,-0.0234375037252903,-0.1015625186264514,-0.1875000298023224,0.0156250298023223
scaling_variant_0112,scaling_mechanism_setting_004,gdp,inverse,down,surface_d,reverse,-2.968749925494194,0.5656249642372131,0.4999998956918716,0.1093749925494194,-0.1015624795109033,0.0156250353902578,-0.0078123994171619,-0.0624999906867742,-0.1250000074505806,0.0781250372529029
scaling_variant_0113,scaling_mechanism_setting_004,road,direct,up,surface_c,forward,-2.015624910593033,0.6000000000000001,0.6249998509883881,-0.0859374180436134,0.3750000149011612,-0.0390624925494194,-0.0781250074505806,0.2578124701976776,0.1015625074505806,-0.0937499329447746
scaling_variant_0114,scaling_mechanism_setting_004,road,direct,up,surface_c,reverse,-3.75,0.2062499329447746,0.1875000298023224,-0.1406249878928065,0.3203123966231942,-0.078125100582838,-0.062500050291419,0.1562499431893229,0.1328124785795807,-0.1171874888241291
scaling_variant_0115,scaling_mechanism_setting_004,road,direct,up,surface_d,forward,-0.1875,0.2781249999999999,0.1875,0.0,0.1640625,0.0078125,-0.0625,0.0703125,0.03125,-0.125
scaling_variant_0116,scaling_mechanism_setting_004,road,direct,up,surface_d,reverse,-1.0156249701976776,0.15,0.0624999701976776,1.4901161193847656e-08,0.109375,-0.0156250149011611,-0.0312499701976776,0.0703125,0.0156249850988388,-0.1328125298023224
scaling_variant_0117,scaling_mechanism_setting_004,road,direct,down,surface_c,forward,-0.40625,0.3906249642372131,0.5625,0.1015625,0.0703125298023223,0.0,0.0312499701976776,-0.0390625,-0.0546875298023223,0.0703125
scaling_variant_0118,scaling_mechanism_setting_004,road,direct,down,surface_c,reverse,0.5156250596046448,0.5687499701976776,0.7343748807907104,0.171875,0.109375,0.0078124701976776,-0.0390625,-0.0625,-0.1015625,0.109375
scaling_variant_0119,scaling_mechanism_setting_004,road,direct,down,surface_d,forward,-0.171875,0.4656250238418579,0.65625,0.0546875,0.0625,0.0,0.015625,-0.046875,-0.0546875,0.0703125
scaling_variant_0120,scaling_mechanism_setting_004,road,direct,down,surface_d,reverse,0.4375,0.5593749701976776,0.7656249403953552,0.09375,0.1328125,-0.0078125,-0.046875,-0.0624999701976776,-0.0546875,0.09375
scaling_variant_0121,scaling_mechanism_setting_004,road,inverse,up,surface_c,forward,-1.1875,-0.7593749850988387,-0.3749999701976776,-0.1015625,-0.5937499403953552,-0.0624999850988388,-0.0781250149011612,4.4703483581542975e-08,0.0703125298023223,-0.0781249850988388
scaling_variant_0122,scaling_mechanism_setting_004,road,inverse,up,surface_c,reverse,2.125000074505806,-0.6718749597668646,-0.5468751043081284,-0.3750000298023224,-0.3046874180436134,-0.1249999590218067,0.0546875521540641,0.1796874701976776,0.2578125484287739,-0.1640625186264515
scaling_variant_0123,scaling_mechanism_setting_004,road,inverse,up,surface_d,forward,-2.6093749403953552,-0.1343749240040779,-0.0156249478459358,2.60770320892334e-08,-0.4843749720603227,0.0390625372529029,-0.1093748994171619,0.0156250484287738,0.0312500037252903,-0.1718750558793544
scaling_variant_0124,scaling_mechanism_setting_004,road,inverse,up,surface_d,reverse,-1.4843749552965164,-0.2937500089406967,-0.1250000745058059,-0.0390625372529029,-0.3906250596046448,0.0156250074505805,0.0156249925494194,0.0859374925494194,0.0859375223517417,-0.1718750223517418
scaling_variant_0125,scaling_mechanism_setting_004,road,inverse,down,surface_c,forward,-4.203124822117388,0.668750037997961,0.6562498351559043,0.1875000833533704,-0.2578125311993062,0.0937499804422259,0.0312500526197254,-0.1406248891726136,-0.1953125521540641,0.0312499310821294
scaling_variant_0126,scaling_mechanism_setting_004,road,inverse,down,surface_c,reverse,-4.812500165775418,0.4781248305924238,0.4531251043081283,0.1796874306164682,-0.2812500400468707,0.0546874715946614,0.0312499236315488,-0.0781251853331923,-0.2187500165309757,0.0859374525025487
scaling_variant_0127,scaling_mechanism_setting_004,road,inverse,down,surface_d,forward,-1.4843750298023224,0.8875000268220902,0.7500000596046448,0.1328125149011612,-0.0781249850988388,0.0390624478459358,-0.0078125,-0.0781250074505806,-0.140624962747097,0.0390624850988388
scaling_variant_0128,scaling_mechanism_setting_004,road,inverse,down,surface_d,reverse,-2.0312498807907104,0.7500000387430191,0.6718749105930328,0.1562500596046447,-0.0234374850988388,0.0234375670552253,-0.0156250149011611,-0.0468750819563865,-0.1171874850988388,0.0859375
scaling_variant_0129,scaling_mechanism_setting_005,gdp,direct,up,surface_c,forward,-5.828125163912773,0.1000001311302184,0.109375275671482,-0.1406249478459358,0.6250001825392246,-0.0468750782310962,-0.0312500484287738,0.2968751452863216,0.2187500819563865,-0.1093750931322574
scaling_variant_0130,scaling_mechanism_setting_005,gdp,direct,up,surface_c,reverse,-5.843749932944775,0.0500001423060894,0.031250063329935,-0.1406249413266778,0.4218750749714672,-0.031250056810677,-0.0937498984858393,0.1484374972060322,0.1875001704320311,-0.1328125889413058
scaling_variant_0131,scaling_mechanism_setting_005,gdp,direct,up,surface_d,forward,-5.015625114552677,-0.2499999890103936,-0.3124997476115823,-0.0859377179294824,0.6171875873114914,-0.0546875279396772,-0.031250050291419,0.1796874599531293,0.1874999995343387,-0.0546875074505806
scaling_variant_0132,scaling_mechanism_setting_005,gdp,direct,up,surface_d,reverse,-5.250000020023435,-0.2906250233761966,-0.3593749823048711,-0.0859375044237822,0.5468747790437192,-0.0468749667052179,-0.0859374932479113,0.1171874569263309,0.164062381722033,-0.148437563329935
scaling_variant_0133,scaling_mechanism_setting_005,gdp,direct,down,surface_c,forward,-1.9218749403953552,0.2499999821186065,0.4843749403953552,0.0546875,0.4218750223517418,-0.0312499925494194,0.0390624180436134,-0.0234375223517417,-0.0859376117587089,0.1406250298023224
scaling_variant_0134,scaling_mechanism_setting_005,gdp,direct,down,surface_c,reverse,-0.9843749701976776,0.3874999999999999,0.5937499701976776,0.109375,0.4843750149011612,-0.0234375298023223,-0.0703125,-0.0390625,-0.1562500298023224,0.1484374850988388
scaling_variant_0135,scaling_mechanism_setting_005,gdp,direct,down,surface_d,forward,0.265625,0.5124999821186065,0.7187499701976776,0.0234375,0.0234375,0.0078125,-0.015625,-0.0703125,-0.0625,0.0703125
scaling_variant_0136,scaling_mechanism_setting_005,gdp,direct,down,surface_d,reverse,1.2187499701976776,0.581249976158142,0.7187500149011612,0.0781249850988388,0.0546875149011611,0.0156249701976776,-0.0625,-0.0781250149011612,-0.0624999701976776,0.0937500447034835
scaling_variant_0137,scaling_mechanism_setting_005,gdp,inverse,up,surface_c,forward,-1.8437500596046448,-0.9656249821186064,-0.468749888241291,-0.0703125521540641,-1.0625000707805157,-0.0546874925494194,-0.039062462747097,0.0078124850988388,0.1406249701976776,-0.0468750447034835
scaling_variant_0138,scaling_mechanism_setting_005,gdp,inverse,up,surface_c,reverse,2.640625052154064,-0.7000000104308127,-0.6250001713633537,-0.4062500577419996,-0.5312500111758709,-0.1562500353902578,0.0937500931322574,0.1796875074505806,0.3046874832361936,-0.1484374739229679
scaling_variant_0139,scaling_mechanism_setting_005,gdp,inverse,up,surface_d,forward,-1.7187499701976776,-0.0375000089406967,0.062499925494194,0.0234374701976776,-0.2890624701976776,-0.0234375447034835,-0.0468749701976776,0.0390625149011611,0.0312500074505806,-0.1562499478459358
scaling_variant_0140,scaling_mechanism_setting_005,gdp,inverse,up,surface_d,reverse,-0.5156250596046448,-0.212499988079071,-0.1093748807907104,-0.0156249850988388,-0.2343749850988388,-0.0312500298023223,0.0546875298023223,0.0859375298023223,0.0859374701976776,-0.1406250149011612
scaling_variant_0141,scaling_mechanism_setting_005,gdp,inverse,down,surface_c,forward,-5.640625180210918,0.6718751127831638,0.6406254000030458,0.1406248436542228,-0.3203124854480847,0.062499952618964,0.0390623469138518,-0.1562500832369551,-0.2343748358543962,-2.561137080192566e-09
scaling_variant_0142,scaling_mechanism_setting_005,gdp,inverse,down,surface_c,reverse,-6.156249852152541,0.5593748992541806,0.5468746621627361,0.187499976484105,-0.3515623554121703,0.0234374600695446,0.0624999318970367,-0.1093749253777787,-0.2421877245651558,0.0781250152504071
scaling_variant_0143,scaling_mechanism_setting_005,gdp,inverse,down,surface_d,forward,-2.531250089406967,0.8343750342726708,0.7500000447034836,0.0937500074505806,-0.195312425494194,0.0156250521540641,-0.0390624329447746,-0.1093749888241291,-0.1562499962747097,0.0234375335276126
scaling_variant_0144,scaling_mechanism_setting_005,gdp,inverse,down,surface_d,reverse,-3.000000063329935,0.6312500573694707,0.5625001676380634,0.1015624292194843,-0.1250000018626451,0.0156249422580003,-0.0234375037252903,-0.0624999105930328,-0.1406249571591615,0.0703124348074197
scaling_variant_0145,scaling_mechanism_setting_005,road,direct,up,surface_c,forward,-3.0156251192092896,0.4749999821186065,0.4843751192092895,-0.1171874552965164,0.4687500409781933,-0.0625000447034835,-0.0781249403953552,0.3125,0.1484375745058059,-0.0703124478459358
scaling_variant_0146,scaling_mechanism_setting_005,road,direct,up,surface_c,reverse,-4.453124828636646,0.1062499020248651,0.078124713152647,-0.1406249087303877,0.3515626508742571,-0.0546875400468707,-0.0859373994171619,0.1562500474974513,0.1640626508742571,-0.1171875521540641
scaling_variant_0147,scaling_mechanism_setting_005,road,direct,up,surface_d,forward,-0.5156249403953552,0.2781250178813934,0.2031249403953552,-0.0078124403953552,0.2187499701976776,0.015625,-0.0468749701976776,0.0781249701976776,0.0468750298023223,-0.1171875298023223
scaling_variant_0148,scaling_mechanism_setting_005,road,direct,up,surface_d,reverse,-1.3125000298023224,0.137499988079071,0.03125,-1.4901161193847656e-08,0.148437462747097,-0.0078125149011611,-0.0234374701976776,0.0859375,0.0312500149011611,-0.1484375149011612
scaling_variant_0149,scaling_mechanism_setting_005,road,direct,down,surface_c,forward,-0.7343750298023224,0.4531250238418579,0.6093750298023224,0.0859375149011612,0.1328125149011612,0.0,0.0390624850988388,-0.0234375,-0.0781250149011612,0.0859374552965164
scaling_variant_0150,scaling_mechanism_setting_005,road,direct,down,surface_c,reverse,-0.421875,0.640625,0.890625,0.1328124701976776,0.2265625,-0.0078125,-0.015625,-0.0234375,-0.0859375298023223,0.1406250149011612
scaling_variant_0151,scaling_mechanism_setting_005,road,direct,down,surface_d,forward,-0.421875,0.512499988079071,0.734375,0.0546875,0.1015624701976776,-0.0078125,0.0234375,-0.0625,-0.0546875,0.0859375
scaling_variant_0152,scaling_mechanism_setting_005,road,direct,down,surface_d,reverse,0.3125,0.6031250178813934,0.7968750298023224,0.09375,0.1484375,-0.015625,-0.046875,-0.078125,-0.0546875,0.1015625
scaling_variant_0153,scaling_mechanism_setting_005,road,inverse,up,surface_c,forward,-1.4531250447034836,-0.803125,-0.3749999701976776,-0.0937499850988388,-0.7421875335276127,-0.0546875223517417,-0.0781250372529029,0.0078125,0.0703124701976776,-0.0703125149011612
scaling_variant_0154,scaling_mechanism_setting_005,road,inverse,up,surface_c,reverse,2.2187499925494194,-0.7343749850988388,-0.5937499925494194,-0.3750000111758709,-0.3750000074505806,-0.1171875558793544,0.0703125819563865,0.1874999739229679,0.2578124143183231,-0.1718750447034835
scaling_variant_0155,scaling_mechanism_setting_005,road,inverse,up,surface_d,forward,-2.718749977648258,-0.1281249552965164,0.0156250149011611,0.0078123994171619,-0.5156250037252903,0.0156250707805156,-0.101562425494194,0.0156250447034835,0.0390625447034835,-0.1874999776482582
scaling_variant_0156,scaling_mechanism_setting_005,road,inverse,up,surface_d,reverse,-1.5312499850988388,-0.2843749821186066,-0.1249999552965164,-0.0234374552965164,-0.4140625074505806,0.0156249552965164,0.0234375223517417,0.0859374925494194,0.0859374776482582,-0.1874999925494194
scaling_variant_0157,scaling_mechanism_setting_005,road,inverse,down,surface_c,forward,-5.234374869149178,0.7156250755302608,0.7343749548308551,0.1874999466817826,-0.3437498216517269,0.0937501960434019,0.046875209081918,-0.1328125435393303,-0.2265625256113708,0.0390624760184437
scaling_variant_0158,scaling_mechanism_setting_005,road,inverse,down,surface_c,reverse,-5.671875237952918,0.5312500374391674,0.5312503827735782,0.1875000559957698,-0.3515625928994268,0.0546874919673427,0.0468751018634066,-0.093749992433004,-0.2421875048894435,0.0937499604187905
scaling_variant_0159,scaling_mechanism_setting_005,road,inverse,down,surface_d,forward,-1.5000000149011612,0.9562499523162842,0.7968749850988388,0.125,-0.0625000074505806,0.0312499701976776,-0.0078125149011611,-0.0937500074505806,-0.1250000074505806,0.0312500298023223
scaling_variant_0160,scaling_mechanism_setting_005,road,inverse,down,surface_d,reverse,-2.2656250670552254,0.8156250149011613,0.7187501266598701,0.1640624403953552,-0.0390625186264514,0.007812425494194,-0.0156249925494194,-0.0624999888241291,-0.1328124664723873,0.0781249403953552
scaling_variant_0161,scaling_mechanism_setting_006,gdp,direct,up,surface_c,forward,-5.640624821186066,0.0875000610947608,0.1093748100101947,-0.1484374441206455,0.539062362164259,-0.0546874143183231,-0.0156250558793544,0.2656251043081283,0.2343749850988388,-0.0937501043081283
scaling_variant_0162,scaling_mechanism_setting_006,gdp,direct,up,surface_c,reverse,-5.562499882653356,0.0437500841915607,0.0468750149011611,-0.1640623407438397,0.3828123640269041,-0.0234375456348061,-0.0937500670552253,0.1328125353902578,0.1718751741573214,-0.1406250558793544
scaling_variant_0163,scaling_mechanism_setting_006,gdp,direct,up,surface_d,forward,-5.062499945051968,-0.2437499314546585,-0.3125000456348061,-0.0937500563450157,0.5546874811407179,-0.0703124161809682,-0.0390624436549842,0.1953126667067408,0.1874999776482582,-0.0468748714774847
scaling_variant_0164,scaling_mechanism_setting_006,gdp,direct,up,surface_d,reverse,-5.01562519185245,-0.2749998715706169,-0.3281246717087924,-0.0937499334104359,0.500000073807314,-0.0468749874271452,-0.0859373644925654,0.1171875833533704,0.1562498016282916,-0.1484375628642738
scaling_variant_0165,scaling_mechanism_setting_006,gdp,direct,down,surface_c,forward,-2.046874910593033,0.0968749999999999,0.2812498807907104,0.0156249850988388,0.398437425494194,-0.046875,0.0312500298023223,-0.0390625447034835,-0.0781249403953552,0.1640624403953552
scaling_variant_0166,scaling_mechanism_setting_006,gdp,direct,down,surface_c,reverse,-1.15625,0.2093750119209289,0.40625,0.078125,0.4296875298023224,-0.0156249701976776,-0.0781249850988388,-0.0390624701976776,-0.1328124701976776,0.1640625149011612
scaling_variant_0167,scaling_mechanism_setting_006,gdp,direct,down,surface_d,forward,0.03125,0.415624988079071,0.6406249701976776,0.015625,0.03125,0.0,-0.0078125,-0.0546875,-0.0390625,0.078125
scaling_variant_0168,scaling_mechanism_setting_006,gdp,direct,down,surface_d,reverse,0.9687499701976776,0.5281250298023223,0.7031250894069672,0.0781249850988388,0.0937499850988388,0.0078125149011611,-0.0703125149011612,-0.0781249850988388,-0.0546875,0.1015625149011612
scaling_variant_0169,scaling_mechanism_setting_006,gdp,inverse,up,surface_c,forward,-1.6874999701976776,-0.965624947845936,-0.5156249552965164,-0.1015624925494194,-1.0234374534338713,-0.0625000074505806,-0.0312500074505806,0.0078125,0.1328125447034835,-0.0546875223517417
scaling_variant_0170,scaling_mechanism_setting_006,gdp,inverse,up,surface_c,reverse,2.656250111758709,-0.7093750752508641,-0.6406251713633537,-0.429687425494194,-0.515625,-0.1406249236315488,0.085937600582838,0.1640624608844518,0.3203125335276127,-0.132812513038516
scaling_variant_0171,scaling_mechanism_setting_006,gdp,inverse,up,surface_d,forward,-1.875000044703484,-0.0156249701976776,0.0781250745058059,0.0312500372529029,-0.3593750782310962,-4.4703483581542975e-08,-0.0390625223517417,0.0390624180436134,0.0234375298023223,-0.1562500447034835
scaling_variant_0172,scaling_mechanism_setting_006,gdp,inverse,up,surface_d,reverse,-0.7031250596046448,-0.193749988079071,-0.0781249105930328,-0.0078125,-0.2656249701976776,-0.0234374701976776,0.0624999850988388,0.0937500298023223,0.0781250149011612,-0.1406250298023224
scaling_variant_0173,scaling_mechanism_setting_006,gdp,inverse,down,surface_c,forward,-4.781250098720193,0.6749999660998582,0.6250002793967724,0.1640623128041625,-0.2031250994186848,0.0546873202547431,0.0312500833533704,-0.1484374694991856,-0.2187500465661287,0.0078126112930476
scaling_variant_0174,scaling_mechanism_setting_006,gdp,inverse,down,surface_c,reverse,-5.468750155996531,0.5250000027008355,0.4843751890584826,0.1874998881248757,-0.2734376101288944,0.0312499948777258,0.0468748435378074,-0.0937500854488462,-0.2343749060528352,0.0781252207234501
scaling_variant_0175,scaling_mechanism_setting_006,gdp,inverse,down,surface_d,forward,-2.1093751192092896,0.8406250149011613,0.7343751788139343,0.0937500409781932,-0.1406249441206455,-2.2351741790771484e-08,-0.0312500074505806,-0.1093750372529029,-0.1406249180436134,0.0390625223517417
scaling_variant_0176,scaling_mechanism_setting_006,gdp,inverse,down,surface_d,reverse,-2.6874999403953552,0.6124999687075615,0.546874925494194,0.1015624850988388,-0.0859375558793544,0.0078124925494194,-0.0312500037252903,-0.0781250335276126,-0.1328125260770321,0.0781249664723873
scaling_variant_0177,scaling_mechanism_setting_006,road,direct,up,surface_c,forward,-2.765625089406967,0.4406250596046447,0.4531251937150955,-0.1093750447034835,0.4218749478459358,-0.0234375521540641,-0.0468750074505806,0.265625,0.1250000447034835,-0.0546875149011611
scaling_variant_0178,scaling_mechanism_setting_006,road,direct,up,surface_c,reverse,-4.171874765306711,0.103125100955367,0.0937499329447746,-0.1406249050050974,0.2812499264255166,-0.0468747848644852,-0.0625000558793544,0.1484374599531293,0.1718750912696123,-0.1093749515712261
scaling_variant_0179,scaling_mechanism_setting_006,road,direct,up,surface_d,forward,-0.7499999403953552,0.2250000476837158,0.1562499701976776,-0.0078125,0.2343750149011612,0.015625,-0.0468750149011611,0.1015625,0.0546875298023223,-0.1015625298023223
scaling_variant_0180,scaling_mechanism_setting_006,road,direct,up,surface_d,reverse,-1.5312500149011612,0.0999999850988388,-0.0156250298023223,-0.0078125223517417,0.1484375149011612,-0.0078125372529029,-0.0312500372529029,0.109374962747097,0.0390624850988388,-0.1328125
scaling_variant_0181,scaling_mechanism_setting_006,road,direct,down,surface_c,forward,-1.1562500596046448,0.2749999940395355,0.4531250596046448,0.0546874701976776,0.1718750149011612,-0.015625,0.0546875,-0.03125,-0.0468749850988388,0.1015624701976776
scaling_variant_0182,scaling_mechanism_setting_006,road,direct,down,surface_c,reverse,-0.6874999701976776,0.4406250059604644,0.6718749701976776,0.1093749552965164,0.2656249850988388,-0.0078125,-0.0156249701976776,-0.0312499701976776,-0.0625000149011612,0.1640624850988388
scaling_variant_0183,scaling_mechanism_setting_006,road,direct,down,surface_d,forward,-0.4843749403953552,0.324999976158142,0.4999999403953552,0.0234375,0.0624999701976776,-2.9802322387695312e-08,0.0234375298023223,-0.0546875,-0.0390625,0.0859375
scaling_variant_0184,scaling_mechanism_setting_006,road,direct,down,surface_d,reverse,0.15625,0.3968750119209289,0.6093750298023224,0.0625,0.1328125,0.0,-0.0390625,-0.0625,-0.0390625,0.109375
scaling_variant_0185,scaling_mechanism_setting_006,road,inverse,up,surface_c,forward,-0.6875000596046448,-0.9187499940395356,-0.4999999403953552,-0.1093750149011612,-0.5781250074505806,-0.0468750447034835,-0.0624999701976776,0.0234374701976776,0.0703124850988388,-0.0625
scaling_variant_0186,scaling_mechanism_setting_006,road,inverse,up,surface_c,reverse,2.734374910593033,-0.7375000722706317,-0.6406250223517418,-0.3906249534338712,-0.2499999906867742,-0.1093749497085809,0.0624999813735485,0.1874999888241291,0.2499999850988388,-0.1562500447034835
scaling_variant_0187,scaling_mechanism_setting_006,road,inverse,up,surface_d,forward,-2.421874910593033,-0.1406250059604644,-1.2665987014770508e-07,0.0156249552965164,-0.4609375521540642,0.0156249478459358,-0.0937499478459358,0.0312499850988388,0.0390625596046447,-0.1718750745058059
scaling_variant_0188,scaling_mechanism_setting_006,road,inverse,up,surface_d,reverse,-1.3124999403953552,-0.2906250059604645,-0.1406250894069671,-0.0234375149011611,-0.3750000298023224,0.0156249701976776,0.0312499850988388,0.0781250596046447,0.0781249925494194,-0.1718750074505806
scaling_variant_0189,scaling_mechanism_setting_006,road,inverse,down,surface_c,forward,-4.515624889172614,0.6843750217929483,0.6718747867271304,0.187499810475856,-0.2578123402781784,0.0859374240972101,0.031249854248017,-0.1328126126900315,-0.2109376536682248,0.0312499641440808
scaling_variant_0190,scaling_mechanism_setting_006,road,inverse,down,surface_c,reverse,-5.234375033527613,0.5250000556930899,0.5156250428408384,0.1875000223517418,-0.312500154832378,0.0390624513383954,0.0390623887069523,-0.093750150874257,-0.2265625791624188,0.0703124944120645
scaling_variant_0191,scaling_mechanism_setting_006,road,inverse,down,surface_d,forward,-0.7500000298023224,0.8374999821186064,0.6406250298023224,0.109375,0.0234374552965164,0.0156250298023223,-0.0078125149011611,-0.0703125298023223,-0.0937499850988388,0.0546875
scaling_variant_0192,scaling_mechanism_setting_006,road,inverse,down,surface_d,reverse,-1.5468750447034836,0.7812500000000001,0.6875000149011612,0.1406249925494194,0.0468749850988388,0.0078125372529029,-0.0390624925494194,-0.062499962747097,-0.0859374701976776,0.0781249850988388
scaling_variant_0193,scaling_mechanism_setting_007,gdp,direct,up,surface_c,forward,-5.796874970197678,0.0593750447034835,0.0625000558793544,-0.1640624832361936,0.5234376266598701,-0.0312499925494194,-0.0390626545995473,0.2812499850988388,0.2578123994171619,-0.0937500484287738
scaling_variant_0194,scaling_mechanism_setting_007,gdp,direct,up,surface_c,reverse,-5.6093752002343535,0.0249999314546585,3.082677721977234e-07,-0.1796874953433871,0.3515624920837581,-0.0234373901039361,-0.1015624697320163,0.1406250861473381,0.1953126490116119,-0.1406251415610313
scaling_variant_0195,scaling_mechanism_setting_007,gdp,direct,up,surface_d,forward,-5.062499821186066,-0.2656248852610588,-0.3281251732259989,-0.1015625852160155,0.570312516996637,-0.0546874231658875,-0.0312501955777406,0.1953125149011612,0.1875001066364348,-0.0625000898726284
scaling_variant_0196,scaling_mechanism_setting_007,gdp,direct,up,surface_d,reverse,-4.921875042840838,-0.2906250232830644,-0.375000050291419,-0.0703125656582415,0.4765624587889761,-0.0468749348074197,-0.0703124632127583,0.1093748202547431,0.1640623765997588,-0.1562498386483639
scaling_variant_0197,scaling_mechanism_setting_007,gdp,direct,down,surface_c,forward,-2.1406251043081284,0.2718750357627868,0.4843751192092895,0.0312499850988388,0.4843750670552254,-0.0390625894069671,0.054687425494194,1.4901161193847656e-08,-0.0937500745058059,0.140624962747097
scaling_variant_0198,scaling_mechanism_setting_007,gdp,direct,down,surface_c,reverse,-1.3281249403953552,0.3812499880790709,0.5937498807907104,0.1015625447034835,0.5390624776482582,-0.0390625,-0.0703125298023223,-0.03125,-0.1484375149011612,0.1562499850988388
scaling_variant_0199,scaling_mechanism_setting_007,gdp,direct,down,surface_d,forward,0.1875,0.5468749880790711,0.7499999701976776,0.0234375,0.0546875,0.0078125,-0.0078125,-0.0625,-0.0625,0.0625
scaling_variant_0200,scaling_mechanism_setting_007,gdp,direct,down,surface_d,reverse,1.0312500298023224,0.6281250119209288,0.7656249552965164,0.0781249403953552,0.1015625149011612,-4.4703483581542975e-08,-0.0781249552965164,-0.0703125,-0.0781249850988388,0.0859375298023223
scaling_variant_0201,scaling_mechanism_setting_007,gdp,inverse,up,surface_c,forward,-1.4531250149011612,-0.9281249612569809,-0.4843748807907104,-0.1015624701976776,-0.9218749701976776,-0.0390625223517417,-0.0390625223517417,-0.0156250149011611,0.1328124478459358,-0.0390624776482582
scaling_variant_0202,scaling_mechanism_setting_007,gdp,inverse,up,surface_c,reverse,2.937499947845936,-0.709374961256981,-0.6562498733401299,-0.4218750726431608,-0.4843750093132257,-0.1328125,0.1015624497085809,0.1874999813735485,0.3203125353902578,-0.1640624217689037
scaling_variant_0203,scaling_mechanism_setting_007,gdp,inverse,up,surface_d,forward,-1.8281249850988388,-0.0593750208616256,0.0468749403953552,0.0234375372529029,-0.3593749962747097,-0.007812462747097,-0.0468749776482582,0.0468749478459358,0.0390624776482582,-0.1640625223517418
scaling_variant_0204,scaling_mechanism_setting_007,gdp,inverse,up,surface_d,reverse,-0.484375,-0.2468749940395355,-0.125,-0.015625,-0.2500000149011612,-0.03125,0.0625000149011612,0.0859375,0.09375,-0.1406250298023224
scaling_variant_0205,scaling_mechanism_setting_007,gdp,inverse,down,surface_c,forward,-4.828124957159162,0.6718749524094163,0.6562497299164534,0.1406249529682099,-0.2031248561106622,0.0546875866129994,0.0234374683350324,-0.1562499259598553,-0.2187499201390892,0.0156248407438397
scaling_variant_0206,scaling_mechanism_setting_007,gdp,inverse,down,surface_c,reverse,-5.40624984819442,0.5656249923631549,0.5625000316649675,0.1796873526182025,-0.2734376452863216,0.0078126285225152,0.0468752013985067,-0.101562509778887,-0.2265626909211278,0.0781250041909515
scaling_variant_0207,scaling_mechanism_setting_007,gdp,inverse,down,surface_d,forward,-2.859374895691872,0.7625000230967999,0.703125,0.1093749664723873,-0.1953125912696123,0.0156250521540641,-0.0156249962747097,-0.1015624981373548,-0.1796874031424522,0.0234374850988388
scaling_variant_0208,scaling_mechanism_setting_007,gdp,inverse,down,surface_d,reverse,-3.062499932944774,0.6031249426305294,0.5468748211860657,0.1015624403953552,-0.0937500223517417,2.2351741790771484e-08,-0.0078125670552253,-0.0624999776482582,-0.1484375931322574,0.0703124701976776
scaling_variant_0209,scaling_mechanism_setting_007,road,direct,up,surface_c,forward,-2.656249925494194,0.4062499552965165,0.3906248062849045,-0.1171875819563865,0.4062499403953552,-0.0390624701976776,-0.0625000596046447,0.265624962747097,0.1328124850988388,-0.0390625
scaling_variant_0210,scaling_mechanism_setting_007,road,direct,up,surface_c,reverse,-4.031249830499291,0.093749950453639,0.0781248714774847,-0.148437469266355,0.289062556810677,-0.0390625381842255,-0.0859376294538378,0.1484373854473233,0.1640625400468707,-0.1093750912696123
scaling_variant_0211,scaling_mechanism_setting_007,road,direct,up,surface_d,forward,-0.59375,0.2187499940395354,0.15625,-0.0078125596046447,0.2031249701976776,0.0078125596046447,-0.0468749850988388,0.0781249701976776,0.046875,-0.0937499701976776
scaling_variant_0212,scaling_mechanism_setting_007,road,direct,up,surface_d,reverse,-1.3906250447034836,0.0687500119209289,-0.031249925494194,-0.0078125223517417,0.140624962747097,-0.0078124478459358,-0.0312500074505806,0.0703125074505806,0.0390625298023223,-0.1328125
scaling_variant_0213,scaling_mechanism_setting_007,road,direct,down,surface_c,forward,-0.625,0.5562500119209289,0.703125,0.0859374850988388,0.1875,-0.0078124552965164,0.0390625298023223,-0.0078124850988388,-0.0781249850988388,0.0859375149011612
scaling_variant_0214,scaling_mechanism_setting_007,road,direct,down,surface_c,reverse,0.140625,0.7343750059604646,0.9375000298023224,0.1484375,0.203125,-0.015625,0.0,-0.046875,-0.140625,0.0859375
scaling_variant_0215,scaling_mechanism_setting_007,road,direct,down,surface_d,forward,-0.25,0.5875000238418578,0.7968750596046448,0.0546875,0.1328125,0.0,0.015625,-0.0546875,-0.0703125,0.0859375
scaling_variant_0216,scaling_mechanism_setting_007,road,direct,down,surface_d,reverse,0.421875,0.653124988079071,0.828125,0.078125,0.1718750298023224,-0.015625,-0.0625,-0.0546875,-0.078125,0.1015625
scaling_variant_0217,scaling_mechanism_setting_007,road,inverse,up,surface_c,forward,-0.9218750596046448,-0.7531249940395357,-0.390624925494194,-0.0937499701976776,-0.5624999776482582,-0.0624999552965164,-0.0703125447034835,2.9802322387695312e-08,0.0624999850988388,-0.0781249552965164
scaling_variant_0218,scaling_mechanism_setting_007,road,inverse,up,surface_c,reverse,2.515624932944774,-0.7031250312924385,-0.5937499776482582,-0.3984374385327101,-0.3203124329447746,-0.1015625447034835,0.0546874515712261,0.1953124813735485,0.2499999962747097,-0.1640625558793544
scaling_variant_0219,scaling_mechanism_setting_007,road,inverse,up,surface_d,forward,-2.5312500596046448,-0.1500000327825546,-0.0156250447034835,0.0078124701976776,-0.4921875074505806,0.0078125223517417,-0.1015624180436134,0.007812563329935,0.0546874590218067,-0.1874999068677425
scaling_variant_0220,scaling_mechanism_setting_007,road,inverse,up,surface_d,reverse,-1.21875,-0.3249999821186066,-0.1718749403953552,-0.046875,-0.3671875223517418,0.0078125447034835,0.0312499850988388,0.0859374850988388,0.0859375,-0.171875
scaling_variant_0221,scaling_mechanism_setting_007,road,inverse,down,surface_c,forward,-4.718749823980033,0.6781250169500709,0.6406248277053237,0.1718748672865331,-0.2890626767184585,0.078124925494194,0.0312498589046299,-0.1328122736886143,-0.195312540512532,0.0390625679865479
scaling_variant_0222,scaling_mechanism_setting_007,road,inverse,down,surface_c,reverse,-5.421874992549419,0.5624999783467501,0.5624999748542905,0.2031249126885086,-0.3203124607680365,0.0156251897569745,0.0546876427251845,-0.0937500316649675,-0.2265625846339389,0.0703125880099833
scaling_variant_0223,scaling_mechanism_setting_007,road,inverse,down,surface_d,forward,-1.7187499552965164,0.9124999657273294,0.7812498956918716,0.1328124850988388,-0.0546875074505806,0.0234375074505805,-0.0078124925494194,-0.0781249850988388,-0.1562499925494194,0.0156249552965164
scaling_variant_0224,scaling_mechanism_setting_007,road,inverse,down,surface_d,reverse,-2.265624947845936,0.7968750223517418,0.7187499925494194,0.1562500186264515,-0.031249925494194,0.0156250521540641,-0.007812425494194,-0.0468749962747097,-0.1406249031424522,0.0781249292194843
scaling_variant_0225,scaling_mechanism_setting_008,gdp,direct,up,surface_c,forward,-5.671875208616257,0.1312499970197677,0.1406252160668373,-0.1562500074505806,0.6093751415610313,-0.0625000819563865,-0.0234374366700649,0.3125000037252903,0.2265626639127731,-0.1093749515712261
scaling_variant_0226,scaling_mechanism_setting_008,gdp,direct,up,surface_c,reverse,-5.671874936670065,0.0937500022351741,0.0937497746199369,-0.1718751704320311,0.3906249292194843,-0.054687350988388,-0.1093750577419996,0.1484375605359673,0.210937587544322,-0.1328125307336449
scaling_variant_0227,scaling_mechanism_setting_008,gdp,direct,up,surface_d,forward,-5.031250107102096,-0.2468749750405549,-0.3124998351559043,-0.0703125772997737,0.6015625034924597,-0.0624999697320163,-0.039062563329935,0.1874998877756297,0.1953124976716935,-0.0624999348074197
scaling_variant_0228,scaling_mechanism_setting_008,gdp,direct,up,surface_d,reverse,-5.25000001816079,-0.2812500096857548,-0.3437500679865479,-0.0859376224689185,0.5234373826533556,-0.0625001455191522,-0.101562627358362,0.1093749881256371,0.1718749455176293,-0.1718750763684511
scaling_variant_0229,scaling_mechanism_setting_008,gdp,direct,down,surface_c,forward,-1.6406249403953552,0.362499988079071,0.609375,0.0468750149011611,0.3984375,-0.0624999701976776,0.0390624701976776,-0.0390625149011611,-0.0937500447034835,0.1484374701976776
scaling_variant_0230,scaling_mechanism_setting_008,gdp,direct,down,surface_c,reverse,-0.7343750298023224,0.440624988079071,0.6406250298023224,0.1015625298023223,0.4453125596046448,-0.0390625298023223,-0.078125,-0.0468750298023223,-0.1562500298023224,0.1562499850988388
scaling_variant_0231,scaling_mechanism_setting_008,gdp,direct,down,surface_d,forward,0.0625,0.584375,0.8125,0.0234375,0.0625,-0.0078125,-0.015625,-0.0546875,-0.0546875,0.0859375
scaling_variant_0232,scaling_mechanism_setting_008,gdp,direct,down,surface_d,reverse,0.90625,0.6281249880790708,0.7968749552965164,0.0937500298023223,0.1328125149011612,0.015625,-0.0859374701976776,-0.0703125298023223,-0.078125,0.1093749701976776
scaling_variant_0233,scaling_mechanism_setting_008,gdp,inverse,up,surface_c,forward,-1.5000000596046448,-1.1031250059604647,-0.6406248956918716,-0.1015625149011612,-1.039062451571226,-0.0468750447034835,-0.0468749925494194,-0.0234374552965164,0.1484375074505806,-0.0312500074505806
scaling_variant_0234,scaling_mechanism_setting_008,gdp,inverse,up,surface_c,reverse,2.984375048428774,-0.7406250067055224,-0.6875000558793545,-0.4609375521540642,-0.5156250577419996,-0.1640625037252903,0.0859374944120645,0.179687462747097,0.3359375018626451,-0.1484374310821294
scaling_variant_0235,scaling_mechanism_setting_008,gdp,inverse,up,surface_d,forward,-2.0468750596046448,-0.0593749463558197,0.0625001490116119,0.0390625596046447,-0.3906250074505806,-7.450580596923828e-08,-0.0468749776482582,0.0468749701976776,0.0234375074505805,-0.1796875521540641
scaling_variant_0236,scaling_mechanism_setting_008,gdp,inverse,up,surface_d,reverse,-0.7187500298023224,-0.2437499821186065,-0.1249999701976776,0.0,-0.3046874850988388,-0.0234374850988388,0.0625,0.1015625298023223,0.0859375298023223,-0.1484375298023224
scaling_variant_0237,scaling_mechanism_setting_008,gdp,inverse,down,surface_c,forward,-4.734375018626452,0.7343750069849192,0.7031250018626451,0.1796874867286533,-0.1640626282896846,0.0703125679865479,0.0390624273568391,-0.1406249096617102,-0.2421873677521944,-2.7939677238464355e-09
scaling_variant_0238,scaling_mechanism_setting_008,gdp,inverse,down,surface_c,reverse,-5.421874960884452,0.5562499306630343,0.5156251192092896,0.1953125265426933,-0.2343750731088221,0.0312498840503394,0.0546875167638063,-0.0937498940620571,-0.2343749309657141,0.0546873584389686
scaling_variant_0239,scaling_mechanism_setting_008,gdp,inverse,down,surface_d,forward,-2.515624962747097,0.874999964237213,0.7968749776482582,0.1250000037252903,-0.1718750819563865,0.0156250968575477,-0.0468749552965164,-0.0937499031424522,-0.1875000074505806,0.0234375111758708
scaling_variant_0240,scaling_mechanism_setting_008,gdp,inverse,down,surface_d,reverse,-2.874999962747097,0.6406249396502972,0.5781248509883881,0.1093749664723873,-0.0703125707805156,0.0234374944120645,-0.0234374552965164,-0.0624999664723873,-0.1562500260770321,0.0781249944120645
scaling_variant_0241,scaling_mechanism_setting_008,road,direct,up,surface_c,forward,-2.765625014901161,0.5312499612569809,0.5624999105930328,-0.132812425494194,0.4531249068677425,-0.0781250670552253,-0.0546874701976776,0.2968750074505806,0.1171875819563865,-0.0625000223517417
scaling_variant_0242,scaling_mechanism_setting_008,road,direct,up,surface_c,reverse,-4.296874828636646,0.1218748558312654,0.0937497671693563,-0.1718749376013875,0.2968749855645001,-0.0703126732259988,-0.0624999478459358,0.1484373714774847,0.1718750428408384,-0.1171876089647412
scaling_variant_0243,scaling_mechanism_setting_008,road,direct,up,surface_d,forward,-0.515625,0.2718749642372131,0.203125,0.0156250298023223,0.2187499850988388,0.0078124701976776,-0.0624999701976776,0.09375,0.0312499701976776,-0.1171874701976776
scaling_variant_0244,scaling_mechanism_setting_008,road,direct,up,surface_d,reverse,-1.5000000298023224,0.1187500029802322,0.0312500447034835,-0.0078125,0.1484374925494194,-0.0156250298023223,-0.0312499776482582,0.093749962747097,0.0312499925494194,-0.1484374776482582
scaling_variant_0245,scaling_mechanism_setting_008,road,direct,down,surface_c,forward,-0.5937500298023224,0.493749976158142,0.7031250298023224,0.1171875447034835,0.0859374850988388,-4.4703483581542975e-08,0.0468750298023223,-0.0156249850988388,-0.0625,0.0859375
scaling_variant_0246,scaling_mechanism_setting_008,road,direct,down,surface_c,reverse,0.15625,0.6156250000000001,0.828125,0.1875,0.1640625,-0.015625,-0.015625,-0.046875,-0.109375,0.140625
scaling_variant_0247,scaling_mechanism_setting_008,road,direct,down,surface_d,forward,-0.265625,0.5749999999999998,0.7812500298023224,0.0625,0.09375,-0.0078125,0.0078125,-0.0546875,-0.0546875,0.09375
scaling_variant_0248,scaling_mechanism_setting_008,road,direct,down,surface_d,reverse,0.359375,0.6375000059604644,0.84375,0.1015625,0.1796874701976776,-0.015625,-0.0625,-0.0625,-0.0703125,0.109375
scaling_variant_0249,scaling_mechanism_setting_008,road,inverse,up,surface_c,forward,-1.1406250298023224,-0.7843750119209288,-0.3906249850988388,-0.0937499701976776,-0.59375,-0.046875,-0.0624999701976776,0.0078124701976776,0.078125,-0.0859375447034835
scaling_variant_0250,scaling_mechanism_setting_008,road,inverse,up,surface_c,reverse,2.5468750670552254,-0.7562499523162841,-0.6249999478459358,-0.3984374497085809,-0.2890624217689037,-0.1328124329447746,0.0624999590218067,0.1875000782310962,0.2734375856816768,-0.1562499776482582
scaling_variant_0251,scaling_mechanism_setting_008,road,inverse,up,surface_d,forward,-2.7031250670552254,-0.1843750461935997,-0.0312499850988388,0.0156250149011611,-0.5234375651925802,0.0156249403953552,-0.1093749962747097,0.0234374329447746,0.0390624105930328,-0.1796875037252903
scaling_variant_0252,scaling_mechanism_setting_008,road,inverse,up,surface_d,reverse,-1.4062500149011612,-0.3437500417232512,-0.1718750298023224,-0.0390624925494194,-0.4140625149011612,0.0234375074505805,0.015625,0.0937500372529029,0.0859375,-0.1874999776482582
scaling_variant_0253,scaling_mechanism_setting_008,road,inverse,down,surface_c,forward,-4.578124763444066,0.6875000587664545,0.6562497448176146,0.2031249348074197,-0.2578125307336449,0.0937499864958226,0.0390624273568391,-0.1406249585561454,-0.2031251532025635,0.0390623910352587
scaling_variant_0254,scaling_mechanism_setting_008,road,inverse,down,surface_c,reverse,-5.374999934341759,0.5531250600237398,0.5312500945292413,0.2265624369028955,-0.2890626440057531,0.0468750412110239,0.0546873116400092,-0.093750137835741,-0.2421873668208718,0.0625001681037247
scaling_variant_0255,scaling_mechanism_setting_008,road,inverse,down,surface_d,forward,-1.5781249850988388,0.9625000089406966,0.8281250149011612,0.1484375149011612,-0.0546875074505806,0.0390625521540641,-0.007812462747097,-0.0859374776482582,-0.1718750149011612,0.0234374478459358
scaling_variant_0256,scaling_mechanism_setting_008,road,inverse,down,surface_d,reverse,-2.234374932944774,0.834375038743019,0.7499999776482582,0.1718750149011612,-0.0312500372529029,0.0312499776482582,-0.0156249701976776,-0.0546874664723873,-0.1562500111758709,0.078125
scaling_variant_0257,scaling_mechanism_setting_009,gdp,direct,up,surface_c,forward,-5.375000044703484,0.0562499865889549,0.0312499478459358,-0.1484374515712261,0.5234373873099685,-0.0625000167638063,-0.0156248938292264,0.2578124906867742,0.2265625689178705,-0.0781250372529029
scaling_variant_0258,scaling_mechanism_setting_009,gdp,direct,up,surface_c,reverse,-5.281250108964741,0.0250000374391674,0.0156252533197402,-0.1484374110586941,0.3437499026767909,-0.0234375465661287,-0.101562553551048,0.1328126196749508,0.1640624543651938,-0.1171873449347913
scaling_variant_0259,scaling_mechanism_setting_009,gdp,direct,up,surface_d,forward,-5.000000046566129,-0.2656249726191163,-0.3281249795109033,-0.0781250726431608,0.6015624697320163,-0.0468750041909515,-0.0234375870786607,0.1796874301508069,0.1874999073334038,-0.0624998579733073
scaling_variant_0260,scaling_mechanism_setting_009,gdp,direct,up,surface_d,reverse,-5.109374768100679,-0.3093749640509486,-0.3906253455206752,-0.0781250055879354,0.5312498265411705,-0.054687466006726,-0.0781251543667167,0.1015625831205397,0.1640622713603079,-0.1562499233987182
scaling_variant_0261,scaling_mechanism_setting_009,gdp,direct,down,surface_c,forward,-1.9375001043081284,0.1187499046325683,0.3125000447034836,0.0156250298023223,0.3750000447034836,-0.0468749329447746,0.054687462747097,-0.0312500670552253,-0.0859375670552253,0.1484375521540641
scaling_variant_0262,scaling_mechanism_setting_009,gdp,direct,down,surface_c,reverse,-1.1249999403953552,0.1937499940395355,0.3437499403953552,0.0859374701976776,0.421875037252903,-0.0312500149011611,-0.0624999701976776,-0.0312499552965164,-0.1328125,0.1718749552965164
scaling_variant_0263,scaling_mechanism_setting_009,gdp,direct,down,surface_d,forward,-0.21875,0.3656249761581421,0.546875,0.015625,0.0703125,0.0078125,0.0,-0.03125,-0.046875,0.078125
scaling_variant_0264,scaling_mechanism_setting_009,gdp,direct,down,surface_d,reverse,0.484375,0.4718750119209289,0.625,0.0625,0.1406250149011612,0.0078125,-0.078125,-0.0546874701976776,-0.0546874850988388,0.0937499850988388
scaling_variant_0265,scaling_mechanism_setting_009,gdp,inverse,up,surface_c,forward,-1.2500000298023224,-0.9812500059604644,-0.562499925494194,-0.1015625074505806,-0.8984375335276127,-0.0390625074505806,-0.0468750298023223,0.0078124850988388,0.1171875149011612,-0.0390625521540641
scaling_variant_0266,scaling_mechanism_setting_009,gdp,inverse,up,surface_c,reverse,2.687500089406967,-0.634374973922968,-0.5781249850988388,-0.3984374850988388,-0.4453125670552254,-0.1328125,0.0781249217689037,0.1875000726431608,0.2968750279396772,-0.1406250204890966
scaling_variant_0267,scaling_mechanism_setting_009,gdp,inverse,up,surface_d,forward,-1.4374999701976776,-0.1062500327825546,0.015624925494194,0.0234375223517417,-0.289062462747097,-0.0156249850988388,-0.046874962747097,0.0546875074505806,0.0390625149011611,-0.1406250521540641
scaling_variant_0268,scaling_mechanism_setting_009,gdp,inverse,up,surface_d,reverse,-0.203125,-0.28125,-0.140625,-0.03125,-0.2109375,-0.0390625,0.0625,0.078125,0.09375,-0.140625
scaling_variant_0269,scaling_mechanism_setting_009,gdp,inverse,down,surface_c,forward,-4.078124778345227,0.6843749057501554,0.6406246963888407,0.1562500433064997,-0.1093749124556779,0.0624998109415173,0.0234375353902578,-0.1484375586733222,-0.2109373570419848,0.0234376257285475
scaling_variant_0270,scaling_mechanism_setting_009,gdp,inverse,down,surface_c,reverse,-4.796874988824129,0.4999998990446329,0.4687500968575477,0.1718749699648469,-0.1718749909196049,0.0234376117587089,0.0390624348074197,-0.1015626066364348,-0.2265624436549842,0.0937498807907104
scaling_variant_0271,scaling_mechanism_setting_009,gdp,inverse,down,surface_d,forward,-1.9843750894069672,0.7843750521540642,0.6562501192092896,0.1015625670552253,-0.1093749180436134,0.0234374776482582,-0.0312499925494194,-0.1093750968575477,-0.1484375223517418,0.0234374850988388
scaling_variant_0272,scaling_mechanism_setting_009,gdp,inverse,down,surface_d,reverse,-2.4218750074505806,0.5843750685453415,0.5156250819563866,0.1015624776482582,-0.0390624888241291,0.0156250037252903,-0.0312499925494194,-0.0624999739229679,-0.1328125372529029,0.0781250223517417
scaling_variant_0273,scaling_mechanism_setting_009,road,direct,up,surface_c,forward,-1.6093750596046448,0.5218749612569809,0.4843750894069671,-0.0781249925494194,0.382812425494194,-0.078125,-0.0625,0.2265625149011612,0.0937499701976776,-0.0781249478459358
scaling_variant_0274,scaling_mechanism_setting_009,road,direct,up,surface_c,reverse,-3.3906249701976776,0.1874999858438968,0.1718748621642589,-0.1406249646097421,0.2890624338760972,-0.0625000763684511,-0.0624999236315488,0.1640625894069671,0.1406249403953552,-0.0937500670552253
scaling_variant_0275,scaling_mechanism_setting_009,road,direct,up,surface_d,forward,-0.140625,0.234375,0.171875,0.0078125,0.1484375,0.0,-0.0625,0.0625,0.0234375,-0.109375
scaling_variant_0276,scaling_mechanism_setting_009,road,direct,up,surface_d,reverse,-0.9687500596046448,0.0937499761581421,5.960464477539064e-08,-0.0078124850988388,0.0859374850988388,-0.0078125149011611,-0.0078125,0.0703125149011612,0.0234375298023223,-0.1406250447034835
scaling_variant_0277,scaling_mechanism_setting_009,road,direct,down,surface_c,forward,-0.6406250596046448,0.453124988079071,0.6093750596046448,0.1015625,0.1406249701976776,0.0078125149011611,0.0468750149011611,-0.0234375298023223,-0.0859375298023223,0.0859375149011612
scaling_variant_0278,scaling_mechanism_setting_009,road,direct,down,surface_c,reverse,-0.0625,0.5468749880790711,0.7499999701976776,0.140625,0.1875,-0.015625,-0.015625,-0.046875,-0.109375,0.109375
scaling_variant_0279,scaling_mechanism_setting_009,road,direct,down,surface_d,forward,-0.453125,0.371874976158142,0.5625,0.046875,0.0937499850988388,0.0,0.0390625,-0.0390624701976776,-0.0468749701976776,0.0859375
scaling_variant_0280,scaling_mechanism_setting_009,road,direct,down,surface_d,reverse,0.078125,0.481249988079071,0.6874999701976776,0.0703125,0.1796875,-0.0078125,-0.0390625,-0.0625,-0.0546875,0.1015625
scaling_variant_0281,scaling_mechanism_setting_009,road,inverse,up,surface_c,forward,-0.8593750298023224,-0.6968749880790711,-0.3593749105930328,-0.0937499701976776,-0.4531250149011612,-0.0546874552965164,-0.0703125,-0.0078124850988388,0.0546875149011611,-0.0859374850988388
scaling_variant_0282,scaling_mechanism_setting_009,road,inverse,up,surface_c,reverse,2.2343750670552254,-0.5750000581145287,-0.4687500223517418,-0.3437500558793545,-0.2500000074505806,-0.1171875372529029,0.0468750856816768,0.1796875596046447,0.2421875372529029,-0.156250063329935
scaling_variant_0283,scaling_mechanism_setting_009,road,inverse,up,surface_d,forward,-2.265625037252903,-0.1749999344348907,-0.0468749031424522,-0.0078125037252902,-0.4140625484287739,0.0078125484287738,-0.101562563329935,0.015625,0.0390625707805156,-0.1640625409781932
scaling_variant_0284,scaling_mechanism_setting_009,road,inverse,up,surface_d,reverse,-1.1250000596046448,-0.2999999821186065,-0.1562499403953552,-0.0390624701976776,-0.3203125149011612,-2.9802322387695312e-08,0.015625,0.0625,0.0781250149011612,-0.1562500298023224
scaling_variant_0285,scaling_mechanism_setting_009,road,inverse,down,surface_c,forward,-3.921875104308128,0.6749999951571225,0.6250001490116119,0.1874999599531293,-0.2031249767169356,0.0859376555308699,0.0156250158324837,-0.1328125363215804,-0.2031250605359673,0.039062526077032
scaling_variant_0286,scaling_mechanism_setting_009,road,inverse,down,surface_c,reverse,-4.624999826774001,0.4937501143664123,0.4999997410923242,0.1875000102445483,-0.2187501136213541,0.046875150874257,0.0234374343417584,-0.0937500153668224,-0.2109374832361936,0.0781249906867742
scaling_variant_0287,scaling_mechanism_setting_009,road,inverse,down,surface_d,forward,-1.0625,0.8750000208616258,0.703125,0.1171875,0.0,0.0312499850988388,-1.4901161193847656e-08,-0.078125,-0.1328124850988388,0.0468750298023223
scaling_variant_0288,scaling_mechanism_setting_009,road,inverse,down,surface_d,reverse,-1.7500000149011612,0.7656249731779098,0.6718749850988388,0.1484375149011612,0.0156249850988388,0.0234375149011611,-0.0156250447034835,-0.0468750372529029,-0.124999962747097,0.0781249478459358
scaling_variant_0289,scaling_mechanism_setting_010,gdp,direct,up,surface_c,forward,-5.875000208616257,0.0406249724328517,0.0625003650784492,-0.1484375409781932,0.5078123323619366,-0.0625000856816768,-0.0156249459832906,0.2656250447034836,0.2265626769512891,-0.1093750912696123
scaling_variant_0290,scaling_mechanism_setting_010,gdp,direct,up,surface_c,reverse,-5.828125186264515,0.0187500799074769,0.01562529662624,-0.1484374180436134,0.4140625232830643,-0.0390625828877091,-0.1093751187436282,0.1484375307336449,0.1718750186264515,-0.1328126625157892
scaling_variant_0291,scaling_mechanism_setting_010,gdp,direct,up,surface_d,forward,-5.531250234693289,-0.2593749841675162,-0.3124997508712113,-0.0937499636784195,0.6171877074521035,-0.0703126597218215,-0.039062422234565,0.1953125833533704,0.2109375298023224,-0.0468748626299202
scaling_variant_0292,scaling_mechanism_setting_010,gdp,direct,up,surface_d,reverse,-5.40624988405034,-0.3124999430030584,-0.3906250335276127,-0.0859375724103301,0.5781250505242497,-0.0468751576263457,-0.0937499944120645,0.1093750018626451,0.156249922234565,-0.140624850988388
scaling_variant_0293,scaling_mechanism_setting_010,gdp,direct,down,surface_c,forward,-1.7343750596046448,0.1656249403953552,0.3593750298023224,0.015624925494194,0.3749999552965164,-0.054687425494194,0.0234376192092895,-0.031249925494194,-0.0859374850988388,0.1484374850988388
scaling_variant_0294,scaling_mechanism_setting_010,gdp,direct,down,surface_c,reverse,-0.9374999701976776,0.2749999940395354,0.4687499105930328,0.0781250149011612,0.4140624850988388,-0.0234374552965164,-0.0781249850988388,-0.0312500298023223,-0.1171874701976776,0.1718749701976776
scaling_variant_0295,scaling_mechanism_setting_010,gdp,direct,down,surface_d,forward,0.09375,0.4781250119209289,0.7187500298023224,0.0234375,0.046875,-0.0078125,-0.0078125,-0.046875,-0.0390625,0.0703125
scaling_variant_0296,scaling_mechanism_setting_010,gdp,direct,down,surface_d,reverse,1.0312500298023224,0.5718750417232513,0.7500000298023224,0.0781249850988388,0.0859375,-4.4703483581542975e-08,-0.0781250149011612,-0.0624999701976776,-0.0546874850988388,0.1015625
scaling_variant_0297,scaling_mechanism_setting_010,gdp,inverse,up,surface_c,forward,-2.124999962747097,-0.9156249538064002,-0.4531249478459358,-0.101562462747097,-1.1328124236315489,-0.0703123994171619,-0.0312500745058059,0.0156250111758708,0.1484374888241291,-0.0624999329447746
scaling_variant_0298,scaling_mechanism_setting_010,gdp,inverse,up,surface_c,reverse,2.4062499403953552,-0.700000036507845,-0.6093749701976776,-0.4218749385327101,-0.5859374739229679,-0.1562499962747097,0.1171875372529029,0.171875100582838,0.3124999776482582,-0.1250000111758709
scaling_variant_0299,scaling_mechanism_setting_010,gdp,inverse,up,surface_d,forward,-1.6718750596046448,-0.0437499910593032,0.0781250745058059,0.0234375372529029,-0.2968749329447746,-0.0078125,-0.0390624925494194,0.0390624925494194,0.0234375298023223,-0.1640624701976776
scaling_variant_0300,scaling_mechanism_setting_010,gdp,inverse,up,surface_d,reverse,-0.359375,-0.25,-0.140625,-0.0234375,-0.2421875149011612,-0.0390625,0.0703125,0.09375,0.0859375,-0.1328125
scaling_variant_0301,scaling_mechanism_setting_010,gdp,inverse,down,surface_c,forward,-4.859375182539225,0.624999831523746,0.5781250838190317,0.1640623880084604,-0.2343748749699443,0.0703122725244611,0.0312500910367816,-0.1484374450519681,-0.2109376061707735,0.0156250996515154
scaling_variant_0302,scaling_mechanism_setting_010,gdp,inverse,down,surface_c,reverse,-5.453124888706952,0.5124999112449586,0.4999996717087924,0.1796875265426933,-0.2734375714790076,0.0390623838175088,0.0468750081490725,-0.0937500763684511,-0.2265623993007466,0.0703124105930328
scaling_variant_0303,scaling_mechanism_setting_010,gdp,inverse,down,surface_d,forward,-2.484374947845936,0.809375050663948,0.7343749478459358,0.1171874552965164,-0.1718750335276127,0.0156249776482582,-0.031250063329935,-0.093750063329935,-0.1484374217689037,0.0234374292194843
scaling_variant_0304,scaling_mechanism_setting_010,gdp,inverse,down,surface_d,reverse,-2.8750001192092896,0.5906249932944774,0.5156250968575478,0.1015625335276126,-0.0937499105930328,0.0156250037252903,-0.0156250372529029,-0.0624999366700649,-0.1328124981373548,0.0703124050050973
scaling_variant_0305,scaling_mechanism_setting_010,road,direct,up,surface_c,forward,-2.593749925494194,0.5062500029802321,0.4999998807907104,-0.1093749329447746,0.4765625670552254,-0.0703124850988388,-0.039062425494194,0.2500000074505806,0.1249999329447746,-0.0781250819563865
scaling_variant_0306,scaling_mechanism_setting_010,road,direct,up,surface_c,reverse,-3.984375091269612,0.1718749370425939,0.1562499906867742,-0.1484376285225153,0.3203124385327101,-0.0625000735744834,-0.0625000894069671,0.1640625577419996,0.1562500055879354,-0.1093750772997737
scaling_variant_0307,scaling_mechanism_setting_010,road,direct,up,surface_d,forward,-0.390625,0.268749988079071,0.21875,0.0,0.203125,0.0,-0.0546875,0.0859374701976776,0.03125,-0.1093749701976776
scaling_variant_0308,scaling_mechanism_setting_010,road,direct,up,surface_d,reverse,-1.078125,0.128124976158142,0.0468749701976776,-0.0078125298023223,0.1171874850988388,-0.0156249850988388,-0.0234375298023223,0.0703124850988388,0.0234374701976776,-0.1328124701976776
scaling_variant_0309,scaling_mechanism_setting_010,road,direct,down,surface_c,forward,-0.6874999701976776,0.4031250119209289,0.6093749701976776,0.0937499701976776,0.1093750149011612,0.0078124850988388,0.0390625,-0.0312499850988388,-0.0390625149011611,0.0859374403953552
scaling_variant_0310,scaling_mechanism_setting_010,road,direct,down,surface_c,reverse,0.09375,0.515625,0.71875,0.15625,0.140625,0.0,-0.0390625,-0.046875,-0.0703125,0.125
scaling_variant_0311,scaling_mechanism_setting_010,road,direct,down,surface_d,forward,-0.171875,0.4624999999999999,0.65625,0.0546875,0.0625,0.0078125,0.0078125,-0.046875,-0.046875,0.0703125
scaling_variant_0312,scaling_mechanism_setting_010,road,direct,down,surface_d,reverse,0.46875,0.559374988079071,0.765625,0.0859375,0.1171875,0.0,-0.0546875,-0.0546875,-0.0468750298023223,0.1015625
scaling_variant_0313,scaling_mechanism_setting_010,road,inverse,up,surface_c,forward,-1.4531250596046448,-0.6031249970197676,-0.2812498956918716,-0.0859374850988388,-0.6171874888241291,-0.0546874701976776,-0.0546875372529029,0.0156250521540641,0.0859374776482582,-0.0937500372529029
scaling_variant_0314,scaling_mechanism_setting_010,road,inverse,up,surface_c,reverse,2.2187499403953552,-0.6843749657273293,-0.5624999105930328,-0.3750000894069671,-0.2968750074505806,-0.1328125186264515,0.0781249664723873,0.1875000521540641,0.2578124701976776,-0.15625
scaling_variant_0315,scaling_mechanism_setting_010,road,inverse,up,surface_d,forward,-2.4375001043081284,-0.1249999329447746,-0.0156248286366462,0.015625,-0.4296874813735485,0.0234375745058059,-0.1093750484287738,0.0234375074505805,0.0390624441206455,-0.1718749776482582
scaling_variant_0316,scaling_mechanism_setting_010,road,inverse,up,surface_d,reverse,-1.2500000298023224,-0.3062500178813935,-0.1718749403953552,-0.0468750149011611,-0.3515624701976776,0.0156249701976776,0.0078125,0.09375,0.0703125447034835,-0.1640624925494194
scaling_variant_0317,scaling_mechanism_setting_010,road,inverse,down,surface_c,forward,-4.203125007450581,0.6906249964609741,0.6718750149011612,0.1875001341104507,-0.2578124217689037,0.1015624888241291,0.0312500353902578,-0.1249999543651938,-0.1875000251457095,0.0390625530853867
scaling_variant_0318,scaling_mechanism_setting_010,road,inverse,down,surface_c,reverse,-4.859375069849193,0.5124999782070517,0.484374868683517,0.1796876499429345,-0.2656249096617102,0.0546874864958226,0.0312499585561454,-0.0859374997671693,-0.2187499208375811,0.078124999301508
scaling_variant_0319,scaling_mechanism_setting_010,road,inverse,down,surface_d,forward,-1.4687500596046448,0.9000000119209287,0.7343750298023224,0.132812462747097,-0.0703125372529029,0.0390625298023223,-0.0078124701976776,-0.0703125149011612,-0.1484374701976776,0.0312500372529029
scaling_variant_0320,scaling_mechanism_setting_010,road,inverse,down,surface_d,reverse,-2.0624999701976776,0.7687499612569808,0.6874999701976776,0.1484374515712261,-0.0312500223517417,0.0156249850988388,-0.0234374478459358,-0.0390624776482582,-0.1171874441206455,0.0703125409781932
scaling_variant_0321,scaling_mechanism_setting_011,gdp,direct,up,surface_c,forward,-5.703124888241291,0.0750000923871993,0.0781250819563865,-0.1562500521540641,0.5546873528510332,-0.0468749180436134,-0.0234375186264514,0.2890626452863216,0.234374925494194,-0.1171876899898052
scaling_variant_0322,scaling_mechanism_setting_011,gdp,direct,up,surface_c,reverse,-5.749999979510903,0.0437502345070242,0.0312501965090632,-0.1562501220032572,0.4140626820735633,-0.0156250325962901,-0.1093751471489667,0.1484373733401298,0.2031251266598701,-0.1484377030283212
scaling_variant_0323,scaling_mechanism_setting_011,gdp,direct,up,surface_d,forward,-4.906250044703484,-0.2593751668930053,-0.3281251927837729,-0.0937500642612576,0.5703124438878149,-0.054687519557774,-0.0390625456348061,0.1875000423751771,0.1718750041909515,-0.0546875051222741
scaling_variant_0324,scaling_mechanism_setting_011,gdp,direct,up,surface_d,reverse,-4.859374939464033,-0.2874998359009623,-0.3749999492429197,-0.070312472525984,0.5078124664723873,-0.0468751019798219,-0.0703125786967575,0.1093751220032572,0.1484375619329512,-0.1484375367872417
scaling_variant_0325,scaling_mechanism_setting_011,gdp,direct,down,surface_c,forward,-2.015624895691872,0.240625050663948,0.437499925494194,0.0312499180436134,0.4531250670552254,-0.0468750894069671,0.0390625447034835,-0.0156250074505805,-0.0937499031424522,0.1328124776482582
scaling_variant_0326,scaling_mechanism_setting_011,gdp,direct,down,surface_c,reverse,-1.2187499403953552,0.3562499940395354,0.5624999403953552,0.1015624850988388,0.5312499403953552,-0.0234375298023223,-0.0781249850988388,-0.0312500447034835,-0.1484375149011612,0.1562499552965164
scaling_variant_0327,scaling_mechanism_setting_011,gdp,direct,down,surface_d,forward,0.390625,0.528125,0.7500000298023224,0.0234375,0.0,0.0078125,-0.0078125,-0.0703125,-0.0625,0.0703125
scaling_variant_0328,scaling_mechanism_setting_011,gdp,direct,down,surface_d,reverse,1.2968749701976776,0.6000000298023224,0.7187501490116119,0.0703125,0.0546875447034835,-0.0078125298023223,-0.0703125074505806,-0.0781249701976776,-0.0703124776482582,0.0937500149011612
scaling_variant_0329,scaling_mechanism_setting_011,gdp,inverse,up,surface_c,forward,-1.65625,-1.034374997019768,-0.562500037252903,-0.1093750223517417,-1.0546874776482582,-0.0468749776482582,-0.0312499776482582,-0.0078125298023223,0.1328124850988388,-0.046875
scaling_variant_0330,scaling_mechanism_setting_011,gdp,inverse,up,surface_c,reverse,2.75,-0.7093749210238456,-0.6718748956918716,-0.437499975785613,-0.5234375391155481,-0.1484374850988388,0.1015625204890966,0.1718749534338712,0.3046874478459358,-0.1406250242143869
scaling_variant_0331,scaling_mechanism_setting_011,gdp,inverse,up,surface_d,forward,-1.9218750894069672,-0.0437500774860382,0.0468750149011611,0.0390625521540641,-0.3515624552965164,-0.0078125,-0.0546875447034835,0.0390625149011611,0.0312499850988388,-0.1640624925494194
scaling_variant_0332,scaling_mechanism_setting_011,gdp,inverse,up,surface_d,reverse,-0.6406249403953552,-0.2312499701976775,-0.125,-0.0234374850988388,-0.2578125149011612,-0.0312499850988388,0.0546875298023223,0.0859375,0.0859374850988388,-0.1328125447034835
scaling_variant_0333,scaling_mechanism_setting_011,gdp,inverse,down,surface_c,forward,-5.687500179745257,0.6156249328050762,0.6250001606531441,0.1328124143183231,-0.3124997932463884,0.0624999684514477,0.0625001929001882,-0.1562500164145603,-0.2265624726423993,0.0156249706633389
scaling_variant_0334,scaling_mechanism_setting_011,gdp,inverse,down,surface_c,reverse,-6.000000211643055,0.5562500286847354,0.5468752079177648,0.1874999064020812,-0.3671873891726136,0.0234374129213392,0.0468749870778992,-0.1093749253777787,-0.2343750500585883,0.0859375115251168
scaling_variant_0335,scaling_mechanism_setting_011,gdp,inverse,down,surface_d,forward,-2.656250052154064,0.8093749523162842,0.7500000521540642,0.1015625037252903,-0.2109374590218067,0.0156250149011611,-0.031249925494194,-0.1093750037252903,-0.1640625223517418,0.0156250186264514
scaling_variant_0336,scaling_mechanism_setting_011,gdp,inverse,down,surface_d,reverse,-3.046875089406967,0.6156250149011612,0.5468750670552254,0.1015624441206455,-0.1328124441206455,0.0078124124556779,-0.007812388241291,-0.0703125111758709,-0.1406250335276127,0.0703124906867742
scaling_variant_0337,scaling_mechanism_setting_011,road,direct,up,surface_c,forward,-2.9375000596046448,0.43125002682209,0.4531251788139343,-0.1171875931322574,0.4531250037252903,-0.046875063329935,-0.0468749105930328,0.289062462747097,0.1406249813735485,-0.0624999180436134
scaling_variant_0338,scaling_mechanism_setting_011,road,direct,up,surface_c,reverse,-4.312499845400453,0.0843749415129423,0.0781248677521944,-0.1562499031424522,0.3125001955777406,-0.0468748593702912,-0.085937506519258,0.1562499040737748,0.1640625223517418,-0.1171875316649675
scaling_variant_0339,scaling_mechanism_setting_011,road,direct,up,surface_d,forward,-0.5312499403953552,0.253124988079071,0.1718749403953552,-0.0078125,0.2187500149011612,2.9802322387695312e-08,-0.0468750298023223,0.0859375298023223,0.046875,-0.1093750149011612
scaling_variant_0340,scaling_mechanism_setting_011,road,direct,up,surface_d,reverse,-1.2812500298023224,0.11875,0.0312500298023223,-0.0078125,0.1328125447034835,2.9802322387695312e-08,-0.0234374850988388,0.0859375149011612,0.0468750298023223,-0.1328125223517418
scaling_variant_0341,scaling_mechanism_setting_011,road,direct,down,surface_c,forward,-0.8593750298023224,0.3968750119209289,0.5781250298023224,0.0859374701976776,0.1171874850988388,0.0078125,0.0468750298023223,-0.0156249403953552,-0.0546874850988388,0.0937500149011612
scaling_variant_0342,scaling_mechanism_setting_011,road,direct,down,surface_c,reverse,-0.484375,0.5687500119209289,0.796875,0.1406250149011612,0.2343750149011612,-0.015625,-0.0078125596046447,-0.0312500298023223,-0.0859374701976776,0.1406250149011612
scaling_variant_0343,scaling_mechanism_setting_011,road,direct,down,surface_d,forward,-0.28125,0.493750011920929,0.703125,0.046875,0.078125,0.0078125,0.0234375,-0.0625,-0.046875,0.078125
scaling_variant_0344,scaling_mechanism_setting_011,road,direct,down,surface_d,reverse,0.40625,0.5968749821186065,0.7968749403953552,0.0859375,0.1484375149011612,-0.015625,-0.0390625,-0.0625,-0.0546875,0.09375
scaling_variant_0345,scaling_mechanism_setting_011,road,inverse,up,surface_c,forward,-0.7812499403953552,-0.9500000119209292,-0.5156250447034836,-0.1171874701976776,-0.6406250298023224,-0.0546875298023223,-0.0546874701976776,0.0156250149011611,0.1015624850988388,-0.078125
scaling_variant_0346,scaling_mechanism_setting_011,road,inverse,up,surface_c,reverse,2.968750085681677,-0.7218749791383742,-0.6562500484287739,-0.3984375763684511,-0.2187500055879354,-0.1015625651925802,0.0625000353902578,0.1953125186264515,0.2500000447034836,-0.15624993853271
scaling_variant_0347,scaling_mechanism_setting_011,road,inverse,up,surface_d,forward,-2.749999925494194,-0.1406249627470969,-0.015625,0.0234374403953552,-0.5234375521540642,0.0156249329447746,-0.09375,0.0078124813735485,0.0312500819563865,-0.1874999888241291
scaling_variant_0348,scaling_mechanism_setting_011,road,inverse,up,surface_d,reverse,-1.4687500149011612,-0.3156249731779099,-0.1562499850988388,-0.0390624701976776,-0.4062500298023224,0.0156250149011611,0.0312500521540641,0.0859374701976776,0.0859375149011612,-0.1718749478459358
scaling_variant_0349,scaling_mechanism_setting_011,road,inverse,down,surface_c,forward,-5.265624918974936,0.6531248956918716,0.6406247867271304,0.1718749697320163,-0.35937495296821,0.0937500593718141,0.0390625994186848,-0.1406249387655407,-0.218749878462404,0.0234375572763383
scaling_variant_0350,scaling_mechanism_setting_011,road,inverse,down,surface_c,reverse,-5.734374900115654,0.5343750711530447,0.546874824212864,0.1953126059379428,-0.3906250966247171,0.0312501316657289,0.0468749423744156,-0.1093749940628185,-0.2421874073334038,0.0703124068677425
scaling_variant_0351,scaling_mechanism_setting_011,road,inverse,down,surface_d,forward,-1.5781250596046448,0.9187500417232514,0.7812500298023224,0.1171875372529029,-0.0625000074505806,0.0234374925494194,-0.0078125596046447,-0.0859374850988388,-0.1328125,0.0312499850988388
scaling_variant_0352,scaling_mechanism_setting_011,road,inverse,down,surface_d,reverse,-2.234374985098839,0.7812499910593033,0.7187500149011612,0.1406250298023224,-0.0468750335276126,0.0156250298023223,-0.015625,-0.0625000707805156,-0.1171874813735485,0.0781249478459358
scaling_variant_0353,scaling_mechanism_setting_012,gdp,direct,up,surface_c,forward,-5.42187487334013,0.0781249552965164,0.0781249552965164,-0.1484375484287738,0.5625000223517418,-0.0390623472630977,-0.0156248547136783,0.2734376639127731,0.2343749180436134,-0.1093750111758709
scaling_variant_0354,scaling_mechanism_setting_012,gdp,direct,up,surface_c,reverse,-5.4218748938292265,0.0437498673796653,0.0156246609985828,-0.1640625325962901,0.3437498798593879,-0.0234374795109033,-0.0937500698491931,0.1249999972060322,0.2031249795109033,-0.1562498556450009
scaling_variant_0355,scaling_mechanism_setting_012,gdp,direct,up,surface_d,forward,-4.671874945983291,-0.2531250603497029,-0.3281252309679985,-0.0859375093132257,0.5624998598359525,-0.0546876629814505,-0.031250026077032,0.1874999916180968,0.1796874366700649,-0.0546874534338712
scaling_variant_0356,scaling_mechanism_setting_012,gdp,direct,up,surface_d,reverse,-4.890625076368451,-0.2875000474974512,-0.359375081025064,-0.085937472525984,0.4687499140854925,-0.0468749147839844,-0.0859376527369022,0.109374979045242,0.1562500414438545,-0.1484374697320163
scaling_variant_0357,scaling_mechanism_setting_012,gdp,direct,down,surface_c,forward,-1.9843750894069672,0.1593749642372131,0.3593751490116119,0.0234375149011611,0.4140624850988388,-0.0468749850988388,0.0312500745058059,-0.0312500149011611,-0.0781249552965164,0.1718750596046447
scaling_variant_0358,scaling_mechanism_setting_012,gdp,direct,down,surface_c,reverse,-1.0624999701976776,0.2656250298023223,0.4687499701976776,0.0937499552965164,0.4453124552965164,-0.0234374850988388,-0.0781250149011612,-0.03125,-0.1406249850988388,0.1718749701976776
scaling_variant_0359,scaling_mechanism_setting_012,gdp,direct,down,surface_d,forward,0.1875,0.449999988079071,0.6718749701976776,0.0234375,0.0234375,-0.0078125,-0.0078125,-0.0625,-0.046875,0.0703125
scaling_variant_0360,scaling_mechanism_setting_012,gdp,direct,down,surface_d,reverse,1.0312499701976776,0.5406249970197677,0.7031250149011612,0.0703125,0.078125,2.9802322387695312e-08,-0.0625000149011612,-0.0781249850988388,-0.0546874701976776,0.1015625
scaling_variant_0361,scaling_mechanism_setting_012,gdp,inverse,up,surface_c,forward,-1.5468749552965164,-1.0250000059604645,-0.5625000819563866,-0.1015625447034835,-1.0312500037252903,-0.0781250223517417,-0.0234374776482582,0.0078125074505805,0.1562500074505806,-0.0546875298023223
scaling_variant_0362,scaling_mechanism_setting_012,gdp,inverse,up,surface_c,reverse,2.5312500298023224,-0.7218750804662705,-0.6406250894069672,-0.4296875316649675,-0.5546875204890966,-0.1640625260770321,0.1015624217689037,0.1718749292194843,0.3124999869614839,-0.1484375558793544
scaling_variant_0363,scaling_mechanism_setting_012,gdp,inverse,up,surface_d,forward,-1.906249895691872,-0.028125,0.0624998956918716,0.0234374105930328,-0.3515625223517418,2.9802322387695312e-08,-0.0468749925494194,0.0390624925494194,0.0234375074505805,-0.1640624925494194
scaling_variant_0364,scaling_mechanism_setting_012,gdp,inverse,up,surface_d,reverse,-0.7656249403953552,-0.1999999940395355,-0.0781250596046447,-2.9802322387695312e-08,-0.2734374850988388,-0.0234375447034835,0.0703124850988388,0.0859375,0.0781249701976776,-0.1406250149011612
scaling_variant_0365,scaling_mechanism_setting_012,gdp,inverse,down,surface_c,forward,-4.937499886378646,0.6656248740851878,0.640624693594873,0.1562498959247023,-0.2343749285209924,0.0703125314321369,0.031249860767275,-0.1328122767154127,-0.2187501539010554,0.015624794177711
scaling_variant_0366,scaling_mechanism_setting_012,gdp,inverse,down,surface_c,reverse,-5.484374885447323,0.5281250432133674,0.5000000400468707,0.179687553551048,-0.273437462747097,0.0312500242143869,0.0624998207204043,-0.09374994575046,-0.2265625180443748,0.0781250006984919
scaling_variant_0367,scaling_mechanism_setting_012,gdp,inverse,down,surface_d,forward,-2.0625001043081284,0.8343750193715097,0.7187501341104507,0.0937499776482582,-0.1406249962747097,0.0234374776482582,-0.0390624925494194,-0.1015624329447746,-0.1406250037252903,0.0390625372529029
scaling_variant_0368,scaling_mechanism_setting_012,gdp,inverse,down,surface_d,reverse,-2.593749932944774,0.6093749180436134,0.5468749031424522,0.1093749850988388,-0.0625000335276126,0.0156250782310962,-0.0312499813735485,-0.0546875707805156,-0.1171875707805156,0.0781249590218067
scaling_variant_0369,scaling_mechanism_setting_012,road,direct,up,surface_c,forward,-2.5156250298023224,0.4375000178813932,0.4531249403953552,-0.1015625074505806,0.40625,-0.0468749180436134,-0.0546875447034835,0.2656249925494194,0.1250000447034835,-0.0546874701976776
scaling_variant_0370,scaling_mechanism_setting_012,road,direct,up,surface_c,reverse,-4.06249987706542,0.0874999344348907,0.0781248677521944,-0.156250019557774,0.2734376117587089,-0.0468751722946763,-0.054687506519258,0.1406249962747097,0.1718749040737748,-0.1171875996515154
scaling_variant_0371,scaling_mechanism_setting_012,road,direct,up,surface_d,forward,-0.5937500596046448,0.2250000119209289,0.1406250596046447,-0.0078125596046447,0.2109375596046447,0.0156250149011611,-0.0468750149011611,0.0859374850988388,0.0468749701976776,-0.1171875149011612
scaling_variant_0372,scaling_mechanism_setting_012,road,direct,up,surface_d,reverse,-1.3750000149011612,0.0781250059604644,-0.015625,-0.0078124925494194,0.1406249850988388,0.0,-0.0234374850988388,0.0937500596046447,0.0468750149011611,-0.1328125
scaling_variant_0373,scaling_mechanism_setting_012,road,direct,down,surface_c,forward,-1.15625,0.296874988079071,0.5,0.0625000298023223,0.1484375,-1.4901161193847656e-08,0.0625000298023223,-0.0156249701976776,-0.0390624850988388,0.1093750447034835
scaling_variant_0374,scaling_mechanism_setting_012,road,direct,down,surface_c,reverse,-0.671875,0.4468750119209289,0.671875,0.1250000149011612,0.2578124850988388,-0.0156250149011611,-0.0078124850988388,-0.0312499701976776,-0.0624999850988388,0.1484374850988388
scaling_variant_0375,scaling_mechanism_setting_012,road,direct,down,surface_d,forward,-0.46875,0.371875,0.5625,0.0312500298023223,0.0703124701976776,0.0078124701976776,0.03125,-0.046875,-0.0468749701976776,0.0859375
scaling_variant_0376,scaling_mechanism_setting_012,road,direct,down,surface_d,reverse,0.140625,0.434374988079071,0.6406249701976776,0.0703125,0.140625,0.0,-0.046875,-0.0546875,-0.0390625,0.1015625
scaling_variant_0377,scaling_mechanism_setting_012,road,inverse,up,surface_c,forward,-0.6562500298023224,-0.8875000059604646,-0.4687500298023224,-0.1250000149011612,-0.5703125298023224,-0.0624999701976776,-0.0390624701976776,0.0312500149011611,0.0937499850988388,-0.0703125149011612
scaling_variant_0378,scaling_mechanism_setting_012,road,inverse,up,surface_c,reverse,2.624999895691872,-0.7218749597668647,-0.6093748062849045,-0.3828125428408384,-0.2734374962747097,-0.1015625298023223,0.0390624850988388,0.1875000093132257,0.242187388241291,-0.1640625279396772
scaling_variant_0379,scaling_mechanism_setting_012,road,inverse,up,surface_d,forward,-2.4375000670552254,-0.1718749642372131,-0.0468748435378074,0.015625100582838,-0.4765624385327101,0.0156250111758708,-0.1015625298023223,0.0078125149011611,0.0468750037252903,-0.1874999701976776
scaling_variant_0380,scaling_mechanism_setting_012,road,inverse,up,surface_d,reverse,-1.34375,-0.3062500327825546,-0.1562500447034835,-0.0312499850988388,-0.3828125074505806,0.0156249850988388,0.0234375,0.0937500372529029,0.0703124776482582,-0.1718750372529029
scaling_variant_0381,scaling_mechanism_setting_012,road,inverse,down,surface_c,forward,-4.328125071711838,0.6874999372288585,0.6562500586733222,0.2031250847503543,-0.2499999571591615,0.0859373458661139,0.0156248747371137,-0.1250001625157892,-0.1874999371357262,0.0312499478459358
scaling_variant_0382,scaling_mechanism_setting_012,road,inverse,down,surface_c,reverse,-5.07812513038516,0.5406250291503965,0.5312501825392246,0.1953125176951289,-0.2734373235143721,0.0468748440034687,0.0546875949949026,-0.1015624622814357,-0.2343748135026544,0.0781250530853867
scaling_variant_0383,scaling_mechanism_setting_012,road,inverse,down,surface_d,forward,-0.890625,0.8531250029802323,0.65625,0.0937499850988388,0.0,0.03125,-0.0156249701976776,-0.0781250447034835,-0.1015624552965164,0.0546874850988388
scaling_variant_0384,scaling_mechanism_setting_012,road,inverse,down,surface_d,reverse,-1.6718750596046448,0.7687500342726709,0.6718750894069672,0.1406249925494194,0.0312500149011611,0.0156250149011611,-0.0390624925494194,-0.0703124701976776,-0.1093750149011612,0.0859374478459358
