setting_id,prompt_condition,population_people,irrelevant_number,request_status,gdp_million_currency_units,road_length_km
scaling_setting_001,Primary wording,400000,,valid,16000.0,2250.0
scaling_setting_001,Primary wording,800000,,valid,32000.0,2100.0
scaling_setting_001,Primary wording,100000,,valid,4200.0,560.0
scaling_setting_001,Primary wording,50000,,valid,1250.0,360.0
scaling_setting_001,Primary wording,200000,,valid,8350.0,1200.0
scaling_setting_001,Paraphrased wording,400000,,valid,18400.0,1250.0
scaling_setting_001,Paraphrased wording,100000,,valid,4500.0,850.0
scaling_setting_001,Paraphrased wording,50000,,valid,1200.0,320.0
scaling_setting_001,Paraphrased wording,800000,,valid,32000.0,1450.0
scaling_setting_001,Paraphrased wording,200000,,valid,7200.0,480.0
scaling_setting_001,Concise wording,50000,,valid,1250.0,310.0
scaling_setting_001,Concise wording,400000,,valid,18500.0,1200.0
scaling_setting_001,Concise wording,800000,,valid,32000.0,2800.0
scaling_setting_001,Concise wording,200000,,valid,5200.0,850.0
scaling_setting_001,Concise wording,100000,,valid,2100.0,750.0
scaling_setting_001,No-change control,200000,,valid,5200.0,1400.0
scaling_setting_001,Irrelevant-number control,200000,800000.0,valid,7600.0,1750.0
scaling_setting_001,Irrelevant-number control,200000,100000.0,valid,8500.0,1400.0
scaling_setting_001,Irrelevant-number control,200000,400000.0,valid,9800.0,1250.0
scaling_setting_001,Irrelevant-number control,200000,50000.0,valid,8600.0,1820.0
scaling_setting_001,Irrelevant-number control,200000,200000.0,valid,5200.0,890.0
scaling_setting_002,Primary wording,200000,,valid,4200.0,950.0
scaling_setting_002,Primary wording,50000,,valid,850.0,320.0
scaling_setting_002,Primary wording,800000,,valid,32000.0,1600.0
scaling_setting_002,Primary wording,400000,,valid,8400.0,1350.0
scaling_setting_002,Primary wording,100000,,valid,1250.0,450.0
scaling_setting_002,Paraphrased wording,200000,,valid,3200.0,580.0
scaling_setting_002,Paraphrased wording,50000,,valid,750.0,320.0
scaling_setting_002,Paraphrased wording,100000,,valid,1200.0,435.0
scaling_setting_002,Paraphrased wording,800000,,valid,20450.0,1150.0
scaling_setting_002,Paraphrased wording,400000,,valid,6800.0,825.0
scaling_setting_002,Concise wording,200000,,valid,5400.0,600.0
scaling_setting_002,Concise wording,50000,,valid,750.0,320.0
scaling_setting_002,Concise wording,400000,,valid,6200.0,890.0
scaling_setting_002,Concise wording,100000,,valid,1850.0,340.0
scaling_setting_002,Concise wording,800000,,valid,12800.0,1750.0
scaling_setting_002,No-change control,200000,,valid,4800.0,450.0
scaling_setting_002,Irrelevant-number control,200000,800000.0,valid,7500.0,420.0
scaling_setting_002,Irrelevant-number control,200000,50000.0,valid,7400.0,850.0
scaling_setting_002,Irrelevant-number control,200000,400000.0,valid,8400.0,320.0
scaling_setting_002,Irrelevant-number control,200000,200000.0,valid,5600.0,680.0
scaling_setting_002,Irrelevant-number control,200000,100000.0,valid,7400.0,850.0
scaling_setting_003,Primary wording,50000,,valid,1250.0,275.0
scaling_setting_003,Primary wording,800000,,valid,34000.0,2100.0
scaling_setting_003,Primary wording,400000,,valid,12500.0,950.0
scaling_setting_003,Primary wording,200000,,valid,4800.0,850.0
scaling_setting_003,Primary wording,100000,,valid,2500.0,450.0
scaling_setting_003,Paraphrased wording,400000,,valid,7200.0,950.0
scaling_setting_003,Paraphrased wording,50000,,valid,750.0,240.0
scaling_setting_003,Paraphrased wording,200000,,valid,4800.0,510.0
scaling_setting_003,Paraphrased wording,800000,,valid,16000.0,1900.0
scaling_setting_003,Paraphrased wording,100000,,valid,2500.0,450.0
scaling_setting_003,Concise wording,50000,,valid,950.0,120.0
scaling_setting_003,Concise wording,400000,,valid,16000.0,1250.0
scaling_setting_003,Concise wording,200000,,valid,5400.0,780.0
scaling_setting_003,Concise wording,800000,,valid,24000.0,1050.0
scaling_setting_003,Concise wording,100000,,valid,3500.0,450.0
scaling_setting_003,No-change control,200000,,valid,4800.0,470.0
scaling_setting_003,Irrelevant-number control,200000,800000.0,valid,12500.0,320.0
scaling_setting_003,Irrelevant-number control,200000,200000.0,valid,7800.0,450.0
scaling_setting_003,Irrelevant-number control,200000,50000.0,valid,8200.0,450.0
scaling_setting_003,Irrelevant-number control,200000,400000.0,valid,9500.0,610.0
scaling_setting_003,Irrelevant-number control,200000,100000.0,valid,7200.0,520.0
scaling_setting_004,Primary wording,100000,,valid,3200.0,560.0
scaling_setting_004,Primary wording,400000,,valid,12500.0,1200.0
scaling_setting_004,Primary wording,800000,,valid,18400.0,2350.0
scaling_setting_004,Primary wording,50000,,valid,1800.0,320.0
scaling_setting_004,Primary wording,200000,,valid,4800.0,320.0
scaling_setting_004,Paraphrased wording,800000,,valid,15600.0,950.0
scaling_setting_004,Paraphrased wording,400000,,valid,16500.0,1250.0
scaling_setting_004,Paraphrased wording,50000,,valid,750.0,320.0
scaling_setting_004,Paraphrased wording,100000,,valid,3500.0,280.0
scaling_setting_004,Paraphrased wording,200000,,valid,4800.0,720.0
scaling_setting_004,Concise wording,400000,,valid,12000.0,750.0
scaling_setting_004,Concise wording,100000,,valid,2650.0,340.0
scaling_setting_004,Concise wording,800000,,valid,32000.0,1400.0
scaling_setting_004,Concise wording,50000,,valid,850.0,220.0
scaling_setting_004,Concise wording,200000,,valid,4800.0,525.0
scaling_setting_004,No-change control,200000,,valid,6250.0,450.0
scaling_setting_004,Irrelevant-number control,200000,100000.0,valid,4800.0,650.0
scaling_setting_004,Irrelevant-number control,200000,800000.0,valid,8200.0,540.0
scaling_setting_004,Irrelevant-number control,200000,50000.0,valid,11500.0,870.0
scaling_setting_004,Irrelevant-number control,200000,200000.0,valid,9200.0,850.0
scaling_setting_004,Irrelevant-number control,200000,400000.0,valid,3200.0,560.0
scaling_setting_005,Primary wording,200000,,valid,6200.0,850.0
scaling_setting_005,Primary wording,100000,,valid,7250.0,850.0
scaling_setting_005,Primary wording,800000,,valid,48000.0,3200.0
scaling_setting_005,Primary wording,50000,,valid,2250.0,480.0
scaling_setting_005,Primary wording,400000,,valid,28000.0,1600.0
scaling_setting_005,Paraphrased wording,100000,,valid,4500.0,650.0
scaling_setting_005,Paraphrased wording,50000,,valid,3200.0,550.0
scaling_setting_005,Paraphrased wording,800000,,valid,32000.0,1900.0
scaling_setting_005,Paraphrased wording,200000,,valid,5400.0,1450.0
scaling_setting_005,Paraphrased wording,400000,,valid,15600.0,2200.0
scaling_setting_005,Concise wording,400000,,valid,16000.0,2800.0
scaling_setting_005,Concise wording,50000,,valid,2900.0,480.0
scaling_setting_005,Concise wording,200000,,valid,8600.0,1250.0
scaling_setting_005,Concise wording,100000,,valid,3700.0,850.0
scaling_setting_005,Concise wording,800000,,valid,32000.0,2800.0
scaling_setting_005,No-change control,200000,,valid,8500.0,1200.0
scaling_setting_005,Irrelevant-number control,200000,50000.0,valid,7200.0,1500.0
scaling_setting_005,Irrelevant-number control,200000,800000.0,valid,9800.0,1200.0
scaling_setting_005,Irrelevant-number control,200000,200000.0,valid,12500.0,1350.0
scaling_setting_005,Irrelevant-number control,200000,400000.0,valid,7400.0,520.0
scaling_setting_005,Irrelevant-number control,200000,100000.0,valid,8400.0,1200.0
scaling_setting_006,Primary wording,400000,,valid,19800.0,1475.0
scaling_setting_006,Primary wording,200000,,valid,4500.0,1200.0
scaling_setting_006,Primary wording,800000,,valid,24000.0,4500.0
scaling_setting_006,Primary wording,50000,,valid,1200.0,420.0
scaling_setting_006,Primary wording,100000,,valid,2700.0,840.0
scaling_setting_006,Paraphrased wording,400000,,valid,12500.0,1120.0
scaling_setting_006,Paraphrased wording,50000,,valid,850.0,310.0
scaling_setting_006,Paraphrased wording,800000,,valid,32000.0,2800.0
scaling_setting_006,Paraphrased wording,100000,,valid,3200.0,540.0
scaling_setting_006,Paraphrased wording,200000,,valid,7600.0,950.0
scaling_setting_006,Concise wording,100000,,valid,2750.0,750.0
scaling_setting_006,Concise wording,400000,,valid,14000.0,2500.0
scaling_setting_006,Concise wording,800000,,valid,24000.0,3200.0
scaling_setting_006,Concise wording,200000,,valid,5800.0,1120.0
scaling_setting_006,Concise wording,50000,,valid,1250.0,320.0
scaling_setting_006,No-change control,200000,,valid,4600.0,750.0
scaling_setting_006,Irrelevant-number control,200000,50000.0,valid,8500.0,1200.0
scaling_setting_006,Irrelevant-number control,200000,200000.0,valid,6200.0,840.0
scaling_setting_006,Irrelevant-number control,200000,800000.0,valid,7200.0,950.0
scaling_setting_006,Irrelevant-number control,200000,100000.0,valid,8400.0,1200.0
scaling_setting_006,Irrelevant-number control,200000,400000.0,valid,8400.0,950.0
scaling_setting_007,Primary wording,800000,,valid,28600.0,3100.0
scaling_setting_007,Primary wording,400000,,valid,16200.0,3200.0
scaling_setting_007,Primary wording,200000,,valid,9500.0,1800.0
scaling_setting_007,Primary wording,50000,,valid,1500.0,320.0
scaling_setting_007,Primary wording,100000,,valid,4800.0,720.0
scaling_setting_007,Paraphrased wording,50000,,valid,2600.0,480.0
scaling_setting_007,Paraphrased wording,400000,,valid,12000.0,1700.0
scaling_setting_007,Paraphrased wording,200000,,valid,7200.0,850.0
scaling_setting_007,Paraphrased wording,800000,,valid,16000.0,2750.0
scaling_setting_007,Paraphrased wording,100000,,valid,5500.0,520.0
scaling_setting_007,Concise wording,400000,,valid,14400.0,2850.0
scaling_setting_007,Concise wording,50000,,valid,1500.0,320.0
scaling_setting_007,Concise wording,200000,,valid,8000.0,950.0
scaling_setting_007,Concise wording,800000,,valid,28000.0,3500.0
scaling_setting_007,Concise wording,100000,,valid,4500.0,720.0
scaling_setting_007,No-change control,200000,,valid,8700.0,1250.0
scaling_setting_007,Irrelevant-number control,200000,800000.0,valid,12500.0,650.0
scaling_setting_007,Irrelevant-number control,200000,50000.0,valid,8500.0,1300.0
scaling_setting_007,Irrelevant-number control,200000,100000.0,valid,8500.0,1200.0
scaling_setting_007,Irrelevant-number control,200000,400000.0,valid,12500.0,850.0
scaling_setting_007,Irrelevant-number control,200000,200000.0,valid,9500.0,1200.0
scaling_setting_008,Primary wording,800000,,valid,12000.0,980.0
scaling_setting_008,Primary wording,400000,,valid,8200.0,270.0
scaling_setting_008,Primary wording,200000,,valid,7300.0,480.0
scaling_setting_008,Primary wording,100000,,valid,3200.0,415.0
scaling_setting_008,Primary wording,50000,,valid,1250.0,145.0
scaling_setting_008,Paraphrased wording,50000,,valid,1125.0,145.0
scaling_setting_008,Paraphrased wording,100000,,valid,2500.0,320.0
scaling_setting_008,Paraphrased wording,400000,,valid,16000.0,620.0
scaling_setting_008,Paraphrased wording,200000,,valid,9600.0,340.0
scaling_setting_008,Paraphrased wording,800000,,valid,32000.0,1200.0
scaling_setting_008,Concise wording,800000,,valid,32000.0,560.0
scaling_setting_008,Concise wording,100000,,valid,2000.0,150.0
scaling_setting_008,Concise wording,50000,,valid,1750.0,85.0
scaling_setting_008,Concise wording,200000,,valid,8500.0,420.0
scaling_setting_008,Concise wording,400000,,valid,12500.0,420.0
scaling_setting_008,No-change control,200000,,valid,4800.0,310.0
scaling_setting_008,Irrelevant-number control,200000,50000.0,valid,7500.0,320.0
scaling_setting_008,Irrelevant-number control,200000,100000.0,valid,3850.0,360.0
scaling_setting_008,Irrelevant-number control,200000,800000.0,valid,7400.0,310.0
scaling_setting_008,Irrelevant-number control,200000,200000.0,valid,7500.0,320.0
scaling_setting_008,Irrelevant-number control,200000,400000.0,valid,4500.0,320.0
scaling_setting_009,Primary wording,50000,,valid,2400.0,320.0
scaling_setting_009,Primary wording,800000,,valid,16400.0,2300.0
scaling_setting_009,Primary wording,400000,,valid,15800.0,980.0
scaling_setting_009,Primary wording,100000,,valid,1750.0,450.0
scaling_setting_009,Primary wording,200000,,valid,8500.0,1200.0
scaling_setting_009,Paraphrased wording,100000,,valid,3200.0,580.0
scaling_setting_009,Paraphrased wording,50000,,valid,1850.0,575.0
scaling_setting_009,Paraphrased wording,800000,,valid,22000.0,950.0
scaling_setting_009,Paraphrased wording,200000,,valid,6500.0,940.0
scaling_setting_009,Paraphrased wording,400000,,valid,9800.0,1200.0
scaling_setting_009,Concise wording,800000,,valid,19600.0,2300.0
scaling_setting_009,Concise wording,100000,,valid,2750.0,420.0
scaling_setting_009,Concise wording,400000,,valid,15400.0,920.0
scaling_setting_009,Concise wording,200000,,valid,4800.0,560.0
scaling_setting_009,Concise wording,50000,,valid,1600.0,320.0
scaling_setting_009,No-change control,200000,,valid,6500.0,850.0
scaling_setting_009,Irrelevant-number control,200000,800000.0,valid,9750.0,620.0
scaling_setting_009,Irrelevant-number control,200000,400000.0,valid,6200.0,930.0
scaling_setting_009,Irrelevant-number control,200000,100000.0,valid,8200.0,1550.0
scaling_setting_009,Irrelevant-number control,200000,200000.0,valid,9600.0,750.0
scaling_setting_009,Irrelevant-number control,200000,50000.0,valid,8500.0,1200.0
scaling_setting_010,Primary wording,200000,,valid,8500.0,1200.0
scaling_setting_010,Primary wording,400000,,valid,8500.0,3200.0
scaling_setting_010,Primary wording,100000,,valid,2500.0,680.0
scaling_setting_010,Primary wording,50000,,valid,1250.0,310.0
scaling_setting_010,Primary wording,800000,,valid,24000.0,1800.0
scaling_setting_010,Paraphrased wording,100000,,valid,2500.0,450.0
scaling_setting_010,Paraphrased wording,200000,,valid,9250.0,760.0
scaling_setting_010,Paraphrased wording,800000,,valid,24000.0,1450.0
scaling_setting_010,Paraphrased wording,400000,,valid,7200.0,950.0
scaling_setting_010,Paraphrased wording,50000,,valid,850.0,320.0
scaling_setting_010,Concise wording,800000,,valid,24000.0,1250.0
scaling_setting_010,Concise wording,400000,,valid,15000.0,850.0
scaling_setting_010,Concise wording,100000,,valid,3500.0,480.0
scaling_setting_010,Concise wording,50000,,valid,1250.0,320.0
scaling_setting_010,Concise wording,200000,,valid,6500.0,580.0
scaling_setting_010,No-change control,200000,,valid,8000.0,630.0
scaling_setting_010,Irrelevant-number control,200000,100000.0,valid,8900.0,680.0
scaling_setting_010,Irrelevant-number control,200000,400000.0,valid,5400.0,730.0
scaling_setting_010,Irrelevant-number control,200000,800000.0,valid,5400.0,850.0
scaling_setting_010,Irrelevant-number control,200000,200000.0,valid,9500.0,1200.0
scaling_setting_010,Irrelevant-number control,200000,50000.0,valid,6200.0,1450.0
scaling_setting_011,Primary wording,400000,,valid,15600.0,2320.0
scaling_setting_011,Primary wording,100000,,valid,4800.0,1200.0
scaling_setting_011,Primary wording,800000,,valid,32000.0,2500.0
scaling_setting_011,Primary wording,50000,,valid,1780.0,620.0
scaling_setting_011,Primary wording,200000,,valid,6200.0,1450.0
scaling_setting_011,Paraphrased wording,100000,,valid,4500.0,1200.0
scaling_setting_011,Paraphrased wording,50000,,valid,1800.0,780.0
scaling_setting_011,Paraphrased wording,200000,,valid,7600.0,1450.0
scaling_setting_011,Paraphrased wording,800000,,valid,32000.0,4100.0
scaling_setting_011,Paraphrased wording,400000,,valid,18400.0,2400.0
scaling_setting_011,Concise wording,50000,,valid,1250.0,450.0
scaling_setting_011,Concise wording,800000,,valid,32000.0,2500.0
scaling_setting_011,Concise wording,200000,,valid,5100.0,2600.0
scaling_setting_011,Concise wording,100000,,valid,3500.0,1200.0
scaling_setting_011,Concise wording,400000,,valid,8600.0,3500.0
scaling_setting_011,No-change control,200000,,valid,5800.0,1400.0
scaling_setting_011,Irrelevant-number control,200000,400000.0,valid,7500.0,1200.0
scaling_setting_011,Irrelevant-number control,200000,50000.0,valid,7200.0,950.0
scaling_setting_011,Irrelevant-number control,200000,200000.0,valid,8500.0,1450.0
scaling_setting_011,Irrelevant-number control,200000,100000.0,valid,7800.0,1350.0
scaling_setting_011,Irrelevant-number control,200000,800000.0,valid,8200.0,1450.0
scaling_setting_012,Primary wording,400000,,valid,18000.0,1500.0
scaling_setting_012,Primary wording,100000,,valid,4200.0,450.0
scaling_setting_012,Primary wording,50000,,valid,1500.0,250.0
scaling_setting_012,Primary wording,800000,,valid,38400.0,3200.0
scaling_setting_012,Primary wording,200000,,valid,8700.0,950.0
scaling_setting_012,Paraphrased wording,200000,,valid,16000.0,950.0
scaling_setting_012,Paraphrased wording,50000,,valid,2200.0,320.0
scaling_setting_012,Paraphrased wording,100000,,valid,3200.0,850.0
scaling_setting_012,Paraphrased wording,400000,,valid,22850.0,1530.0
scaling_setting_012,Paraphrased wording,800000,,valid,34000.0,2100.0
scaling_setting_012,Concise wording,200000,,valid,5800.0,1250.0
scaling_setting_012,Concise wording,800000,,valid,32000.0,6800.0
scaling_setting_012,Concise wording,400000,,valid,12000.0,850.0
scaling_setting_012,Concise wording,100000,,valid,4500.0,700.0
scaling_setting_012,Concise wording,50000,,valid,1900.0,320.0
scaling_setting_012,No-change control,200000,,valid,6800.0,890.0
scaling_setting_012,Irrelevant-number control,200000,200000.0,valid,12500.0,850.0
scaling_setting_012,Irrelevant-number control,200000,400000.0,valid,8200.0,1350.0
scaling_setting_012,Irrelevant-number control,200000,800000.0,valid,8400.0,1250.0
scaling_setting_012,Irrelevant-number control,200000,100000.0,valid,12500.0,950.0
scaling_setting_012,Irrelevant-number control,200000,50000.0,valid,10500.0,825.0
scaling_setting_013,Primary wording,50000,,valid,2350.0,310.0
scaling_setting_013,Primary wording,800000,,valid,46000.0,1250.0
scaling_setting_013,Primary wording,400000,,valid,18400.0,1100.0
scaling_setting_013,Primary wording,100000,,valid,4500.0,320.0
scaling_setting_013,Primary wording,200000,,valid,8500.0,620.0
scaling_setting_013,Paraphrased wording,800000,,valid,24000.0,1200.0
scaling_setting_013,Paraphrased wording,400000,,valid,12500.0,850.0
scaling_setting_013,Paraphrased wording,100000,,valid,3200.0,450.0
scaling_setting_013,Paraphrased wording,200000,,valid,7200.0,450.0
scaling_setting_013,Paraphrased wording,50000,,valid,1750.0,320.0
scaling_setting_013,Concise wording,400000,,valid,22000.0,750.0
scaling_setting_013,Concise wording,800000,,valid,24000.0,620.0
scaling_setting_013,Concise wording,50000,,valid,1250.0,140.0
scaling_setting_013,Concise wording,100000,,valid,3500.0,450.0
scaling_setting_013,Concise wording,200000,,valid,7500.0,320.0
scaling_setting_013,No-change control,200000,,valid,5800.0,3100.0
scaling_setting_013,Irrelevant-number control,200000,50000.0,valid,8600.0,950.0
scaling_setting_013,Irrelevant-number control,200000,200000.0,valid,9400.0,850.0
scaling_setting_013,Irrelevant-number control,200000,400000.0,valid,8500.0,1200.0
scaling_setting_013,Irrelevant-number control,200000,100000.0,valid,8400.0,1250.0
scaling_setting_013,Irrelevant-number control,200000,800000.0,valid,7200.0,410.0
scaling_setting_014,Primary wording,50000,,valid,750.0,320.0
scaling_setting_014,Primary wording,800000,,valid,36800.0,1350.0
scaling_setting_014,Primary wording,400000,,valid,15600.0,1950.0
scaling_setting_014,Primary wording,200000,,valid,7800.0,1450.0
scaling_setting_014,Primary wording,100000,,valid,1250.0,420.0
scaling_setting_014,Paraphrased wording,50000,,valid,1450.0,320.0
scaling_setting_014,Paraphrased wording,100000,,valid,4200.0,750.0
scaling_setting_014,Paraphrased wording,200000,,valid,7200.0,950.0
scaling_setting_014,Paraphrased wording,800000,,valid,32400.0,1250.0
scaling_setting_014,Paraphrased wording,400000,,valid,15600.0,1970.0
scaling_setting_014,Concise wording,100000,,valid,3500.0,420.0
scaling_setting_014,Concise wording,200000,,valid,7400.0,950.0
scaling_setting_014,Concise wording,800000,,valid,24000.0,2400.0
scaling_setting_014,Concise wording,400000,,valid,9200.0,1450.0
scaling_setting_014,Concise wording,50000,,valid,1250.0,310.0
scaling_setting_014,No-change control,200000,,valid,5400.0,1600.0
scaling_setting_014,Irrelevant-number control,200000,100000.0,valid,13500.0,950.0
scaling_setting_014,Irrelevant-number control,200000,800000.0,valid,12500.0,950.0
scaling_setting_014,Irrelevant-number control,200000,200000.0,valid,8400.0,750.0
scaling_setting_014,Irrelevant-number control,200000,400000.0,valid,5200.0,890.0
scaling_setting_014,Irrelevant-number control,200000,50000.0,valid,8400.0,1100.0
scaling_setting_015,Primary wording,200000,,valid,8500.0,1200.0
scaling_setting_015,Primary wording,100000,,valid,3450.0,980.0
scaling_setting_015,Primary wording,800000,,valid,32000.0,1450.0
scaling_setting_015,Primary wording,400000,,valid,9800.0,1400.0
scaling_setting_015,Primary wording,50000,,valid,1300.0,450.0
scaling_setting_015,Paraphrased wording,200000,,valid,5400.0,1300.0
scaling_setting_015,Paraphrased wording,50000,,valid,1200.0,320.0
scaling_setting_015,Paraphrased wording,100000,,valid,4500.0,520.0
scaling_setting_015,Paraphrased wording,400000,,valid,12800.0,1450.0
scaling_setting_015,Paraphrased wording,800000,,valid,36800.0,9800.0
scaling_setting_015,Concise wording,200000,,valid,4500.0,750.0
scaling_setting_015,Concise wording,400000,,valid,9600.0,1600.0
scaling_setting_015,Concise wording,800000,,valid,32000.0,1400.0
scaling_setting_015,Concise wording,100000,,valid,2500.0,625.0
scaling_setting_015,Concise wording,50000,,valid,750.0,325.0
scaling_setting_015,No-change control,200000,,valid,8400.0,1250.0
scaling_setting_015,Irrelevant-number control,200000,200000.0,valid,8400.0,1200.0
scaling_setting_015,Irrelevant-number control,200000,400000.0,valid,8600.0,920.0
scaling_setting_015,Irrelevant-number control,200000,100000.0,valid,9600.0,850.0
scaling_setting_015,Irrelevant-number control,200000,800000.0,valid,8800.0,1350.0
scaling_setting_015,Irrelevant-number control,200000,50000.0,valid,12500.0,420.0
scaling_setting_016,Primary wording,50000,,valid,1500.0,320.0
scaling_setting_016,Primary wording,400000,,valid,14800.0,1250.0
scaling_setting_016,Primary wording,200000,,valid,9400.0,480.0
scaling_setting_016,Primary wording,800000,,valid,32000.0,1450.0
scaling_setting_016,Primary wording,100000,,valid,3500.0,750.0
scaling_setting_016,Paraphrased wording,100000,,valid,3200.0,450.0
scaling_setting_016,Paraphrased wording,400000,,valid,8700.0,1250.0
scaling_setting_016,Paraphrased wording,50000,,valid,1250.0,320.0
scaling_setting_016,Paraphrased wording,200000,,valid,8700.0,950.0
scaling_setting_016,Paraphrased wording,800000,,valid,32000.0,950.0
scaling_setting_016,Concise wording,200000,,valid,4800.0,320.0
scaling_setting_016,Concise wording,100000,,valid,2500.0,250.0
scaling_setting_016,Concise wording,50000,,valid,850.0,125.0
scaling_setting_016,Concise wording,800000,,valid,32000.0,1750.0
scaling_setting_016,Concise wording,400000,,valid,12000.0,750.0
scaling_setting_016,No-change control,200000,,valid,7500.0,950.0
scaling_setting_016,Irrelevant-number control,200000,200000.0,valid,4700.0,3200.0
scaling_setting_016,Irrelevant-number control,200000,100000.0,valid,6500.0,920.0
scaling_setting_016,Irrelevant-number control,200000,50000.0,valid,5200.0,1300.0
scaling_setting_016,Irrelevant-number control,200000,800000.0,valid,9600.0,1240.0
scaling_setting_016,Irrelevant-number control,200000,400000.0,valid,5500.0,1200.0
scaling_setting_017,Primary wording,800000,,valid,32000.0,1850.0
scaling_setting_017,Primary wording,50000,,valid,1750.0,320.0
scaling_setting_017,Primary wording,100000,,valid,3250.0,685.0
scaling_setting_017,Primary wording,200000,,valid,8400.0,1250.0
scaling_setting_017,Primary wording,400000,,valid,16200.0,1250.0
scaling_setting_017,Paraphrased wording,400000,,valid,12500.0,950.0
scaling_setting_017,Paraphrased wording,50000,,valid,1250.0,310.0
scaling_setting_017,Paraphrased wording,800000,,valid,19200.0,3500.0
scaling_setting_017,Paraphrased wording,100000,,valid,4500.0,320.0
scaling_setting_017,Paraphrased wording,200000,,valid,8600.0,950.0
scaling_setting_017,Concise wording,200000,,valid,5600.0,850.0
scaling_setting_017,Concise wording,100000,,valid,4500.0,750.0
scaling_setting_017,Concise wording,800000,,valid,24000.0,2200.0
scaling_setting_017,Concise wording,50000,,valid,1250.0,320.0
scaling_setting_017,Concise wording,400000,,valid,16000.0,1200.0
scaling_setting_017,No-change control,200000,,valid,4800.0,950.0
scaling_setting_017,Irrelevant-number control,200000,400000.0,valid,7800.0,1200.0
scaling_setting_017,Irrelevant-number control,200000,50000.0,valid,8500.0,1200.0
scaling_setting_017,Irrelevant-number control,200000,100000.0,valid,8400.0,1100.0
scaling_setting_017,Irrelevant-number control,200000,800000.0,valid,7200.0,1250.0
scaling_setting_017,Irrelevant-number control,200000,200000.0,valid,4800.0,950.0
scaling_setting_018,Primary wording,400000,,valid,9600.0,2750.0
scaling_setting_018,Primary wording,200000,,valid,5800.0,1320.0
scaling_setting_018,Primary wording,100000,,valid,2500.0,850.0
scaling_setting_018,Primary wording,800000,,valid,24300.0,1600.0
scaling_setting_018,Primary wording,50000,,valid,1250.0,310.0
scaling_setting_018,Paraphrased wording,100000,,valid,2800.0,450.0
scaling_setting_018,Paraphrased wording,400000,,valid,14500.0,2150.0
scaling_setting_018,Paraphrased wording,50000,,valid,1250.0,430.0
scaling_setting_018,Paraphrased wording,800000,,valid,24000.0,3200.0
scaling_setting_018,Paraphrased wording,200000,,valid,4850.0,945.0
scaling_setting_018,Concise wording,400000,,valid,9200.0,1520.0
scaling_setting_018,Concise wording,100000,,valid,3000.0,1200.0
scaling_setting_018,Concise wording,50000,,valid,750.0,625.0
scaling_setting_018,Concise wording,200000,,valid,3800.0,1250.0
scaling_setting_018,Concise wording,800000,,valid,32000.0,2500.0
scaling_setting_018,No-change control,200000,,valid,9200.0,1600.0
scaling_setting_018,Irrelevant-number control,200000,50000.0,valid,7500.0,1200.0
scaling_setting_018,Irrelevant-number control,200000,200000.0,valid,4200.0,850.0
scaling_setting_018,Irrelevant-number control,200000,800000.0,valid,8400.0,1180.0
scaling_setting_018,Irrelevant-number control,200000,400000.0,valid,9200.0,1450.0
scaling_setting_018,Irrelevant-number control,200000,100000.0,valid,8500.0,1500.0
scaling_setting_019,Primary wording,50000,,valid,2500.0,420.0
scaling_setting_019,Primary wording,100000,,valid,4000.0,750.0
scaling_setting_019,Primary wording,400000,,valid,19800.0,1875.0
scaling_setting_019,Primary wording,200000,,valid,9500.0,1240.0
scaling_setting_019,Primary wording,800000,,valid,32000.0,2800.0
scaling_setting_019,Paraphrased wording,100000,,valid,4600.0,720.0
scaling_setting_019,Paraphrased wording,400000,,valid,12500.0,850.0
scaling_setting_019,Paraphrased wording,800000,,valid,32000.0,2400.0
scaling_setting_019,Paraphrased wording,50000,,valid,3200.0,450.0
scaling_setting_019,Paraphrased wording,200000,,valid,15000.0,1200.0
scaling_setting_019,Concise wording,800000,,valid,48000.0,3200.0
scaling_setting_019,Concise wording,100000,,valid,4500.0,820.0
scaling_setting_019,Concise wording,50000,,valid,1800.0,320.0
scaling_setting_019,Concise wording,400000,,valid,32000.0,1400.0
scaling_setting_019,Concise wording,200000,,valid,7200.0,950.0
scaling_setting_019,No-change control,200000,,valid,8500.0,1450.0
scaling_setting_019,Irrelevant-number control,200000,200000.0,valid,7500.0,950.0
scaling_setting_019,Irrelevant-number control,200000,50000.0,valid,8200.0,750.0
scaling_setting_019,Irrelevant-number control,200000,400000.0,valid,8500.0,1250.0
scaling_setting_019,Irrelevant-number control,200000,800000.0,valid,12400.0,1325.0
scaling_setting_019,Irrelevant-number control,200000,100000.0,valid,10750.0,920.0
scaling_setting_020,Primary wording,200000,,valid,7200.0,1200.0
scaling_setting_020,Primary wording,50000,,valid,1250.0,320.0
scaling_setting_020,Primary wording,400000,,valid,15500.0,3200.0
scaling_setting_020,Primary wording,800000,,valid,24000.0,3200.0
scaling_setting_020,Primary wording,100000,,valid,2500.0,850.0
scaling_setting_020,Paraphrased wording,100000,,valid,1500.0,835.0
scaling_setting_020,Paraphrased wording,200000,,valid,4000.0,850.0
scaling_setting_020,Paraphrased wording,400000,,valid,9200.0,1450.0
scaling_setting_020,Paraphrased wording,800000,,valid,24000.0,1900.0
scaling_setting_020,Paraphrased wording,50000,,valid,1250.0,320.0
scaling_setting_020,Concise wording,100000,,valid,3800.0,520.0
scaling_setting_020,Concise wording,400000,,valid,16800.0,1850.0
scaling_setting_020,Concise wording,800000,,valid,32000.0,1400.0
scaling_setting_020,Concise wording,200000,,valid,5800.0,950.0
scaling_setting_020,Concise wording,50000,,valid,750.0,220.0
scaling_setting_020,No-change control,200000,,valid,3400.0,1250.0
scaling_setting_020,Irrelevant-number control,200000,50000.0,valid,7500.0,1300.0
scaling_setting_020,Irrelevant-number control,200000,400000.0,valid,6700.0,820.0
scaling_setting_020,Irrelevant-number control,200000,200000.0,valid,7800.0,920.0
scaling_setting_020,Irrelevant-number control,200000,100000.0,valid,7800.0,1350.0
scaling_setting_020,Irrelevant-number control,200000,800000.0,valid,6200.0,1250.0
scaling_setting_021,Primary wording,400000,,valid,22000.0,1450.0
scaling_setting_021,Primary wording,50000,,valid,1875.0,320.0
scaling_setting_021,Primary wording,800000,,valid,32000.0,1450.0
scaling_setting_021,Primary wording,100000,,valid,2750.0,715.0
scaling_setting_021,Primary wording,200000,,valid,5400.0,1420.0
scaling_setting_021,Paraphrased wording,400000,,valid,18400.0,1350.0
scaling_setting_021,Paraphrased wording,100000,,valid,3150.0,850.0
scaling_setting_021,Paraphrased wording,800000,,valid,32000.0,2400.0
scaling_setting_021,Paraphrased wording,200000,,valid,8300.0,1250.0
scaling_setting_021,Paraphrased wording,50000,,valid,1750.0,320.0
scaling_setting_021,Concise wording,400000,,valid,15600.0,1320.0
scaling_setting_021,Concise wording,100000,,valid,3200.0,420.0
scaling_setting_021,Concise wording,50000,,valid,1250.0,320.0
scaling_setting_021,Concise wording,200000,,valid,8700.0,1100.0
scaling_setting_021,Concise wording,800000,,valid,24500.0,1450.0
scaling_setting_021,No-change control,200000,,valid,8500.0,430.0
scaling_setting_021,Irrelevant-number control,200000,200000.0,valid,8200.0,1350.0
scaling_setting_021,Irrelevant-number control,200000,50000.0,valid,9200.0,1450.0
scaling_setting_021,Irrelevant-number control,200000,800000.0,valid,6300.0,1450.0
scaling_setting_021,Irrelevant-number control,200000,400000.0,valid,8500.0,1200.0
scaling_setting_021,Irrelevant-number control,200000,100000.0,valid,8700.0,1450.0
scaling_setting_022,Primary wording,100000,,valid,4500.0,625.0
scaling_setting_022,Primary wording,50000,,valid,1800.0,320.0
scaling_setting_022,Primary wording,400000,,valid,20250.0,1650.0
scaling_setting_022,Primary wording,200000,,valid,9200.0,1650.0
scaling_setting_022,Primary wording,800000,,valid,42000.0,3200.0
scaling_setting_022,Paraphrased wording,50000,,valid,3200.0,580.0
scaling_setting_022,Paraphrased wording,100000,,valid,3200.0,450.0
scaling_setting_022,Paraphrased wording,800000,,valid,32000.0,4500.0
scaling_setting_022,Paraphrased wording,200000,,valid,8200.0,1500.0
scaling_setting_022,Paraphrased wording,400000,,valid,18400.0,1250.0
scaling_setting_022,Concise wording,100000,,valid,3500.0,580.0
scaling_setting_022,Concise wording,50000,,valid,1500.0,450.0
scaling_setting_022,Concise wording,200000,,valid,8500.0,950.0
scaling_setting_022,Concise wording,800000,,valid,25600.0,3200.0
scaling_setting_022,Concise wording,400000,,valid,14500.0,1200.0
scaling_setting_022,No-change control,200000,,valid,6200.0,1850.0
scaling_setting_022,Irrelevant-number control,200000,100000.0,valid,9500.0,1200.0
scaling_setting_022,Irrelevant-number control,200000,400000.0,valid,9800.0,1200.0
scaling_setting_022,Irrelevant-number control,200000,800000.0,valid,9200.0,760.0
scaling_setting_022,Irrelevant-number control,200000,50000.0,valid,4500.0,1200.0
scaling_setting_022,Irrelevant-number control,200000,200000.0,valid,8200.0,950.0
scaling_setting_023,Primary wording,800000,,valid,32000.0,2200.0
scaling_setting_023,Primary wording,100000,,valid,4500.0,325.0
scaling_setting_023,Primary wording,200000,,valid,8250.0,950.0
scaling_setting_023,Primary wording,50000,,valid,1250.0,310.0
scaling_setting_023,Primary wording,400000,,valid,15200.0,785.0
scaling_setting_023,Paraphrased wording,100000,,valid,3500.0,450.0
scaling_setting_023,Paraphrased wording,50000,,valid,1750.0,320.0
scaling_setting_023,Paraphrased wording,200000,,valid,7400.0,1200.0
scaling_setting_023,Paraphrased wording,400000,,valid,12000.0,850.0
scaling_setting_023,Paraphrased wording,800000,,valid,24000.0,1850.0
scaling_setting_023,Concise wording,200000,,valid,7500.0,3200.0
scaling_setting_023,Concise wording,50000,,valid,1500.0,320.0
scaling_setting_023,Concise wording,100000,,valid,3800.0,720.0
scaling_setting_023,Concise wording,400000,,valid,15600.0,1200.0
scaling_setting_023,Concise wording,800000,,valid,32000.0,2450.0
scaling_setting_023,No-change control,200000,,valid,8600.0,1250.0
scaling_setting_023,Irrelevant-number control,200000,50000.0,valid,9500.0,420.0
scaling_setting_023,Irrelevant-number control,200000,400000.0,valid,9400.0,850.0
scaling_setting_023,Irrelevant-number control,200000,800000.0,valid,9400.0,1250.0
scaling_setting_023,Irrelevant-number control,200000,200000.0,valid,8200.0,1200.0
scaling_setting_023,Irrelevant-number control,200000,100000.0,valid,6200.0,850.0
scaling_setting_024,Primary wording,400000,,valid,9200.0,1350.0
scaling_setting_024,Primary wording,800000,,valid,19200.0,3250.0
scaling_setting_024,Primary wording,100000,,valid,4320.0,740.0
scaling_setting_024,Primary wording,200000,,valid,5600.0,1400.0
scaling_setting_024,Primary wording,50000,,valid,1400.0,325.0
scaling_setting_024,Paraphrased wording,100000,,valid,2200.0,450.0
scaling_setting_024,Paraphrased wording,50000,,valid,2500.0,320.0
scaling_setting_024,Paraphrased wording,400000,,valid,9200.0,1840.0
scaling_setting_024,Paraphrased wording,800000,,valid,23000.0,3100.0
scaling_setting_024,Paraphrased wording,200000,,valid,7800.0,1300.0
scaling_setting_024,Concise wording,100000,,valid,3000.0,850.0
scaling_setting_024,Concise wording,200000,,valid,6800.0,1550.0
scaling_setting_024,Concise wording,800000,,valid,32000.0,2200.0
scaling_setting_024,Concise wording,50000,,valid,2000.0,280.0
scaling_setting_024,Concise wording,400000,,valid,12500.0,1500.0
scaling_setting_024,No-change control,200000,,valid,7850.0,1200.0
scaling_setting_024,Irrelevant-number control,200000,200000.0,valid,12500.0,1050.0
scaling_setting_024,Irrelevant-number control,200000,800000.0,valid,7450.0,670.0
scaling_setting_024,Irrelevant-number control,200000,400000.0,valid,7500.0,1200.0
scaling_setting_024,Irrelevant-number control,200000,100000.0,valid,8200.0,950.0
scaling_setting_024,Irrelevant-number control,200000,50000.0,valid,7500.0,480.0
scaling_setting_025,Primary wording,400000,,valid,3200.0,850.0
scaling_setting_025,Primary wording,200000,,valid,3200.0,450.0
scaling_setting_025,Primary wording,100000,,valid,850.0,320.0
scaling_setting_025,Primary wording,800000,,valid,4320.0,1180.0
scaling_setting_025,Primary wording,50000,,valid,650.0,120.0
scaling_setting_025,Paraphrased wording,200000,,valid,2200.0,320.0
scaling_setting_025,Paraphrased wording,100000,,valid,450.0,325.0
scaling_setting_025,Paraphrased wording,50000,,valid,850.0,120.0
scaling_setting_025,Paraphrased wording,400000,,valid,6800.0,450.0
scaling_setting_025,Paraphrased wording,800000,,valid,9600.0,520.0
scaling_setting_025,Concise wording,100000,,valid,3200.0,270.0
scaling_setting_025,Concise wording,400000,,valid,3200.0,720.0
scaling_setting_025,Concise wording,50000,,valid,1500.0,120.0
scaling_setting_025,Concise wording,200000,,valid,3200.0,290.0
scaling_setting_025,Concise wording,800000,,valid,16000.0,650.0
scaling_setting_025,No-change control,200000,,valid,3200.0,480.0
scaling_setting_025,Irrelevant-number control,200000,100000.0,valid,4500.0,320.0
scaling_setting_025,Irrelevant-number control,200000,200000.0,valid,3200.0,450.0
scaling_setting_025,Irrelevant-number control,200000,800000.0,valid,4500.0,320.0
scaling_setting_025,Irrelevant-number control,200000,50000.0,valid,3200.0,640.0
scaling_setting_025,Irrelevant-number control,200000,400000.0,valid,3600.0,420.0
scaling_setting_026,Primary wording,100000,,valid,3200.0,850.0
scaling_setting_026,Primary wording,200000,,valid,3200.0,950.0
scaling_setting_026,Primary wording,50000,,valid,1600.0,420.0
scaling_setting_026,Primary wording,800000,,valid,32400.0,2500.0
scaling_setting_026,Primary wording,400000,,valid,12800.0,1600.0
scaling_setting_026,Paraphrased wording,800000,,valid,24000.0,3600.0
scaling_setting_026,Paraphrased wording,400000,,valid,12800.0,1350.0
scaling_setting_026,Paraphrased wording,50000,,valid,750.0,320.0
scaling_setting_026,Paraphrased wording,100000,,valid,3500.0,750.0
scaling_setting_026,Paraphrased wording,200000,,valid,8400.0,850.0
scaling_setting_026,Concise wording,200000,,valid,5200.0,925.0
scaling_setting_026,Concise wording,100000,,valid,3200.0,850.0
scaling_setting_026,Concise wording,400000,,valid,8800.0,3050.0
scaling_setting_026,Concise wording,800000,,valid,32000.0,1523.0
scaling_setting_026,Concise wording,50000,,valid,1750.0,320.0
scaling_setting_026,No-change control,200000,,valid,6200.0,1250.0
scaling_setting_026,Irrelevant-number control,200000,800000.0,valid,8900.0,1350.0
scaling_setting_026,Irrelevant-number control,200000,100000.0,valid,6400.0,860.0
scaling_setting_026,Irrelevant-number control,200000,400000.0,valid,8400.0,1200.0
scaling_setting_026,Irrelevant-number control,200000,200000.0,valid,7200.0,850.0
scaling_setting_026,Irrelevant-number control,200000,50000.0,valid,7200.0,1400.0
scaling_setting_027,Primary wording,400000,,valid,6800.0,920.0
scaling_setting_027,Primary wording,200000,,valid,4500.0,3200.0
scaling_setting_027,Primary wording,800000,,valid,16200.0,2750.0
scaling_setting_027,Primary wording,50000,,valid,850.0,320.0
scaling_setting_027,Primary wording,100000,,valid,4500.0,620.0
scaling_setting_027,Paraphrased wording,400000,,valid,5800.0,950.0
scaling_setting_027,Paraphrased wording,100000,,valid,2200.0,450.0
scaling_setting_027,Paraphrased wording,200000,,valid,2450.0,620.0
scaling_setting_027,Paraphrased wording,50000,,valid,1350.0,320.0
scaling_setting_027,Paraphrased wording,800000,,valid,9600.0,1400.0
scaling_setting_027,Concise wording,400000,,valid,6400.0,850.0
scaling_setting_027,Concise wording,50000,,valid,750.0,325.0
scaling_setting_027,Concise wording,800000,,valid,7200.0,1500.0
scaling_setting_027,Concise wording,200000,,valid,8500.0,725.0
scaling_setting_027,Concise wording,100000,,valid,1500.0,420.0
scaling_setting_027,No-change control,200000,,valid,4200.0,650.0
scaling_setting_027,Irrelevant-number control,200000,100000.0,valid,9500.0,1200.0
scaling_setting_027,Irrelevant-number control,200000,200000.0,valid,3500.0,850.0
scaling_setting_027,Irrelevant-number control,200000,50000.0,valid,9800.0,1250.0
scaling_setting_027,Irrelevant-number control,200000,800000.0,valid,4800.0,1250.0
scaling_setting_027,Irrelevant-number control,200000,400000.0,valid,8500.0,1200.0
scaling_setting_028,Primary wording,800000,,valid,14500.0,2250.0
scaling_setting_028,Primary wording,50000,,valid,750.0,420.0
scaling_setting_028,Primary wording,200000,,valid,4500.0,1200.0
scaling_setting_028,Primary wording,100000,,valid,1800.0,950.0
scaling_setting_028,Primary wording,400000,,valid,7200.0,2150.0
scaling_setting_028,Paraphrased wording,50000,,valid,750.0,220.0
scaling_setting_028,Paraphrased wording,200000,,valid,6000.0,850.0
scaling_setting_028,Paraphrased wording,100000,,valid,1250.0,450.0
scaling_setting_028,Paraphrased wording,800000,,valid,14600.0,3200.0
scaling_setting_028,Paraphrased wording,400000,,valid,8600.0,1525.0
scaling_setting_028,Concise wording,200000,,valid,4500.0,950.0
scaling_setting_028,Concise wording,100000,,valid,1200.0,450.0
scaling_setting_028,Concise wording,800000,,valid,24000.0,4300.0
scaling_setting_028,Concise wording,50000,,valid,375.0,450.0
scaling_setting_028,Concise wording,400000,,valid,10250.0,2800.0
scaling_setting_028,No-change control,200000,,valid,3200.0,750.0
scaling_setting_028,Irrelevant-number control,200000,50000.0,valid,4500.0,1250.0
scaling_setting_028,Irrelevant-number control,200000,800000.0,valid,4500.0,1200.0
scaling_setting_028,Irrelevant-number control,200000,200000.0,valid,4800.0,1300.0
scaling_setting_028,Irrelevant-number control,200000,400000.0,valid,7200.0,950.0
scaling_setting_028,Irrelevant-number control,200000,100000.0,valid,3200.0,1500.0
scaling_setting_029,Primary wording,800000,,valid,14500.0,3200.0
scaling_setting_029,Primary wording,200000,,valid,3200.0,850.0
scaling_setting_029,Primary wording,400000,,valid,5800.0,1250.0
scaling_setting_029,Primary wording,100000,,valid,1500.0,450.0
scaling_setting_029,Primary wording,50000,,valid,875.0,320.0
scaling_setting_029,Paraphrased wording,400000,,valid,3200.0,950.0
scaling_setting_029,Paraphrased wording,100000,,valid,1200.0,350.0
scaling_setting_029,Paraphrased wording,200000,,valid,7200.0,450.0
scaling_setting_029,Paraphrased wording,800000,,valid,24000.0,1500.0
scaling_setting_029,Paraphrased wording,50000,,valid,750.0,320.0
scaling_setting_029,Concise wording,200000,,valid,3400.0,750.0
scaling_setting_029,Concise wording,50000,,valid,375.0,130.0
scaling_setting_029,Concise wording,400000,,valid,6200.0,1750.0
scaling_setting_029,Concise wording,800000,,valid,6400.0,2250.0
scaling_setting_029,Concise wording,100000,,valid,850.0,310.0
scaling_setting_029,No-change control,200000,,valid,3200.0,850.0
scaling_setting_029,Irrelevant-number control,200000,400000.0,valid,7800.0,1350.0
scaling_setting_029,Irrelevant-number control,200000,800000.0,valid,4250.0,850.0
scaling_setting_029,Irrelevant-number control,200000,50000.0,valid,3200.0,460.0
scaling_setting_029,Irrelevant-number control,200000,200000.0,valid,4800.0,625.0
scaling_setting_029,Irrelevant-number control,200000,100000.0,valid,4800.0,650.0
scaling_setting_030,Primary wording,800000,,valid,16000.0,3250.0
scaling_setting_030,Primary wording,400000,,valid,15600.0,1450.0
scaling_setting_030,Primary wording,100000,,valid,4500.0,320.0
scaling_setting_030,Primary wording,50000,,valid,1250.0,320.0
scaling_setting_030,Primary wording,200000,,valid,3200.0,750.0
scaling_setting_030,Paraphrased wording,200000,,valid,4800.0,850.0
scaling_setting_030,Paraphrased wording,800000,,valid,14600.0,2150.0
scaling_setting_030,Paraphrased wording,50000,,valid,525.0,310.0
scaling_setting_030,Paraphrased wording,400000,,valid,9600.0,1250.0
scaling_setting_030,Paraphrased wording,100000,,valid,750.0,320.0
scaling_setting_030,Concise wording,400000,,valid,6400.0,1400.0
scaling_setting_030,Concise wording,50000,,valid,750.0,325.0
scaling_setting_030,Concise wording,800000,,valid,12500.0,1800.0
scaling_setting_030,Concise wording,100000,,valid,7000.0,320.0
scaling_setting_030,Concise wording,200000,,valid,4500.0,620.0
scaling_setting_030,No-change control,200000,,valid,3500.0,850.0
scaling_setting_030,Irrelevant-number control,200000,800000.0,valid,4800.0,850.0
scaling_setting_030,Irrelevant-number control,200000,400000.0,valid,5400.0,850.0
scaling_setting_030,Irrelevant-number control,200000,100000.0,valid,5200.0,980.0
scaling_setting_030,Irrelevant-number control,200000,50000.0,valid,2750.0,420.0
scaling_setting_030,Irrelevant-number control,200000,200000.0,valid,4500.0,850.0
scaling_setting_031,Primary wording,400000,,valid,12600.0,1250.0
scaling_setting_031,Primary wording,800000,,valid,32000.0,3500.0
scaling_setting_031,Primary wording,50000,,valid,1750.0,340.0
scaling_setting_031,Primary wording,200000,,valid,11500.0,720.0
scaling_setting_031,Primary wording,100000,,valid,3200.0,530.0
scaling_setting_031,Paraphrased wording,100000,,valid,3250.0,740.0
scaling_setting_031,Paraphrased wording,50000,,valid,1500.0,320.0
scaling_setting_031,Paraphrased wording,400000,,valid,20000.0,1200.0
scaling_setting_031,Paraphrased wording,200000,,valid,6250.0,460.0
scaling_setting_031,Paraphrased wording,800000,,valid,24000.0,1850.0
scaling_setting_031,Concise wording,800000,,valid,16000.0,1450.0
scaling_setting_031,Concise wording,100000,,valid,2500.0,750.0
scaling_setting_031,Concise wording,50000,,valid,700.0,312.0
scaling_setting_031,Concise wording,200000,,valid,7600.0,1150.0
scaling_setting_031,Concise wording,400000,,valid,9600.0,2140.0
scaling_setting_031,No-change control,200000,,valid,5400.0,1250.0
scaling_setting_031,Irrelevant-number control,200000,800000.0,valid,8700.0,1350.0
scaling_setting_031,Irrelevant-number control,200000,200000.0,valid,5250.0,980.0
scaling_setting_031,Irrelevant-number control,200000,400000.0,valid,8500.0,1300.0
scaling_setting_031,Irrelevant-number control,200000,50000.0,valid,7200.0,1250.0
scaling_setting_031,Irrelevant-number control,200000,100000.0,valid,8500.0,1125.0
scaling_setting_032,Primary wording,100000,,valid,3500.0,620.0
scaling_setting_032,Primary wording,400000,,valid,8200.0,1450.0
scaling_setting_032,Primary wording,200000,,valid,3500.0,450.0
scaling_setting_032,Primary wording,50000,,valid,750.0,320.0
scaling_setting_032,Primary wording,800000,,valid,12850.0,1450.0
scaling_setting_032,Paraphrased wording,200000,,valid,3200.0,850.0
scaling_setting_032,Paraphrased wording,100000,,valid,950.0,320.0
scaling_setting_032,Paraphrased wording,50000,,valid,750.0,280.0
scaling_setting_032,Paraphrased wording,400000,,valid,9200.0,1450.0
scaling_setting_032,Paraphrased wording,800000,,valid,9500.0,1250.0
scaling_setting_032,Concise wording,50000,,valid,750.0,320.0
scaling_setting_032,Concise wording,400000,,valid,2600.0,2200.0
scaling_setting_032,Concise wording,200000,,valid,1850.0,750.0
scaling_setting_032,Concise wording,100000,,valid,1250.0,450.0
scaling_setting_032,Concise wording,800000,,valid,7240.0,1850.0
scaling_setting_032,No-change control,200000,,valid,3200.0,850.0
scaling_setting_032,Irrelevant-number control,200000,200000.0,valid,3200.0,950.0
scaling_setting_032,Irrelevant-number control,200000,800000.0,valid,1850.0,750.0
scaling_setting_032,Irrelevant-number control,200000,100000.0,valid,3200.0,750.0
scaling_setting_032,Irrelevant-number control,200000,50000.0,valid,5400.0,1250.0
scaling_setting_032,Irrelevant-number control,200000,400000.0,valid,4800.0,750.0
scaling_setting_033,Primary wording,800000,,valid,32000.0,2400.0
scaling_setting_033,Primary wording,400000,,valid,16500.0,1450.0
scaling_setting_033,Primary wording,50000,,valid,2100.0,430.0
scaling_setting_033,Primary wording,100000,,valid,4250.0,455.0
scaling_setting_033,Primary wording,200000,,valid,7800.0,1200.0
scaling_setting_033,Paraphrased wording,50000,,valid,1250.0,310.0
scaling_setting_033,Paraphrased wording,200000,,valid,7400.0,520.0
scaling_setting_033,Paraphrased wording,400000,,valid,14500.0,1220.0
scaling_setting_033,Paraphrased wording,100000,,valid,4500.0,820.0
scaling_setting_033,Paraphrased wording,800000,,valid,22400.0,1350.0
scaling_setting_033,Concise wording,400000,,valid,18400.0,1450.0
scaling_setting_033,Concise wording,100000,,valid,3200.0,450.0
scaling_setting_033,Concise wording,200000,,valid,4200.0,850.0
scaling_setting_033,Concise wording,50000,,valid,1500.0,125.0
scaling_setting_033,Concise wording,800000,,valid,24000.0,3500.0
scaling_setting_033,No-change control,200000,,valid,5200.0,850.0
scaling_setting_033,Irrelevant-number control,200000,800000.0,valid,8600.0,425.0
scaling_setting_033,Irrelevant-number control,200000,50000.0,valid,8700.0,620.0
scaling_setting_033,Irrelevant-number control,200000,200000.0,valid,8500.0,1200.0
scaling_setting_033,Irrelevant-number control,200000,400000.0,valid,8500.0,1200.0
scaling_setting_033,Irrelevant-number control,200000,100000.0,valid,8200.0,950.0
scaling_setting_034,Primary wording,800000,,valid,46400.0,3150.0
scaling_setting_034,Primary wording,200000,,valid,6700.0,960.0
scaling_setting_034,Primary wording,50000,,valid,2100.0,320.0
scaling_setting_034,Primary wording,400000,,valid,11500.0,1300.0
scaling_setting_034,Primary wording,100000,,valid,5200.0,480.0
scaling_setting_034,Paraphrased wording,200000,,valid,7200.0,480.0
scaling_setting_034,Paraphrased wording,50000,,valid,1750.0,310.0
scaling_setting_034,Paraphrased wording,800000,,valid,24000.0,1850.0
scaling_setting_034,Paraphrased wording,400000,,valid,16400.0,850.0
scaling_setting_034,Paraphrased wording,100000,,valid,3200.0,410.0
scaling_setting_034,Concise wording,400000,,valid,21500.0,1750.0
scaling_setting_034,Concise wording,200000,,valid,6800.0,540.0
scaling_setting_034,Concise wording,800000,,valid,32000.0,2200.0
scaling_setting_034,Concise wording,100000,,valid,4500.0,320.0
scaling_setting_034,Concise wording,50000,,valid,1250.0,275.0
scaling_setting_034,No-change control,200000,,valid,4800.0,750.0
scaling_setting_034,Irrelevant-number control,200000,100000.0,valid,4800.0,1350.0
scaling_setting_034,Irrelevant-number control,200000,50000.0,valid,9800.0,850.0
scaling_setting_034,Irrelevant-number control,200000,800000.0,valid,9700.0,1250.0
scaling_setting_034,Irrelevant-number control,200000,400000.0,valid,8400.0,950.0
scaling_setting_034,Irrelevant-number control,200000,200000.0,valid,7800.0,850.0
scaling_setting_035,Primary wording,800000,,valid,48000.0,3200.0
scaling_setting_035,Primary wording,400000,,valid,24500.0,2800.0
scaling_setting_035,Primary wording,100000,,valid,4200.0,735.0
scaling_setting_035,Primary wording,200000,,valid,7400.0,1350.0
scaling_setting_035,Primary wording,50000,,valid,2300.0,480.0
scaling_setting_035,Paraphrased wording,800000,,valid,24000.0,4500.0
scaling_setting_035,Paraphrased wording,50000,,valid,3200.0,400.0
scaling_setting_035,Paraphrased wording,400000,,valid,14800.0,1520.0
scaling_setting_035,Paraphrased wording,100000,,valid,4500.0,1200.0
scaling_setting_035,Paraphrased wording,200000,,valid,8600.0,1250.0
scaling_setting_035,Concise wording,800000,,valid,32000.0,2600.0
scaling_setting_035,Concise wording,400000,,valid,16000.0,1200.0
scaling_setting_035,Concise wording,50000,,valid,1750.0,420.0
scaling_setting_035,Concise wording,100000,,valid,6200.0,540.0
scaling_setting_035,Concise wording,200000,,valid,8500.0,1280.0
scaling_setting_035,No-change control,200000,,valid,8300.0,1250.0
scaling_setting_035,Irrelevant-number control,200000,50000.0,valid,8400.0,1250.0
scaling_setting_035,Irrelevant-number control,200000,400000.0,valid,7300.0,850.0
scaling_setting_035,Irrelevant-number control,200000,200000.0,valid,5400.0,1350.0
scaling_setting_035,Irrelevant-number control,200000,800000.0,valid,14500.0,1025.0
scaling_setting_035,Irrelevant-number control,200000,100000.0,valid,9500.0,1500.0
scaling_setting_036,Primary wording,50000,,valid,1750.0,320.0
scaling_setting_036,Primary wording,400000,,valid,12500.0,950.0
scaling_setting_036,Primary wording,100000,,valid,4750.0,320.0
scaling_setting_036,Primary wording,800000,,valid,18400.0,1250.0
scaling_setting_036,Primary wording,200000,,valid,7800.0,720.0
scaling_setting_036,Paraphrased wording,400000,,valid,12450.0,1125.0
scaling_setting_036,Paraphrased wording,200000,,valid,9200.0,412.0
scaling_setting_036,Paraphrased wording,100000,,valid,4500.0,320.0
scaling_setting_036,Paraphrased wording,800000,,valid,18400.0,1250.0
scaling_setting_036,Paraphrased wording,50000,,valid,1800.0,240.0
scaling_setting_036,Concise wording,200000,,valid,4500.0,725.0
scaling_setting_036,Concise wording,400000,,valid,18000.0,950.0
scaling_setting_036,Concise wording,800000,,valid,25760.0,1225.0
scaling_setting_036,Concise wording,50000,,valid,1200.0,310.0
scaling_setting_036,Concise wording,100000,,valid,3500.0,425.0
scaling_setting_036,No-change control,200000,,valid,4800.0,560.0
scaling_setting_036,Irrelevant-number control,200000,200000.0,valid,7500.0,520.0
scaling_setting_036,Irrelevant-number control,200000,100000.0,valid,5400.0,850.0
scaling_setting_036,Irrelevant-number control,200000,800000.0,valid,7600.0,320.0
scaling_setting_036,Irrelevant-number control,200000,400000.0,valid,9500.0,520.0
scaling_setting_036,Irrelevant-number control,200000,50000.0,valid,6300.0,480.0
scaling_setting_037,Primary wording,50000,,valid,1250.0,320.0
scaling_setting_037,Primary wording,200000,,valid,7200.0,850.0
scaling_setting_037,Primary wording,100000,,valid,3200.0,450.0
scaling_setting_037,Primary wording,800000,,valid,24000.0,3200.0
scaling_setting_037,Primary wording,400000,,valid,7400.0,2400.0
scaling_setting_037,Paraphrased wording,400000,,valid,18250.0,950.0
scaling_setting_037,Paraphrased wording,50000,,valid,750.0,240.0
scaling_setting_037,Paraphrased wording,800000,,valid,24000.0,3200.0
scaling_setting_037,Paraphrased wording,100000,,valid,3200.0,750.0
scaling_setting_037,Paraphrased wording,200000,,valid,8500.0,750.0
scaling_setting_037,Concise wording,200000,,valid,6800.0,1200.0
scaling_setting_037,Concise wording,400000,,valid,7600.0,1800.0
scaling_setting_037,Concise wording,50000,,valid,750.0,325.0
scaling_setting_037,Concise wording,100000,,valid,2100.0,320.0
scaling_setting_037,Concise wording,800000,,valid,18400.0,4200.0
scaling_setting_037,No-change control,200000,,valid,4200.0,850.0
scaling_setting_037,Irrelevant-number control,200000,400000.0,valid,6500.0,1150.0
scaling_setting_037,Irrelevant-number control,200000,50000.0,valid,4500.0,1250.0
scaling_setting_037,Irrelevant-number control,200000,800000.0,valid,8400.0,1450.0
scaling_setting_037,Irrelevant-number control,200000,100000.0,valid,7800.0,950.0
scaling_setting_037,Irrelevant-number control,200000,200000.0,valid,3200.0,850.0
scaling_setting_038,Primary wording,200000,,valid,8500.0,1075.0
scaling_setting_038,Primary wording,50000,,valid,2450.0,320.0
scaling_setting_038,Primary wording,400000,,valid,12400.0,2150.0
scaling_setting_038,Primary wording,100000,,valid,7250.0,450.0
scaling_setting_038,Primary wording,800000,,valid,32000.0,2400.0
scaling_setting_038,Paraphrased wording,200000,,valid,7200.0,1850.0
scaling_setting_038,Paraphrased wording,400000,,valid,22500.0,1550.0
scaling_setting_038,Paraphrased wording,100000,,valid,5200.0,850.0
scaling_setting_038,Paraphrased wording,800000,,valid,34000.0,1900.0
scaling_setting_038,Paraphrased wording,50000,,valid,1900.0,320.0
scaling_setting_038,Concise wording,400000,,valid,12200.0,1350.0
scaling_setting_038,Concise wording,100000,,valid,3500.0,525.0
scaling_setting_038,Concise wording,800000,,valid,24000.0,3500.0
scaling_setting_038,Concise wording,50000,,valid,2100.0,450.0
scaling_setting_038,Concise wording,200000,,valid,8700.0,1400.0
scaling_setting_038,No-change control,200000,,valid,8200.0,1250.0
scaling_setting_038,Irrelevant-number control,200000,200000.0,valid,8800.0,1200.0
scaling_setting_038,Irrelevant-number control,200000,400000.0,valid,9500.0,1200.0
scaling_setting_038,Irrelevant-number control,200000,50000.0,valid,14500.0,1350.0
scaling_setting_038,Irrelevant-number control,200000,100000.0,valid,9500.0,1200.0
scaling_setting_038,Irrelevant-number control,200000,800000.0,valid,8700.0,1250.0
scaling_setting_039,Primary wording,100000,,valid,3200.0,450.0
scaling_setting_039,Primary wording,800000,,valid,32000.0,2100.0
scaling_setting_039,Primary wording,400000,,valid,11200.0,1450.0
scaling_setting_039,Primary wording,50000,,valid,1200.0,450.0
scaling_setting_039,Primary wording,200000,,valid,4800.0,750.0
scaling_setting_039,Paraphrased wording,400000,,valid,8200.0,1250.0
scaling_setting_039,Paraphrased wording,50000,,valid,1800.0,320.0
scaling_setting_039,Paraphrased wording,200000,,valid,7800.0,925.0
scaling_setting_039,Paraphrased wording,100000,,valid,3200.0,480.0
scaling_setting_039,Paraphrased wording,800000,,valid,12450.0,1580.0
scaling_setting_039,Concise wording,50000,,valid,750.0,210.0
scaling_setting_039,Concise wording,400000,,valid,12000.0,1850.0
scaling_setting_039,Concise wording,800000,,valid,24000.0,1800.0
scaling_setting_039,Concise wording,100000,,valid,2500.0,450.0
scaling_setting_039,Concise wording,200000,,valid,7600.0,850.0
scaling_setting_039,No-change control,200000,,valid,7500.0,820.0
scaling_setting_039,Irrelevant-number control,200000,200000.0,valid,7500.0,1250.0
scaling_setting_039,Irrelevant-number control,200000,50000.0,valid,7600.0,1200.0
scaling_setting_039,Irrelevant-number control,200000,100000.0,valid,7500.0,1200.0
scaling_setting_039,Irrelevant-number control,200000,400000.0,valid,8700.0,1250.0
scaling_setting_039,Irrelevant-number control,200000,800000.0,valid,5200.0,1250.0
scaling_setting_040,Primary wording,800000,,valid,32400.0,2100.0
scaling_setting_040,Primary wording,100000,,valid,2750.0,480.0
scaling_setting_040,Primary wording,50000,,valid,1250.0,320.0
scaling_setting_040,Primary wording,400000,,valid,8500.0,1250.0
scaling_setting_040,Primary wording,200000,,valid,4200.0,550.0
scaling_setting_040,Paraphrased wording,400000,,valid,8200.0,1450.0
scaling_setting_040,Paraphrased wording,200000,,valid,4500.0,840.0
scaling_setting_040,Paraphrased wording,800000,,valid,9600.0,2250.0
scaling_setting_040,Paraphrased wording,50000,,valid,625.0,220.0
scaling_setting_040,Paraphrased wording,100000,,valid,1450.0,320.0
scaling_setting_040,Concise wording,50000,,valid,850.0,320.0
scaling_setting_040,Concise wording,400000,,valid,9200.0,1350.0
scaling_setting_040,Concise wording,800000,,valid,11000.0,1525.0
scaling_setting_040,Concise wording,100000,,valid,1800.0,320.0
scaling_setting_040,Concise wording,200000,,valid,4500.0,780.0
scaling_setting_040,No-change control,200000,,valid,5800.0,820.0
scaling_setting_040,Irrelevant-number control,200000,800000.0,valid,4500.0,320.0
scaling_setting_040,Irrelevant-number control,200000,200000.0,valid,5800.0,650.0
scaling_setting_040,Irrelevant-number control,200000,400000.0,valid,4500.0,780.0
scaling_setting_040,Irrelevant-number control,200000,50000.0,valid,4500.0,1450.0
scaling_setting_040,Irrelevant-number control,200000,100000.0,valid,6200.0,890.0
scaling_setting_041,Primary wording,800000,,valid,32000.0,1450.0
scaling_setting_041,Primary wording,400000,,valid,23800.0,1265.0
scaling_setting_041,Primary wording,50000,,valid,2400.0,310.0
scaling_setting_041,Primary wording,200000,,valid,8600.0,1340.0
scaling_setting_041,Primary wording,100000,,valid,1200.0,450.0
scaling_setting_041,Paraphrased wording,200000,,valid,8700.0,840.0
scaling_setting_041,Paraphrased wording,800000,,valid,16400.0,1450.0
scaling_setting_041,Paraphrased wording,50000,,valid,1200.0,340.0
scaling_setting_041,Paraphrased wording,100000,,valid,2500.0,650.0
scaling_setting_041,Paraphrased wording,400000,,valid,9600.0,1450.0
scaling_setting_041,Concise wording,200000,,valid,4500.0,870.0
scaling_setting_041,Concise wording,50000,,valid,1500.0,320.0
scaling_setting_041,Concise wording,100000,,valid,2150.0,320.0
scaling_setting_041,Concise wording,800000,,valid,24000.0,3200.0
scaling_setting_041,Concise wording,400000,,valid,9600.0,1800.0
scaling_setting_041,No-change control,200000,,valid,4200.0,950.0
scaling_setting_041,Irrelevant-number control,200000,400000.0,valid,7500.0,850.0
scaling_setting_041,Irrelevant-number control,200000,800000.0,valid,9500.0,1200.0
scaling_setting_041,Irrelevant-number control,200000,100000.0,valid,7200.0,1250.0
scaling_setting_041,Irrelevant-number control,200000,200000.0,valid,7500.0,1200.0
scaling_setting_041,Irrelevant-number control,200000,50000.0,valid,4600.0,1200.0
scaling_setting_042,Primary wording,100000,,valid,1250.0,540.0
scaling_setting_042,Primary wording,800000,,valid,32000.0,2200.0
scaling_setting_042,Primary wording,200000,,valid,1150.0,755.0
scaling_setting_042,Primary wording,50000,,valid,450.0,820.0
scaling_setting_042,Primary wording,400000,,valid,18200.0,1450.0
scaling_setting_042,Paraphrased wording,800000,,valid,32000.0,1200.0
scaling_setting_042,Paraphrased wording,100000,,valid,750.0,420.0
scaling_setting_042,Paraphrased wording,200000,,valid,7230.0,1350.0
scaling_setting_042,Paraphrased wording,400000,,valid,12500.0,920.0
scaling_setting_042,Paraphrased wording,50000,,valid,1250.0,320.0
scaling_setting_042,Concise wording,400000,,valid,9200.0,1800.0
scaling_setting_042,Concise wording,200000,,valid,4800.0,1120.0
scaling_setting_042,Concise wording,800000,,valid,16000.0,3200.0
scaling_setting_042,Concise wording,50000,,valid,725.0,310.0
scaling_setting_042,Concise wording,100000,,valid,1450.0,815.0
scaling_setting_042,No-change control,200000,,valid,5600.0,720.0
scaling_setting_042,Irrelevant-number control,200000,400000.0,valid,7500.0,1200.0
scaling_setting_042,Irrelevant-number control,200000,200000.0,valid,4250.0,1200.0
scaling_setting_042,Irrelevant-number control,200000,100000.0,valid,4500.0,1600.0
scaling_setting_042,Irrelevant-number control,200000,800000.0,valid,5400.0,960.0
scaling_setting_042,Irrelevant-number control,200000,50000.0,valid,7200.0,1650.0
scaling_setting_043,Primary wording,100000,,valid,7500.0,640.0
scaling_setting_043,Primary wording,50000,,valid,3750.0,310.0
scaling_setting_043,Primary wording,400000,,valid,18400.0,1350.0
scaling_setting_043,Primary wording,200000,,valid,8200.0,750.0
scaling_setting_043,Primary wording,800000,,valid,32000.0,1600.0
scaling_setting_043,Paraphrased wording,100000,,valid,4300.0,1250.0
scaling_setting_043,Paraphrased wording,800000,,valid,32000.0,2700.0
scaling_setting_043,Paraphrased wording,400000,,valid,24000.0,1850.0
scaling_setting_043,Paraphrased wording,50000,,valid,1850.0,320.0
scaling_setting_043,Paraphrased wording,200000,,valid,8400.0,1250.0
scaling_setting_043,Concise wording,200000,,valid,7200.0,1460.0
scaling_setting_043,Concise wording,100000,,valid,3200.0,510.0
scaling_setting_043,Concise wording,400000,,valid,15600.0,1200.0
scaling_setting_043,Concise wording,50000,,valid,1250.0,320.0
scaling_setting_043,Concise wording,800000,,valid,32000.0,2200.0
scaling_setting_043,No-change control,200000,,valid,8500.0,1200.0
scaling_setting_043,Irrelevant-number control,200000,50000.0,valid,12500.0,1500.0
scaling_setting_043,Irrelevant-number control,200000,800000.0,valid,7500.0,920.0
scaling_setting_043,Irrelevant-number control,200000,100000.0,valid,12500.0,850.0
scaling_setting_043,Irrelevant-number control,200000,400000.0,valid,7800.0,1250.0
scaling_setting_043,Irrelevant-number control,200000,200000.0,valid,8500.0,1200.0
scaling_setting_044,Primary wording,100000,,valid,3500.0,620.0
scaling_setting_044,Primary wording,400000,,valid,18750.0,1250.0
scaling_setting_044,Primary wording,200000,,valid,8400.0,1200.0
scaling_setting_044,Primary wording,800000,,valid,32000.0,1800.0
scaling_setting_044,Primary wording,50000,,valid,1500.0,350.0
scaling_setting_044,Paraphrased wording,50000,,valid,1850.0,420.0
scaling_setting_044,Paraphrased wording,200000,,valid,7600.0,420.0
scaling_setting_044,Paraphrased wording,800000,,valid,24000.0,1600.0
scaling_setting_044,Paraphrased wording,400000,,valid,12800.0,1650.0
scaling_setting_044,Paraphrased wording,100000,,valid,3200.0,450.0
scaling_setting_044,Concise wording,100000,,valid,4000.0,250.0
scaling_setting_044,Concise wording,200000,,valid,9800.0,620.0
scaling_setting_044,Concise wording,400000,,valid,9400.0,1200.0
scaling_setting_044,Concise wording,800000,,valid,32000.0,1400.0
scaling_setting_044,Concise wording,50000,,valid,1200.0,310.0
scaling_setting_044,No-change control,200000,,valid,9200.0,1200.0
scaling_setting_044,Irrelevant-number control,200000,50000.0,valid,8500.0,620.0
scaling_setting_044,Irrelevant-number control,200000,200000.0,valid,5600.0,850.0
scaling_setting_044,Irrelevant-number control,200000,400000.0,valid,5400.0,800.0
scaling_setting_044,Irrelevant-number control,200000,800000.0,valid,7200.0,415.0
scaling_setting_044,Irrelevant-number control,200000,100000.0,valid,5400.0,830.0
scaling_setting_045,Primary wording,800000,,valid,32000.0,540.0
scaling_setting_045,Primary wording,100000,,valid,4500.0,320.0
scaling_setting_045,Primary wording,200000,,valid,8500.0,320.0
scaling_setting_045,Primary wording,400000,,valid,9200.0,1250.0
scaling_setting_045,Primary wording,50000,,valid,1250.0,210.0
scaling_setting_045,Paraphrased wording,100000,,valid,3200.0,210.0
scaling_setting_045,Paraphrased wording,50000,,valid,750.0,120.0
scaling_setting_045,Paraphrased wording,400000,,valid,14500.0,680.0
scaling_setting_045,Paraphrased wording,800000,,valid,16000.0,1200.0
scaling_setting_045,Paraphrased wording,200000,,valid,4800.0,950.0
scaling_setting_045,Concise wording,100000,,valid,1500.0,320.0
scaling_setting_045,Concise wording,50000,,valid,750.0,120.0
scaling_setting_045,Concise wording,400000,,valid,6800.0,950.0
scaling_setting_045,Concise wording,800000,,valid,24500.0,720.0
scaling_setting_045,Concise wording,200000,,valid,4500.0,320.0
scaling_setting_045,No-change control,200000,,valid,4800.0,450.0
scaling_setting_045,Irrelevant-number control,200000,400000.0,valid,4500.0,320.0
scaling_setting_045,Irrelevant-number control,200000,200000.0,valid,8500.0,420.0
scaling_setting_045,Irrelevant-number control,200000,800000.0,valid,4200.0,580.0
scaling_setting_045,Irrelevant-number control,200000,50000.0,valid,8000.0,450.0
scaling_setting_045,Irrelevant-number control,200000,100000.0,valid,7500.0,320.0
scaling_setting_046,Primary wording,800000,,valid,24000.0,1200.0
scaling_setting_046,Primary wording,200000,,valid,5400.0,950.0
scaling_setting_046,Primary wording,400000,,valid,15400.0,1500.0
scaling_setting_046,Primary wording,100000,,valid,3100.0,450.0
scaling_setting_046,Primary wording,50000,,valid,950.0,280.0
scaling_setting_046,Paraphrased wording,400000,,valid,9400.0,820.0
scaling_setting_046,Paraphrased wording,100000,,valid,2150.0,340.0
scaling_setting_046,Paraphrased wording,200000,,valid,6400.0,390.0
scaling_setting_046,Paraphrased wording,50000,,valid,750.0,320.0
scaling_setting_046,Paraphrased wording,800000,,valid,18000.0,1250.0
scaling_setting_046,Concise wording,200000,,valid,4500.0,1500.0
scaling_setting_046,Concise wording,50000,,valid,850.0,185.0
scaling_setting_046,Concise wording,100000,,valid,2500.0,320.0
scaling_setting_046,Concise wording,400000,,valid,12000.0,850.0
scaling_setting_046,Concise wording,800000,,valid,15600.0,1250.0
scaling_setting_046,No-change control,200000,,valid,5200.0,950.0
scaling_setting_046,Irrelevant-number control,200000,50000.0,valid,4500.0,960.0
scaling_setting_046,Irrelevant-number control,200000,200000.0,valid,3200.0,1500.0
scaling_setting_046,Irrelevant-number control,200000,100000.0,valid,8200.0,860.0
scaling_setting_046,Irrelevant-number control,200000,800000.0,valid,6800.0,450.0
scaling_setting_046,Irrelevant-number control,200000,400000.0,valid,5200.0,850.0
scaling_setting_047,Primary wording,200000,,valid,4200.0,860.0
scaling_setting_047,Primary wording,800000,,valid,24000.0,3200.0
scaling_setting_047,Primary wording,50000,,valid,1500.0,320.0
scaling_setting_047,Primary wording,100000,,valid,3200.0,450.0
scaling_setting_047,Primary wording,400000,,valid,9500.0,1250.0
scaling_setting_047,Paraphrased wording,100000,,valid,3500.0,850.0
scaling_setting_047,Paraphrased wording,400000,,valid,8200.0,1250.0
scaling_setting_047,Paraphrased wording,200000,,valid,12500.0,950.0
scaling_setting_047,Paraphrased wording,800000,,valid,24500.0,3200.0
scaling_setting_047,Paraphrased wording,50000,,valid,850.0,260.0
scaling_setting_047,Concise wording,800000,,valid,32000.0,4500.0
scaling_setting_047,Concise wording,100000,,valid,4500.0,750.0
scaling_setting_047,Concise wording,200000,,valid,4500.0,1560.0
scaling_setting_047,Concise wording,400000,,valid,8400.0,860.0
scaling_setting_047,Concise wording,50000,,valid,950.0,320.0
scaling_setting_047,No-change control,200000,,valid,5842.0,3248.0
scaling_setting_047,Irrelevant-number control,200000,100000.0,valid,3670.0,1250.0
scaling_setting_047,Irrelevant-number control,200000,800000.0,valid,14500.0,1200.0
scaling_setting_047,Irrelevant-number control,200000,200000.0,valid,8400.0,1500.0
scaling_setting_047,Irrelevant-number control,200000,400000.0,valid,5400.0,1250.0
scaling_setting_047,Irrelevant-number control,200000,50000.0,valid,4800.0,950.0
scaling_setting_048,Primary wording,400000,,valid,3200.0,1250.0
scaling_setting_048,Primary wording,800000,,valid,24500.0,3200.0
scaling_setting_048,Primary wording,100000,,valid,2300.0,870.0
scaling_setting_048,Primary wording,50000,,valid,750.0,320.0
scaling_setting_048,Primary wording,200000,,valid,3600.0,875.0
scaling_setting_048,Paraphrased wording,100000,,valid,1250.0,320.0
scaling_setting_048,Paraphrased wording,400000,,valid,9600.0,1450.0
scaling_setting_048,Paraphrased wording,50000,,valid,850.0,320.0
scaling_setting_048,Paraphrased wording,800000,,valid,12000.0,1450.0
scaling_setting_048,Paraphrased wording,200000,,valid,6200.0,540.0
scaling_setting_048,Concise wording,100000,,valid,2400.0,320.0
scaling_setting_048,Concise wording,400000,,valid,6800.0,960.0
scaling_setting_048,Concise wording,50000,,valid,750.0,120.0
scaling_setting_048,Concise wording,200000,,valid,3200.0,820.0
scaling_setting_048,Concise wording,800000,,valid,32000.0,1450.0
scaling_setting_048,No-change control,200000,,valid,5400.0,950.0
scaling_setting_048,Irrelevant-number control,200000,100000.0,valid,4500.0,1025.0
scaling_setting_048,Irrelevant-number control,200000,50000.0,valid,3500.0,940.0
scaling_setting_048,Irrelevant-number control,200000,200000.0,valid,4500.0,1250.0
scaling_setting_048,Irrelevant-number control,200000,400000.0,valid,4500.0,1200.0
scaling_setting_048,Irrelevant-number control,200000,800000.0,valid,4500.0,850.0
scaling_setting_049,Primary wording,800000,,valid,32000.0,1450.0
scaling_setting_049,Primary wording,200000,,valid,8400.0,950.0
scaling_setting_049,Primary wording,100000,,valid,4300.0,565.0
scaling_setting_049,Primary wording,400000,,valid,16800.0,1800.0
scaling_setting_049,Primary wording,50000,,valid,2200.0,350.0
scaling_setting_049,Paraphrased wording,400000,,valid,28000.0,1250.0
scaling_setting_049,Paraphrased wording,50000,,valid,2000.0,320.0
scaling_setting_049,Paraphrased wording,800000,,valid,32000.0,4700.0
scaling_setting_049,Paraphrased wording,100000,,valid,4750.0,850.0
scaling_setting_049,Paraphrased wording,200000,,valid,9200.0,1300.0
scaling_setting_049,Concise wording,200000,,valid,8200.0,1750.0
scaling_setting_049,Concise wording,800000,,valid,24000.0,1850.0
scaling_setting_049,Concise wording,50000,,valid,3200.0,250.0
scaling_setting_049,Concise wording,400000,,valid,16000.0,2200.0
scaling_setting_049,Concise wording,100000,,valid,7500.0,450.0
scaling_setting_049,No-change control,200000,,valid,9500.0,850.0
scaling_setting_049,Irrelevant-number control,200000,800000.0,valid,11500.0,980.0
scaling_setting_049,Irrelevant-number control,200000,400000.0,valid,7500.0,1100.0
scaling_setting_049,Irrelevant-number control,200000,200000.0,valid,8600.0,1450.0
scaling_setting_049,Irrelevant-number control,200000,50000.0,valid,8400.0,620.0
scaling_setting_049,Irrelevant-number control,200000,100000.0,valid,8200.0,950.0
scaling_setting_050,Primary wording,400000,,valid,15600.0,2400.0
scaling_setting_050,Primary wording,50000,,valid,2400.0,450.0
scaling_setting_050,Primary wording,200000,,valid,7500.0,950.0
scaling_setting_050,Primary wording,100000,,valid,3200.0,850.0
scaling_setting_050,Primary wording,800000,,valid,32500.0,4400.0
scaling_setting_050,Paraphrased wording,50000,,valid,1200.0,260.0
scaling_setting_050,Paraphrased wording,400000,,valid,14600.0,2250.0
scaling_setting_050,Paraphrased wording,100000,,valid,3200.0,540.0
scaling_setting_050,Paraphrased wording,800000,,valid,32000.0,2500.0
scaling_setting_050,Paraphrased wording,200000,,valid,8700.0,950.0
scaling_setting_050,Concise wording,50000,,valid,1250.0,220.0
scaling_setting_050,Concise wording,400000,,valid,15600.0,1250.0
scaling_setting_050,Concise wording,100000,,valid,2400.0,420.0
scaling_setting_050,Concise wording,200000,,valid,8000.0,950.0
scaling_setting_050,Concise wording,800000,,valid,24000.0,3200.0
scaling_setting_050,No-change control,200000,,valid,7400.0,1200.0
scaling_setting_050,Irrelevant-number control,200000,400000.0,valid,8500.0,1200.0
scaling_setting_050,Irrelevant-number control,200000,800000.0,valid,8400.0,650.0
scaling_setting_050,Irrelevant-number control,200000,100000.0,valid,9200.0,1350.0
scaling_setting_050,Irrelevant-number control,200000,200000.0,valid,8500.0,1200.0
scaling_setting_050,Irrelevant-number control,200000,50000.0,valid,8200.0,1200.0
scaling_setting_051,Primary wording,800000,,valid,24000.0,3200.0
scaling_setting_051,Primary wording,100000,,valid,1900.0,580.0
scaling_setting_051,Primary wording,200000,,valid,4500.0,1200.0
scaling_setting_051,Primary wording,50000,,valid,750.0,320.0
scaling_setting_051,Primary wording,400000,,valid,6200.0,1450.0
scaling_setting_051,Paraphrased wording,50000,,valid,750.0,310.0
scaling_setting_051,Paraphrased wording,100000,,valid,1450.0,530.0
scaling_setting_051,Paraphrased wording,400000,,valid,7800.0,1200.0
scaling_setting_051,Paraphrased wording,200000,,valid,3200.0,1400.0
scaling_setting_051,Paraphrased wording,800000,,valid,9600.0,2900.0
scaling_setting_051,Concise wording,100000,,valid,1850.0,345.0
scaling_setting_051,Concise wording,400000,,valid,5600.0,1200.0
scaling_setting_051,Concise wording,200000,,valid,4500.0,980.0
scaling_setting_051,Concise wording,50000,,valid,850.0,320.0
scaling_setting_051,Concise wording,800000,,valid,12000.0,1750.0
scaling_setting_051,No-change control,200000,,valid,3200.0,1200.0
scaling_setting_051,Irrelevant-number control,200000,400000.0,valid,4500.0,850.0
scaling_setting_051,Irrelevant-number control,200000,100000.0,valid,4500.0,1200.0
scaling_setting_051,Irrelevant-number control,200000,200000.0,valid,6200.0,850.0
scaling_setting_051,Irrelevant-number control,200000,800000.0,valid,4500.0,850.0
scaling_setting_051,Irrelevant-number control,200000,50000.0,valid,4500.0,870.0
scaling_setting_052,Primary wording,100000,,valid,2500.0,520.0
scaling_setting_052,Primary wording,50000,,valid,1450.0,310.0
scaling_setting_052,Primary wording,200000,,valid,3200.0,560.0
scaling_setting_052,Primary wording,800000,,valid,24000.0,1500.0
scaling_setting_052,Primary wording,400000,,valid,9200.0,1350.0
scaling_setting_052,Paraphrased wording,400000,,valid,6800.0,1250.0
scaling_setting_052,Paraphrased wording,800000,,valid,32400.0,1650.0
scaling_setting_052,Paraphrased wording,50000,,valid,1250.0,580.0
scaling_setting_052,Paraphrased wording,200000,,valid,4200.0,865.0
scaling_setting_052,Paraphrased wording,100000,,valid,1350.0,450.0
scaling_setting_052,Concise wording,400000,,valid,9200.0,1675.0
scaling_setting_052,Concise wording,50000,,valid,2500.0,320.0
scaling_setting_052,Concise wording,200000,,valid,3200.0,850.0
scaling_setting_052,Concise wording,800000,,valid,19200.0,2150.0
scaling_setting_052,Concise wording,100000,,valid,1500.0,250.0
scaling_setting_052,No-change control,200000,,valid,3100.0,820.0
scaling_setting_052,Irrelevant-number control,200000,50000.0,valid,6720.0,780.0
scaling_setting_052,Irrelevant-number control,200000,200000.0,valid,4800.0,950.0
scaling_setting_052,Irrelevant-number control,200000,100000.0,valid,7600.0,1250.0
scaling_setting_052,Irrelevant-number control,200000,400000.0,valid,3400.0,1450.0
scaling_setting_052,Irrelevant-number control,200000,800000.0,valid,3420.0,725.0
scaling_setting_053,Primary wording,50000,,valid,1250.0,320.0
scaling_setting_053,Primary wording,800000,,valid,19250.0,3150.0
scaling_setting_053,Primary wording,100000,,valid,2700.0,615.0
scaling_setting_053,Primary wording,400000,,valid,10250.0,1450.0
scaling_setting_053,Primary wording,200000,,valid,7800.0,950.0
scaling_setting_053,Paraphrased wording,50000,,valid,850.0,320.0
scaling_setting_053,Paraphrased wording,800000,,valid,26400.0,1250.0
scaling_setting_053,Paraphrased wording,400000,,valid,9200.0,1800.0
scaling_setting_053,Paraphrased wording,200000,,valid,8500.0,1280.0
scaling_setting_053,Paraphrased wording,100000,,valid,4500.0,320.0
scaling_setting_053,Concise wording,800000,,valid,24000.0,3200.0
scaling_setting_053,Concise wording,50000,,valid,750.0,320.0
scaling_setting_053,Concise wording,100000,,valid,2750.0,620.0
scaling_setting_053,Concise wording,200000,,valid,4800.0,650.0
scaling_setting_053,Concise wording,400000,,valid,9500.0,1250.0
scaling_setting_053,No-change control,200000,,valid,8500.0,1500.0
scaling_setting_053,Irrelevant-number control,200000,800000.0,valid,9500.0,1200.0
scaling_setting_053,Irrelevant-number control,200000,50000.0,valid,8400.0,1250.0
scaling_setting_053,Irrelevant-number control,200000,400000.0,valid,7200.0,650.0
scaling_setting_053,Irrelevant-number control,200000,100000.0,valid,8500.0,1200.0
scaling_setting_053,Irrelevant-number control,200000,200000.0,valid,8600.0,1250.0
scaling_setting_054,Primary wording,100000,,valid,4200.0,650.0
scaling_setting_054,Primary wording,400000,,valid,18000.0,1450.0
scaling_setting_054,Primary wording,800000,,valid,24000.0,3500.0
scaling_setting_054,Primary wording,50000,,valid,1750.0,320.0
scaling_setting_054,Primary wording,200000,,valid,8000.0,950.0
scaling_setting_054,Paraphrased wording,50000,,valid,1750.0,320.0
scaling_setting_054,Paraphrased wording,400000,,valid,12000.0,1250.0
scaling_setting_054,Paraphrased wording,100000,,valid,4500.0,750.0
scaling_setting_054,Paraphrased wording,200000,,valid,7800.0,1145.0
scaling_setting_054,Paraphrased wording,800000,,valid,32000.0,1550.0
scaling_setting_054,Concise wording,800000,,valid,24000.0,3200.0
scaling_setting_054,Concise wording,100000,,valid,2700.0,430.0
scaling_setting_054,Concise wording,400000,,valid,18000.0,2150.0
scaling_setting_054,Concise wording,50000,,valid,1250.0,225.0
scaling_setting_054,Concise wording,200000,,valid,6200.0,850.0
scaling_setting_054,No-change control,200000,,valid,9500.0,1200.0
scaling_setting_054,Irrelevant-number control,200000,800000.0,valid,6700.0,1350.0
scaling_setting_054,Irrelevant-number control,200000,400000.0,valid,8400.0,1200.0
scaling_setting_054,Irrelevant-number control,200000,200000.0,valid,8600.0,620.0
scaling_setting_054,Irrelevant-number control,200000,50000.0,valid,5800.0,1250.0
scaling_setting_054,Irrelevant-number control,200000,100000.0,valid,12000.0,950.0
scaling_setting_055,Primary wording,50000,,valid,1250.0,320.0
scaling_setting_055,Primary wording,100000,,valid,2800.0,450.0
scaling_setting_055,Primary wording,200000,,valid,4200.0,750.0
scaling_setting_055,Primary wording,400000,,valid,8250.0,1200.0
scaling_setting_055,Primary wording,800000,,valid,15400.0,2200.0
scaling_setting_055,Paraphrased wording,100000,,valid,850.0,420.0
scaling_setting_055,Paraphrased wording,50000,,valid,1250.0,310.0
scaling_setting_055,Paraphrased wording,400000,,valid,6200.0,980.0
scaling_setting_055,Paraphrased wording,800000,,valid,16000.0,950.0
scaling_setting_055,Paraphrased wording,200000,,valid,7500.0,340.0
scaling_setting_055,Concise wording,400000,,valid,6800.0,1200.0
scaling_setting_055,Concise wording,50000,,valid,1200.0,450.0
scaling_setting_055,Concise wording,800000,,valid,18750.0,1400.0
scaling_setting_055,Concise wording,200000,,valid,7500.0,850.0
scaling_setting_055,Concise wording,100000,,valid,3200.0,450.0
scaling_setting_055,No-change control,200000,,valid,7800.0,950.0
scaling_setting_055,Irrelevant-number control,200000,100000.0,valid,4800.0,720.0
scaling_setting_055,Irrelevant-number control,200000,200000.0,valid,4800.0,1100.0
scaling_setting_055,Irrelevant-number control,200000,400000.0,valid,4200.0,850.0
scaling_setting_055,Irrelevant-number control,200000,800000.0,valid,7500.0,420.0
scaling_setting_055,Irrelevant-number control,200000,50000.0,valid,4800.0,1200.0
scaling_setting_056,Primary wording,50000,,valid,3750.0,620.0
scaling_setting_056,Primary wording,400000,,valid,18250.0,1550.0
scaling_setting_056,Primary wording,100000,,valid,6500.0,1200.0
scaling_setting_056,Primary wording,200000,,valid,8500.0,1400.0
scaling_setting_056,Primary wording,800000,,valid,46000.0,3200.0
scaling_setting_056,Paraphrased wording,200000,,valid,15200.0,1150.0
scaling_setting_056,Paraphrased wording,100000,,valid,4500.0,1200.0
scaling_setting_056,Paraphrased wording,400000,,valid,22000.0,1350.0
scaling_setting_056,Paraphrased wording,50000,,valid,3100.0,480.0
scaling_setting_056,Paraphrased wording,800000,,valid,32000.0,2150.0
scaling_setting_056,Concise wording,800000,,valid,32000.0,2400.0
scaling_setting_056,Concise wording,100000,,valid,4200.0,750.0
scaling_setting_056,Concise wording,400000,,valid,18400.0,1650.0
scaling_setting_056,Concise wording,50000,,valid,1200.0,350.0
scaling_setting_056,Concise wording,200000,,valid,12400.0,850.0
scaling_setting_056,No-change control,200000,,valid,9200.0,1700.0
scaling_setting_056,Irrelevant-number control,200000,800000.0,valid,8600.0,1275.0
scaling_setting_056,Irrelevant-number control,200000,50000.0,valid,8500.0,1200.0
scaling_setting_056,Irrelevant-number control,200000,100000.0,valid,14500.0,950.0
scaling_setting_056,Irrelevant-number control,200000,400000.0,valid,9800.0,1230.0
scaling_setting_056,Irrelevant-number control,200000,200000.0,valid,8200.0,1570.0
scaling_setting_057,Primary wording,100000,,valid,3750.0,820.0
scaling_setting_057,Primary wording,200000,,valid,8200.0,1350.0
scaling_setting_057,Primary wording,800000,,valid,32000.0,1500.0
scaling_setting_057,Primary wording,50000,,valid,2150.0,340.0
scaling_setting_057,Primary wording,400000,,valid,24000.0,1250.0
scaling_setting_057,Paraphrased wording,400000,,valid,15600.0,2150.0
scaling_setting_057,Paraphrased wording,800000,,valid,24000.0,3200.0
scaling_setting_057,Paraphrased wording,200000,,valid,8900.0,760.0
scaling_setting_057,Paraphrased wording,100000,,valid,3500.0,290.0
scaling_setting_057,Paraphrased wording,50000,,valid,2150.0,240.0
scaling_setting_057,Concise wording,200000,,valid,6400.0,950.0
scaling_setting_057,Concise wording,800000,,valid,32000.0,2900.0
scaling_setting_057,Concise wording,50000,,valid,1200.0,250.0
scaling_setting_057,Concise wording,100000,,valid,3500.0,420.0
scaling_setting_057,Concise wording,400000,,valid,18000.0,1200.0
scaling_setting_057,No-change control,200000,,valid,8500.0,1250.0
scaling_setting_057,Irrelevant-number control,200000,200000.0,valid,7250.0,1520.0
scaling_setting_057,Irrelevant-number control,200000,100000.0,valid,11500.0,850.0
scaling_setting_057,Irrelevant-number control,200000,800000.0,valid,9500.0,1200.0
scaling_setting_057,Irrelevant-number control,200000,400000.0,valid,12500.0,480.0
scaling_setting_057,Irrelevant-number control,200000,50000.0,valid,8400.0,3200.0
scaling_setting_058,Primary wording,400000,,valid,12600.0,850.0
scaling_setting_058,Primary wording,200000,,valid,4200.0,870.0
scaling_setting_058,Primary wording,800000,,valid,12500.0,1400.0
scaling_setting_058,Primary wording,100000,,valid,2100.0,380.0
scaling_setting_058,Primary wording,50000,,valid,1200.0,320.0
scaling_setting_058,Paraphrased wording,200000,,valid,3200.0,750.0
scaling_setting_058,Paraphrased wording,800000,,valid,19500.0,2450.0
scaling_setting_058,Paraphrased wording,400000,,valid,7800.0,1840.0
scaling_setting_058,Paraphrased wording,100000,,valid,1300.0,450.0
scaling_setting_058,Paraphrased wording,50000,,valid,1250.0,320.0
scaling_setting_058,Concise wording,400000,,valid,7500.0,1420.0
scaling_setting_058,Concise wording,100000,,valid,2100.0,350.0
scaling_setting_058,Concise wording,200000,,valid,12500.0,450.0
scaling_setting_058,Concise wording,50000,,valid,875.0,320.0
scaling_setting_058,Concise wording,800000,,valid,9200.0,2500.0
scaling_setting_058,No-change control,200000,,valid,3200.0,620.0
scaling_setting_058,Irrelevant-number control,200000,200000.0,valid,4800.0,950.0
scaling_setting_058,Irrelevant-number control,200000,400000.0,valid,12500.0,950.0
scaling_setting_058,Irrelevant-number control,200000,800000.0,valid,4800.0,1050.0
scaling_setting_058,Irrelevant-number control,200000,50000.0,valid,4500.0,780.0
scaling_setting_058,Irrelevant-number control,200000,100000.0,valid,3100.0,1240.0
scaling_setting_059,Primary wording,100000,,valid,2750.0,680.0
scaling_setting_059,Primary wording,200000,,valid,4200.0,1200.0
scaling_setting_059,Primary wording,50000,,valid,750.0,320.0
scaling_setting_059,Primary wording,800000,,valid,18400.0,3200.0
scaling_setting_059,Primary wording,400000,,valid,12800.0,1350.0
scaling_setting_059,Paraphrased wording,400000,,valid,9600.0,1450.0
scaling_setting_059,Paraphrased wording,50000,,valid,850.0,320.0
scaling_setting_059,Paraphrased wording,100000,,valid,1450.0,620.0
scaling_setting_059,Paraphrased wording,200000,,valid,3200.0,860.0
scaling_setting_059,Paraphrased wording,800000,,valid,19200.0,2300.0
scaling_setting_059,Concise wording,400000,,valid,12000.0,1650.0
scaling_setting_059,Concise wording,200000,,valid,6000.0,750.0
scaling_setting_059,Concise wording,100000,,valid,1350.0,520.0
scaling_setting_059,Concise wording,800000,,valid,24000.0,1850.0
scaling_setting_059,Concise wording,50000,,valid,850.0,320.0
scaling_setting_059,No-change control,200000,,valid,7800.0,1250.0
scaling_setting_059,Irrelevant-number control,200000,200000.0,valid,5400.0,960.0
scaling_setting_059,Irrelevant-number control,200000,50000.0,valid,7600.0,950.0
scaling_setting_059,Irrelevant-number control,200000,100000.0,valid,6200.0,850.0
scaling_setting_059,Irrelevant-number control,200000,400000.0,valid,8200.0,1350.0
scaling_setting_059,Irrelevant-number control,200000,800000.0,valid,7500.0,1250.0
scaling_setting_060,Primary wording,200000,,valid,7500.0,1200.0
scaling_setting_060,Primary wording,50000,,valid,875.0,320.0
scaling_setting_060,Primary wording,800000,,valid,12000.0,3500.0
scaling_setting_060,Primary wording,400000,,valid,8200.0,1450.0
scaling_setting_060,Primary wording,100000,,valid,4500.0,1200.0
scaling_setting_060,Paraphrased wording,800000,,valid,24000.0,1250.0
scaling_setting_060,Paraphrased wording,200000,,valid,4750.0,880.0
scaling_setting_060,Paraphrased wording,100000,,valid,4200.0,870.0
scaling_setting_060,Paraphrased wording,50000,,valid,750.0,320.0
scaling_setting_060,Paraphrased wording,400000,,valid,12800.0,860.0
scaling_setting_060,Concise wording,800000,,valid,24000.0,3200.0
scaling_setting_060,Concise wording,400000,,valid,9200.0,1250.0
scaling_setting_060,Concise wording,100000,,valid,4500.0,740.0
scaling_setting_060,Concise wording,200000,,valid,5800.0,950.0
scaling_setting_060,Concise wording,50000,,valid,1750.0,420.0
scaling_setting_060,No-change control,200000,,valid,4200.0,950.0
scaling_setting_060,Irrelevant-number control,200000,100000.0,valid,7800.0,1200.0
scaling_setting_060,Irrelevant-number control,200000,800000.0,valid,7500.0,1380.0
scaling_setting_060,Irrelevant-number control,200000,200000.0,valid,8500.0,1450.0
scaling_setting_060,Irrelevant-number control,200000,50000.0,valid,4200.0,1350.0
scaling_setting_060,Irrelevant-number control,200000,400000.0,valid,8200.0,1100.0
scaling_setting_061,Primary wording,50000,,valid,2450.0,310.0
scaling_setting_061,Primary wording,100000,,valid,3200.0,450.0
scaling_setting_061,Primary wording,800000,,valid,32000.0,2800.0
scaling_setting_061,Primary wording,400000,,valid,10240.0,1850.0
scaling_setting_061,Primary wording,200000,,valid,8500.0,940.0
scaling_setting_061,Paraphrased wording,200000,,valid,7400.0,1100.0
scaling_setting_061,Paraphrased wording,50000,,valid,1500.0,320.0
scaling_setting_061,Paraphrased wording,800000,,valid,32000.0,2800.0
scaling_setting_061,Paraphrased wording,100000,,valid,2900.0,410.0
scaling_setting_061,Paraphrased wording,400000,,valid,12450.0,1750.0
scaling_setting_061,Concise wording,100000,,valid,3500.0,420.0
scaling_setting_061,Concise wording,200000,,valid,6000.0,850.0
scaling_setting_061,Concise wording,400000,,valid,14800.0,1250.0
scaling_setting_061,Concise wording,800000,,valid,32000.0,1250.0
scaling_setting_061,Concise wording,50000,,valid,1500.0,220.0
scaling_setting_061,No-change control,200000,,valid,9200.0,1450.0
scaling_setting_061,Irrelevant-number control,200000,50000.0,valid,8500.0,1400.0
scaling_setting_061,Irrelevant-number control,200000,100000.0,valid,8200.0,950.0
scaling_setting_061,Irrelevant-number control,200000,800000.0,valid,9200.0,1870.0
scaling_setting_061,Irrelevant-number control,200000,400000.0,valid,8200.0,950.0
scaling_setting_061,Irrelevant-number control,200000,200000.0,valid,8400.0,850.0
scaling_setting_062,Primary wording,400000,,valid,23000.0,1420.0
scaling_setting_062,Primary wording,100000,,valid,8200.0,450.0
scaling_setting_062,Primary wording,800000,,valid,24500.0,1250.0
scaling_setting_062,Primary wording,200000,,valid,4800.0,850.0
scaling_setting_062,Primary wording,50000,,valid,725.0,310.0
scaling_setting_062,Paraphrased wording,100000,,valid,2500.0,620.0
scaling_setting_062,Paraphrased wording,400000,,valid,9500.0,1200.0
scaling_setting_062,Paraphrased wording,50000,,valid,1250.0,320.0
scaling_setting_062,Paraphrased wording,200000,,valid,18000.0,850.0
scaling_setting_062,Paraphrased wording,800000,,valid,14500.0,1250.0
scaling_setting_062,Concise wording,100000,,valid,3200.0,450.0
scaling_setting_062,Concise wording,200000,,valid,4500.0,1200.0
scaling_setting_062,Concise wording,400000,,valid,10250.0,850.0
scaling_setting_062,Concise wording,50000,,valid,850.0,310.0
scaling_setting_062,Concise wording,800000,,valid,24000.0,1200.0
scaling_setting_062,No-change control,200000,,valid,3200.0,580.0
scaling_setting_062,Irrelevant-number control,200000,50000.0,valid,4800.0,550.0
scaling_setting_062,Irrelevant-number control,200000,200000.0,valid,8200.0,740.0
scaling_setting_062,Irrelevant-number control,200000,400000.0,valid,4850.0,950.0
scaling_setting_062,Irrelevant-number control,200000,100000.0,valid,6000.0,450.0
scaling_setting_062,Irrelevant-number control,200000,800000.0,valid,4600.0,350.0
scaling_setting_063,Primary wording,50000,,valid,2750.0,420.0
scaling_setting_063,Primary wording,400000,,valid,15600.0,1980.0
scaling_setting_063,Primary wording,200000,,valid,8500.0,680.0
scaling_setting_063,Primary wording,100000,,valid,3800.0,610.0
scaling_setting_063,Primary wording,800000,,valid,56000.0,1850.0
scaling_setting_063,Paraphrased wording,400000,,valid,16800.0,1250.0
scaling_setting_063,Paraphrased wording,800000,,valid,32000.0,1400.0
scaling_setting_063,Paraphrased wording,200000,,valid,8200.0,650.0
scaling_setting_063,Paraphrased wording,100000,,valid,4500.0,310.0
scaling_setting_063,Paraphrased wording,50000,,valid,1250.0,320.0
scaling_setting_063,Concise wording,100000,,valid,3800.0,450.0
scaling_setting_063,Concise wording,200000,,valid,7800.0,475.0
scaling_setting_063,Concise wording,50000,,valid,3200.0,310.0
scaling_setting_063,Concise wording,400000,,valid,16000.0,1450.0
scaling_setting_063,Concise wording,800000,,valid,32000.0,1500.0
scaling_setting_063,No-change control,200000,,valid,8600.0,950.0
scaling_setting_063,Irrelevant-number control,200000,50000.0,valid,8500.0,975.0
scaling_setting_063,Irrelevant-number control,200000,800000.0,valid,9400.0,680.0
scaling_setting_063,Irrelevant-number control,200000,400000.0,valid,12500.0,850.0
scaling_setting_063,Irrelevant-number control,200000,100000.0,valid,9600.0,510.0
scaling_setting_063,Irrelevant-number control,200000,200000.0,valid,7800.0,1250.0
scaling_setting_064,Primary wording,800000,,valid,18400.0,2250.0
scaling_setting_064,Primary wording,200000,,valid,7500.0,1450.0
scaling_setting_064,Primary wording,400000,,valid,10200.0,1250.0
scaling_setting_064,Primary wording,50000,,valid,1250.0,315.0
scaling_setting_064,Primary wording,100000,,valid,2750.0,640.0
scaling_setting_064,Paraphrased wording,100000,,valid,2100.0,850.0
scaling_setting_064,Paraphrased wording,200000,,valid,4500.0,2800.0
scaling_setting_064,Paraphrased wording,400000,,valid,15900.0,2200.0
scaling_setting_064,Paraphrased wording,800000,,valid,24000.0,3200.0
scaling_setting_064,Paraphrased wording,50000,,valid,1250.0,310.0
scaling_setting_064,Concise wording,400000,,valid,10400.0,1240.0
scaling_setting_064,Concise wording,800000,,valid,25600.0,4500.0
scaling_setting_064,Concise wording,100000,,valid,3800.0,950.0
scaling_setting_064,Concise wording,50000,,valid,1250.0,450.0
scaling_setting_064,Concise wording,200000,,valid,4200.0,2250.0
scaling_setting_064,No-change control,200000,,valid,4500.0,1200.0
scaling_setting_064,Irrelevant-number control,200000,50000.0,valid,9600.0,1250.0
scaling_setting_064,Irrelevant-number control,200000,400000.0,valid,4800.0,1350.0
scaling_setting_064,Irrelevant-number control,200000,100000.0,valid,7400.0,1200.0
scaling_setting_064,Irrelevant-number control,200000,800000.0,valid,4800.0,1250.0
scaling_setting_064,Irrelevant-number control,200000,200000.0,valid,4500.0,1350.0
scaling_setting_065,Primary wording,50000,,valid,1250.0,320.0
scaling_setting_065,Primary wording,800000,,valid,25600.0,4200.0
scaling_setting_065,Primary wording,400000,,valid,16200.0,2500.0
scaling_setting_065,Primary wording,100000,,valid,2650.0,750.0
scaling_setting_065,Primary wording,200000,,valid,7800.0,950.0
scaling_setting_065,Paraphrased wording,800000,,valid,16200.0,1850.0
scaling_setting_065,Paraphrased wording,400000,,valid,12800.0,1750.0
scaling_setting_065,Paraphrased wording,50000,,valid,725.0,580.0
scaling_setting_065,Paraphrased wording,100000,,valid,2500.0,450.0
scaling_setting_065,Paraphrased wording,200000,,valid,4500.0,1100.0
scaling_setting_065,Concise wording,200000,,valid,3800.0,950.0
scaling_setting_065,Concise wording,800000,,valid,18400.0,3200.0
scaling_setting_065,Concise wording,50000,,valid,1250.0,320.0
scaling_setting_065,Concise wording,400000,,valid,15600.0,2100.0
scaling_setting_065,Concise wording,100000,,valid,3200.0,1200.0
scaling_setting_065,No-change control,200000,,valid,7200.0,1850.0
scaling_setting_065,Irrelevant-number control,200000,50000.0,valid,4500.0,1200.0
scaling_setting_065,Irrelevant-number control,200000,400000.0,valid,6200.0,870.0
scaling_setting_065,Irrelevant-number control,200000,100000.0,valid,4200.0,850.0
scaling_setting_065,Irrelevant-number control,200000,200000.0,valid,7350.0,1250.0
scaling_setting_065,Irrelevant-number control,200000,800000.0,valid,4800.0,1250.0
scaling_setting_066,Primary wording,50000,,valid,1250.0,320.0
scaling_setting_066,Primary wording,100000,,valid,2500.0,350.0
scaling_setting_066,Primary wording,400000,,valid,12800.0,1650.0
scaling_setting_066,Primary wording,800000,,valid,32000.0,2800.0
scaling_setting_066,Primary wording,200000,,valid,4200.0,750.0
scaling_setting_066,Paraphrased wording,400000,,valid,9800.0,1450.0
scaling_setting_066,Paraphrased wording,100000,,valid,2300.0,450.0
scaling_setting_066,Paraphrased wording,50000,,valid,750.0,320.0
scaling_setting_066,Paraphrased wording,800000,,valid,12800.0,1250.0
scaling_setting_066,Paraphrased wording,200000,,valid,5200.0,950.0
scaling_setting_066,Concise wording,100000,,valid,2000.0,450.0
scaling_setting_066,Concise wording,200000,,valid,4500.0,820.0
scaling_setting_066,Concise wording,800000,,valid,14500.0,3200.0
scaling_setting_066,Concise wording,400000,,valid,7200.0,1200.0
scaling_setting_066,Concise wording,50000,,valid,750.0,320.0
scaling_setting_066,No-change control,200000,,valid,6400.0,1250.0
scaling_setting_066,Irrelevant-number control,200000,200000.0,valid,4800.0,1300.0
scaling_setting_066,Irrelevant-number control,200000,400000.0,valid,4500.0,740.0
scaling_setting_066,Irrelevant-number control,200000,50000.0,valid,6500.0,1200.0
scaling_setting_066,Irrelevant-number control,200000,800000.0,valid,5200.0,950.0
scaling_setting_066,Irrelevant-number control,200000,100000.0,valid,8500.0,1200.0
scaling_setting_067,Primary wording,800000,,valid,32000.0,2200.0
scaling_setting_067,Primary wording,200000,,valid,5400.0,1650.0
scaling_setting_067,Primary wording,100000,,valid,3200.0,850.0
scaling_setting_067,Primary wording,400000,,valid,11600.0,1400.0
scaling_setting_067,Primary wording,50000,,valid,1250.0,310.0
scaling_setting_067,Paraphrased wording,100000,,valid,3200.0,450.0
scaling_setting_067,Paraphrased wording,200000,,valid,7800.0,520.0
scaling_setting_067,Paraphrased wording,50000,,valid,750.0,320.0
scaling_setting_067,Paraphrased wording,400000,,valid,12800.0,950.0
scaling_setting_067,Paraphrased wording,800000,,valid,24000.0,1750.0
scaling_setting_067,Concise wording,50000,,valid,850.0,320.0
scaling_setting_067,Concise wording,100000,,valid,2500.0,450.0
scaling_setting_067,Concise wording,400000,,valid,5400.0,960.0
scaling_setting_067,Concise wording,200000,,valid,3200.0,820.0
scaling_setting_067,Concise wording,800000,,valid,16000.0,1350.0
scaling_setting_067,No-change control,200000,,valid,4600.0,340.0
scaling_setting_067,Irrelevant-number control,200000,400000.0,valid,9400.0,1250.0
scaling_setting_067,Irrelevant-number control,200000,100000.0,valid,7500.0,520.0
scaling_setting_067,Irrelevant-number control,200000,50000.0,valid,7600.0,450.0
scaling_setting_067,Irrelevant-number control,200000,200000.0,valid,5400.0,1200.0
scaling_setting_067,Irrelevant-number control,200000,800000.0,valid,8200.0,1450.0
scaling_setting_068,Primary wording,200000,,valid,8400.0,970.0
scaling_setting_068,Primary wording,50000,,valid,1250.5,312.8
scaling_setting_068,Primary wording,400000,,valid,15200.0,1250.0
scaling_setting_068,Primary wording,100000,,valid,4200.0,675.0
scaling_setting_068,Primary wording,800000,,valid,24600.0,3200.0
scaling_setting_068,Paraphrased wording,200000,,valid,9500.0,1150.0
scaling_setting_068,Paraphrased wording,400000,,valid,15200.0,2400.0
scaling_setting_068,Paraphrased wording,800000,,valid,32000.0,1500.0
scaling_setting_068,Paraphrased wording,50000,,valid,1500.0,320.0
scaling_setting_068,Paraphrased wording,100000,,valid,4200.0,340.0
scaling_setting_068,Concise wording,200000,,valid,2800.0,750.0
scaling_setting_068,Concise wording,800000,,valid,32000.0,950.0
scaling_setting_068,Concise wording,100000,,valid,3500.0,320.0
scaling_setting_068,Concise wording,400000,,valid,12000.0,850.0
scaling_setting_068,Concise wording,50000,,valid,1250.0,320.0
scaling_setting_068,No-change control,200000,,valid,4500.0,850.0
scaling_setting_068,Irrelevant-number control,200000,100000.0,valid,5600.0,1350.0
scaling_setting_068,Irrelevant-number control,200000,50000.0,valid,6800.0,920.0
scaling_setting_068,Irrelevant-number control,200000,200000.0,valid,5800.0,1350.0
scaling_setting_068,Irrelevant-number control,200000,800000.0,valid,10500.0,1500.0
scaling_setting_068,Irrelevant-number control,200000,400000.0,valid,6800.0,430.0
scaling_setting_069,Primary wording,200000,,valid,8500.0,1500.0
scaling_setting_069,Primary wording,50000,,valid,1275.0,312.0
scaling_setting_069,Primary wording,800000,,valid,24000.0,3200.0
scaling_setting_069,Primary wording,100000,,valid,3500.0,1200.0
scaling_setting_069,Primary wording,400000,,valid,11500.0,1650.0
scaling_setting_069,Paraphrased wording,50000,,valid,950.0,320.0
scaling_setting_069,Paraphrased wording,800000,,valid,32000.0,1850.0
scaling_setting_069,Paraphrased wording,100000,,valid,3200.0,850.0
scaling_setting_069,Paraphrased wording,200000,,valid,4800.0,650.0
scaling_setting_069,Paraphrased wording,400000,,valid,9800.0,1850.0
scaling_setting_069,Concise wording,50000,,valid,1250.0,310.0
scaling_setting_069,Concise wording,200000,,valid,4500.0,750.0
scaling_setting_069,Concise wording,800000,,valid,32000.0,1800.0
scaling_setting_069,Concise wording,100000,,valid,2350.0,480.0
scaling_setting_069,Concise wording,400000,,valid,14500.0,3100.0
scaling_setting_069,No-change control,200000,,valid,6500.0,840.0
scaling_setting_069,Irrelevant-number control,200000,800000.0,valid,4200.0,750.0
scaling_setting_069,Irrelevant-number control,200000,50000.0,valid,8600.0,1450.0
scaling_setting_069,Irrelevant-number control,200000,100000.0,valid,8500.0,2400.0
scaling_setting_069,Irrelevant-number control,200000,400000.0,valid,4500.0,1200.0
scaling_setting_069,Irrelevant-number control,200000,200000.0,valid,3200.0,850.0
scaling_setting_070,Primary wording,100000,,valid,4500.0,850.0
scaling_setting_070,Primary wording,400000,,valid,8200.0,1720.0
scaling_setting_070,Primary wording,800000,,valid,29600.0,2100.0
scaling_setting_070,Primary wording,50000,,valid,1250.0,320.0
scaling_setting_070,Primary wording,200000,,valid,6700.0,1450.0
scaling_setting_070,Paraphrased wording,50000,,valid,750.0,320.0
scaling_setting_070,Paraphrased wording,100000,,valid,3200.0,850.0
scaling_setting_070,Paraphrased wording,200000,,valid,8500.0,1250.0
scaling_setting_070,Paraphrased wording,800000,,valid,24000.0,3200.0
scaling_setting_070,Paraphrased wording,400000,,valid,3200.0,1250.0
scaling_setting_070,Concise wording,400000,,valid,7200.0,1350.0
scaling_setting_070,Concise wording,200000,,valid,4800.0,1200.0
scaling_setting_070,Concise wording,50000,,valid,750.0,450.0
scaling_setting_070,Concise wording,800000,,valid,14500.0,3500.0
scaling_setting_070,Concise wording,100000,,valid,3250.0,310.0
scaling_setting_070,No-change control,200000,,valid,4500.0,2100.0
scaling_setting_070,Irrelevant-number control,200000,100000.0,valid,6500.0,1500.0
scaling_setting_070,Irrelevant-number control,200000,50000.0,valid,7400.0,1250.0
scaling_setting_070,Irrelevant-number control,200000,400000.0,valid,4800.0,1450.0
scaling_setting_070,Irrelevant-number control,200000,200000.0,valid,9500.0,1250.0
scaling_setting_070,Irrelevant-number control,200000,800000.0,valid,4200.0,1350.0
scaling_setting_071,Primary wording,800000,,valid,9200.0,1450.0
scaling_setting_071,Primary wording,100000,,valid,2200.0,430.0
scaling_setting_071,Primary wording,200000,,valid,6500.0,920.0
scaling_setting_071,Primary wording,400000,,valid,8500.0,2200.0
scaling_setting_071,Primary wording,50000,,valid,780.0,210.0
scaling_setting_071,Paraphrased wording,800000,,valid,11200.0,1430.0
scaling_setting_071,Paraphrased wording,200000,,valid,4200.0,850.0
scaling_setting_071,Paraphrased wording,100000,,valid,850.0,420.0
scaling_setting_071,Paraphrased wording,50000,,valid,750.0,320.0
scaling_setting_071,Paraphrased wording,400000,,valid,7200.0,850.0
scaling_setting_071,Concise wording,800000,,valid,16000.0,1150.0
scaling_setting_071,Concise wording,50000,,valid,750.0,120.0
scaling_setting_071,Concise wording,100000,,valid,3850.0,425.0
scaling_setting_071,Concise wording,200000,,valid,5200.0,650.0
scaling_setting_071,Concise wording,400000,,valid,9600.0,1150.0
scaling_setting_071,No-change control,200000,,valid,3400.0,850.0
scaling_setting_071,Irrelevant-number control,200000,50000.0,valid,5600.0,450.0
scaling_setting_071,Irrelevant-number control,200000,800000.0,valid,4500.0,920.0
scaling_setting_071,Irrelevant-number control,200000,400000.0,valid,4800.0,675.0
scaling_setting_071,Irrelevant-number control,200000,100000.0,valid,3200.0,750.0
scaling_setting_071,Irrelevant-number control,200000,200000.0,valid,4500.0,750.0
scaling_setting_072,Primary wording,800000,,valid,14650.0,3200.0
scaling_setting_072,Primary wording,200000,,valid,4800.0,920.0
scaling_setting_072,Primary wording,400000,,valid,18000.0,1250.0
scaling_setting_072,Primary wording,100000,,valid,8500.0,410.0
scaling_setting_072,Primary wording,50000,,valid,850.0,320.0
scaling_setting_072,Paraphrased wording,800000,,valid,14500.0,2800.0
scaling_setting_072,Paraphrased wording,400000,,valid,6200.0,1450.0
scaling_setting_072,Paraphrased wording,100000,,valid,2100.0,520.0
scaling_setting_072,Paraphrased wording,200000,,valid,8700.0,1200.0
scaling_setting_072,Paraphrased wording,50000,,valid,1500.0,550.0
scaling_setting_072,Concise wording,100000,,valid,2500.0,850.0
scaling_setting_072,Concise wording,400000,,valid,12800.0,1350.0
scaling_setting_072,Concise wording,200000,,valid,5200.0,1150.0
scaling_setting_072,Concise wording,800000,,valid,18750.0,1250.0
scaling_setting_072,Concise wording,50000,,valid,1200.0,350.0
scaling_setting_072,No-change control,200000,,valid,6500.0,1350.0
scaling_setting_072,Irrelevant-number control,200000,800000.0,valid,7500.0,1200.0
scaling_setting_072,Irrelevant-number control,200000,200000.0,valid,4500.0,850.0
scaling_setting_072,Irrelevant-number control,200000,100000.0,valid,7200.0,1200.0
scaling_setting_072,Irrelevant-number control,200000,50000.0,valid,4200.0,890.0
scaling_setting_072,Irrelevant-number control,200000,400000.0,valid,3500.0,950.0
scaling_setting_073,Primary wording,50000,,valid,1200.0,350.0
scaling_setting_073,Primary wording,100000,,valid,4500.0,870.0
scaling_setting_073,Primary wording,800000,,valid,32000.0,2400.0
scaling_setting_073,Primary wording,400000,,valid,16800.0,2800.0
scaling_setting_073,Primary wording,200000,,valid,8600.0,1450.0
scaling_setting_073,Paraphrased wording,50000,,valid,1250.0,420.0
scaling_setting_073,Paraphrased wording,400000,,valid,16000.0,980.0
scaling_setting_073,Paraphrased wording,100000,,valid,2500.0,850.0
scaling_setting_073,Paraphrased wording,800000,,valid,20000.0,2800.0
scaling_setting_073,Paraphrased wording,200000,,valid,3800.0,750.0
scaling_setting_073,Concise wording,100000,,valid,2500.0,1200.0
scaling_setting_073,Concise wording,800000,,valid,24000.0,4500.0
scaling_setting_073,Concise wording,400000,,valid,16000.0,2050.0
scaling_setting_073,Concise wording,200000,,valid,7200.0,950.0
scaling_setting_073,Concise wording,50000,,valid,1250.0,320.0
scaling_setting_073,No-change control,200000,,valid,8500.0,1250.0
scaling_setting_073,Irrelevant-number control,200000,800000.0,valid,5800.0,1250.0
scaling_setting_073,Irrelevant-number control,200000,50000.0,valid,8700.0,1450.0
scaling_setting_073,Irrelevant-number control,200000,100000.0,valid,8500.0,1200.0
scaling_setting_073,Irrelevant-number control,200000,400000.0,valid,8400.0,1250.0
scaling_setting_073,Irrelevant-number control,200000,200000.0,valid,8500.0,1200.0
scaling_setting_074,Primary wording,800000,,valid,18400.0,2600.0
scaling_setting_074,Primary wording,50000,,valid,2650.0,320.0
scaling_setting_074,Primary wording,200000,,valid,8200.0,1150.0
scaling_setting_074,Primary wording,400000,,valid,24500.0,1650.0
scaling_setting_074,Primary wording,100000,,valid,4200.0,850.0
scaling_setting_074,Paraphrased wording,200000,,valid,8500.0,1700.0
scaling_setting_074,Paraphrased wording,800000,,valid,32000.0,4800.0
scaling_setting_074,Paraphrased wording,100000,,valid,4200.0,750.0
scaling_setting_074,Paraphrased wording,50000,,valid,2700.0,320.0
scaling_setting_074,Paraphrased wording,400000,,valid,12000.0,1750.0
scaling_setting_074,Concise wording,200000,,valid,9500.0,1800.0
scaling_setting_074,Concise wording,800000,,valid,32000.0,5200.0
scaling_setting_074,Concise wording,400000,,valid,16000.0,2150.0
scaling_setting_074,Concise wording,100000,,valid,4500.0,1200.0
scaling_setting_074,Concise wording,50000,,valid,1500.0,450.0
scaling_setting_074,No-change control,200000,,valid,9800.0,1200.0
scaling_setting_074,Irrelevant-number control,200000,50000.0,valid,9700.0,1345.0
scaling_setting_074,Irrelevant-number control,200000,400000.0,valid,9400.0,1220.0
scaling_setting_074,Irrelevant-number control,200000,200000.0,valid,11500.0,750.0
scaling_setting_074,Irrelevant-number control,200000,800000.0,valid,8500.0,1200.0
scaling_setting_074,Irrelevant-number control,200000,100000.0,valid,5400.0,830.0
scaling_setting_075,Primary wording,200000,,valid,4500.0,750.0
scaling_setting_075,Primary wording,800000,,valid,24000.0,1550.0
scaling_setting_075,Primary wording,100000,,valid,3250.0,420.0
scaling_setting_075,Primary wording,50000,,valid,1250.0,325.0
scaling_setting_075,Primary wording,400000,,valid,12480.0,980.0
scaling_setting_075,Paraphrased wording,100000,,valid,4500.0,350.0
scaling_setting_075,Paraphrased wording,400000,,valid,14500.0,780.0
scaling_setting_075,Paraphrased wording,200000,,valid,7500.0,480.0
scaling_setting_075,Paraphrased wording,800000,,valid,24600.0,1250.0
scaling_setting_075,Paraphrased wording,50000,,valid,1225.0,315.0
scaling_setting_075,Concise wording,100000,,valid,2500.0,350.0
scaling_setting_075,Concise wording,200000,,valid,4500.0,950.0
scaling_setting_075,Concise wording,800000,,valid,24000.0,1450.0
scaling_setting_075,Concise wording,400000,,valid,12600.0,1450.0
scaling_setting_075,Concise wording,50000,,valid,750.0,325.0
scaling_setting_075,No-change control,200000,,valid,3200.0,850.0
scaling_setting_075,Irrelevant-number control,200000,400000.0,valid,4800.0,950.0
scaling_setting_075,Irrelevant-number control,200000,50000.0,valid,8200.0,1450.0
scaling_setting_075,Irrelevant-number control,200000,200000.0,valid,8200.0,850.0
scaling_setting_075,Irrelevant-number control,200000,100000.0,valid,6800.0,850.0
scaling_setting_075,Irrelevant-number control,200000,800000.0,valid,8500.0,1200.0
scaling_setting_076,Primary wording,200000,,valid,8200.0,950.0
scaling_setting_076,Primary wording,400000,,valid,18000.0,1250.0
scaling_setting_076,Primary wording,100000,,valid,4500.0,280.0
scaling_setting_076,Primary wording,50000,,valid,1250.0,380.0
scaling_setting_076,Primary wording,800000,,valid,32000.0,1800.0
scaling_setting_076,Paraphrased wording,50000,,valid,1750.0,240.0
scaling_setting_076,Paraphrased wording,200000,,valid,8500.0,940.0
scaling_setting_076,Paraphrased wording,800000,,empty,,
scaling_setting_076,Paraphrased wording,100000,,valid,4500.0,750.0
scaling_setting_076,Paraphrased wording,400000,,valid,16800.0,1450.0
scaling_setting_076,Concise wording,400000,,valid,18000.0,1200.0
scaling_setting_076,Concise wording,200000,,valid,11000.0,890.0
scaling_setting_076,Concise wording,50000,,valid,1250.0,325.0
scaling_setting_076,Concise wording,100000,,valid,3500.0,420.0
scaling_setting_076,Concise wording,800000,,valid,24000.0,1650.0
scaling_setting_076,No-change control,200000,,valid,9500.0,1800.0
scaling_setting_076,Irrelevant-number control,200000,100000.0,valid,7500.0,1200.0
scaling_setting_076,Irrelevant-number control,200000,400000.0,valid,8500.0,1200.0
scaling_setting_076,Irrelevant-number control,200000,50000.0,valid,7200.0,1250.0
scaling_setting_076,Irrelevant-number control,200000,200000.0,valid,7800.0,450.0
scaling_setting_076,Irrelevant-number control,200000,800000.0,valid,8500.0,1200.0
scaling_setting_077,Primary wording,50000,,valid,750.0,320.0
scaling_setting_077,Primary wording,100000,,valid,3200.0,580.0
scaling_setting_077,Primary wording,200000,,valid,4500.0,1200.0
scaling_setting_077,Primary wording,800000,,valid,24000.0,4600.0
scaling_setting_077,Primary wording,400000,,valid,12000.0,1500.0
scaling_setting_077,Paraphrased wording,800000,,valid,29800.0,4500.0
scaling_setting_077,Paraphrased wording,200000,,valid,4600.0,950.0
scaling_setting_077,Paraphrased wording,50000,,valid,950.0,320.0
scaling_setting_077,Paraphrased wording,100000,,valid,3250.0,650.0
scaling_setting_077,Paraphrased wording,400000,,valid,9500.0,1200.0
scaling_setting_077,Concise wording,400000,,valid,9800.0,1750.0
scaling_setting_077,Concise wording,800000,,valid,24500.0,1650.0
scaling_setting_077,Concise wording,100000,,valid,2500.0,420.0
scaling_setting_077,Concise wording,50000,,valid,750.0,320.0
scaling_setting_077,Concise wording,200000,,valid,3200.0,450.0
scaling_setting_077,No-change control,200000,,valid,4800.0,750.0
scaling_setting_077,Irrelevant-number control,200000,200000.0,valid,4800.0,1250.0
scaling_setting_077,Irrelevant-number control,200000,400000.0,valid,4200.0,850.0
scaling_setting_077,Irrelevant-number control,200000,100000.0,valid,4800.0,1230.0
scaling_setting_077,Irrelevant-number control,200000,50000.0,valid,6200.0,860.0
scaling_setting_077,Irrelevant-number control,200000,800000.0,valid,4500.0,850.0
scaling_setting_078,Primary wording,800000,,valid,32000.0,1500.0
scaling_setting_078,Primary wording,400000,,valid,15600.0,1750.0
scaling_setting_078,Primary wording,50000,,valid,1750.0,320.0
scaling_setting_078,Primary wording,200000,,valid,7500.0,940.0
scaling_setting_078,Primary wording,100000,,valid,4800.0,720.0
scaling_setting_078,Paraphrased wording,100000,,valid,4500.0,320.0
scaling_setting_078,Paraphrased wording,800000,,valid,32000.0,1350.0
scaling_setting_078,Paraphrased wording,200000,,valid,8600.0,650.0
scaling_setting_078,Paraphrased wording,400000,,valid,15200.0,1850.0
scaling_setting_078,Paraphrased wording,50000,,valid,1250.0,320.0
scaling_setting_078,Concise wording,800000,,valid,24000.0,1800.0
scaling_setting_078,Concise wording,50000,,valid,1250.0,240.0
scaling_setting_078,Concise wording,100000,,valid,3200.0,450.0
scaling_setting_078,Concise wording,400000,,valid,18000.0,1750.0
scaling_setting_078,Concise wording,200000,,valid,6500.0,850.0
scaling_setting_078,No-change control,200000,,valid,5400.0,850.0
scaling_setting_078,Irrelevant-number control,200000,200000.0,valid,8400.0,950.0
scaling_setting_078,Irrelevant-number control,200000,100000.0,valid,8500.0,1200.0
scaling_setting_078,Irrelevant-number control,200000,400000.0,valid,9400.0,520.0
scaling_setting_078,Irrelevant-number control,200000,50000.0,valid,8900.0,1200.0
scaling_setting_078,Irrelevant-number control,200000,800000.0,valid,8500.0,730.0
scaling_setting_079,Primary wording,100000,,valid,3750.0,850.0
scaling_setting_079,Primary wording,800000,,valid,24000.0,4500.0
scaling_setting_079,Primary wording,400000,,valid,7200.0,1350.0
scaling_setting_079,Primary wording,50000,,valid,1250.0,540.0
scaling_setting_079,Primary wording,200000,,valid,5800.0,1450.0
scaling_setting_079,Paraphrased wording,100000,,valid,7200.0,1650.0
scaling_setting_079,Paraphrased wording,400000,,valid,16800.0,1700.0
scaling_setting_079,Paraphrased wording,200000,,valid,9800.0,950.0
scaling_setting_079,Paraphrased wording,800000,,valid,24000.0,5500.0
scaling_setting_079,Paraphrased wording,50000,,valid,1950.0,620.0
scaling_setting_079,Concise wording,50000,,valid,1250.0,850.0
scaling_setting_079,Concise wording,800000,,valid,24000.0,5200.0
scaling_setting_079,Concise wording,100000,,valid,3200.0,850.0
scaling_setting_079,Concise wording,400000,,valid,12000.0,1950.0
scaling_setting_079,Concise wording,200000,,valid,7200.0,1250.0
scaling_setting_079,No-change control,200000,,valid,8500.0,1250.0
scaling_setting_079,Irrelevant-number control,200000,400000.0,valid,8200.0,1350.0
scaling_setting_079,Irrelevant-number control,200000,100000.0,valid,8200.0,1250.0
scaling_setting_079,Irrelevant-number control,200000,50000.0,valid,9500.0,1250.0
scaling_setting_079,Irrelevant-number control,200000,800000.0,valid,9700.0,1450.0
scaling_setting_079,Irrelevant-number control,200000,200000.0,valid,9800.0,1500.0
scaling_setting_080,Primary wording,800000,,valid,32000.0,4200.0
scaling_setting_080,Primary wording,400000,,valid,9500.0,1350.0
scaling_setting_080,Primary wording,50000,,valid,2250.0,310.0
scaling_setting_080,Primary wording,200000,,valid,8500.0,1200.0
scaling_setting_080,Primary wording,100000,,valid,2500.0,450.0
scaling_setting_080,Paraphrased wording,100000,,valid,3200.0,450.0
scaling_setting_080,Paraphrased wording,50000,,valid,1250.0,320.0
scaling_setting_080,Paraphrased wording,200000,,valid,5200.0,1250.0
scaling_setting_080,Paraphrased wording,800000,,valid,22400.0,3200.0
scaling_setting_080,Paraphrased wording,400000,,valid,16500.0,1200.0
scaling_setting_080,Concise wording,100000,,valid,3200.0,450.0
scaling_setting_080,Concise wording,200000,,valid,12000.0,850.0
scaling_setting_080,Concise wording,800000,,valid,32000.0,2200.0
scaling_setting_080,Concise wording,50000,,valid,1100.0,320.0
scaling_setting_080,Concise wording,400000,,valid,16000.0,1450.0
scaling_setting_080,No-change control,200000,,valid,8500.0,1200.0
scaling_setting_080,Irrelevant-number control,200000,100000.0,valid,8200.0,1250.0
scaling_setting_080,Irrelevant-number control,200000,800000.0,valid,8400.0,1350.0
scaling_setting_080,Irrelevant-number control,200000,200000.0,valid,6500.0,1200.0
scaling_setting_080,Irrelevant-number control,200000,400000.0,valid,9200.0,1400.0
scaling_setting_080,Irrelevant-number control,200000,50000.0,valid,6500.0,1200.0
scaling_setting_081,Primary wording,400000,,valid,7200.0,1800.0
scaling_setting_081,Primary wording,800000,,valid,18400.0,1240.0
scaling_setting_081,Primary wording,50000,,valid,750.0,320.0
scaling_setting_081,Primary wording,100000,,valid,2150.0,520.0
scaling_setting_081,Primary wording,200000,,valid,4800.0,1200.0
scaling_setting_081,Paraphrased wording,100000,,valid,2150.0,480.0
scaling_setting_081,Paraphrased wording,50000,,valid,750.0,230.0
scaling_setting_081,Paraphrased wording,800000,,valid,12650.0,1450.0
scaling_setting_081,Paraphrased wording,400000,,valid,7200.0,1500.0
scaling_setting_081,Paraphrased wording,200000,,valid,8600.0,480.0
scaling_setting_081,Concise wording,800000,,valid,18400.0,1350.0
scaling_setting_081,Concise wording,100000,,valid,1500.0,450.0
scaling_setting_081,Concise wording,50000,,valid,875.0,320.0
scaling_setting_081,Concise wording,400000,,valid,9200.0,1850.0
scaling_setting_081,Concise wording,200000,,valid,4800.0,950.0
scaling_setting_081,No-change control,200000,,valid,4500.0,820.0
scaling_setting_081,Irrelevant-number control,200000,100000.0,valid,4800.0,950.0
scaling_setting_081,Irrelevant-number control,200000,50000.0,valid,4500.0,1200.0
scaling_setting_081,Irrelevant-number control,200000,800000.0,valid,4500.0,320.0
scaling_setting_081,Irrelevant-number control,200000,200000.0,valid,4800.0,950.0
scaling_setting_081,Irrelevant-number control,200000,400000.0,valid,5400.0,1200.0
scaling_setting_082,Primary wording,400000,,valid,9500.0,1200.0
scaling_setting_082,Primary wording,50000,,valid,750.0,320.0
scaling_setting_082,Primary wording,800000,,valid,28000.0,1840.0
scaling_setting_082,Primary wording,200000,,valid,5800.0,725.0
scaling_setting_082,Primary wording,100000,,valid,2400.0,520.0
scaling_setting_082,Paraphrased wording,800000,,valid,24000.0,950.0
scaling_setting_082,Paraphrased wording,100000,,valid,1500.0,320.0
scaling_setting_082,Paraphrased wording,200000,,valid,6800.0,520.0
scaling_setting_082,Paraphrased wording,50000,,valid,1250.0,320.0
scaling_setting_082,Paraphrased wording,400000,,valid,14000.0,950.0
scaling_setting_082,Concise wording,200000,,valid,7500.0,1250.0
scaling_setting_082,Concise wording,100000,,valid,3500.0,450.0
scaling_setting_082,Concise wording,400000,,valid,12000.0,1860.0
scaling_setting_082,Concise wording,50000,,valid,950.0,320.0
scaling_setting_082,Concise wording,800000,,valid,32000.0,2500.0
scaling_setting_082,No-change control,200000,,valid,9200.0,950.0
scaling_setting_082,Irrelevant-number control,200000,200000.0,valid,7500.0,1050.0
scaling_setting_082,Irrelevant-number control,200000,50000.0,valid,7500.0,1200.0
scaling_setting_082,Irrelevant-number control,200000,800000.0,valid,2800.0,450.0
scaling_setting_082,Irrelevant-number control,200000,400000.0,valid,6800.0,950.0
scaling_setting_082,Irrelevant-number control,200000,100000.0,valid,4800.0,750.0
scaling_setting_083,Primary wording,200000,,valid,8500.0,1200.0
scaling_setting_083,Primary wording,50000,,valid,2400.0,310.0
scaling_setting_083,Primary wording,100000,,valid,4500.0,320.0
scaling_setting_083,Primary wording,800000,,valid,56000.0,1200.0
scaling_setting_083,Primary wording,400000,,valid,16200.0,1100.0
scaling_setting_083,Paraphrased wording,800000,,valid,38400.0,2400.0
scaling_setting_083,Paraphrased wording,400000,,valid,19200.0,1650.0
scaling_setting_083,Paraphrased wording,50000,,valid,1750.0,320.0
scaling_setting_083,Paraphrased wording,100000,,valid,3250.0,550.0
scaling_setting_083,Paraphrased wording,200000,,valid,9500.0,620.0
scaling_setting_083,Concise wording,100000,,valid,4500.0,320.0
scaling_setting_083,Concise wording,400000,,valid,16000.0,1250.0
scaling_setting_083,Concise wording,200000,,valid,6200.0,980.0
scaling_setting_083,Concise wording,800000,,valid,32500.0,1200.0
scaling_setting_083,Concise wording,50000,,valid,2500.0,420.0
scaling_setting_083,No-change control,200000,,valid,7400.0,1340.0
scaling_setting_083,Irrelevant-number control,200000,400000.0,valid,12500.0,850.0
scaling_setting_083,Irrelevant-number control,200000,200000.0,valid,12500.0,550.0
scaling_setting_083,Irrelevant-number control,200000,50000.0,valid,8600.0,1170.0
scaling_setting_083,Irrelevant-number control,200000,800000.0,valid,9500.0,1200.0
scaling_setting_083,Irrelevant-number control,200000,100000.0,valid,9200.0,580.0
scaling_setting_084,Primary wording,200000,,valid,8500.0,1200.0
scaling_setting_084,Primary wording,400000,,valid,15600.0,2250.0
scaling_setting_084,Primary wording,50000,,valid,2800.0,750.0
scaling_setting_084,Primary wording,100000,,valid,4500.0,1200.0
scaling_setting_084,Primary wording,800000,,valid,32000.0,5800.0
scaling_setting_084,Paraphrased wording,50000,,valid,3200.0,650.0
scaling_setting_084,Paraphrased wording,800000,,valid,32000.0,3475.0
scaling_setting_084,Paraphrased wording,400000,,valid,18600.0,4820.0
scaling_setting_084,Paraphrased wording,200000,,valid,7650.0,1850.0
scaling_setting_084,Paraphrased wording,100000,,valid,4200.0,1250.0
scaling_setting_084,Concise wording,100000,,valid,3700.0,880.0
scaling_setting_084,Concise wording,50000,,valid,2200.0,550.0
scaling_setting_084,Concise wording,800000,,valid,32000.0,3000.0
scaling_setting_084,Concise wording,400000,,valid,14600.0,2100.0
scaling_setting_084,Concise wording,200000,,valid,9200.0,1400.0
scaling_setting_084,No-change control,200000,,valid,8500.0,1600.0
scaling_setting_084,Irrelevant-number control,200000,50000.0,valid,8700.0,1500.0
scaling_setting_084,Irrelevant-number control,200000,800000.0,valid,9500.0,3500.0
scaling_setting_084,Irrelevant-number control,200000,200000.0,valid,6200.0,1480.0
scaling_setting_084,Irrelevant-number control,200000,400000.0,valid,10500.0,1450.0
scaling_setting_084,Irrelevant-number control,200000,100000.0,valid,9500.0,1450.0
scaling_setting_085,Primary wording,200000,,valid,4800.0,1200.0
scaling_setting_085,Primary wording,50000,,valid,1250.0,320.0
scaling_setting_085,Primary wording,400000,,valid,12500.0,4100.0
scaling_setting_085,Primary wording,800000,,valid,32000.0,3500.0
scaling_setting_085,Primary wording,100000,,valid,4500.0,1250.0
scaling_setting_085,Paraphrased wording,100000,,valid,2300.0,480.0
scaling_setting_085,Paraphrased wording,200000,,valid,8300.0,1450.0
scaling_setting_085,Paraphrased wording,400000,,valid,9200.0,2100.0
scaling_setting_085,Paraphrased wording,50000,,valid,950.0,310.0
scaling_setting_085,Paraphrased wording,800000,,valid,32000.0,1600.0
scaling_setting_085,Concise wording,200000,,valid,3500.0,720.0
scaling_setting_085,Concise wording,800000,,valid,24000.0,1800.0
scaling_setting_085,Concise wording,50000,,valid,750.0,240.0
scaling_setting_085,Concise wording,400000,,valid,12000.0,1500.0
scaling_setting_085,Concise wording,100000,,valid,3200.0,420.0
scaling_setting_085,No-change control,200000,,valid,4500.0,1200.0
scaling_setting_085,Irrelevant-number control,200000,400000.0,valid,4500.0,1500.0
scaling_setting_085,Irrelevant-number control,200000,100000.0,valid,7200.0,850.0
scaling_setting_085,Irrelevant-number control,200000,200000.0,valid,5400.0,1450.0
scaling_setting_085,Irrelevant-number control,200000,800000.0,valid,6300.0,1200.0
scaling_setting_085,Irrelevant-number control,200000,50000.0,valid,5200.0,850.0
scaling_setting_086,Primary wording,200000,,valid,8400.0,850.0
scaling_setting_086,Primary wording,100000,,valid,4250.0,560.0
scaling_setting_086,Primary wording,400000,,valid,12500.0,1450.0
scaling_setting_086,Primary wording,800000,,valid,24000.0,1350.0
scaling_setting_086,Primary wording,50000,,valid,1250.0,320.0
scaling_setting_086,Paraphrased wording,200000,,valid,8500.0,980.0
scaling_setting_086,Paraphrased wording,800000,,valid,24000.0,1200.0
scaling_setting_086,Paraphrased wording,100000,,valid,3200.0,410.0
scaling_setting_086,Paraphrased wording,400000,,valid,15200.0,480.0
scaling_setting_086,Paraphrased wording,50000,,valid,2100.0,320.0
scaling_setting_086,Concise wording,50000,,valid,2500.0,320.0
scaling_setting_086,Concise wording,200000,,valid,8500.0,520.0
scaling_setting_086,Concise wording,400000,,valid,12500.0,1150.0
scaling_setting_086,Concise wording,800000,,valid,24000.0,1850.0
scaling_setting_086,Concise wording,100000,,valid,4500.0,320.0
scaling_setting_086,No-change control,200000,,valid,3200.0,850.0
scaling_setting_086,Irrelevant-number control,200000,800000.0,valid,4600.0,875.0
scaling_setting_086,Irrelevant-number control,200000,50000.0,valid,9400.0,1050.0
scaling_setting_086,Irrelevant-number control,200000,200000.0,valid,4500.0,850.0
scaling_setting_086,Irrelevant-number control,200000,100000.0,valid,4500.0,1250.0
scaling_setting_086,Irrelevant-number control,200000,400000.0,valid,7200.0,950.0
scaling_setting_087,Primary wording,50000,,valid,1700.0,320.0
scaling_setting_087,Primary wording,400000,,valid,20400.0,1850.0
scaling_setting_087,Primary wording,100000,,valid,3200.0,550.0
scaling_setting_087,Primary wording,800000,,valid,32000.0,4500.0
scaling_setting_087,Primary wording,200000,,valid,8400.0,550.0
scaling_setting_087,Paraphrased wording,800000,,valid,24500.0,2100.0
scaling_setting_087,Paraphrased wording,50000,,valid,1250.0,310.0
scaling_setting_087,Paraphrased wording,100000,,valid,3200.0,850.0
scaling_setting_087,Paraphrased wording,200000,,valid,6200.0,950.0
scaling_setting_087,Paraphrased wording,400000,,valid,16000.0,2500.0
scaling_setting_087,Concise wording,400000,,valid,16000.0,1250.0
scaling_setting_087,Concise wording,50000,,valid,750.0,320.0
scaling_setting_087,Concise wording,100000,,valid,3800.0,450.0
scaling_setting_087,Concise wording,200000,,valid,7400.0,1250.0
scaling_setting_087,Concise wording,800000,,valid,32000.0,1800.0
scaling_setting_087,No-change control,200000,,valid,8600.0,950.0
scaling_setting_087,Irrelevant-number control,200000,200000.0,valid,9200.0,750.0
scaling_setting_087,Irrelevant-number control,200000,50000.0,valid,8500.0,1200.0
scaling_setting_087,Irrelevant-number control,200000,400000.0,valid,8400.0,720.0
scaling_setting_087,Irrelevant-number control,200000,100000.0,valid,8500.0,1100.0
scaling_setting_087,Irrelevant-number control,200000,800000.0,valid,7400.0,1250.0
scaling_setting_088,Primary wording,800000,,valid,34000.0,2250.0
scaling_setting_088,Primary wording,50000,,valid,1250.0,310.0
scaling_setting_088,Primary wording,400000,,valid,12800.0,2400.0
scaling_setting_088,Primary wording,200000,,valid,10500.0,1450.0
scaling_setting_088,Primary wording,100000,,valid,4800.0,560.0
scaling_setting_088,Paraphrased wording,400000,,valid,12800.0,1850.0
scaling_setting_088,Paraphrased wording,100000,,valid,4700.0,1250.0
scaling_setting_088,Paraphrased wording,50000,,valid,1800.0,350.0
scaling_setting_088,Paraphrased wording,200000,,valid,6500.0,1400.0
scaling_setting_088,Paraphrased wording,800000,,valid,32000.0,2400.0
scaling_setting_088,Concise wording,400000,,valid,8400.0,1250.0
scaling_setting_088,Concise wording,800000,,valid,32000.0,2100.0
scaling_setting_088,Concise wording,50000,,valid,1250.0,315.0
scaling_setting_088,Concise wording,100000,,valid,4600.0,680.0
scaling_setting_088,Concise wording,200000,,valid,8400.0,1200.0
scaling_setting_088,No-change control,200000,,valid,8600.0,1450.0
scaling_setting_088,Irrelevant-number control,200000,200000.0,valid,9600.0,1250.0
scaling_setting_088,Irrelevant-number control,200000,100000.0,valid,7800.0,1500.0
scaling_setting_088,Irrelevant-number control,200000,800000.0,valid,9200.0,1280.0
scaling_setting_088,Irrelevant-number control,200000,400000.0,valid,7800.0,1350.0
scaling_setting_088,Irrelevant-number control,200000,50000.0,valid,7500.0,1200.0
scaling_setting_089,Primary wording,100000,,valid,4800.0,450.0
scaling_setting_089,Primary wording,200000,,valid,5400.0,870.0
scaling_setting_089,Primary wording,800000,,valid,24700.0,1900.0
scaling_setting_089,Primary wording,50000,,valid,1200.0,320.0
scaling_setting_089,Primary wording,400000,,valid,16800.0,1250.0
scaling_setting_089,Paraphrased wording,200000,,valid,11200.0,750.0
scaling_setting_089,Paraphrased wording,400000,,valid,12400.0,820.0
scaling_setting_089,Paraphrased wording,50000,,valid,1500.0,320.0
scaling_setting_089,Paraphrased wording,800000,,valid,26800.0,1450.0
scaling_setting_089,Paraphrased wording,100000,,valid,4500.0,320.0
scaling_setting_089,Concise wording,200000,,valid,3200.0,850.0
scaling_setting_089,Concise wording,400000,,valid,9200.0,1400.0
scaling_setting_089,Concise wording,800000,,valid,17600.0,2100.0
scaling_setting_089,Concise wording,50000,,valid,1250.0,320.0
scaling_setting_089,Concise wording,100000,,valid,2750.0,580.0
scaling_setting_089,No-change control,200000,,valid,7500.0,1120.0
scaling_setting_089,Irrelevant-number control,200000,800000.0,valid,8600.0,1350.0
scaling_setting_089,Irrelevant-number control,200000,400000.0,valid,8900.0,750.0
scaling_setting_089,Irrelevant-number control,200000,50000.0,valid,9200.0,450.0
scaling_setting_089,Irrelevant-number control,200000,100000.0,valid,8500.0,650.0
scaling_setting_089,Irrelevant-number control,200000,200000.0,valid,9800.0,520.0
scaling_setting_090,Primary wording,800000,,valid,12400.0,950.0
scaling_setting_090,Primary wording,50000,,valid,1200.0,320.0
scaling_setting_090,Primary wording,100000,,valid,3200.0,450.0
scaling_setting_090,Primary wording,400000,,valid,12800.0,950.0
scaling_setting_090,Primary wording,200000,,valid,4700.0,320.0
scaling_setting_090,Paraphrased wording,50000,,valid,1250.0,320.0
scaling_setting_090,Paraphrased wording,200000,,valid,5200.0,380.0
scaling_setting_090,Paraphrased wording,400000,,valid,12000.0,780.0
scaling_setting_090,Paraphrased wording,100000,,valid,3200.0,450.0
scaling_setting_090,Paraphrased wording,800000,,valid,12000.0,850.0
scaling_setting_090,Concise wording,100000,,valid,2500.0,320.0
scaling_setting_090,Concise wording,50000,,valid,1250.0,210.0
scaling_setting_090,Concise wording,200000,,valid,5200.0,380.0
scaling_setting_090,Concise wording,800000,,valid,24000.0,450.0
scaling_setting_090,Concise wording,400000,,valid,18400.0,430.0
scaling_setting_090,No-change control,200000,,valid,12500.0,450.0
scaling_setting_090,Irrelevant-number control,200000,50000.0,valid,4800.0,620.0
scaling_setting_090,Irrelevant-number control,200000,800000.0,valid,4800.0,650.0
scaling_setting_090,Irrelevant-number control,200000,400000.0,valid,5200.0,450.0
scaling_setting_090,Irrelevant-number control,200000,100000.0,valid,9500.0,750.0
scaling_setting_090,Irrelevant-number control,200000,200000.0,valid,4800.0,450.0
scaling_setting_091,Primary wording,200000,,valid,4300.0,850.0
scaling_setting_091,Primary wording,800000,,valid,28400.0,2500.0
scaling_setting_091,Primary wording,100000,,valid,3200.0,540.0
scaling_setting_091,Primary wording,50000,,valid,1250.0,320.0
scaling_setting_091,Primary wording,400000,,valid,8400.0,1450.0
scaling_setting_091,Paraphrased wording,400000,,valid,9800.0,1420.0
scaling_setting_091,Paraphrased wording,100000,,valid,1500.0,580.0
scaling_setting_091,Paraphrased wording,200000,,valid,5200.0,950.0
scaling_setting_091,Paraphrased wording,50000,,valid,1500.0,320.0
scaling_setting_091,Paraphrased wording,800000,,valid,16500.0,3200.0
scaling_setting_091,Concise wording,800000,,valid,22000.0,3200.0
scaling_setting_091,Concise wording,50000,,valid,875.0,240.0
scaling_setting_091,Concise wording,100000,,valid,3200.0,380.0
scaling_setting_091,Concise wording,400000,,valid,3400.0,850.0
scaling_setting_091,Concise wording,200000,,valid,4800.0,950.0
scaling_setting_091,No-change control,200000,,valid,4600.0,1240.0
scaling_setting_091,Irrelevant-number control,200000,200000.0,valid,8700.0,1400.0
scaling_setting_091,Irrelevant-number control,200000,100000.0,valid,4250.0,1340.0
scaling_setting_091,Irrelevant-number control,200000,400000.0,valid,8500.0,620.0
scaling_setting_091,Irrelevant-number control,200000,800000.0,valid,7400.0,1200.0
scaling_setting_091,Irrelevant-number control,200000,50000.0,valid,8500.0,1300.0
scaling_setting_092,Primary wording,400000,,valid,18600.0,1450.0
scaling_setting_092,Primary wording,200000,,valid,7800.0,1200.0
scaling_setting_092,Primary wording,100000,,valid,3500.0,400.0
scaling_setting_092,Primary wording,800000,,valid,25600.0,3500.0
scaling_setting_092,Primary wording,50000,,valid,1100.0,320.0
scaling_setting_092,Paraphrased wording,800000,,valid,32000.0,4500.0
scaling_setting_092,Paraphrased wording,100000,,valid,3200.0,850.0
scaling_setting_092,Paraphrased wording,400000,,valid,12800.0,1280.0
scaling_setting_092,Paraphrased wording,200000,,valid,4200.0,825.0
scaling_setting_092,Paraphrased wording,50000,,valid,2150.0,450.0
scaling_setting_092,Concise wording,100000,,valid,4200.0,450.0
scaling_setting_092,Concise wording,50000,,valid,1500.0,320.0
scaling_setting_092,Concise wording,800000,,valid,32000.0,3200.0
scaling_setting_092,Concise wording,400000,,valid,12800.0,1350.0
scaling_setting_092,Concise wording,200000,,valid,5400.0,850.0
scaling_setting_092,No-change control,200000,,valid,7800.0,1450.0
scaling_setting_092,Irrelevant-number control,200000,800000.0,valid,6000.0,1200.0
scaling_setting_092,Irrelevant-number control,200000,400000.0,valid,8500.0,1250.0
scaling_setting_092,Irrelevant-number control,200000,50000.0,valid,7800.0,1400.0
scaling_setting_092,Irrelevant-number control,200000,200000.0,valid,7600.0,1250.0
scaling_setting_092,Irrelevant-number control,200000,100000.0,valid,8500.0,1200.0
scaling_setting_093,Primary wording,100000,,valid,3200.0,430.0
scaling_setting_093,Primary wording,50000,,valid,1250.0,245.0
scaling_setting_093,Primary wording,400000,,valid,12800.0,950.0
scaling_setting_093,Primary wording,800000,,valid,17600.0,950.0
scaling_setting_093,Primary wording,200000,,valid,7800.0,460.0
scaling_setting_093,Paraphrased wording,200000,,valid,8500.0,320.0
scaling_setting_093,Paraphrased wording,100000,,valid,3500.0,250.0
scaling_setting_093,Paraphrased wording,50000,,valid,750.0,120.0
scaling_setting_093,Paraphrased wording,800000,,valid,4800.0,1450.0
scaling_setting_093,Paraphrased wording,400000,,valid,18000.0,520.0
scaling_setting_093,Concise wording,200000,,valid,5200.0,180.0
scaling_setting_093,Concise wording,50000,,valid,750.0,120.0
scaling_setting_093,Concise wording,100000,,valid,3200.0,210.0
scaling_setting_093,Concise wording,800000,,valid,15000.0,380.0
scaling_setting_093,Concise wording,400000,,valid,9600.0,320.0
scaling_setting_093,No-change control,200000,,valid,3850.0,472.0
scaling_setting_093,Irrelevant-number control,200000,400000.0,valid,5200.0,310.0
scaling_setting_093,Irrelevant-number control,200000,200000.0,valid,4800.0,320.0
scaling_setting_093,Irrelevant-number control,200000,800000.0,valid,8200.0,450.0
scaling_setting_093,Irrelevant-number control,200000,100000.0,valid,7320.0,850.0
scaling_setting_093,Irrelevant-number control,200000,50000.0,valid,8400.0,320.0
scaling_setting_094,Primary wording,800000,,valid,32000.0,4500.0
scaling_setting_094,Primary wording,400000,,valid,7200.0,1200.0
scaling_setting_094,Primary wording,200000,,valid,4500.0,750.0
scaling_setting_094,Primary wording,50000,,valid,1200.0,320.0
scaling_setting_094,Primary wording,100000,,valid,2750.0,450.0
scaling_setting_094,Paraphrased wording,50000,,valid,1200.0,310.0
scaling_setting_094,Paraphrased wording,200000,,valid,5800.0,420.0
scaling_setting_094,Paraphrased wording,400000,,valid,12000.0,950.0
scaling_setting_094,Paraphrased wording,800000,,valid,24000.0,1350.0
scaling_setting_094,Paraphrased wording,100000,,valid,2500.0,430.0
scaling_setting_094,Concise wording,200000,,valid,6000.0,450.0
scaling_setting_094,Concise wording,50000,,valid,850.0,310.0
scaling_setting_094,Concise wording,100000,,valid,1200.0,450.0
scaling_setting_094,Concise wording,400000,,valid,10800.0,1200.0
scaling_setting_094,Concise wording,800000,,valid,19200.0,1650.0
scaling_setting_094,No-change control,200000,,valid,6200.0,950.0
scaling_setting_094,Irrelevant-number control,200000,800000.0,valid,8200.0,430.0
scaling_setting_094,Irrelevant-number control,200000,200000.0,valid,7500.0,420.0
scaling_setting_094,Irrelevant-number control,200000,50000.0,valid,7400.0,450.0
scaling_setting_094,Irrelevant-number control,200000,400000.0,valid,6700.0,520.0
scaling_setting_094,Irrelevant-number control,200000,100000.0,valid,8500.0,780.0
scaling_setting_095,Primary wording,100000,,valid,3200.0,280.0
scaling_setting_095,Primary wording,800000,,valid,15500.0,620.0
scaling_setting_095,Primary wording,200000,,valid,9800.0,450.0
scaling_setting_095,Primary wording,50000,,valid,1250.0,320.0
scaling_setting_095,Primary wording,400000,,valid,18500.0,850.0
scaling_setting_095,Paraphrased wording,200000,,valid,7200.0,650.0
scaling_setting_095,Paraphrased wording,400000,,valid,6000.0,320.0
scaling_setting_095,Paraphrased wording,800000,,valid,16800.0,1200.0
scaling_setting_095,Paraphrased wording,100000,,valid,3500.0,480.0
scaling_setting_095,Paraphrased wording,50000,,valid,1450.0,210.0
scaling_setting_095,Concise wording,200000,,valid,4500.0,320.0
scaling_setting_095,Concise wording,50000,,valid,925.0,145.0
scaling_setting_095,Concise wording,100000,,valid,3500.0,120.0
scaling_setting_095,Concise wording,800000,,valid,16000.0,450.0
scaling_setting_095,Concise wording,400000,,valid,12450.0,320.0
scaling_setting_095,No-change control,200000,,valid,7250.0,420.0
scaling_setting_095,Irrelevant-number control,200000,50000.0,valid,8400.0,320.0
scaling_setting_095,Irrelevant-number control,200000,200000.0,valid,7200.0,450.0
scaling_setting_095,Irrelevant-number control,200000,400000.0,valid,8500.0,450.0
scaling_setting_095,Irrelevant-number control,200000,800000.0,valid,7500.0,420.0
scaling_setting_095,Irrelevant-number control,200000,100000.0,valid,5800.0,320.0
scaling_setting_096,Primary wording,100000,,valid,3500.0,450.0
scaling_setting_096,Primary wording,200000,,valid,8500.0,450.0
scaling_setting_096,Primary wording,800000,,valid,32000.0,1600.0
scaling_setting_096,Primary wording,400000,,valid,12000.0,1800.0
scaling_setting_096,Primary wording,50000,,valid,2450.0,180.0
scaling_setting_096,Paraphrased wording,400000,,valid,15600.0,1040.0
scaling_setting_096,Paraphrased wording,50000,,valid,2500.0,320.0
scaling_setting_096,Paraphrased wording,800000,,valid,18400.0,950.0
scaling_setting_096,Paraphrased wording,200000,,valid,6500.0,1250.0
scaling_setting_096,Paraphrased wording,100000,,valid,4500.0,320.0
scaling_setting_096,Concise wording,200000,,valid,7500.0,560.0
scaling_setting_096,Concise wording,800000,,valid,24000.0,3200.0
scaling_setting_096,Concise wording,50000,,valid,1750.0,145.0
scaling_setting_096,Concise wording,400000,,valid,18500.0,2500.0
scaling_setting_096,Concise wording,100000,,valid,3200.0,150.0
scaling_setting_096,No-change control,200000,,valid,7600.0,950.0
scaling_setting_096,Irrelevant-number control,200000,800000.0,valid,7300.0,620.0
scaling_setting_096,Irrelevant-number control,200000,50000.0,valid,6500.0,1200.0
scaling_setting_096,Irrelevant-number control,200000,400000.0,valid,3200.0,480.0
scaling_setting_096,Irrelevant-number control,200000,200000.0,valid,4800.0,350.0
scaling_setting_096,Irrelevant-number control,200000,100000.0,valid,8200.0,540.0
scaling_setting_097,Primary wording,800000,,valid,32000.0,2300.0
scaling_setting_097,Primary wording,200000,,valid,8700.0,1150.0
scaling_setting_097,Primary wording,50000,,valid,3200.0,475.0
scaling_setting_097,Primary wording,100000,,valid,4200.0,750.0
scaling_setting_097,Primary wording,400000,,valid,32000.0,1800.0
scaling_setting_097,Paraphrased wording,800000,,valid,24500.0,3200.0
scaling_setting_097,Paraphrased wording,50000,,valid,1750.0,560.0
scaling_setting_097,Paraphrased wording,400000,,valid,17500.0,1250.0
scaling_setting_097,Paraphrased wording,100000,,valid,4800.0,620.0
scaling_setting_097,Paraphrased wording,200000,,valid,12500.0,1450.0
scaling_setting_097,Concise wording,100000,,valid,4200.0,850.0
scaling_setting_097,Concise wording,200000,,valid,8000.0,1200.0
scaling_setting_097,Concise wording,400000,,valid,16000.0,1250.0
scaling_setting_097,Concise wording,50000,,valid,3575.0,460.0
scaling_setting_097,Concise wording,800000,,valid,24000.0,3200.0
scaling_setting_097,No-change control,200000,,valid,12500.0,850.0
scaling_setting_097,Irrelevant-number control,200000,400000.0,valid,12500.0,950.0
scaling_setting_097,Irrelevant-number control,200000,200000.0,valid,9400.0,1800.0
scaling_setting_097,Irrelevant-number control,200000,800000.0,valid,9200.0,2350.0
scaling_setting_097,Irrelevant-number control,200000,50000.0,valid,6500.0,1200.0
scaling_setting_097,Irrelevant-number control,200000,100000.0,valid,11500.0,1400.0
scaling_setting_098,Primary wording,200000,,valid,7200.0,950.0
scaling_setting_098,Primary wording,100000,,valid,4200.0,950.0
scaling_setting_098,Primary wording,400000,,valid,14600.0,920.0
scaling_setting_098,Primary wording,800000,,valid,32000.0,2150.0
scaling_setting_098,Primary wording,50000,,valid,1720.0,380.0
scaling_setting_098,Paraphrased wording,800000,,valid,32400.0,1650.0
scaling_setting_098,Paraphrased wording,200000,,valid,8400.0,860.0
scaling_setting_098,Paraphrased wording,100000,,valid,3200.0,620.0
scaling_setting_098,Paraphrased wording,400000,,valid,22400.0,1450.0
scaling_setting_098,Paraphrased wording,50000,,valid,2200.0,620.0
scaling_setting_098,Concise wording,400000,,valid,12800.0,1750.0
scaling_setting_098,Concise wording,100000,,valid,3200.0,720.0
scaling_setting_098,Concise wording,200000,,valid,7200.0,890.0
scaling_setting_098,Concise wording,800000,,valid,25600.0,2300.0
scaling_setting_098,Concise wording,50000,,valid,1250.0,310.0
scaling_setting_098,No-change control,200000,,valid,8700.0,1250.0
scaling_setting_098,Irrelevant-number control,200000,50000.0,valid,8700.0,1200.0
scaling_setting_098,Irrelevant-number control,200000,200000.0,valid,9300.0,1450.0
scaling_setting_098,Irrelevant-number control,200000,400000.0,valid,9800.0,950.0
scaling_setting_098,Irrelevant-number control,200000,100000.0,valid,12500.0,850.0
scaling_setting_098,Irrelevant-number control,200000,800000.0,valid,8400.0,450.0
scaling_setting_099,Primary wording,50000,,valid,1250.0,320.0
scaling_setting_099,Primary wording,400000,,valid,12500.0,850.0
scaling_setting_099,Primary wording,100000,,valid,4500.0,720.0
scaling_setting_099,Primary wording,200000,,valid,8500.0,1250.0
scaling_setting_099,Primary wording,800000,,valid,48200.0,2200.0
scaling_setting_099,Paraphrased wording,50000,,valid,1200.0,320.0
scaling_setting_099,Paraphrased wording,800000,,valid,32000.0,1850.0
scaling_setting_099,Paraphrased wording,200000,,valid,8600.0,950.0
scaling_setting_099,Paraphrased wording,400000,,valid,14250.0,1250.0
scaling_setting_099,Paraphrased wording,100000,,valid,4000.0,650.0
scaling_setting_099,Concise wording,100000,,valid,3200.0,450.0
scaling_setting_099,Concise wording,800000,,valid,32000.0,2500.0
scaling_setting_099,Concise wording,400000,,valid,15800.0,950.0
scaling_setting_099,Concise wording,50000,,valid,1500.0,120.0
scaling_setting_099,Concise wording,200000,,valid,3200.0,550.0
scaling_setting_099,No-change control,200000,,valid,6200.0,1100.0
scaling_setting_099,Irrelevant-number control,200000,100000.0,valid,7500.0,980.0
scaling_setting_099,Irrelevant-number control,200000,50000.0,valid,9200.0,650.0
scaling_setting_099,Irrelevant-number control,200000,800000.0,valid,6400.0,850.0
scaling_setting_099,Irrelevant-number control,200000,200000.0,valid,8200.0,1200.0
scaling_setting_099,Irrelevant-number control,200000,400000.0,valid,8700.0,1450.0
scaling_setting_100,Primary wording,100000,,valid,4500.0,750.0
scaling_setting_100,Primary wording,800000,,valid,12450.0,3200.0
scaling_setting_100,Primary wording,50000,,valid,950.0,320.0
scaling_setting_100,Primary wording,400000,,valid,7200.0,1500.0
scaling_setting_100,Primary wording,200000,,valid,3250.0,625.0
scaling_setting_100,Paraphrased wording,400000,,valid,9200.0,1450.0
scaling_setting_100,Paraphrased wording,100000,,valid,5000.0,350.0
scaling_setting_100,Paraphrased wording,200000,,valid,7600.0,1250.0
scaling_setting_100,Paraphrased wording,800000,,valid,32000.0,2800.0
scaling_setting_100,Paraphrased wording,50000,,valid,750.0,320.0
scaling_setting_100,Concise wording,50000,,valid,750.0,230.0
scaling_setting_100,Concise wording,400000,,valid,9200.0,1200.0
scaling_setting_100,Concise wording,100000,,valid,1000.0,450.0
scaling_setting_100,Concise wording,800000,,valid,36000.0,1950.0
scaling_setting_100,Concise wording,200000,,valid,4200.0,950.0
scaling_setting_100,No-change control,200000,,valid,3500.0,420.0
scaling_setting_100,Irrelevant-number control,200000,400000.0,valid,9600.0,850.0
scaling_setting_100,Irrelevant-number control,200000,200000.0,valid,4500.0,1200.0
scaling_setting_100,Irrelevant-number control,200000,50000.0,valid,8500.0,1200.0
scaling_setting_100,Irrelevant-number control,200000,800000.0,valid,4600.0,875.0
scaling_setting_100,Irrelevant-number control,200000,100000.0,valid,7200.0,650.0
