prompt_variant_id,setting_id,split,relation,input_direction,surface,answer_order,expected_answer,opposite_answer,expected_margin,expected_top1,logp_rise,logp_fall,logp_same
vitality_variant_0001,vitality_mechanism_setting_001,development,default,increase,surface_a,forward,rise,fall,9.687499956751708,1,-0.0006246999255381,-9.688124656677246,-7.750624656677246
vitality_variant_0002,vitality_mechanism_setting_001,development,default,increase,surface_a,reverse,rise,fall,9.06250042593456,1,-0.0003695997002068,-9.062870025634766,-9.515995025634766
vitality_variant_0003,vitality_mechanism_setting_001,development,default,increase,surface_b,forward,rise,fall,10.93749989864591,1,-0.000188928868738,-10.937688827514648,-9.062688827514648
vitality_variant_0004,vitality_mechanism_setting_001,development,default,increase,surface_b,reverse,rise,fall,10.234374651074177,1,-0.0001319559814874,-10.234506607055664,-11.234506607055664
vitality_variant_0005,vitality_mechanism_setting_001,development,default,decrease,surface_a,forward,fall,rise,5.078124770894647,1,-5.090170860290527,-0.0120460893958807,-5.246420860290527
vitality_variant_0006,vitality_mechanism_setting_001,development,default,decrease,surface_a,reverse,fall,rise,4.437500203028321,1,-4.458074569702148,-0.0205743666738271,-4.817449569702148
vitality_variant_0007,vitality_mechanism_setting_001,development,default,decrease,surface_b,forward,fall,rise,5.25000009033829,1,-5.258907318115234,-0.0089072277769446,-5.727657318115234
vitality_variant_0008,vitality_mechanism_setting_001,development,default,decrease,surface_b,reverse,fall,rise,4.640625192783773,1,-4.655242919921875,-0.014617727138102,-5.405242919921875
vitality_variant_0009,vitality_mechanism_setting_001,development,theory,increase,surface_a,forward,rise,fall,15.51562535764242,1,-5.364403477869928e-06,-15.515630722045898,-15.468755722045898
vitality_variant_0010,vitality_mechanism_setting_001,development,theory,increase,surface_a,reverse,rise,fall,14.093750000065484,1,-1.1444026313256472e-05,-14.093761444091797,-16.406261444091797
vitality_variant_0011,vitality_mechanism_setting_001,development,theory,increase,surface_b,forward,rise,fall,15.750000357647878,1,-6.318072337307967e-06,-15.750006675720217,-14.843756675720217
vitality_variant_0012,vitality_mechanism_setting_001,development,theory,increase,surface_b,reverse,rise,fall,14.18750000005457,1,-1.0490362910786644e-05,-14.18751049041748,-17.179697036743164
vitality_variant_0013,vitality_mechanism_setting_001,development,theory,decrease,surface_a,forward,fall,rise,7.265625059371814,1,-7.266538143157959,-0.0009130837861448,-9.1727876663208
vitality_variant_0014,vitality_mechanism_setting_001,development,theory,decrease,surface_a,reverse,fall,rise,8.593749885505531,1,-8.594447135925293,-0.0006972504197619,-7.735072135925293
vitality_variant_0015,vitality_mechanism_setting_001,development,theory,decrease,surface_b,forward,fall,rise,6.046875138534233,1,-6.049599647521973,-0.0027245089877396,-8.752724647521973
vitality_variant_0016,vitality_mechanism_setting_001,development,theory,decrease,surface_b,reverse,fall,rise,5.9843751571606845,1,-5.987435340881348,-0.0030601837206631,-7.878060340881348
vitality_variant_0017,vitality_mechanism_setting_001,development,reverse,increase,surface_a,forward,fall,rise,6.812500152620487,1,-6.813723564147949,-0.0012234115274623,-10.54809856414795
vitality_variant_0018,vitality_mechanism_setting_001,development,reverse,increase,surface_a,reverse,fall,rise,5.093750213738531,1,-5.100592136383057,-0.0068419226445257,-7.616217136383057
vitality_variant_0019,vitality_mechanism_setting_001,development,reverse,increase,surface_b,forward,fall,rise,7.187499838299118,1,-7.188849449157715,-0.0013496108585968,-7.751349449157715
vitality_variant_0020,vitality_mechanism_setting_001,development,reverse,increase,surface_b,reverse,fall,rise,6.078124974155799,1,-6.081462860107422,-0.0033378859516233,-7.081462860107422
vitality_variant_0021,vitality_mechanism_setting_001,development,reverse,decrease,surface_a,forward,rise,fall,1.0156250596046448,1,-0.3106421828269958,-1.3262672424316406,-14.91611099243164
vitality_variant_0022,vitality_mechanism_setting_001,development,reverse,decrease,surface_a,reverse,rise,fall,3.5312499701976776,1,-0.0295656025409698,-3.5608155727386475,-16.021753311157227
vitality_variant_0023,vitality_mechanism_setting_001,development,reverse,decrease,surface_b,forward,rise,fall,-0.15625,0,-0.7790225744247437,-0.6227725744247437,-6.427460193634033
vitality_variant_0024,vitality_mechanism_setting_001,development,reverse,decrease,surface_b,reverse,rise,fall,0.734375,1,-0.3953033685684204,-1.1296783685684204,-7.153115749359131
vitality_variant_0025,vitality_mechanism_setting_001,development,neutral,increase,surface_a,forward,same,rise,9.718749885440047,1,-9.718846321105955,-11.156346321105955,-9.643566590966655e-05
vitality_variant_0026,vitality_mechanism_setting_001,development,neutral,increase,surface_a,reverse,same,rise,10.53124988198033,1,-10.531298637390137,-11.703173637390137,-4.875540980719961e-05
vitality_variant_0027,vitality_mechanism_setting_001,development,neutral,increase,surface_b,forward,same,rise,9.578125006220944,1,-9.57823657989502,-10.78136157989502,-0.0001115736740757
vitality_variant_0028,vitality_mechanism_setting_001,development,neutral,increase,surface_b,reverse,same,rise,9.78125036205165,1,-9.781344413757324,-10.953219413757324,-9.405170567333698e-05
vitality_variant_0029,vitality_mechanism_setting_001,development,neutral,decrease,surface_a,forward,same,fall,8.734375392930815,1,-9.672141075134276,-8.734641075134277,-0.0002656822034623
vitality_variant_0030,vitality_mechanism_setting_001,development,neutral,decrease,surface_a,reverse,same,fall,9.078124777690393,1,-10.234554290771484,-9.078304290771484,-0.0001795130810933
vitality_variant_0031,vitality_mechanism_setting_001,development,neutral,decrease,surface_b,forward,same,fall,7.79687503061723,1,-9.375547409057615,-7.797422409057617,-0.0005473784403875
vitality_variant_0032,vitality_mechanism_setting_001,development,neutral,decrease,surface_b,reverse,same,fall,7.54687486536568,1,-9.375667572021484,-7.547542572021484,-0.000667706655804
vitality_variant_0033,vitality_mechanism_setting_001,development,irrelevant_number,registry_up,surface_a,forward,same,rise,7.703124979394488,1,-7.703784942626953,-8.750659942626953,-0.000659963232465
vitality_variant_0034,vitality_mechanism_setting_001,development,irrelevant_number,registry_up,surface_a,reverse,same,rise,6.515625211410224,1,-6.517563819885254,-7.923813819885254,-0.0019386084750294
vitality_variant_0035,vitality_mechanism_setting_001,development,irrelevant_number,registry_up,surface_b,forward,same,rise,7.359375070082024,1,-7.3604207038879395,-7.9854207038879395,-0.0010456338059157
vitality_variant_0036,vitality_mechanism_setting_001,development,irrelevant_number,registry_up,surface_b,reverse,same,rise,5.765624796971679,1,-5.769914627075195,-6.910539627075195,-0.0042898301035165
vitality_variant_0037,vitality_mechanism_setting_001,development,irrelevant_number,registry_down,surface_a,forward,same,fall,8.31249965185998,1,-7.500856876373291,-8.313356399536133,-0.0008567476761527
vitality_variant_0038,vitality_mechanism_setting_001,development,irrelevant_number,registry_down,surface_a,reverse,same,fall,7.4687501701992,1,-6.283806324005127,-7.471306324005127,-0.0025561538059264
vitality_variant_0039,vitality_mechanism_setting_001,development,irrelevant_number,registry_down,surface_b,forward,same,fall,7.781250072992407,1,-7.485423564910889,-7.782298564910889,-0.0010484919184818
vitality_variant_0040,vitality_mechanism_setting_001,development,irrelevant_number,registry_down,surface_b,reverse,same,fall,6.765624895924702,1,-6.003783702850342,-6.769408702850342,-0.0037838069256395
vitality_variant_0041,vitality_mechanism_setting_002,development,default,increase,surface_a,forward,rise,fall,9.406249560415745,1,-0.0005592927336692,-9.406808853149414,-7.922434329986572
vitality_variant_0042,vitality_mechanism_setting_002,development,default,increase,surface_a,reverse,rise,fall,8.78125006845221,1,-0.0003699571825563,-8.781620025634766,-9.609745025634766
vitality_variant_0043,vitality_mechanism_setting_002,development,default,increase,surface_b,forward,rise,fall,10.5156251394219,1,-0.0002010858588619,-10.515826225280762,-9.015826225280762
vitality_variant_0044,vitality_mechanism_setting_002,development,default,increase,surface_b,reverse,rise,fall,9.703125012223609,1,-0.0001563903642818,-9.70328140258789,-10.92203140258789
vitality_variant_0045,vitality_mechanism_setting_002,development,default,decrease,surface_a,forward,fall,rise,3.6562500558793545,1,-3.695040225982666,-0.0387901701033115,-4.413790225982666
vitality_variant_0046,vitality_mechanism_setting_002,development,default,decrease,surface_a,reverse,fall,rise,3.156249925494194,1,-3.213041067123413,-0.056791141629219,-4.291166305541992
vitality_variant_0047,vitality_mechanism_setting_002,development,default,decrease,surface_b,forward,fall,rise,3.734374955296517,1,-3.767690896987915,-0.0333159416913986,-4.736441135406494
vitality_variant_0048,vitality_mechanism_setting_002,development,default,decrease,surface_b,reverse,fall,rise,3.2187500335276127,1,-3.266767263412476,-0.0480172298848629,-4.8605170249938965
vitality_variant_0049,vitality_mechanism_setting_002,development,theory,increase,surface_a,forward,rise,fall,14.03125023845314,1,-8.34461570775602e-06,-14.031258583068848,-14.062508583068848
vitality_variant_0050,vitality_mechanism_setting_002,development,theory,increase,surface_a,reverse,rise,fall,12.531249642543116,1,-1.847726889536716e-05,-12.531268119812012,-14.484393119812012
vitality_variant_0051,vitality_mechanism_setting_002,development,theory,increase,surface_b,forward,rise,fall,14.656249642403964,1,-7.986990567587782e-06,-14.656257629394531,-14.093757629394531
vitality_variant_0052,vitality_mechanism_setting_002,development,theory,increase,surface_b,reverse,rise,fall,13.171874761661456,1,-1.2636104656849056e-05,-13.171887397766112,-15.921887397766112
vitality_variant_0053,vitality_mechanism_setting_002,development,theory,decrease,surface_a,forward,fall,rise,5.656250215834007,1,-5.660086631774902,-0.0038364159408956,-9.230399131774902
vitality_variant_0054,vitality_mechanism_setting_002,development,theory,decrease,surface_a,reverse,fall,rise,6.484374834224582,1,-6.486939430236816,-0.0025645960122346,-7.080689430236816
vitality_variant_0055,vitality_mechanism_setting_002,development,theory,decrease,surface_b,forward,fall,rise,4.468749788589776,1,-4.481021404266357,-0.0122716156765818,-7.871646404266357
vitality_variant_0056,vitality_mechanism_setting_002,development,theory,decrease,surface_b,reverse,fall,rise,4.249999903142452,1,-4.265676498413086,-0.0156765952706336,-6.875051498413086
vitality_variant_0057,vitality_mechanism_setting_002,development,reverse,increase,surface_a,forward,fall,rise,5.796875019557774,1,-5.800154685974121,-0.003279666416347,-9.80015468597412
vitality_variant_0058,vitality_mechanism_setting_002,development,reverse,increase,surface_a,reverse,fall,rise,4.062500236555934,1,-4.0806884765625,-0.018188240006566,-7.2369384765625
vitality_variant_0059,vitality_mechanism_setting_002,development,reverse,increase,surface_b,forward,fall,rise,6.828125113155693,1,-6.82988166809082,-0.0017565549351274,-7.62675666809082
vitality_variant_0060,vitality_mechanism_setting_002,development,reverse,increase,surface_b,reverse,fall,rise,5.609375007916242,1,-5.614255428314209,-0.0048804203979671,-6.926755428314209
vitality_variant_0061,vitality_mechanism_setting_002,development,reverse,decrease,surface_a,forward,rise,fall,0.3125,1,-0.5508793592453003,-0.8633793592453003,-14.55087947845459
vitality_variant_0062,vitality_mechanism_setting_002,development,reverse,decrease,surface_a,reverse,rise,fall,3.359374888241291,1,-0.0349785014986991,-3.3943533897399902,-15.941228866577148
vitality_variant_0063,vitality_mechanism_setting_002,development,reverse,decrease,surface_b,forward,rise,fall,-0.1875,0,-0.7971360683441162,-0.6096360683441162,-5.945573806762695
vitality_variant_0064,vitality_mechanism_setting_002,development,reverse,decrease,surface_b,reverse,rise,fall,0.59375,1,-0.4435838460922241,-1.037333846092224,-6.881083965301514
vitality_variant_0065,vitality_mechanism_setting_002,development,neutral,increase,surface_a,forward,same,rise,9.546874529121853,1,-9.54698371887207,-11.04698371887207,-0.0001091897502192
vitality_variant_0066,vitality_mechanism_setting_002,development,neutral,increase,surface_a,reverse,same,rise,10.796875239211658,1,-10.796915054321287,-11.765665054321287,-3.981510963058099e-05
vitality_variant_0067,vitality_mechanism_setting_002,development,neutral,increase,surface_b,forward,same,rise,9.6718751238368,1,-9.671971321105955,-11.109471321105955,-9.619726915843783e-05
vitality_variant_0068,vitality_mechanism_setting_002,development,neutral,increase,surface_b,reverse,same,rise,10.343749882602424,1,-10.343810081481934,-11.281310081481934,-6.01988795096986e-05
vitality_variant_0069,vitality_mechanism_setting_002,development,neutral,decrease,surface_a,forward,same,fall,9.421874539664714,1,-9.578306198120115,-9.422056198120115,-0.0001816584554035
vitality_variant_0070,vitality_mechanism_setting_002,development,neutral,decrease,surface_a,reverse,same,fall,9.859374886007572,1,-10.421977043151855,-9.859477043151855,-0.0001021571442834
vitality_variant_0071,vitality_mechanism_setting_002,development,neutral,decrease,surface_b,forward,same,fall,9.48437525278132,1,-9.62516975402832,-9.48454475402832,-0.0001695012470008
vitality_variant_0072,vitality_mechanism_setting_002,development,neutral,decrease,surface_b,reverse,same,fall,9.39062477297557,1,-10.078275680541992,-9.390775680541992,-0.0001509075664216
vitality_variant_0073,vitality_mechanism_setting_002,development,irrelevant_number,registry_up,surface_a,forward,same,rise,7.015624954132363,1,-7.016880512237549,-8.141880989074707,-0.0012555581051856
vitality_variant_0074,vitality_mechanism_setting_002,development,irrelevant_number,registry_up,surface_a,reverse,same,rise,5.593750181142241,1,-5.598493576049805,-7.035993576049805,-0.0047433949075639
vitality_variant_0075,vitality_mechanism_setting_002,development,irrelevant_number,registry_up,surface_b,forward,same,rise,6.984375184169039,1,-6.985802173614502,-7.767052173614502,-0.0014269894454628
vitality_variant_0076,vitality_mechanism_setting_002,development,irrelevant_number,registry_up,surface_b,reverse,same,rise,5.296874868683517,1,-5.303613662719727,-6.475488662719727,-0.0067387940362095
vitality_variant_0077,vitality_mechanism_setting_002,development,irrelevant_number,registry_down,surface_a,forward,same,fall,7.546875214204192,1,-6.6269402503967285,-7.548815250396728,-0.0019400361925363
vitality_variant_0078,vitality_mechanism_setting_002,development,irrelevant_number,registry_down,surface_a,reverse,same,fall,6.437500126194209,1,-5.163790225982666,-6.445040225982666,-0.0075400997884571
vitality_variant_0079,vitality_mechanism_setting_002,development,irrelevant_number,registry_down,surface_b,forward,same,fall,7.390625226311386,1,-6.861128330230713,-7.392378330230713,-0.0017531039193272
vitality_variant_0080,vitality_mechanism_setting_002,development,irrelevant_number,registry_down,surface_b,reverse,same,fall,6.171874818857759,1,-5.27307653427124,-6.17932653427124,-0.0074517154134809
vitality_variant_0081,vitality_mechanism_setting_003,development,default,increase,surface_a,forward,rise,fall,9.109374818974176,1,-0.0009109399979934,-9.110285758972168,-7.375910758972168
vitality_variant_0082,vitality_mechanism_setting_003,development,default,increase,surface_a,reverse,rise,fall,8.609375010477379,1,-0.0005092516075819,-8.609884262084961,-9.09425926208496
vitality_variant_0083,vitality_mechanism_setting_003,development,default,increase,surface_b,forward,rise,fall,10.250000402913429,1,-0.0003009581705555,-10.250301361083984,-8.578426361083984
vitality_variant_0084,vitality_mechanism_setting_003,development,default,increase,surface_b,reverse,rise,fall,9.62500001891749,1,-0.000194530643057,-9.625194549560549,-10.562694549560549
vitality_variant_0085,vitality_mechanism_setting_003,development,default,decrease,surface_a,forward,fall,rise,3.937499891966581,1,-3.97130298614502,-0.0338030941784381,-4.31505298614502
vitality_variant_0086,vitality_mechanism_setting_003,development,default,decrease,surface_a,reverse,fall,rise,3.4218749403953552,1,-3.470733404159546,-0.0488584637641906,-4.173858642578125
vitality_variant_0087,vitality_mechanism_setting_003,development,default,decrease,surface_b,forward,fall,rise,4.015624763444066,1,-4.042757987976074,-0.0271332245320081,-4.777132987976074
vitality_variant_0088,vitality_mechanism_setting_003,development,default,decrease,surface_b,reverse,fall,rise,3.640625044703484,1,-3.6751325130462646,-0.034507468342781,-4.8626322746276855
vitality_variant_0089,vitality_mechanism_setting_003,development,theory,increase,surface_a,forward,rise,fall,13.984374642431249,1,-1.084798623196548e-05,-13.98438549041748,-13.73438549041748
vitality_variant_0090,vitality_mechanism_setting_003,development,theory,increase,surface_a,reverse,rise,fall,12.625000119469403,1,-2.276871418871451e-05,-12.625022888183594,-14.390647888183594
vitality_variant_0091,vitality_mechanism_setting_003,development,theory,increase,surface_b,forward,rise,fall,14.64062500005457,1,-1.0490362910786644e-05,-14.64063549041748,-13.78126049041748
vitality_variant_0092,vitality_mechanism_setting_003,development,theory,increase,surface_b,reverse,rise,fall,13.140624642508556,1,-1.6569954823353328e-05,-13.14064121246338,-15.82814121246338
vitality_variant_0093,vitality_mechanism_setting_003,development,theory,decrease,surface_a,forward,fall,rise,5.3124999473802745,1,-5.317944526672363,-0.0054445792920887,-8.724194526672363
vitality_variant_0094,vitality_mechanism_setting_003,development,theory,decrease,surface_a,reverse,fall,rise,6.031249967869371,1,-6.035114765167236,-0.0038647972978651,-6.738239765167236
vitality_variant_0095,vitality_mechanism_setting_003,development,theory,decrease,surface_b,forward,fall,rise,4.374999814666808,1,-4.388919353485107,-0.0139195388182997,-7.107669353485107
vitality_variant_0096,vitality_mechanism_setting_003,development,theory,decrease,surface_b,reverse,fall,rise,3.8906250167638063,1,-3.913886070251465,-0.0232610534876585,-6.054511070251465
vitality_variant_0097,vitality_mechanism_setting_003,development,reverse,increase,surface_a,forward,fall,rise,6.406249865074642,1,-6.40806770324707,-0.0018178381724283,-10.36119270324707
vitality_variant_0098,vitality_mechanism_setting_003,development,reverse,increase,surface_a,reverse,fall,rise,4.796875146217644,1,-4.805801868438721,-0.0089267222210764,-7.758926868438721
vitality_variant_0099,vitality_mechanism_setting_003,development,reverse,increase,surface_b,forward,fall,rise,6.937499992433004,1,-6.939255714416504,-0.0017557219834998,-7.439255714416504
vitality_variant_0100,vitality_mechanism_setting_003,development,reverse,increase,surface_b,reverse,fall,rise,6.046874953899533,1,-6.050546646118164,-0.0036716922186315,-6.831796646118164
vitality_variant_0101,vitality_mechanism_setting_003,development,reverse,decrease,surface_a,forward,rise,fall,-0.4375,0,-0.9373658299446106,-0.4998658299446106,-14.402209281921388
vitality_variant_0102,vitality_mechanism_setting_003,development,reverse,decrease,surface_a,reverse,rise,fall,2.406249962747097,1,-0.0873833075165748,-2.493633270263672,-14.884258270263672
vitality_variant_0103,vitality_mechanism_setting_003,development,reverse,decrease,surface_b,forward,rise,fall,-0.25,0,-0.8317990303039551,-0.5817990303039551,-5.925549030303955
vitality_variant_0104,vitality_mechanism_setting_003,development,reverse,decrease,surface_b,reverse,rise,fall,-0.265625,0,-0.8393192291259766,-0.5736942291259766,-6.323694229125977
vitality_variant_0105,vitality_mechanism_setting_003,development,neutral,increase,surface_a,forward,same,rise,9.62499988640775,1,-9.62510585784912,-10.98448085784912,-0.0001059714413713
vitality_variant_0106,vitality_mechanism_setting_003,development,neutral,increase,surface_a,reverse,same,rise,10.625000358661056,1,-10.625045776367188,-11.718795776367188,-4.541770613286644e-05
vitality_variant_0107,vitality_mechanism_setting_003,development,neutral,increase,surface_b,forward,same,rise,9.640624767111149,1,-9.640729904174805,-10.859479904174805,-0.000105137063656
vitality_variant_0108,vitality_mechanism_setting_003,development,neutral,increase,surface_b,reverse,same,rise,9.843749527572072,1,-9.843843460083008,-10.812593460083008,-9.393251093570144e-05
vitality_variant_0109,vitality_mechanism_setting_003,development,neutral,decrease,surface_a,forward,same,fall,9.046874907886377,1,-9.484607696533203,-9.047107696533203,-0.0002327886468265
vitality_variant_0110,vitality_mechanism_setting_003,development,neutral,decrease,surface_a,reverse,same,fall,9.49999977144762,1,-10.125140190124512,-9.500140190124512,-0.0001404186768922
vitality_variant_0111,vitality_mechanism_setting_003,development,neutral,decrease,surface_b,forward,same,fall,8.828125153057044,1,-9.46901035308838,-8.828385353088379,-0.0002602000313345
vitality_variant_0112,vitality_mechanism_setting_003,development,neutral,decrease,surface_b,reverse,same,fall,8.515624690509867,1,-9.547184944152832,-8.515934944152832,-0.0003102536429651
vitality_variant_0113,vitality_mechanism_setting_003,development,irrelevant_number,registry_up,surface_a,forward,same,rise,7.390624833409674,1,-7.391551494598389,-8.297801971435547,-0.0009266611887142
vitality_variant_0114,vitality_mechanism_setting_003,development,irrelevant_number,registry_up,surface_a,reverse,same,rise,5.750000116880983,1,-5.754225254058838,-7.019850254058838,-0.0042251371778547
vitality_variant_0115,vitality_mechanism_setting_003,development,irrelevant_number,registry_up,surface_b,forward,same,rise,7.156250233994797,1,-7.157538414001465,-7.751288414001465,-0.0012881800066679
vitality_variant_0116,vitality_mechanism_setting_003,development,irrelevant_number,registry_up,surface_b,reverse,same,rise,5.156250041909516,1,-5.16411828994751,-6.27349328994751,-0.0078682480379939
vitality_variant_0117,vitality_mechanism_setting_003,development,irrelevant_number,registry_down,surface_a,forward,same,fall,8.109374527470209,1,-7.391605854034424,-8.110355377197266,-0.0009808497270569
vitality_variant_0118,vitality_mechanism_setting_003,development,irrelevant_number,registry_down,surface_a,reverse,same,fall,6.968749775085598,1,-5.863312244415283,-6.972687244415283,-0.0039374693296849
vitality_variant_0119,vitality_mechanism_setting_003,development,irrelevant_number,registry_down,surface_b,forward,same,fall,7.640624822466634,1,-7.282495498657227,-7.641870498657227,-0.0012456761905923
vitality_variant_0120,vitality_mechanism_setting_003,development,irrelevant_number,registry_down,surface_b,reverse,same,fall,6.29687505075708,1,-5.47500467300415,-6.30312967300415,-0.00625462224707
vitality_variant_0121,vitality_mechanism_setting_004,development,default,increase,surface_a,forward,rise,fall,9.76562485130853,1,-0.0004235800879541,-9.766048431396484,-8.250423431396484
vitality_variant_0122,vitality_mechanism_setting_004,development,default,increase,surface_a,reverse,rise,fall,8.875000186555553,1,-0.0003669780562631,-8.875367164611816,-9.890992164611816
vitality_variant_0123,vitality_mechanism_setting_004,development,default,increase,surface_b,forward,rise,fall,10.67187537330028,1,-0.0001770101225702,-10.672052383422852,-9.203302383422852
vitality_variant_0124,vitality_mechanism_setting_004,development,default,increase,surface_b,reverse,rise,fall,9.687500015061232,1,-0.0001735536643536,-9.687673568725586,-11.062673568725586
vitality_variant_0125,vitality_mechanism_setting_004,development,default,decrease,surface_a,forward,fall,rise,3.562499921768904,1,-3.60805082321167,-0.0455509014427661,-4.12367582321167
vitality_variant_0126,vitality_mechanism_setting_004,development,default,decrease,surface_a,reverse,fall,rise,2.9531249552965164,1,-3.022446632385254,-0.0693216770887374,-4.084946632385254
vitality_variant_0127,vitality_mechanism_setting_004,development,default,decrease,surface_b,forward,fall,rise,3.765625096857548,1,-3.799253463745117,-0.0336283668875694,-4.627378463745117
vitality_variant_0128,vitality_mechanism_setting_004,development,default,decrease,surface_b,reverse,fall,rise,3.187499899417162,1,-3.237936019897461,-0.0504361204802989,-4.722311019897461
vitality_variant_0129,vitality_mechanism_setting_004,development,theory,increase,surface_a,forward,rise,fall,14.1562498808471,1,-1.060957038134802e-05,-14.15626049041748,-13.81251049041748
vitality_variant_0130,vitality_mechanism_setting_004,development,theory,increase,surface_a,reverse,rise,fall,12.703125000240108,1,-2.193426917074248e-05,-12.703146934509276,-14.515646934509276
vitality_variant_0131,vitality_mechanism_setting_004,development,theory,increase,surface_b,forward,rise,fall,14.375000119273864,1,-1.1324817933200391e-05,-14.375011444091797,-13.625011444091797
vitality_variant_0132,vitality_mechanism_setting_004,development,theory,increase,surface_b,reverse,rise,fall,12.750000357820682,1,-1.966933996300213e-05,-12.750020027160645,-15.578145027160645
vitality_variant_0133,vitality_mechanism_setting_004,development,theory,decrease,surface_a,forward,fall,rise,6.046874787192792,1,-6.04951286315918,-0.0026380759663879,-9.72920036315918
vitality_variant_0134,vitality_mechanism_setting_004,development,theory,decrease,surface_a,reverse,fall,rise,6.749999844236299,1,-6.7519941329956055,-0.001994288759306,-7.345744132995605
vitality_variant_0135,vitality_mechanism_setting_004,development,theory,decrease,surface_b,forward,fall,rise,3.343749962747097,1,-3.3814926147460938,-0.0377426519989967,-6.240867614746094
vitality_variant_0136,vitality_mechanism_setting_004,development,theory,decrease,surface_b,reverse,fall,rise,2.968750063329935,1,-3.024677991867065,-0.0559279285371303,-5.384052753448486
vitality_variant_0137,vitality_mechanism_setting_004,development,reverse,increase,surface_a,forward,fall,rise,6.390625156345777,1,-6.392471790313721,-0.0018466339679434,-10.251846313476562
vitality_variant_0138,vitality_mechanism_setting_004,development,reverse,increase,surface_a,reverse,fall,rise,4.671874959021807,1,-4.682025909423828,-0.0101509504020214,-7.541400909423828
vitality_variant_0139,vitality_mechanism_setting_004,development,reverse,increase,surface_b,forward,fall,rise,7.218749922933057,1,-7.220073699951172,-0.0013237770181149,-7.751323699951172
vitality_variant_0140,vitality_mechanism_setting_004,development,reverse,increase,surface_b,reverse,fall,rise,6.093750035855919,1,-6.09699821472168,-0.0032481788657605,-7.14387321472168
vitality_variant_0141,vitality_mechanism_setting_004,development,reverse,decrease,surface_a,forward,rise,fall,0.4687499701976776,1,-0.4877924025058746,-0.9565423727035522,-14.284667015075684
vitality_variant_0142,vitality_mechanism_setting_004,development,reverse,decrease,surface_a,reverse,rise,fall,3.4375000670552254,1,-0.0324420258402824,-3.469942092895508,-15.407442092895508
vitality_variant_0143,vitality_mechanism_setting_004,development,reverse,decrease,surface_b,forward,rise,fall,-1.1875000298023224,0,-1.4602645635604858,-0.2727645337581634,-5.569639682769775
vitality_variant_0144,vitality_mechanism_setting_004,development,reverse,decrease,surface_b,reverse,rise,fall,-0.671875,0,-1.0900050401687622,-0.4181300401687622,-5.855629920959473
vitality_variant_0145,vitality_mechanism_setting_004,development,neutral,increase,surface_a,forward,same,rise,9.421874888721504,1,-9.422000885009766,-10.859500885009766,-0.0001259962882613
vitality_variant_0146,vitality_mechanism_setting_004,development,neutral,increase,surface_a,reverse,same,rise,10.328125359355909,1,-10.328184127807615,-11.437559127807615,-5.876845170860179e-05
vitality_variant_0147,vitality_mechanism_setting_004,development,neutral,increase,surface_b,forward,same,rise,9.000000255662599,1,-9.0001859664917,-10.2970609664917,-0.0001857108291005
vitality_variant_0148,vitality_mechanism_setting_004,development,neutral,increase,surface_b,reverse,same,rise,9.218750250467563,1,-9.218905448913574,-10.422030448913574,-0.0001551984460093
vitality_variant_0149,vitality_mechanism_setting_004,development,neutral,decrease,surface_a,forward,same,fall,9.328124541803843,1,-9.593942642211914,-9.328317642211914,-0.0001931004080688
vitality_variant_0150,vitality_mechanism_setting_004,development,neutral,decrease,surface_a,reverse,same,fall,9.6562497701525,1,-10.093880653381348,-9.656380653381348,-0.0001308832288486
vitality_variant_0151,vitality_mechanism_setting_004,development,neutral,decrease,surface_b,forward,same,fall,8.45312518515857,1,-9.15661334991455,-8.45348834991455,-0.0003631647559814
vitality_variant_0152,vitality_mechanism_setting_004,development,neutral,decrease,surface_b,reverse,same,fall,8.328124720050255,1,-9.141018867492676,-8.328518867492676,-0.0003941474424209
vitality_variant_0153,vitality_mechanism_setting_004,development,irrelevant_number,registry_up,surface_a,forward,same,rise,7.093750058207661,1,-7.094993591308594,-7.985618591308594,-0.0012435331009328
vitality_variant_0154,vitality_mechanism_setting_004,development,irrelevant_number,registry_up,surface_a,reverse,same,rise,5.625000128056854,1,-5.629831790924072,-6.848581790924072,-0.0048316628672182
vitality_variant_0155,vitality_mechanism_setting_004,development,irrelevant_number,registry_up,surface_b,forward,same,rise,6.859375002561137,1,-6.861136436462402,-7.392386436462402,-0.0017614339012652
vitality_variant_0156,vitality_mechanism_setting_004,development,irrelevant_number,registry_up,surface_b,reverse,same,rise,5.031250112690032,1,-5.040305137634277,-6.087180137634277,-0.0090550249442458
vitality_variant_0157,vitality_mechanism_setting_004,development,irrelevant_number,registry_down,surface_a,forward,same,fall,7.750000066589564,1,-7.204375267028809,-7.751250267028809,-0.0012502004392445
vitality_variant_0158,vitality_mechanism_setting_004,development,irrelevant_number,registry_down,surface_a,reverse,same,fall,6.765625000465661,1,-5.83237886428833,-6.76987886428833,-0.0042538638226687
vitality_variant_0159,vitality_mechanism_setting_004,development,irrelevant_number,registry_down,surface_b,forward,same,fall,7.406250030733645,1,-7.251402854919434,-7.407652854919434,-0.0014028241857886
vitality_variant_0160,vitality_mechanism_setting_004,development,irrelevant_number,registry_down,surface_b,reverse,same,fall,6.2812498938292265,1,-5.692956447601318,-6.286706447601318,-0.0054565537720918
vitality_variant_0161,vitality_mechanism_setting_005,development,default,increase,surface_a,forward,rise,fall,8.09374954062514,1,-0.0025429551023989,-8.096292495727539,-6.236917972564697
vitality_variant_0162,vitality_mechanism_setting_005,development,default,increase,surface_a,reverse,rise,fall,7.562500034458935,1,-0.0013179434463381,-7.563817977905273,-7.641942977905273
vitality_variant_0163,vitality_mechanism_setting_005,development,default,increase,surface_b,forward,rise,fall,9.421874993480742,1,-0.000680929981172,-9.422555923461914,-7.625680923461914
vitality_variant_0164,vitality_mechanism_setting_005,development,default,increase,surface_b,reverse,rise,fall,8.8593751869048,1,-0.0003679313813336,-8.859743118286133,-9.390993118286133
vitality_variant_0165,vitality_mechanism_setting_005,development,default,decrease,surface_a,forward,fall,rise,4.749999780207872,1,-4.767953872680664,-0.0179540924727916,-4.752328872680664
vitality_variant_0166,vitality_mechanism_setting_005,development,default,decrease,surface_a,reverse,fall,rise,4.109375102445483,1,-4.13840389251709,-0.0290287900716066,-4.43527889251709
vitality_variant_0167,vitality_mechanism_setting_005,development,default,decrease,surface_b,forward,fall,rise,4.765625194646418,1,-4.780713081359863,-0.0150878867134451,-5.108838081359863
vitality_variant_0168,vitality_mechanism_setting_005,development,default,decrease,surface_b,reverse,fall,rise,4.281249983236194,1,-4.302870750427246,-0.0216207671910524,-4.927870750427246
vitality_variant_0169,vitality_mechanism_setting_005,development,theory,increase,surface_a,forward,rise,fall,14.156249761629624,1,-9.775113539944869e-06,-14.156259536743164,-13.609384536743164
vitality_variant_0170,vitality_mechanism_setting_005,development,theory,increase,surface_a,reverse,rise,fall,12.718750119447575,1,-2.1815061700181104e-05,-12.718771934509276,-14.234396934509276
vitality_variant_0171,vitality_mechanism_setting_005,development,theory,increase,surface_b,forward,rise,fall,14.73437476162053,1,-8.821448318485636e-06,-14.734383583068848,-13.718758583068848
vitality_variant_0172,vitality_mechanism_setting_005,development,theory,increase,surface_b,reverse,rise,fall,13.125000000130967,1,-1.6212332411669195e-05,-13.12501621246338,-15.57814121246338
vitality_variant_0173,vitality_mechanism_setting_005,development,theory,decrease,surface_a,forward,fall,rise,7.015624910825864,1,-7.0167436599731445,-0.001118749147281,-9.235493659973145
vitality_variant_0174,vitality_mechanism_setting_005,development,theory,decrease,surface_a,reverse,fall,rise,8.0781252841698,1,-8.079023361206055,-0.0008980770362541,-7.610272884368896
vitality_variant_0175,vitality_mechanism_setting_005,development,theory,decrease,surface_b,forward,fall,rise,6.312499952502549,1,-6.314661026000977,-0.0021610734984278,-8.627161026000977
vitality_variant_0176,vitality_mechanism_setting_005,development,theory,decrease,surface_b,reverse,fall,rise,5.968749969266355,1,-5.971826553344727,-0.0030765840783715,-7.909326553344727
vitality_variant_0177,vitality_mechanism_setting_005,development,reverse,increase,surface_a,forward,fall,rise,6.562499925261363,1,-6.564072132110596,-0.0015722068492323,-10.329697608947754
vitality_variant_0178,vitality_mechanism_setting_005,development,reverse,increase,surface_a,reverse,fall,rise,4.937500158324838,1,-4.94556188583374,-0.0080617275089025,-7.36743688583374
vitality_variant_0179,vitality_mechanism_setting_005,development,reverse,increase,surface_b,forward,fall,rise,7.328124787309207,1,-7.329341888427734,-0.0012171011185273,-7.798091888427734
vitality_variant_0180,vitality_mechanism_setting_005,development,reverse,increase,surface_b,reverse,fall,rise,6.234374995576218,1,-6.237260818481445,-0.0028858229052275,-7.206010818481445
vitality_variant_0181,vitality_mechanism_setting_005,development,reverse,decrease,surface_a,forward,rise,fall,1.3749999552965164,1,-0.2269301861524582,-1.6019301414489746,-15.183961868286133
vitality_variant_0182,vitality_mechanism_setting_005,development,reverse,decrease,surface_a,reverse,rise,fall,3.921875083819032,1,-0.0202564354985952,-3.942131519317627,-16.30150604248047
vitality_variant_0183,vitality_mechanism_setting_005,development,reverse,decrease,surface_b,forward,rise,fall,0.8437500298023224,1,-0.362253874540329,-1.2060039043426514,-6.448191165924072
vitality_variant_0184,vitality_mechanism_setting_005,development,reverse,decrease,surface_b,reverse,rise,fall,1.3124999552965164,1,-0.241550013422966,-1.5540499687194824,-7.218112468719482
vitality_variant_0185,vitality_mechanism_setting_005,development,neutral,increase,surface_a,forward,same,rise,10.500000358984837,1,-10.500052452087402,-11.687552452087402,-5.209310256759636e-05
vitality_variant_0186,vitality_mechanism_setting_005,development,neutral,increase,surface_a,reverse,same,rise,11.56249952343569,1,-11.562522888183594,-12.343772888183594,-2.3364747903542597e-05
vitality_variant_0187,vitality_mechanism_setting_005,development,neutral,increase,surface_b,forward,same,rise,9.890625003681636,1,-9.890710830688477,-11.031335830688477,-8.582700684200972e-05
vitality_variant_0188,vitality_mechanism_setting_005,development,neutral,increase,surface_b,reverse,same,rise,10.01562476496474,1,-10.015707015991213,-10.921957015991213,-8.225102646974847e-05
vitality_variant_0189,vitality_mechanism_setting_005,development,neutral,decrease,surface_a,forward,same,fall,9.203124897219825,1,-9.953306198120115,-9.203306198120115,-0.0001813009002944
vitality_variant_0190,vitality_mechanism_setting_005,development,neutral,decrease,surface_a,reverse,same,fall,9.468750366111635,1,-10.453255653381348,-9.468880653381348,-0.0001302872697124
vitality_variant_0191,vitality_mechanism_setting_005,development,neutral,decrease,surface_b,forward,same,fall,8.000000350148184,1,-9.312973022460938,-8.000473022460938,-0.0004726723127532
vitality_variant_0192,vitality_mechanism_setting_005,development,neutral,decrease,surface_b,reverse,same,fall,7.484375019499566,1,-9.203843116760254,-7.485093116760254,-0.0007180972606875
vitality_variant_0193,vitality_mechanism_setting_005,development,irrelevant_number,registry_up,surface_a,forward,same,rise,7.390625181491487,1,-7.391541481018066,-8.329041481018066,-0.0009162995265796
vitality_variant_0194,vitality_mechanism_setting_005,development,irrelevant_number,registry_up,surface_a,reverse,same,rise,5.843749827006832,1,-5.847609043121338,-7.097609043121338,-0.0038592161145061
vitality_variant_0195,vitality_mechanism_setting_005,development,irrelevant_number,registry_up,surface_b,forward,same,rise,7.031250137835741,1,-7.032727241516113,-7.579602241516113,-0.0014771036803722
vitality_variant_0196,vitality_mechanism_setting_005,development,irrelevant_number,registry_up,surface_b,reverse,same,rise,5.156250154599547,1,-5.1642374992370605,-6.2111124992370605,-0.0079873446375131
vitality_variant_0197,vitality_mechanism_setting_005,development,irrelevant_number,registry_down,surface_a,forward,same,fall,8.312500395637471,1,-7.719493389129639,-8.313243865966797,-0.0007434703293256
vitality_variant_0198,vitality_mechanism_setting_005,development,irrelevant_number,registry_down,surface_a,reverse,same,fall,7.26562506519258,1,-6.377514839172363,-7.268139839172363,-0.002514773979783
vitality_variant_0199,vitality_mechanism_setting_005,development,irrelevant_number,registry_down,surface_b,forward,same,fall,7.68749994202517,1,-7.579162120819092,-7.688537120819092,-0.001037178793922
vitality_variant_0200,vitality_mechanism_setting_005,development,irrelevant_number,registry_down,surface_b,reverse,same,fall,6.546874961350113,1,-6.0508294105529785,-6.5508294105529785,-0.0039544492028653
vitality_variant_0201,vitality_mechanism_setting_006,development,default,increase,surface_a,forward,rise,fall,9.062500297150107,1,-0.0009123691706918,-9.0634126663208,-7.375912189483643
vitality_variant_0202,vitality_mechanism_setting_006,development,default,increase,surface_a,reverse,rise,fall,8.593750003783498,1,-0.0004959068610332,-8.594245910644531,-9.203620910644531
vitality_variant_0203,vitality_mechanism_setting_006,development,default,increase,surface_b,forward,rise,fall,10.265624560735889,1,-0.0002741437929216,-10.265898704528809,-8.687773704528809
vitality_variant_0204,vitality_mechanism_setting_006,development,default,increase,surface_b,reverse,rise,fall,9.656249898282113,1,-0.000187021883903,-9.656436920166016,-10.859561920166016
vitality_variant_0205,vitality_mechanism_setting_006,development,default,decrease,surface_a,forward,fall,rise,4.671874813735485,1,-4.688590049743652,-0.0167152360081672,-5.001090049743652
vitality_variant_0206,vitality_mechanism_setting_006,development,default,decrease,surface_a,reverse,fall,rise,4.124999793246388,1,-4.151113510131836,-0.0261137168854475,-4.682363510131836
vitality_variant_0207,vitality_mechanism_setting_006,development,default,decrease,surface_b,forward,fall,rise,4.703124894760549,1,-4.717185497283936,-0.0140606025233864,-5.404685497283936
vitality_variant_0208,vitality_mechanism_setting_006,development,default,decrease,surface_b,reverse,fall,rise,4.187499992549419,1,-4.208763599395752,-0.0212636068463325,-5.193138599395752
vitality_variant_0209,vitality_mechanism_setting_006,development,theory,increase,surface_a,forward,rise,fall,14.765624761605524,1,-6.914114692335716e-06,-14.765631675720217,-14.687506675720217
vitality_variant_0210,vitality_mechanism_setting_006,development,theory,increase,surface_a,reverse,rise,fall,13.343749523286531,1,-1.5735502529423684e-05,-13.343765258789062,-15.437515258789062
vitality_variant_0211,vitality_mechanism_setting_006,development,theory,increase,surface_b,forward,rise,fall,15.343749523188308,1,-7.152531907195225e-06,-15.343756675720217,-14.500006675720217
vitality_variant_0212,vitality_mechanism_setting_006,development,theory,increase,surface_b,reverse,rise,fall,13.656249880868929,1,-1.251689718628768e-05,-13.656262397766112,-16.67188835144043
vitality_variant_0213,vitality_mechanism_setting_006,development,theory,decrease,surface_a,forward,fall,rise,6.7031247990671545,1,-6.704614639282227,-0.001489840215072,-9.032739639282228
vitality_variant_0214,vitality_mechanism_setting_006,development,theory,decrease,surface_a,reverse,fall,rise,7.890625155298039,1,-7.891749382019043,-0.0011242267210036,-7.344874382019043
vitality_variant_0215,vitality_mechanism_setting_006,development,theory,decrease,surface_b,forward,fall,rise,5.406249932013452,1,-5.411283016204834,-0.0050330841913819,-8.223783493041992
vitality_variant_0216,vitality_mechanism_setting_006,development,theory,decrease,surface_b,reverse,fall,rise,5.343749772291631,1,-5.349398612976074,-0.0056488406844437,-7.349398612976074
vitality_variant_0217,vitality_mechanism_setting_006,development,reverse,increase,surface_a,forward,fall,rise,6.45312483527232,1,-6.454858779907227,-0.0017339446349069,-10.236108779907228
vitality_variant_0218,vitality_mechanism_setting_006,development,reverse,increase,surface_a,reverse,fall,rise,4.906250103376806,1,-4.914508819580078,-0.0082587162032723,-7.383258819580078
vitality_variant_0219,vitality_mechanism_setting_006,development,reverse,increase,surface_b,forward,fall,rise,7.203125034458935,1,-7.204442977905273,-0.0013179434463381,-7.766942977905273
vitality_variant_0220,vitality_mechanism_setting_006,development,reverse,increase,surface_b,reverse,fall,rise,6.265624926891178,1,-6.268609046936035,-0.0029841200448572,-7.018609046936035
vitality_variant_0221,vitality_mechanism_setting_006,development,reverse,decrease,surface_a,forward,rise,fall,1.0468749701976776,1,-0.3024818003177643,-1.349356770515442,-14.845450401306152
vitality_variant_0222,vitality_mechanism_setting_006,development,reverse,decrease,surface_a,reverse,rise,fall,3.406249944120645,1,-0.0333929620683193,-3.439642906188965,-15.681830406188965
vitality_variant_0223,vitality_mechanism_setting_006,development,reverse,decrease,surface_b,forward,rise,fall,0.140625,1,-0.6308903098106384,-0.7715153098106384,-6.037140369415283
vitality_variant_0224,vitality_mechanism_setting_006,development,reverse,decrease,surface_b,reverse,rise,fall,0.7031249701976776,1,-0.4062439501285553,-1.109368920326233,-6.632806301116943
vitality_variant_0225,vitality_mechanism_setting_006,development,neutral,increase,surface_a,forward,same,rise,9.656250124309736,1,-9.65635108947754,-11.09385108947754,-0.0001009651678032
vitality_variant_0226,vitality_mechanism_setting_006,development,neutral,increase,surface_a,reverse,same,rise,10.624999881758413,1,-10.625043869018556,-11.828168869018556,-4.39872601418756e-05
vitality_variant_0227,vitality_mechanism_setting_006,development,neutral,increase,surface_b,forward,same,rise,9.578125006330083,1,-9.578237533569336,-10.718862533569336,-0.0001125272392528
vitality_variant_0228,vitality_mechanism_setting_006,development,neutral,increase,surface_b,reverse,same,rise,9.78125036223355,1,-9.781346321105955,-10.828221321105955,-9.595887240720911e-05
vitality_variant_0229,vitality_mechanism_setting_006,development,neutral,decrease,surface_a,forward,same,fall,8.609374569583451,1,-9.437804222106934,-8.609679222106934,-0.0003046525234822
vitality_variant_0230,vitality_mechanism_setting_006,development,neutral,decrease,surface_a,reverse,same,fall,9.12500025461486,1,-10.0470552444458,-9.1251802444458,-0.00017998983094
vitality_variant_0231,vitality_mechanism_setting_006,development,neutral,decrease,surface_b,forward,same,fall,7.859374787425622,1,-9.18803882598877,-7.859913349151611,-0.0005385617259889
vitality_variant_0232,vitality_mechanism_setting_006,development,neutral,decrease,surface_b,reverse,same,fall,7.562500106461812,1,-9.21942138671875,-7.563171863555908,-0.0006717570940963
vitality_variant_0233,vitality_mechanism_setting_006,development,irrelevant_number,registry_up,surface_a,forward,same,rise,7.328125128638931,1,-7.329111099243164,-8.219736099243164,-0.0009859706042334
vitality_variant_0234,vitality_mechanism_setting_006,development,irrelevant_number,registry_up,surface_a,reverse,same,rise,5.687499961815774,1,-5.691882610321045,-7.066882610321045,-0.0043826485052704
vitality_variant_0235,vitality_mechanism_setting_006,development,irrelevant_number,registry_up,surface_b,forward,same,rise,6.937500118045136,1,-6.939118385314941,-7.485993385314941,-0.001618267269805
vitality_variant_0236,vitality_mechanism_setting_006,development,irrelevant_number,registry_up,surface_b,reverse,same,rise,5.0781248062849045,1,-5.086617469787598,-6.195992469787598,-0.0084926635026931
vitality_variant_0237,vitality_mechanism_setting_006,development,irrelevant_number,registry_down,surface_a,forward,same,fall,7.828124976949766,1,-7.1262736320495605,-7.82939863204956,-0.0012736550997942
vitality_variant_0238,vitality_mechanism_setting_006,development,irrelevant_number,registry_down,surface_a,reverse,same,fall,6.671875193715096,1,-5.505511283874512,-6.677386283874512,-0.0055110901594161
vitality_variant_0239,vitality_mechanism_setting_006,development,irrelevant_number,registry_down,surface_b,forward,same,fall,7.265624788124114,1,-6.923649787902832,-7.267399787902832,-0.0017749997787177
vitality_variant_0240,vitality_mechanism_setting_006,development,irrelevant_number,registry_down,surface_b,reverse,same,fall,5.968749929219484,1,-5.087133407592773,-5.977758407592773,-0.0090084783732891
vitality_variant_0241,vitality_mechanism_setting_007,development,default,increase,surface_a,forward,rise,fall,9.281250150350388,1,-0.0007341788732446,-9.281984329223633,-7.610109329223633
vitality_variant_0242,vitality_mechanism_setting_007,development,default,increase,surface_a,reverse,rise,fall,8.59375047616777,1,-0.0004868514079134,-8.594237327575684,-9.109862327575684
vitality_variant_0243,vitality_mechanism_setting_007,development,default,increase,surface_b,forward,rise,fall,10.406250154570444,1,-0.0002659205638337,-10.406516075134276,-8.703391075134277
vitality_variant_0244,vitality_mechanism_setting_007,development,default,increase,surface_b,reverse,rise,fall,9.609374780178769,1,-0.0001928620331455,-9.609567642211914,-10.453317642211914
vitality_variant_0245,vitality_mechanism_setting_007,development,default,decrease,surface_a,forward,fall,rise,3.9375000596046448,1,-3.9693543910980233,-0.0318543314933776,-4.469354152679443
vitality_variant_0246,vitality_mechanism_setting_007,development,default,decrease,surface_a,reverse,fall,rise,3.4375000186264515,1,-3.48342227935791,-0.0459222607314586,-4.34279727935791
vitality_variant_0247,vitality_mechanism_setting_007,development,default,decrease,surface_b,forward,fall,rise,3.999999908730388,1,-4.026776313781738,-0.0267764050513505,-4.854901313781738
vitality_variant_0248,vitality_mechanism_setting_007,development,default,decrease,surface_b,reverse,fall,rise,3.546875037252903,1,-3.583566427230835,-0.0366913899779319,-4.911691188812256
vitality_variant_0249,vitality_mechanism_setting_007,development,theory,increase,surface_a,forward,rise,fall,13.718749761649631,1,-1.168244216387393e-05,-13.718761444091797,-13.515636444091797
vitality_variant_0250,vitality_mechanism_setting_007,development,theory,increase,surface_a,reverse,rise,fall,12.359374523459335,1,-2.43183985730866e-05,-12.35939884185791,-14.04689884185791
vitality_variant_0251,vitality_mechanism_setting_007,development,theory,increase,surface_b,forward,rise,fall,14.187500119284778,1,-1.2278481335670222e-05,-14.187512397766112,-13.468762397766112
vitality_variant_0252,vitality_mechanism_setting_007,development,theory,increase,surface_b,reverse,rise,fall,12.76562523859684,1,-1.883488948806189e-05,-12.765644073486328,-15.390644073486328
vitality_variant_0253,vitality_mechanism_setting_007,development,theory,decrease,surface_a,forward,fall,rise,6.015624809777364,1,-6.018403053283691,-0.0027782435063272,-9.080903053283691
vitality_variant_0254,vitality_mechanism_setting_007,development,theory,decrease,surface_a,reverse,fall,rise,7.125000218511559,1,-7.126679420471191,-0.0016792019596323,-7.236054420471191
vitality_variant_0255,vitality_mechanism_setting_007,development,theory,decrease,surface_b,forward,fall,rise,4.515625039115548,1,-4.527554988861084,-0.0119299497455358,-7.550992488861084
vitality_variant_0256,vitality_mechanism_setting_007,development,theory,decrease,surface_b,reverse,fall,rise,4.218749867752194,1,-4.235247611999512,-0.0164977442473173,-6.610247611999512
vitality_variant_0257,vitality_mechanism_setting_007,development,reverse,increase,surface_a,forward,fall,rise,6.031250090105459,1,-6.033867359161377,-0.0026172690559178,-9.93230438232422
vitality_variant_0258,vitality_mechanism_setting_007,development,reverse,increase,surface_a,reverse,fall,rise,4.328124913387001,1,-4.342228889465332,-0.0141039760783314,-7.357853889465332
vitality_variant_0259,vitality_mechanism_setting_007,development,reverse,increase,surface_b,forward,fall,rise,6.671874972758815,1,-6.673989772796631,-0.0021148000378161,-7.377114772796631
vitality_variant_0260,vitality_mechanism_setting_007,development,reverse,increase,surface_b,reverse,fall,rise,5.624999983701855,1,-5.630019664764404,-0.0050196810625493,-6.770644664764404
vitality_variant_0261,vitality_mechanism_setting_007,development,reverse,decrease,surface_a,forward,rise,fall,0.03125,1,-0.6794565320014954,-0.7107065320014954,-14.39430046081543
vitality_variant_0262,vitality_mechanism_setting_007,development,reverse,decrease,surface_a,reverse,rise,fall,3.093750111758709,1,-0.0452185943722724,-3.138968706130981,-15.576468467712402
vitality_variant_0263,vitality_mechanism_setting_007,development,reverse,decrease,surface_b,forward,rise,fall,-0.234375,0,-0.8232359886169434,-0.5888609886169434,-5.901360988616943
vitality_variant_0264,vitality_mechanism_setting_007,development,reverse,decrease,surface_b,reverse,rise,fall,0.203125,1,-0.6008477807044983,-0.8039727807044983,-6.7024102210998535
vitality_variant_0265,vitality_mechanism_setting_007,development,neutral,increase,surface_a,forward,same,rise,9.421875008163624,1,-9.422002792358398,-10.781377792358398,-0.0001277841947739
vitality_variant_0266,vitality_mechanism_setting_007,development,neutral,increase,surface_a,reverse,same,rise,10.312500001804436,1,-10.312560081481934,-11.375060081481934,-6.007967749610543e-05
vitality_variant_0267,vitality_mechanism_setting_007,development,neutral,increase,surface_b,forward,same,rise,9.84374964608287,1,-9.843835830688477,-11.156335830688477,-8.618460560683161e-05
vitality_variant_0268,vitality_mechanism_setting_007,development,neutral,increase,surface_b,reverse,same,rise,10.312500240383088,1,-10.312562942504885,-11.281312942504885,-6.270212179515511e-05
vitality_variant_0269,vitality_mechanism_setting_007,development,neutral,decrease,surface_a,forward,same,fall,9.093749665669748,1,-9.625215530395508,-9.093965530395508,-0.0002158647257601
vitality_variant_0270,vitality_mechanism_setting_007,development,neutral,decrease,surface_a,reverse,same,fall,9.468750129148248,1,-10.187641143798828,-9.468891143798828,-0.0001410146505804
vitality_variant_0271,vitality_mechanism_setting_007,development,neutral,decrease,surface_b,forward,same,fall,9.390624895211658,1,-9.78141975402832,-9.39079475402832,-0.0001698588166618
vitality_variant_0272,vitality_mechanism_setting_007,development,neutral,decrease,surface_b,reverse,same,fall,9.249999656676664,1,-10.047043800354004,-9.250168800354004,-0.0001691436773398
vitality_variant_0273,vitality_mechanism_setting_007,development,irrelevant_number,registry_up,surface_a,forward,same,rise,6.453125080792233,1,-6.455397605895996,-7.424147605895996,-0.0022725251037627
vitality_variant_0274,vitality_mechanism_setting_007,development,irrelevant_number,registry_up,surface_a,reverse,same,rise,4.6562497820705175,1,-4.668296813964844,-6.074546813964844,-0.0120470318943262
vitality_variant_0275,vitality_mechanism_setting_007,development,irrelevant_number,registry_up,surface_b,forward,same,rise,6.578125064494088,1,-6.580390453338623,-7.174140453338623,-0.0022653888445347
vitality_variant_0276,vitality_mechanism_setting_007,development,irrelevant_number,registry_up,surface_b,reverse,same,rise,4.609374796040356,1,-4.622719764709473,-5.778969764709473,-0.0133449686691164
vitality_variant_0277,vitality_mechanism_setting_007,development,irrelevant_number,registry_down,surface_a,forward,same,fall,6.984375041211024,1,-6.190599918365479,-6.987474918365479,-0.0030998771544545
vitality_variant_0278,vitality_mechanism_setting_007,development,irrelevant_number,registry_down,surface_a,reverse,same,fall,5.734374843537808,1,-4.499122142791748,-5.749122142791748,-0.0147472992539405
vitality_variant_0279,vitality_mechanism_setting_007,development,irrelevant_number,registry_down,surface_b,forward,same,fall,7.124999977881089,1,-6.720867156982422,-7.127117156982422,-0.002117179101333
vitality_variant_0280,vitality_mechanism_setting_007,development,irrelevant_number,registry_down,surface_b,reverse,same,fall,5.828124766238034,1,-4.901337146759033,-5.838837146759033,-0.0107123805209994
vitality_variant_0281,vitality_mechanism_setting_008,development,default,increase,surface_a,forward,rise,fall,9.562499793886673,1,-0.0005504761938937,-9.563050270080566,-7.953675270080566
vitality_variant_0282,vitality_mechanism_setting_008,development,default,increase,surface_a,reverse,rise,fall,8.937500184139935,1,-0.0003603047516662,-8.937860488891602,-9.781610488891602
vitality_variant_0283,vitality_mechanism_setting_008,development,default,increase,surface_b,forward,rise,fall,10.749999896710506,1,-0.0001784403866622,-10.750178337097168,-9.187678337097168
vitality_variant_0284,vitality_mechanism_setting_008,development,default,increase,surface_b,reverse,rise,fall,10.00000036714482,1,-0.0001379156310576,-10.00013828277588,-11.35951328277588
vitality_variant_0285,vitality_mechanism_setting_008,development,default,decrease,surface_a,forward,fall,rise,3.984374964609742,1,-4.01494026184082,-0.0305652972310781,-4.49931526184082
vitality_variant_0286,vitality_mechanism_setting_008,development,default,decrease,surface_a,reverse,fall,rise,3.4531249590218067,1,-3.5000221729278564,-0.0468972139060497,-4.234397411346436
vitality_variant_0287,vitality_mechanism_setting_008,development,default,decrease,surface_b,forward,fall,rise,4.109374990686774,1,-4.133519649505615,-0.0241446588188409,-4.946019649505615
vitality_variant_0288,vitality_mechanism_setting_008,development,default,decrease,surface_b,reverse,fall,rise,3.609375070780516,1,-3.644438982009888,-0.035063911229372,-4.894438743591309
vitality_variant_0289,vitality_mechanism_setting_008,development,theory,increase,surface_a,forward,rise,fall,14.593750000029104,1,-7.629365427419543e-06,-14.593757629394531,-14.500007629394531
vitality_variant_0290,vitality_mechanism_setting_008,development,theory,increase,surface_a,reverse,rise,fall,13.140624642508556,1,-1.6569954823353328e-05,-13.14064121246338,-15.25001621246338
vitality_variant_0291,vitality_mechanism_setting_008,development,theory,increase,surface_b,forward,rise,fall,15.203124761612344,1,-7.867782187531702e-06,-15.203132629394531,-14.328132629394531
vitality_variant_0292,vitality_mechanism_setting_008,development,theory,increase,surface_b,reverse,rise,fall,13.656250000076398,1,-1.23976897157263e-05,-13.656262397766112,-16.578136444091797
vitality_variant_0293,vitality_mechanism_setting_008,development,theory,decrease,surface_a,forward,fall,rise,5.359374839812517,1,-5.364552974700928,-0.0051781348884105,-8.817678451538086
vitality_variant_0294,vitality_mechanism_setting_008,development,theory,decrease,surface_a,reverse,fall,rise,6.125000199535862,1,-6.128575325012207,-0.0035751254763454,-6.784825325012207
vitality_variant_0295,vitality_mechanism_setting_008,development,theory,decrease,surface_b,forward,fall,rise,4.3281250931322575,1,-4.342532157897949,-0.0144070647656917,-7.233157157897949
vitality_variant_0296,vitality_mechanism_setting_008,development,theory,decrease,surface_b,reverse,fall,rise,4.078125087544322,1,-4.097494125366211,-0.0193690378218889,-6.222494125366211
vitality_variant_0297,vitality_mechanism_setting_008,development,reverse,increase,surface_a,forward,fall,rise,6.468749789288268,1,-6.470457077026367,-0.0017072877380996,-10.415769577026367
vitality_variant_0298,vitality_mechanism_setting_008,development,reverse,increase,surface_a,reverse,fall,rise,4.718750115483999,1,-4.7284016609191895,-0.0096515454351902,-7.650276660919189
vitality_variant_0299,vitality_mechanism_setting_008,development,reverse,increase,surface_b,forward,fall,rise,6.906249871244654,1,-6.908071041107178,-0.0018211698625236,-7.392446041107178
vitality_variant_0300,vitality_mechanism_setting_008,development,reverse,increase,surface_b,reverse,fall,rise,5.921874891966581,1,-5.925960063934326,-0.0040851719677448,-6.754085063934326
vitality_variant_0301,vitality_mechanism_setting_008,development,reverse,decrease,surface_a,forward,rise,fall,0.0625,1,-0.6641960740089417,-0.7266960740089417,-14.636852264404297
vitality_variant_0302,vitality_mechanism_setting_008,development,reverse,decrease,surface_a,reverse,rise,fall,2.9375000074505806,1,-0.0525674745440483,-2.990067481994629,-15.380692481994627
vitality_variant_0303,vitality_mechanism_setting_008,development,reverse,decrease,surface_b,forward,rise,fall,-0.15625,0,-0.7805354595184326,-0.6242854595184326,-5.819598197937012
vitality_variant_0304,vitality_mechanism_setting_008,development,reverse,decrease,surface_b,reverse,rise,fall,0.046875,1,-0.6746515035629272,-0.7215265035629272,-6.323089122772217
vitality_variant_0305,vitality_mechanism_setting_008,development,neutral,increase,surface_a,forward,same,rise,9.45312453067163,1,-9.4532470703125,-10.8907470703125,-0.0001225396408699
vitality_variant_0306,vitality_mechanism_setting_008,development,neutral,increase,surface_a,reverse,same,rise,10.328124524829036,1,-10.328182220458984,-11.500057220458984,-5.769562994828448e-05
vitality_variant_0307,vitality_mechanism_setting_008,development,neutral,increase,surface_b,forward,same,rise,9.234375011350494,1,-9.234525680541992,-10.500150680541992,-0.0001506691914983
vitality_variant_0308,vitality_mechanism_setting_008,development,neutral,increase,surface_b,reverse,same,rise,9.56250000687578,1,-9.562617301940918,-10.625117301940918,-0.000117295065138
vitality_variant_0309,vitality_mechanism_setting_008,development,neutral,decrease,surface_a,forward,same,fall,9.093750263898984,1,-9.500226020812988,-9.093976020812988,-0.0002257569140056
vitality_variant_0310,vitality_mechanism_setting_008,development,neutral,decrease,surface_a,reverse,same,fall,9.468750368221665,1,-10.07827091217041,-9.46889591217041,-0.0001455439487472
vitality_variant_0311,vitality_mechanism_setting_008,development,neutral,decrease,surface_b,forward,same,fall,8.468750183092197,1,-9.172232627868652,-8.469107627868652,-0.0003574447764549
vitality_variant_0312,vitality_mechanism_setting_008,development,neutral,decrease,surface_b,reverse,same,fall,8.265625312895281,1,-9.359761238098145,-8.266011238098145,-0.0003859252028632
vitality_variant_0313,vitality_mechanism_setting_008,development,irrelevant_number,registry_up,surface_a,forward,same,rise,7.156250187894329,1,-7.157402992248535,-8.094902992248535,-0.0011528043542057
vitality_variant_0314,vitality_mechanism_setting_008,development,irrelevant_number,registry_up,surface_a,reverse,same,rise,5.484374804887921,1,-5.489858627319336,-6.755483627319336,-0.0054838224314153
vitality_variant_0315,vitality_mechanism_setting_008,development,irrelevant_number,registry_up,surface_b,forward,same,rise,6.843749943538569,1,-6.84547758102417,-7.47047758102417,-0.001727637485601
vitality_variant_0316,vitality_mechanism_setting_008,development,irrelevant_number,registry_up,surface_b,reverse,same,rise,4.906250029802322,1,-4.91644287109375,-5.97894287109375,-0.0101928412914276
vitality_variant_0317,vitality_mechanism_setting_008,development,irrelevant_number,registry_down,surface_a,forward,same,fall,7.656249923747964,1,-6.970243453979492,-7.657743453979492,-0.0014935302315279
vitality_variant_0318,vitality_mechanism_setting_008,development,irrelevant_number,registry_down,surface_a,reverse,same,fall,6.453125071711838,1,-5.396939754486084,-6.459439754486084,-0.0063146827742457
vitality_variant_0319,vitality_mechanism_setting_008,development,irrelevant_number,registry_down,surface_b,forward,same,fall,7.312499847030267,1,-7.079722881317139,-7.314097881317139,-0.0015980342868715
vitality_variant_0320,vitality_mechanism_setting_008,development,irrelevant_number,registry_down,surface_b,reverse,same,fall,5.984374778345227,1,-5.320166110992432,-5.992041110992432,-0.0076663326472043
vitality_variant_0321,vitality_mechanism_setting_009,development,default,increase,surface_a,forward,rise,fall,10.171874823223334,1,-0.0003511289251036,-10.172225952148438,-8.406600952148438
vitality_variant_0322,vitality_mechanism_setting_009,development,default,increase,surface_a,reverse,rise,fall,9.406250155851012,1,-0.0002706876548472,-9.40652084350586,-10.17214584350586
vitality_variant_0323,vitality_mechanism_setting_009,development,default,increase,surface_b,forward,rise,fall,11.125000129832188,1,-0.0001457823382224,-11.12514591217041,-9.35952091217041
vitality_variant_0324,vitality_mechanism_setting_009,development,default,increase,surface_b,reverse,rise,fall,10.218749769657734,1,-0.0001270690263481,-10.218876838684082,-11.406376838684082
vitality_variant_0325,vitality_mechanism_setting_009,development,default,decrease,surface_a,forward,fall,rise,3.421874962747097,1,-3.4752328395843506,-0.0533578768372535,-3.928357839584351
vitality_variant_0326,vitality_mechanism_setting_009,development,default,decrease,surface_a,reverse,fall,rise,2.796874925494194,1,-2.877626180648804,-0.0807512551546096,-3.924501180648804
vitality_variant_0327,vitality_mechanism_setting_009,development,default,decrease,surface_b,forward,fall,rise,3.5781250298023224,1,-3.619031667709351,-0.0409066379070282,-4.400281429290772
vitality_variant_0328,vitality_mechanism_setting_009,development,default,decrease,surface_b,reverse,fall,rise,2.984375089406967,1,-3.045708656311035,-0.0613335669040679,-4.530083656311035
vitality_variant_0329,vitality_mechanism_setting_009,development,theory,increase,surface_a,forward,rise,fall,14.593749523195584,1,-8.106198947643861e-06,-14.593757629394531,-14.109382629394531
vitality_variant_0330,vitality_mechanism_setting_009,development,theory,increase,surface_a,reverse,rise,fall,13.156249523319277,1,-1.764281842042692e-05,-13.156267166137695,-14.734392166137695
vitality_variant_0331,vitality_mechanism_setting_009,development,theory,increase,surface_b,forward,rise,fall,14.796874523203767,1,-9.059865078597795e-06,-14.796883583068848,-13.906258583068848
vitality_variant_0332,vitality_mechanism_setting_009,development,theory,increase,surface_b,reverse,rise,fall,13.218749642494004,1,-1.5616295058862306e-05,-13.218765258789062,-15.937515258789062
vitality_variant_0333,vitality_mechanism_setting_009,development,theory,decrease,surface_a,forward,fall,rise,5.656249817693606,1,-5.660075664520264,-0.0038258468266576,-9.636638641357422
vitality_variant_0334,vitality_mechanism_setting_009,development,theory,decrease,surface_a,reverse,fall,rise,6.093750020023435,1,-6.0970659255981445,-0.0033159055747091,-7.1126909255981445
vitality_variant_0335,vitality_mechanism_setting_009,development,theory,decrease,surface_b,forward,fall,rise,2.46875,1,-2.5554797649383545,-0.0867297649383544,-5.633605003356934
vitality_variant_0336,vitality_mechanism_setting_009,development,theory,decrease,surface_b,reverse,fall,rise,2.000000089406967,1,-2.1364617347717285,-0.1364616453647613,-4.9177117347717285
vitality_variant_0337,vitality_mechanism_setting_009,development,reverse,increase,surface_a,forward,fall,rise,6.531249868450686,1,-6.532861232757568,-0.001611364306882,-10.376611709594728
vitality_variant_0338,vitality_mechanism_setting_009,development,reverse,increase,surface_a,reverse,fall,rise,5.01562519185245,1,-5.02290153503418,-0.0072763431817293,-7.78852653503418
vitality_variant_0339,vitality_mechanism_setting_009,development,reverse,increase,surface_b,forward,fall,rise,6.937500094762072,1,-6.939176559448242,-0.0016764646861702,-7.579801559448242
vitality_variant_0340,vitality_mechanism_setting_009,development,reverse,increase,surface_b,reverse,fall,rise,5.7968751564621925,1,-5.801053047180176,-0.0041778907179832,-7.004178047180176
vitality_variant_0341,vitality_mechanism_setting_009,development,reverse,decrease,surface_a,forward,rise,fall,0.171875,1,-0.6126300692558289,-0.7845050692558289,-14.182942390441896
vitality_variant_0342,vitality_mechanism_setting_009,development,reverse,decrease,surface_a,reverse,rise,fall,3.203125,1,-0.0406596660614013,-3.2437846660614014,-15.37659740447998
vitality_variant_0343,vitality_mechanism_setting_009,development,reverse,decrease,surface_b,forward,rise,fall,-1.1874999701976776,0,-1.459731101989746,-0.2722311317920685,-5.694106101989746
vitality_variant_0344,vitality_mechanism_setting_009,development,reverse,decrease,surface_b,reverse,rise,fall,-0.9687499701976776,0,-1.2954976558685305,-0.3267476856708526,-5.943935394287109
vitality_variant_0345,vitality_mechanism_setting_009,development,neutral,increase,surface_a,forward,same,rise,9.796875004190952,1,-9.796966552734377,-11.156341552734377,-9.154854342341424e-05
vitality_variant_0346,vitality_mechanism_setting_009,development,neutral,increase,surface_a,reverse,same,rise,10.906249762247173,1,-10.906286239624023,-11.968786239624023,-3.6477376852417365e-05
vitality_variant_0347,vitality_mechanism_setting_009,development,neutral,increase,surface_b,forward,same,rise,9.406250127474776,1,-9.406378746032717,-10.672003746032717,-0.0001286185579374
vitality_variant_0348,vitality_mechanism_setting_009,development,neutral,increase,surface_b,reverse,same,rise,9.828125123567588,1,-9.828218460083008,-10.859468460083008,-9.333651541965082e-05
vitality_variant_0349,vitality_mechanism_setting_009,development,neutral,decrease,surface_a,forward,same,fall,9.624999773252055,1,-9.797027587890623,-9.625152587890623,-0.000152814638568
vitality_variant_0350,vitality_mechanism_setting_009,development,neutral,decrease,surface_a,reverse,same,fall,10.04687536223355,1,-10.359471321105955,-10.046971321105955,-9.595887240720911e-05
vitality_variant_0351,vitality_mechanism_setting_009,development,neutral,decrease,surface_b,forward,same,fall,8.82812467837357,1,-9.37526798248291,-8.82839298248291,-0.0002683041093405
vitality_variant_0352,vitality_mechanism_setting_009,development,neutral,decrease,surface_b,reverse,same,fall,8.734375036408892,1,-9.531519889831545,-8.734644889831543,-0.000269853422651
vitality_variant_0353,vitality_mechanism_setting_009,development,irrelevant_number,registry_up,surface_a,forward,same,rise,7.593749932828359,1,-7.594511985778809,-8.500761985778809,-0.0007620529504492
vitality_variant_0354,vitality_mechanism_setting_009,development,irrelevant_number,registry_up,surface_a,reverse,same,rise,6.078124946914613,1,-6.081155300140381,-7.393655300140381,-0.0030303532257676
vitality_variant_0355,vitality_mechanism_setting_009,development,irrelevant_number,registry_up,surface_b,forward,same,rise,7.203124846448191,1,-7.204389572143555,-7.720014572143555,-0.0012647256953641
vitality_variant_0356,vitality_mechanism_setting_009,development,irrelevant_number,registry_up,surface_b,reverse,same,rise,5.296875163447112,1,-5.303727149963379,-6.413102149963379,-0.006851986516267
vitality_variant_0357,vitality_mechanism_setting_009,development,irrelevant_number,registry_down,surface_a,forward,same,fall,8.26562460756395,1,-7.625803470611572,-8.266427993774414,-0.0008033862104639
vitality_variant_0358,vitality_mechanism_setting_009,development,irrelevant_number,registry_down,surface_a,reverse,same,fall,7.250000054016709,1,-6.2215728759765625,-7.252822875976562,-0.0028228219598531
vitality_variant_0359,vitality_mechanism_setting_009,development,irrelevant_number,registry_down,surface_b,forward,same,fall,7.812500208150595,1,-7.657195091247559,-7.813445091247559,-0.0009448830969631
vitality_variant_0360,vitality_mechanism_setting_009,development,irrelevant_number,registry_down,surface_b,reverse,same,fall,6.703124979278073,1,-6.066210746765137,-6.706835746765137,-0.003710767487064
vitality_variant_0361,vitality_mechanism_setting_010,development,default,increase,surface_a,forward,rise,fall,7.468750092200935,1,-0.0036443741992115,-7.472394466400146,-5.9098944664001465
vitality_variant_0362,vitality_mechanism_setting_010,development,default,increase,surface_a,reverse,rise,fall,7.187500038766302,1,-0.0017137139802798,-7.189213752746582,-7.423588752746582
vitality_variant_0363,vitality_mechanism_setting_010,development,default,increase,surface_b,forward,rise,fall,8.828124861698598,1,-0.0009566736407577,-8.829081535339355,-7.3134565353393555
vitality_variant_0364,vitality_mechanism_setting_010,development,default,increase,surface_b,reverse,rise,fall,8.437499762163498,1,-0.0004894727608188,-8.437989234924316,-9.141114234924316
vitality_variant_0365,vitality_mechanism_setting_010,development,default,decrease,surface_a,forward,fall,rise,4.640625163912773,1,-4.661105632781982,-0.0204804688692092,-4.598605632781982
vitality_variant_0366,vitality_mechanism_setting_010,development,default,decrease,surface_a,reverse,fall,rise,4.031250178813934,1,-4.062614440917969,-0.0313642621040344,-4.359489440917969
vitality_variant_0367,vitality_mechanism_setting_010,development,default,decrease,surface_b,forward,fall,rise,4.593750225380063,1,-4.61174201965332,-0.0179917942732572,-4.92424201965332
vitality_variant_0368,vitality_mechanism_setting_010,development,default,decrease,surface_b,reverse,fall,rise,4.078125035390258,1,-4.10398530960083,-0.0258602742105722,-4.79148530960083
vitality_variant_0369,vitality_mechanism_setting_010,development,theory,increase,surface_a,forward,rise,fall,13.718750119284778,1,-1.2278481335670222e-05,-13.718762397766112,-13.281262397766112
vitality_variant_0370,vitality_mechanism_setting_010,development,theory,increase,surface_a,reverse,rise,fall,12.45312500030741,1,-2.47952248173533e-05,-12.453149795532228,-14.031274795532228
vitality_variant_0371,vitality_mechanism_setting_010,development,theory,increase,surface_b,forward,rise,fall,14.250000357700628,1,-1.2040065485052764e-05,-14.250012397766112,-13.265637397766112
vitality_variant_0372,vitality_mechanism_setting_010,development,theory,increase,surface_b,reverse,rise,fall,12.828124642561306,1,-1.943092502187937e-05,-12.828144073486328,-15.250019073486328
vitality_variant_0373,vitality_mechanism_setting_010,development,theory,decrease,surface_a,forward,fall,rise,6.499999903491698,1,-6.501838684082031,-0.001838780590333,-8.720588684082031
vitality_variant_0374,vitality_mechanism_setting_010,development,theory,decrease,surface_a,reverse,fall,rise,7.515625181840733,1,-7.517131805419922,-0.0015066235791891,-7.095256805419922
vitality_variant_0375,vitality_mechanism_setting_010,development,theory,decrease,surface_b,forward,fall,rise,5.781249788356945,1,-5.78494119644165,-0.0036914080847054,-7.92556619644165
vitality_variant_0376,vitality_mechanism_setting_010,development,theory,decrease,surface_b,reverse,fall,rise,5.234375208616257,1,-5.240841388702393,-0.0064661800861358,-7.037716388702393
vitality_variant_0377,vitality_mechanism_setting_010,development,reverse,increase,surface_a,forward,fall,rise,6.32812517369166,1,-6.330105304718018,-0.0019801310263574,-9.98635482788086
vitality_variant_0378,vitality_mechanism_setting_010,development,reverse,increase,surface_a,reverse,fall,rise,4.749999823048711,1,-4.7596211433410645,-0.0096213202923536,-7.275246143341064
vitality_variant_0379,vitality_mechanism_setting_010,development,reverse,increase,surface_b,forward,fall,rise,7.015625098720193,1,-7.017303943634033,-0.0016788449138402,-7.423553943634033
vitality_variant_0380,vitality_mechanism_setting_010,development,reverse,increase,surface_b,reverse,fall,rise,6.031249943422154,1,-6.034918785095215,-0.0036688416730612,-6.863043785095215
vitality_variant_0381,vitality_mechanism_setting_010,development,reverse,decrease,surface_a,forward,rise,fall,1.765625,1,-0.1593753099441528,-1.9250003099441528,-15.065625190734863
vitality_variant_0382,vitality_mechanism_setting_010,development,reverse,decrease,surface_a,reverse,rise,fall,3.8125000558793545,1,-0.0225736536085605,-3.835073709487915,-15.639760971069336
vitality_variant_0383,vitality_mechanism_setting_010,development,reverse,decrease,surface_b,forward,rise,fall,0.140625,1,-0.6310261487960815,-0.7716511487960815,-6.029463768005371
vitality_variant_0384,vitality_mechanism_setting_010,development,reverse,decrease,surface_b,reverse,rise,fall,0.8906249701976776,1,-0.3478195965290069,-1.2384445667266846,-6.769694805145264
vitality_variant_0385,vitality_mechanism_setting_010,development,neutral,increase,surface_a,forward,same,rise,9.53124953009683,1,-9.531367301940918,-10.828242301940918,-0.0001177718440885
vitality_variant_0386,vitality_mechanism_setting_010,development,neutral,increase,surface_a,reverse,same,rise,10.531250001324224,1,-10.531301498413086,-11.500051498413086,-5.149708886165172e-05
vitality_variant_0387,vitality_mechanism_setting_010,development,neutral,increase,surface_b,forward,same,rise,9.015625375745005,1,-9.01581573486328,-10.14081573486328,-0.0001903591182781
vitality_variant_0388,vitality_mechanism_setting_010,development,neutral,increase,surface_b,reverse,same,rise,8.953124663457857,1,-8.953330039978027,-10.000205039978027,-0.0002053765201708
vitality_variant_0389,vitality_mechanism_setting_010,development,neutral,decrease,surface_a,forward,same,fall,8.624999694438884,1,-9.234697341918944,-8.625322341918945,-0.0003226474800612
vitality_variant_0390,vitality_mechanism_setting_010,development,neutral,decrease,surface_a,reverse,same,fall,9.078124780557118,1,-9.906444549560549,-9.078319549560549,-0.0001947690034285
vitality_variant_0391,vitality_mechanism_setting_010,development,neutral,decrease,surface_b,forward,same,fall,7.421874979219865,1,-8.750821113586426,-7.422695636749268,-0.0008206575294025
vitality_variant_0392,vitality_mechanism_setting_010,development,neutral,decrease,surface_b,reverse,same,fall,6.906249818392098,1,-8.704367637634277,-6.907492160797119,-0.0012423424050211
vitality_variant_0393,vitality_mechanism_setting_010,development,irrelevant_number,registry_up,surface_a,forward,same,rise,6.437500019790605,1,-6.439899444580078,-7.268024444580078,-0.0023994247894734
vitality_variant_0394,vitality_mechanism_setting_010,development,irrelevant_number,registry_up,surface_a,reverse,same,rise,4.656249972991645,1,-4.668603897094727,-5.949853897094727,-0.0123539241030812
vitality_variant_0395,vitality_mechanism_setting_010,development,irrelevant_number,registry_up,surface_b,forward,same,rise,6.26562494202517,1,-6.2688069343566895,-6.7688069343566895,-0.0031819923315197
vitality_variant_0396,vitality_mechanism_setting_010,development,irrelevant_number,registry_up,surface_b,reverse,same,rise,4.265624763444066,1,-4.284768581390381,-5.347268581390381,-0.0191438179463148
vitality_variant_0397,vitality_mechanism_setting_010,development,irrelevant_number,registry_down,surface_a,forward,same,fall,7.234375223284587,1,-6.689563751220703,-7.236438751220703,-0.0020635279361158
vitality_variant_0398,vitality_mechanism_setting_010,development,irrelevant_number,registry_down,surface_a,reverse,same,fall,6.109375010244548,1,-5.164439678192139,-6.117564678192139,-0.0081896679475903
vitality_variant_0399,vitality_mechanism_setting_010,development,irrelevant_number,registry_down,surface_b,forward,same,fall,6.9999999748542905,1,-6.814615726470947,-7.002115726470947,-0.0021157516166567
vitality_variant_0400,vitality_mechanism_setting_010,development,irrelevant_number,registry_down,surface_b,reverse,same,fall,5.749999906867743,1,-5.087779521942139,-5.759654521942139,-0.0096546150743961
vitality_variant_0401,vitality_mechanism_setting_011,confirmation,default,increase,surface_c,forward,rise,fall,9.765624544816092,1,-0.0005306981038302,-9.766155242919922,-7.98490571975708
vitality_variant_0402,vitality_mechanism_setting_011,confirmation,default,increase,surface_c,reverse,rise,fall,9.437499555468094,1,-0.0002541219000704,-9.437753677368164,-10.344003677368164
vitality_variant_0403,vitality_mechanism_setting_011,confirmation,default,increase,surface_d,forward,rise,fall,11.25000013683166,1,-0.0001877370086731,-11.250187873840332,-9.031437873840332
vitality_variant_0404,vitality_mechanism_setting_011,confirmation,default,increase,surface_d,reverse,rise,fall,10.359375365034794,1,-0.0001217052777064,-10.3594970703125,-11.2657470703125
vitality_variant_0405,vitality_mechanism_setting_011,confirmation,default,decrease,surface_c,forward,fall,rise,5.062500195577741,1,-5.075193405151367,-0.0126932095736265,-5.153318405151367
vitality_variant_0406,vitality_mechanism_setting_011,confirmation,default,decrease,surface_c,reverse,fall,rise,4.453125137835741,1,-4.472102642059326,-0.0189775042235851,-5.003352642059326
vitality_variant_0407,vitality_mechanism_setting_011,confirmation,default,decrease,surface_d,forward,fall,rise,5.562499925959855,1,-5.5695905685424805,-0.0070906425826251,-5.8352155685424805
vitality_variant_0408,vitality_mechanism_setting_011,confirmation,default,decrease,surface_d,reverse,fall,rise,4.68749993853271,1,-4.7010579109191895,-0.0135579723864793,-5.5448079109191895
vitality_variant_0409,vitality_mechanism_setting_011,confirmation,theory,increase,surface_c,forward,rise,fall,16.42187488080799,1,-5.841237907588948e-06,-16.4218807220459,-15.000005722045898
vitality_variant_0410,vitality_mechanism_setting_011,confirmation,theory,increase,surface_c,reverse,rise,fall,14.70312476162053,1,-8.821448318485636e-06,-14.703133583068848,-17.562509536743164
vitality_variant_0411,vitality_mechanism_setting_011,confirmation,theory,increase,surface_d,forward,rise,fall,16.328125238433586,1,-5.483612312673358e-06,-16.3281307220459,-15.593755722045898
vitality_variant_0412,vitality_mechanism_setting_011,confirmation,theory,increase,surface_d,reverse,rise,fall,14.546874880837096,1,-9.65590606938349e-06,-14.546884536743164,-17.265634536743164
vitality_variant_0413,vitality_mechanism_setting_011,confirmation,theory,decrease,surface_c,forward,fall,rise,10.156250127984094,1,-10.15638256072998,-0.000132432745886,-9.62513256072998
vitality_variant_0414,vitality_mechanism_setting_011,confirmation,theory,decrease,surface_c,reverse,fall,rise,9.75000038118742,1,-9.75021743774414,-0.0002170565567212,-8.93771743774414
vitality_variant_0415,vitality_mechanism_setting_011,confirmation,theory,decrease,surface_d,forward,fall,rise,3.859375091269612,1,-3.8834309577941895,-0.0240558665245771,-6.1021809577941895
vitality_variant_0416,vitality_mechanism_setting_011,confirmation,theory,decrease,surface_d,reverse,fall,rise,3.124999925494194,1,-3.1768765449523926,-0.0518766194581985,-4.880001544952393
vitality_variant_0417,vitality_mechanism_setting_011,confirmation,reverse,increase,surface_c,forward,fall,rise,5.656250178813934,1,-5.660993099212647,-0.0047429203987121,-7.020368099212647
vitality_variant_0418,vitality_mechanism_setting_011,confirmation,reverse,increase,surface_c,reverse,fall,rise,4.109374923631549,1,-4.127707958221436,-0.0183330345898866,-6.471457958221436
vitality_variant_0419,vitality_mechanism_setting_011,confirmation,reverse,increase,surface_d,forward,fall,rise,9.484375020430887,1,-9.484577178955078,-0.0002021585241891,-9.453327178955078
vitality_variant_0420,vitality_mechanism_setting_011,confirmation,reverse,increase,surface_d,reverse,fall,rise,7.4218751933658496,1,-7.422804355621338,-0.0009291622554883,-8.32905387878418
vitality_variant_0421,vitality_mechanism_setting_011,confirmation,reverse,decrease,surface_c,forward,rise,fall,2.890625100582838,1,-0.0556668229401111,-2.946291923522949,-8.21972942352295
vitality_variant_0422,vitality_mechanism_setting_011,confirmation,reverse,decrease,surface_c,reverse,rise,fall,3.750000094994903,1,-0.0242802146822214,-3.774280309677124,-10.493030548095703
vitality_variant_0423,vitality_mechanism_setting_011,confirmation,reverse,decrease,surface_d,forward,rise,fall,-1.5624999701976776,0,-1.757399082183838,-0.1948991119861602,-5.960524082183838
vitality_variant_0424,vitality_mechanism_setting_011,confirmation,reverse,decrease,surface_d,reverse,rise,fall,0.171875,1,-0.6136711239814758,-0.7855461239814758,-7.55898380279541
vitality_variant_0425,vitality_mechanism_setting_011,confirmation,neutral,increase,surface_c,forward,same,rise,6.03124983375892,1,-6.034509181976318,-7.206384181976318,-0.0032593482173979
vitality_variant_0426,vitality_mechanism_setting_011,confirmation,neutral,increase,surface_c,reverse,same,rise,5.484375024680048,1,-5.489307403564453,-7.317432403564453,-0.0049323788844048
vitality_variant_0427,vitality_mechanism_setting_011,confirmation,neutral,increase,surface_d,forward,same,rise,9.875000126077794,1,-9.875117301940918,-10.390742301940918,-0.0001171758631244
vitality_variant_0428,vitality_mechanism_setting_011,confirmation,neutral,increase,surface_d,reverse,same,rise,9.578124531384674,1,-9.578252792358398,-10.468877792358398,-0.0001282609737245
vitality_variant_0429,vitality_mechanism_setting_011,confirmation,neutral,decrease,surface_c,forward,same,fall,4.453125218860805,1,-7.168832778930664,-4.465707778930664,-0.012582560069859
vitality_variant_0430,vitality_mechanism_setting_011,confirmation,neutral,decrease,surface_c,reverse,same,fall,4.906249773688614,1,-7.305108070373535,-4.914483070373535,-0.0082332966849207
vitality_variant_0431,vitality_mechanism_setting_011,confirmation,neutral,decrease,surface_d,forward,same,fall,4.828124995343387,1,-6.197851181030273,-4.838476181030273,-0.0103511856868863
vitality_variant_0432,vitality_mechanism_setting_011,confirmation,neutral,decrease,surface_d,reverse,same,fall,4.484375234693289,1,-5.702472686767578,-4.499347686767578,-0.0149724520742893
vitality_variant_0433,vitality_mechanism_setting_011,confirmation,irrelevant_number,registry_up,surface_c,forward,same,rise,4.656249990686774,1,-4.670325756072998,-5.451575756072998,-0.0140757653862237
vitality_variant_0434,vitality_mechanism_setting_011,confirmation,irrelevant_number,registry_up,surface_c,reverse,same,rise,1.8906249105930328,1,-2.05240249633789,-3.94302749633789,-0.1617775857448578
vitality_variant_0435,vitality_mechanism_setting_011,confirmation,irrelevant_number,registry_up,surface_d,forward,same,rise,7.32812490419019,1,-7.329124927520752,-8.20412540435791,-0.0010000233305618
vitality_variant_0436,vitality_mechanism_setting_011,confirmation,irrelevant_number,registry_up,surface_d,reverse,same,rise,6.109375002095476,1,-6.112423419952393,-7.284298419952393,-0.0030484178569167
vitality_variant_0437,vitality_mechanism_setting_011,confirmation,irrelevant_number,registry_down,surface_c,forward,same,fall,5.078124876134098,1,-5.090811729431152,-5.090811729431152,-0.0126868532970547
vitality_variant_0438,vitality_mechanism_setting_011,confirmation,irrelevant_number,registry_down,surface_c,reverse,same,fall,3.796874895691872,1,-2.922356367111206,-3.875481367111206,-0.0786064714193344
vitality_variant_0439,vitality_mechanism_setting_011,confirmation,irrelevant_number,registry_down,surface_d,forward,same,fall,8.062499906518497,1,-7.391627311706543,-8.063502311706543,-0.0010024051880463
vitality_variant_0440,vitality_mechanism_setting_011,confirmation,irrelevant_number,registry_down,surface_d,reverse,same,fall,7.156250085448846,1,-6.2216668128967285,-7.1591668128967285,-0.0029167274478822
vitality_variant_0441,vitality_mechanism_setting_012,confirmation,default,increase,surface_c,forward,rise,fall,9.890624719671903,1,-0.0003931941464543,-9.89101791381836,-8.35976791381836
vitality_variant_0442,vitality_mechanism_setting_012,confirmation,default,increase,surface_c,reverse,rise,fall,9.31249991155346,1,-0.0002480437688063,-9.312747955322266,-10.422122955322266
vitality_variant_0443,vitality_mechanism_setting_012,confirmation,default,increase,surface_d,forward,rise,fall,11.32812536849815,1,-0.0001474510208936,-11.328272819519045,-9.328272819519045
vitality_variant_0444,vitality_mechanism_setting_012,confirmation,default,increase,surface_d,reverse,rise,fall,10.499999528321496,1,-0.0001015611560433,-10.50010108947754,-11.48447608947754
vitality_variant_0445,vitality_mechanism_setting_012,confirmation,default,decrease,surface_c,forward,fall,rise,3.859375089406967,1,-3.892277240753174,-0.0329021513462066,-4.517277240753174
vitality_variant_0446,vitality_mechanism_setting_012,confirmation,default,decrease,surface_c,reverse,fall,rise,3.406250063329935,1,-3.448846340179444,-0.0425962768495082,-4.730096340179443
vitality_variant_0447,vitality_mechanism_setting_012,confirmation,default,decrease,surface_d,forward,fall,rise,4.468750199303031,1,-4.485196113586426,-0.0164459142833948,-5.407071113586426
vitality_variant_0448,vitality_mechanism_setting_012,confirmation,default,decrease,surface_d,reverse,fall,rise,4.078125054016709,1,-4.099363803863525,-0.021238749846816,-5.568113803863525
vitality_variant_0449,vitality_mechanism_setting_012,confirmation,theory,increase,surface_c,forward,rise,fall,15.578124761612344,1,-7.867782187531702e-06,-15.578132629394531,-14.250007629394531
vitality_variant_0450,vitality_mechanism_setting_012,confirmation,theory,increase,surface_c,reverse,rise,fall,13.796875357700628,1,-1.2040065485052764e-05,-13.796887397766112,-16.375011444091797
vitality_variant_0451,vitality_mechanism_setting_012,confirmation,theory,increase,surface_d,forward,rise,fall,16.06249988080799,1,-5.841237907588948e-06,-16.0625057220459,-15.265630722045898
vitality_variant_0452,vitality_mechanism_setting_012,confirmation,theory,increase,surface_d,reverse,rise,fall,14.234374523222868,1,-1.0967194612021558e-05,-14.23438549041748,-16.875011444091797
vitality_variant_0453,vitality_mechanism_setting_012,confirmation,theory,decrease,surface_c,forward,fall,rise,9.093749795516487,1,-9.09401035308838,-0.0002605575718916,-9.17213535308838
vitality_variant_0454,vitality_mechanism_setting_012,confirmation,theory,decrease,surface_c,reverse,fall,rise,8.703125323954737,1,-8.70353889465332,-0.0004135706985834,-8.50041389465332
vitality_variant_0455,vitality_mechanism_setting_012,confirmation,theory,decrease,surface_d,forward,fall,rise,2.624999932944774,1,-2.699124336242676,-0.0741244032979011,-5.949124336242676
vitality_variant_0456,vitality_mechanism_setting_012,confirmation,theory,decrease,surface_d,reverse,fall,rise,1.6718749701976776,1,-1.8534942865371704,-0.1816193163394928,-4.962869167327881
vitality_variant_0457,vitality_mechanism_setting_012,confirmation,reverse,increase,surface_c,forward,fall,rise,6.03125011944212,1,-6.034998416900635,-0.0037482974585145,-6.894373416900635
vitality_variant_0458,vitality_mechanism_setting_012,confirmation,reverse,increase,surface_c,reverse,fall,rise,4.359374845400453,1,-4.374258041381836,-0.0148831959813833,-6.374258041381836
vitality_variant_0459,vitality_mechanism_setting_012,confirmation,reverse,increase,surface_d,forward,fall,rise,9.7656246588449,1,-9.765806198120115,-0.0001815392752178,-9.437681198120115
vitality_variant_0460,vitality_mechanism_setting_012,confirmation,reverse,increase,surface_d,reverse,fall,rise,7.718749768740963,1,-7.7194504737854,-0.0007007050444371,-8.610075950622559
vitality_variant_0461,vitality_mechanism_setting_012,confirmation,reverse,decrease,surface_c,forward,rise,fall,2.843749944120645,1,-0.0582929216325283,-2.902042865753174,-8.120793342590332
vitality_variant_0462,vitality_mechanism_setting_012,confirmation,reverse,decrease,surface_c,reverse,rise,fall,3.765625094994903,1,-0.0239726547151803,-3.789597749710083,-10.633347511291504
vitality_variant_0463,vitality_mechanism_setting_012,confirmation,reverse,decrease,surface_d,forward,rise,fall,-2.187500096857548,0,-2.297459602355957,-0.1099595054984092,-6.188084602355957
vitality_variant_0464,vitality_mechanism_setting_012,confirmation,reverse,decrease,surface_d,reverse,rise,fall,-0.609375,0,-1.0462247133255005,-0.4368497133255005,-7.405599594116211
vitality_variant_0465,vitality_mechanism_setting_012,confirmation,neutral,increase,surface_c,forward,same,rise,5.546875116415322,1,-5.551826000213623,-7.004951000213623,-0.0049508837983012
vitality_variant_0466,vitality_mechanism_setting_012,confirmation,neutral,increase,surface_c,reverse,same,rise,5.343750200700015,1,-5.349411487579346,-7.193161487579346,-0.0056612868793308
vitality_variant_0467,vitality_mechanism_setting_012,confirmation,neutral,increase,surface_d,forward,same,rise,10.28124988431955,1,-10.281333923339844,-10.781333923339844,-8.40390202938579e-05
vitality_variant_0468,vitality_mechanism_setting_012,confirmation,neutral,increase,surface_d,reverse,same,rise,10.296875002837623,1,-10.296950340270996,-11.000075340270996,-7.533743337262422e-05
vitality_variant_0469,vitality_mechanism_setting_012,confirmation,neutral,decrease,surface_c,forward,same,fall,4.8437502244487405,1,-7.008962154388428,-4.852712154388428,-0.0089619299396872
vitality_variant_0470,vitality_mechanism_setting_012,confirmation,neutral,decrease,surface_c,reverse,same,fall,5.343749944586307,1,-7.115116596221924,-5.349491596221924,-0.005741651635617
vitality_variant_0471,vitality_mechanism_setting_012,confirmation,neutral,decrease,surface_d,forward,same,fall,6.781249989755452,1,-7.236382484436035,-6.783257484436035,-0.0020074946805834
vitality_variant_0472,vitality_mechanism_setting_012,confirmation,neutral,decrease,surface_d,reverse,same,fall,6.531249802792445,1,-6.924473285675049,-6.533848285675049,-0.002598482882604
vitality_variant_0473,vitality_mechanism_setting_012,confirmation,irrelevant_number,registry_up,surface_c,forward,same,rise,4.390624767169356,1,-4.409663677215576,-5.065913677215576,-0.0190389100462198
vitality_variant_0474,vitality_mechanism_setting_012,confirmation,irrelevant_number,registry_up,surface_c,reverse,same,rise,1.5781250149011612,1,-1.792718768119812,-3.6989686489105225,-0.2145937532186508
vitality_variant_0475,vitality_mechanism_setting_012,confirmation,irrelevant_number,registry_up,surface_d,forward,same,rise,7.171874768799171,1,-7.173076629638672,-7.938701629638672,-0.001201860839501
vitality_variant_0476,vitality_mechanism_setting_012,confirmation,irrelevant_number,registry_up,surface_d,reverse,same,rise,5.781249816063792,1,-5.785516262054443,-6.894891262054443,-0.0042664459906518
vitality_variant_0477,vitality_mechanism_setting_012,confirmation,irrelevant_number,registry_down,surface_c,forward,same,fall,3.2343749701976776,1,-4.072257518768311,-3.2910075187683105,-0.0566325485706329
vitality_variant_0478,vitality_mechanism_setting_012,confirmation,irrelevant_number,registry_down,surface_c,reverse,same,fall,2.1406250596046448,1,-1.9142699241638184,-2.4142699241638184,-0.2736448645591736
vitality_variant_0479,vitality_mechanism_setting_012,confirmation,irrelevant_number,registry_down,surface_d,forward,same,fall,7.812500182422809,1,-7.313648223876953,-7.813648223876953,-0.0011480414541438
vitality_variant_0480,vitality_mechanism_setting_012,confirmation,irrelevant_number,registry_down,surface_d,reverse,same,fall,6.890625172760338,1,-6.066000461578369,-6.894125461578369,-0.0035002888180315
vitality_variant_0481,vitality_mechanism_setting_013,confirmation,default,increase,surface_c,forward,rise,fall,9.609374549880158,1,-0.0005402297829277,-9.609914779663086,-8.016164779663086
vitality_variant_0482,vitality_mechanism_setting_013,confirmation,default,increase,surface_c,reverse,rise,fall,9.2656251595472,1,-0.0002840353990904,-9.265909194946287,-10.265909194946287
vitality_variant_0483,vitality_mechanism_setting_013,confirmation,default,increase,surface_d,forward,rise,fall,11.015624903026035,1,-0.0002108589978888,-11.015835762023926,-8.937710762023926
vitality_variant_0484,vitality_mechanism_setting_013,confirmation,default,increase,surface_d,reverse,rise,fall,10.250000247557182,1,-0.0001351741957478,-10.25013542175293,-11.12513542175293
vitality_variant_0485,vitality_mechanism_setting_013,confirmation,default,decrease,surface_c,forward,fall,rise,4.062499765306711,1,-4.091947078704834,-0.0294473133981227,-4.482572078704834
vitality_variant_0486,vitality_mechanism_setting_013,confirmation,default,decrease,surface_c,reverse,fall,rise,3.624999929219484,1,-3.6616756916046143,-0.0366757623851299,-4.677300930023193
vitality_variant_0487,vitality_mechanism_setting_013,confirmation,default,decrease,surface_d,forward,fall,rise,4.609374990686774,1,-4.625363349914551,-0.0159883592277765,-5.203488349914551
vitality_variant_0488,vitality_mechanism_setting_013,confirmation,default,decrease,surface_d,reverse,fall,rise,4.046875020489097,1,-4.069629192352295,-0.0227541718631982,-5.350879192352295
vitality_variant_0489,vitality_mechanism_setting_013,confirmation,theory,increase,surface_c,forward,rise,fall,15.62499988082891,1,-8.702239938429557e-06,-15.625008583068848,-14.109383583068848
vitality_variant_0490,vitality_mechanism_setting_013,confirmation,theory,increase,surface_c,reverse,rise,fall,14.093749761649631,1,-1.168244216387393e-05,-14.093761444091797,-16.562511444091797
vitality_variant_0491,vitality_mechanism_setting_013,confirmation,theory,increase,surface_d,forward,rise,fall,15.734374642396688,1,-7.033323527139146e-06,-15.734381675720217,-14.968756675720217
vitality_variant_0492,vitality_mechanism_setting_013,confirmation,theory,increase,surface_d,reverse,rise,fall,14.031250000076398,1,-1.23976897157263e-05,-14.031262397766112,-16.703136444091797
vitality_variant_0493,vitality_mechanism_setting_013,confirmation,theory,decrease,surface_c,forward,fall,rise,9.359374796040356,1,-9.359637260437012,-0.0002624643966555,-8.937762260437012
vitality_variant_0494,vitality_mechanism_setting_013,confirmation,theory,decrease,surface_c,reverse,fall,rise,8.531250053900294,1,-8.531838417053223,-0.0005883631529286,-8.000588417053223
vitality_variant_0495,vitality_mechanism_setting_013,confirmation,theory,decrease,surface_d,forward,fall,rise,3.062500052154064,1,-3.1125853061676025,-0.0500852540135383,-5.815710067749023
vitality_variant_0496,vitality_mechanism_setting_013,confirmation,theory,decrease,surface_d,reverse,fall,rise,2.171875044703484,1,-2.290147304534912,-0.1182722598314285,-4.790147304534912
vitality_variant_0497,vitality_mechanism_setting_013,confirmation,reverse,increase,surface_c,forward,fall,rise,5.640625172294676,1,-5.645705699920654,-0.0050805276259779,-6.801955699920654
vitality_variant_0498,vitality_mechanism_setting_013,confirmation,reverse,increase,surface_c,reverse,fall,rise,3.843750013038516,1,-3.8672828674316406,-0.0235328543931245,-6.367282867431641
vitality_variant_0499,vitality_mechanism_setting_013,confirmation,reverse,increase,surface_d,forward,fall,rise,9.531249666921212,1,-9.531471252441406,-0.0002215855201939,-9.250221252441406
vitality_variant_0500,vitality_mechanism_setting_013,confirmation,reverse,increase,surface_d,reverse,fall,rise,7.1718750421423465,1,-7.173004627227783,-0.0011295850854367,-8.251129150390625
vitality_variant_0501,vitality_mechanism_setting_013,confirmation,reverse,decrease,surface_c,forward,rise,fall,2.9062498807907104,1,-0.0548001527786254,-2.961050033569336,-8.703237533569336
vitality_variant_0502,vitality_mechanism_setting_013,confirmation,reverse,decrease,surface_c,reverse,rise,fall,3.890624932944775,1,-0.0212164595723152,-3.91184139251709,-10.79465389251709
vitality_variant_0503,vitality_mechanism_setting_013,confirmation,reverse,decrease,surface_d,forward,rise,fall,-2.1874999552965164,0,-2.2974531650543213,-0.1099532097578048,-6.2427659034729
vitality_variant_0504,vitality_mechanism_setting_013,confirmation,reverse,decrease,surface_d,reverse,rise,fall,-0.5468749701976776,0,-1.0060762166976929,-0.4592012465000152,-7.670138835906982
vitality_variant_0505,vitality_mechanism_setting_013,confirmation,neutral,increase,surface_c,forward,same,rise,6.437500050291419,1,-6.439705848693848,-7.580330848693848,-0.0022057984024286
vitality_variant_0506,vitality_mechanism_setting_013,confirmation,neutral,increase,surface_c,reverse,same,rise,6.218749785562977,1,-6.221295356750488,-7.674420356750488,-0.002545571187511
vitality_variant_0507,vitality_mechanism_setting_013,confirmation,neutral,increase,surface_d,forward,same,rise,10.281249765124812,1,-10.281333923339844,-10.765708923339844,-8.415821503149346e-05
vitality_variant_0508,vitality_mechanism_setting_013,confirmation,neutral,increase,surface_d,reverse,same,rise,10.187499645689968,1,-10.187581062316896,-10.875081062316896,-8.141662692651153e-05
vitality_variant_0509,vitality_mechanism_setting_013,confirmation,neutral,decrease,surface_c,forward,same,fall,5.546875131782144,1,-7.473355770111084,-5.551480770111084,-0.0046056383289396
vitality_variant_0510,vitality_mechanism_setting_013,confirmation,neutral,decrease,surface_c,reverse,same,fall,5.796874964842573,1,-7.6286420822143555,-5.800517082214356,-0.0036421173717826
vitality_variant_0511,vitality_mechanism_setting_013,confirmation,neutral,decrease,surface_d,forward,same,fall,6.546875015133992,1,-7.08057165145874,-6.54932165145874,-0.0024466363247483
vitality_variant_0512,vitality_mechanism_setting_013,confirmation,neutral,decrease,surface_d,reverse,same,fall,6.28124999278225,1,-6.80003547668457,-6.28441047668457,-0.0031604839023202
vitality_variant_0513,vitality_mechanism_setting_013,confirmation,irrelevant_number,registry_up,surface_c,forward,same,rise,4.1250002179294825,1,-4.152408599853516,-4.527408599853516,-0.0274083819240331
vitality_variant_0514,vitality_mechanism_setting_013,confirmation,irrelevant_number,registry_up,surface_c,reverse,same,rise,1.25,1,-1.5377297401428225,-3.4127297401428223,-0.2877297401428222
vitality_variant_0515,vitality_mechanism_setting_013,confirmation,irrelevant_number,registry_up,surface_d,forward,same,rise,7.437500221305527,1,-7.438458919525146,-8.110333442687988,-0.0009586982196196
vitality_variant_0516,vitality_mechanism_setting_013,confirmation,irrelevant_number,registry_up,surface_d,reverse,same,rise,6.093749927356839,1,-6.0970377922058105,-7.0345377922058105,-0.0032878648489713
vitality_variant_0517,vitality_mechanism_setting_013,confirmation,irrelevant_number,registry_down,surface_c,forward,same,fall,4.031249910593033,1,-4.420867919921875,-4.061492919921875,-0.0302430093288421
vitality_variant_0518,vitality_mechanism_setting_013,confirmation,irrelevant_number,registry_down,surface_c,reverse,same,fall,2.906249925494194,1,-2.1206324100494385,-3.0893824100494385,-0.1831324845552444
vitality_variant_0519,vitality_mechanism_setting_013,confirmation,irrelevant_number,registry_down,surface_d,forward,same,fall,7.765624929103069,1,-7.219985485076904,-7.766860485076904,-0.0012355559738352
vitality_variant_0520,vitality_mechanism_setting_013,confirmation,irrelevant_number,registry_down,surface_d,reverse,same,fall,6.765624966938049,1,-5.941455841064453,-6.769580841064453,-0.0039558741264045
vitality_variant_0521,vitality_mechanism_setting_014,confirmation,default,increase,surface_c,forward,rise,fall,10.359375278727384,1,-0.0002839162189047,-10.359659194946287,-8.719034194946289
vitality_variant_0522,vitality_mechanism_setting_014,confirmation,default,increase,surface_c,reverse,rise,fall,9.578124666091751,1,-0.0002177716523874,-9.57834243774414,-10.82834243774414
vitality_variant_0523,vitality_mechanism_setting_014,confirmation,default,increase,surface_d,forward,rise,fall,11.781249648112862,1,-0.0001071634105755,-11.781356811523438,-9.703231811523438
vitality_variant_0524,vitality_mechanism_setting_014,confirmation,default,increase,surface_d,reverse,rise,fall,10.656249885352736,1,-9.548207890475167e-05,-10.65634536743164,-11.89072036743164
vitality_variant_0525,vitality_mechanism_setting_014,confirmation,default,decrease,surface_c,forward,fall,rise,3.578125063329935,1,-3.620879888534546,-0.0427548252046108,-4.277129650115967
vitality_variant_0526,vitality_mechanism_setting_014,confirmation,default,decrease,surface_c,reverse,fall,rise,3.0625000670552254,1,-3.1207354068756104,-0.0582353398203849,-4.495735168457031
vitality_variant_0527,vitality_mechanism_setting_014,confirmation,default,decrease,surface_d,forward,fall,rise,4.296875169500709,1,-4.317676067352295,-0.0208008978515863,-5.020801067352295
vitality_variant_0528,vitality_mechanism_setting_014,confirmation,default,decrease,surface_d,reverse,fall,rise,3.640624985098839,1,-3.672399520874024,-0.0317745357751846,-5.281774520874023
vitality_variant_0529,vitality_mechanism_setting_014,confirmation,theory,increase,surface_c,forward,rise,fall,15.953124642396688,1,-7.033323527139146e-06,-15.953131675720217,-14.531256675720217
vitality_variant_0530,vitality_mechanism_setting_014,confirmation,theory,increase,surface_c,reverse,rise,fall,14.234374642431249,1,-1.084798623196548e-05,-14.23438549041748,-16.750011444091797
vitality_variant_0531,vitality_mechanism_setting_014,confirmation,theory,increase,surface_d,forward,rise,fall,16.4218754768508,1,-5.245195097813848e-06,-16.4218807220459,-15.562504768371582
vitality_variant_0532,vitality_mechanism_setting_014,confirmation,theory,increase,surface_d,reverse,rise,fall,14.578124880837096,1,-9.65590606938349e-06,-14.578134536743164,-17.289072036743164
vitality_variant_0533,vitality_mechanism_setting_014,confirmation,theory,decrease,surface_c,forward,fall,rise,8.828124603547622,1,-8.82852554321289,-0.0004009396652691,-8.54727554321289
vitality_variant_0534,vitality_mechanism_setting_014,confirmation,theory,decrease,surface_c,reverse,fall,rise,7.7187498428393155,1,-7.71980619430542,-0.0010563514661043,-7.54793119430542
vitality_variant_0535,vitality_mechanism_setting_014,confirmation,theory,decrease,surface_d,forward,fall,rise,2.281250044703484,1,-2.3852014541625977,-0.103951409459114,-5.369576454162598
vitality_variant_0536,vitality_mechanism_setting_014,confirmation,theory,decrease,surface_d,reverse,fall,rise,1.4687499850988388,1,-1.690035104751587,-0.2212851196527481,-4.486910343170166
vitality_variant_0537,vitality_mechanism_setting_014,confirmation,reverse,increase,surface_c,forward,fall,rise,5.921875047963113,1,-5.925998210906982,-0.0041231629438698,-6.832248210906982
vitality_variant_0538,vitality_mechanism_setting_014,confirmation,reverse,increase,surface_c,reverse,fall,rise,4.500000176951289,1,-4.512895584106445,-0.0128954071551561,-6.575395584106445
vitality_variant_0539,vitality_mechanism_setting_014,confirmation,reverse,increase,surface_d,forward,fall,rise,9.59375026077032,1,-9.593961715698242,-0.0002114549279212,-9.297086715698242
vitality_variant_0540,vitality_mechanism_setting_014,confirmation,reverse,increase,surface_d,reverse,fall,rise,7.562499853491317,1,-7.563312530517578,-0.0008126770262606,-8.469562530517578
vitality_variant_0541,vitality_mechanism_setting_014,confirmation,reverse,decrease,surface_c,forward,rise,fall,3.328124947845936,1,-0.0365963503718376,-3.364721298217773,-8.450658798217773
vitality_variant_0542,vitality_mechanism_setting_014,confirmation,reverse,decrease,surface_c,reverse,rise,fall,3.95312493853271,1,-0.0199440140277147,-3.973068952560425,-10.769944190979004
vitality_variant_0543,vitality_mechanism_setting_014,confirmation,reverse,decrease,surface_d,forward,rise,fall,-2.890625096857548,0,-2.94758415222168,-0.0569590553641319,-6.37727165222168
vitality_variant_0544,vitality_mechanism_setting_014,confirmation,reverse,decrease,surface_d,reverse,rise,fall,-1.0781250596046448,0,-1.37337064743042,-0.2952455878257751,-7.34212064743042
vitality_variant_0545,vitality_mechanism_setting_014,confirmation,neutral,increase,surface_c,forward,same,rise,6.765624959953129,1,-6.767219066619873,-7.939094066619873,-0.0015941066667437
vitality_variant_0546,vitality_mechanism_setting_014,confirmation,neutral,increase,surface_c,reverse,same,rise,6.546875116997398,1,-6.548700332641602,-8.064325332641602,-0.0018252156442031
vitality_variant_0547,vitality_mechanism_setting_014,confirmation,neutral,increase,surface_d,forward,same,rise,10.23437488473428,1,-10.234463691711426,-10.718838691711426,-8.880697714630514e-05
vitality_variant_0548,vitality_mechanism_setting_014,confirmation,neutral,increase,surface_d,reverse,same,rise,10.312499645027856,1,-10.312572479248049,-11.046947479248049,-7.283422019099817e-05
vitality_variant_0549,vitality_mechanism_setting_014,confirmation,neutral,decrease,surface_c,forward,same,fall,5.765624800464138,1,-7.550664901733398,-5.769414901733398,-0.00379010126926
vitality_variant_0550,vitality_mechanism_setting_014,confirmation,neutral,decrease,surface_c,reverse,same,fall,6.046875166008249,1,-7.581109523773193,-6.049859523773193,-0.0029843577649444
vitality_variant_0551,vitality_mechanism_setting_014,confirmation,neutral,decrease,surface_d,forward,same,fall,7.203124801861122,1,-7.392116546630859,-7.204616546630859,-0.0014917447697371
vitality_variant_0552,vitality_mechanism_setting_014,confirmation,neutral,decrease,surface_d,reverse,same,fall,6.968749828636646,1,-7.064425468444824,-6.970675468444824,-0.0019256398081779
vitality_variant_0553,vitality_mechanism_setting_014,confirmation,irrelevant_number,registry_up,surface_c,forward,same,rise,5.921875193715096,1,-5.926090240478516,-6.582340240478516,-0.0042150467634201
vitality_variant_0554,vitality_mechanism_setting_014,confirmation,irrelevant_number,registry_up,surface_c,reverse,same,rise,3.406250074505806,1,-3.446195602416992,-5.008695602416992,-0.0399455279111862
vitality_variant_0555,vitality_mechanism_setting_014,confirmation,irrelevant_number,registry_up,surface_d,forward,same,rise,7.749999999650754,1,-7.75068998336792,-8.516315460205078,-0.0006899837171658
vitality_variant_0556,vitality_mechanism_setting_014,confirmation,irrelevant_number,registry_up,surface_d,reverse,same,rise,6.421874954365194,1,-6.424196243286133,-7.471071243286133,-0.0023212889209389
vitality_variant_0557,vitality_mechanism_setting_014,confirmation,irrelevant_number,registry_down,surface_c,forward,same,fall,6.046875107567757,1,-5.864761352539063,-6.052261352539063,-0.0053862449713051
vitality_variant_0558,vitality_mechanism_setting_014,confirmation,irrelevant_number,registry_down,surface_c,reverse,same,fall,4.609374955296516,1,-3.5248665809631348,-4.649866580963135,-0.0404916256666183
vitality_variant_0559,vitality_mechanism_setting_014,confirmation,irrelevant_number,registry_down,surface_d,forward,same,fall,8.171875378815457,1,-7.563370227813721,-8.172745704650879,-0.0008703258354216
vitality_variant_0560,vitality_mechanism_setting_014,confirmation,irrelevant_number,registry_down,surface_d,reverse,same,fall,7.156249949941412,1,-6.268453121185303,-7.159078121185303,-0.0028281712438911
vitality_variant_0561,vitality_mechanism_setting_015,confirmation,default,increase,surface_c,forward,rise,fall,8.421875196159817,1,-0.0018680518260225,-8.42374324798584,-6.57999324798584
vitality_variant_0562,vitality_mechanism_setting_015,confirmation,default,increase,surface_c,reverse,rise,fall,8.109375313855708,1,-0.0007921895012259,-8.110167503356934,-8.391417503356934
vitality_variant_0563,vitality_mechanism_setting_015,confirmation,default,increase,surface_d,forward,rise,fall,10.015625198022462,1,-0.0006292270263656,-10.016254425048828,-7.656879425048828
vitality_variant_0564,vitality_mechanism_setting_015,confirmation,default,increase,surface_d,reverse,rise,fall,9.546874672028936,1,-0.000243514921749,-9.547118186950684,-9.812743186950684
vitality_variant_0565,vitality_mechanism_setting_015,confirmation,default,decrease,surface_c,forward,fall,rise,4.718750027939677,1,-4.73935604095459,-0.0206060130149126,-4.52060604095459
vitality_variant_0566,vitality_mechanism_setting_015,confirmation,default,decrease,surface_c,reverse,fall,rise,4.140624787658453,1,-4.168658256530762,-0.0280334688723087,-4.481158256530762
vitality_variant_0567,vitality_mechanism_setting_015,confirmation,default,decrease,surface_d,forward,fall,rise,4.984374791383743,1,-4.996970653533936,-0.0125958621501922,-5.246970653533936
vitality_variant_0568,vitality_mechanism_setting_015,confirmation,default,decrease,surface_d,reverse,fall,rise,4.18749987706542,1,-4.208973407745361,-0.0214735306799411,-5.162098407745361
vitality_variant_0569,vitality_mechanism_setting_015,confirmation,theory,increase,surface_c,forward,rise,fall,15.42187476162053,1,-8.821448318485636e-06,-15.421883583068848,-13.671883583068848
vitality_variant_0570,vitality_mechanism_setting_015,confirmation,theory,increase,surface_c,reverse,rise,fall,13.718750238517714,1,-1.4066597032069694e-05,-13.718764305114746,-15.890639305114746
vitality_variant_0571,vitality_mechanism_setting_015,confirmation,theory,increase,surface_d,forward,rise,fall,15.96874988080799,1,-5.841237907588948e-06,-15.968755722045898,-14.984380722045898
vitality_variant_0572,vitality_mechanism_setting_015,confirmation,theory,increase,surface_d,reverse,rise,fall,14.218750119273864,1,-1.1324817933200391e-05,-14.218761444091797,-16.625011444091797
vitality_variant_0573,vitality_mechanism_setting_015,confirmation,theory,decrease,surface_c,forward,fall,rise,10.82812464617018,1,-10.828211784362791,-8.713819261174649e-05,-10.000086784362791
vitality_variant_0574,vitality_mechanism_setting_015,confirmation,theory,decrease,surface_c,reverse,fall,rise,10.109375132029529,1,-10.109535217285156,-0.0001600852556293,-9.265785217285156
vitality_variant_0575,vitality_mechanism_setting_015,confirmation,theory,decrease,surface_d,forward,fall,rise,3.968749927356839,1,-3.990525722503662,-0.0217757951468229,-6.131150722503662
vitality_variant_0576,vitality_mechanism_setting_015,confirmation,theory,decrease,surface_d,reverse,fall,rise,3.093750022351742,1,-3.1460120677948,-0.052262045443058,-5.005386829376221
vitality_variant_0577,vitality_mechanism_setting_015,confirmation,reverse,increase,surface_c,forward,fall,rise,5.343750054482371,1,-5.349928855895996,-0.0061788014136254,-6.928053855895996
vitality_variant_0578,vitality_mechanism_setting_015,confirmation,reverse,increase,surface_c,reverse,fall,rise,3.687499975785613,1,-3.714384078979492,-0.0268841031938791,-6.464384078979492
vitality_variant_0579,vitality_mechanism_setting_015,confirmation,reverse,increase,surface_d,forward,fall,rise,9.765625377229298,1,-9.765823364257812,-0.000197987028514,-9.281448364257812
vitality_variant_0580,vitality_mechanism_setting_015,confirmation,reverse,increase,surface_d,reverse,fall,rise,7.968750196509063,1,-7.969377040863037,-0.0006268443539738,-8.485001564025879
vitality_variant_0581,vitality_mechanism_setting_015,confirmation,reverse,decrease,surface_c,forward,rise,fall,3.0000000335276127,1,-0.050205435603857,-3.0502054691314697,-8.13614273071289
vitality_variant_0582,vitality_mechanism_setting_015,confirmation,reverse,decrease,surface_c,reverse,rise,fall,3.624999986961484,1,-0.0274558197706937,-3.6524558067321777,-10.175893783569336
vitality_variant_0583,vitality_mechanism_setting_015,confirmation,reverse,decrease,surface_d,forward,rise,fall,-1.6406250298023224,0,-1.8222906589508057,-0.1816656291484832,-5.970727920532227
vitality_variant_0584,vitality_mechanism_setting_015,confirmation,reverse,decrease,surface_d,reverse,rise,fall,-0.109375,0,-0.7520590424537659,-0.6426840424537659,-7.462996482849121
vitality_variant_0585,vitality_mechanism_setting_015,confirmation,neutral,increase,surface_c,forward,same,rise,6.390624822350219,1,-6.39288854598999,-7.61163854598999,-0.0022637236397713
vitality_variant_0586,vitality_mechanism_setting_015,confirmation,neutral,increase,surface_c,reverse,same,rise,5.750000015366823,1,-5.753907680511475,-7.394532680511475,-0.0039076651446521
vitality_variant_0587,vitality_mechanism_setting_015,confirmation,neutral,increase,surface_d,forward,same,rise,10.656249763764208,1,-10.656315803527832,-10.968815803527832,-6.603976362384856e-05
vitality_variant_0588,vitality_mechanism_setting_015,confirmation,neutral,increase,surface_d,reverse,same,rise,10.468749644685886,1,-10.468817710876465,-11.031317710876465,-6.806619057897478e-05
vitality_variant_0589,vitality_mechanism_setting_015,confirmation,neutral,decrease,surface_c,forward,same,fall,4.187500171363354,1,-7.141117572784424,-4.203617572784424,-0.0161174014210701
vitality_variant_0590,vitality_mechanism_setting_015,confirmation,neutral,decrease,surface_c,reverse,same,fall,4.468749847263098,1,-7.137420177459717,-4.481170177459717,-0.012420330196619
vitality_variant_0591,vitality_mechanism_setting_015,confirmation,neutral,decrease,surface_d,forward,same,fall,5.234375091735274,1,-6.569496154785156,-5.241371154785156,-0.0069960630498826
vitality_variant_0592,vitality_mechanism_setting_015,confirmation,neutral,decrease,surface_d,reverse,same,fall,4.718749897554517,1,-6.074044227600098,-4.730294227600098,-0.0115443300455808
vitality_variant_0593,vitality_mechanism_setting_015,confirmation,irrelevant_number,registry_up,surface_c,forward,same,rise,5.15625019185245,1,-5.1654438972473145,-5.7435688972473145,-0.009193705394864
vitality_variant_0594,vitality_mechanism_setting_015,confirmation,irrelevant_number,registry_up,surface_c,reverse,same,rise,2.1718749701976776,1,-2.2978971004486084,-4.094772338867188,-0.1260221302509308
vitality_variant_0595,vitality_mechanism_setting_015,confirmation,irrelevant_number,registry_up,surface_d,forward,same,rise,7.390625015133992,1,-7.3916168212890625,-8.094741821289062,-0.0009918061550706
vitality_variant_0596,vitality_mechanism_setting_015,confirmation,irrelevant_number,registry_up,surface_d,reverse,same,rise,5.921875034458935,1,-5.925663948059082,-6.956913948059082,-0.0037889136001467
vitality_variant_0597,vitality_mechanism_setting_015,confirmation,irrelevant_number,registry_down,surface_c,forward,same,fall,5.453124901279807,1,-5.306367874145508,-5.462617874145508,-0.0094929728657007
vitality_variant_0598,vitality_mechanism_setting_015,confirmation,irrelevant_number,registry_down,surface_c,reverse,same,fall,3.9218748211860657,1,-2.7874090671539307,-4.006158828735352,-0.0842840075492858
vitality_variant_0599,vitality_mechanism_setting_015,confirmation,irrelevant_number,registry_down,surface_d,forward,same,fall,7.92187484994065,1,-7.376062870025635,-7.922937870025635,-0.0010630200849846
vitality_variant_0600,vitality_mechanism_setting_015,confirmation,irrelevant_number,registry_down,surface_d,reverse,same,fall,6.828124823980033,1,-5.988139629364014,-6.831889629364014,-0.0037648053839802
vitality_variant_0601,vitality_mechanism_setting_016,confirmation,default,increase,surface_c,forward,rise,fall,9.624999657447916,1,-0.000518187705893,-9.625517845153809,-8.047392845153809
vitality_variant_0602,vitality_mechanism_setting_016,confirmation,default,increase,surface_c,reverse,rise,fall,9.265624557679985,1,-0.000262702757027,-9.265887260437012,-10.500262260437012
vitality_variant_0603,vitality_mechanism_setting_016,confirmation,default,increase,surface_d,forward,rise,fall,11.249999656996806,1,-0.0001710507058305,-11.250170707702637,-9.140795707702637
vitality_variant_0604,vitality_mechanism_setting_016,confirmation,default,increase,surface_d,reverse,rise,fall,10.437500363499566,1,-0.0001083553725038,-10.43760871887207,-11.53135871887207
vitality_variant_0605,vitality_mechanism_setting_016,confirmation,default,decrease,surface_c,forward,fall,rise,5.296874910593033,1,-5.306832313537598,-0.0099574029445648,-5.416207313537598
vitality_variant_0606,vitality_mechanism_setting_016,confirmation,default,decrease,surface_c,reverse,fall,rise,4.703124919906259,1,-4.7175774574279785,-0.0144525375217199,-5.3269524574279785
vitality_variant_0607,vitality_mechanism_setting_016,confirmation,default,decrease,surface_d,forward,fall,rise,5.781250183004886,1,-5.786866188049316,-0.0056160050444304,-6.099366188049316
vitality_variant_0608,vitality_mechanism_setting_016,confirmation,default,decrease,surface_d,reverse,fall,rise,4.890625007450581,1,-4.901436805725098,-0.010811798274517,-5.838936805725098
vitality_variant_0609,vitality_mechanism_setting_016,confirmation,theory,increase,surface_c,forward,rise,fall,16.24999988080799,1,-5.841237907588948e-06,-16.2500057220459,-15.109380722045898
vitality_variant_0610,vitality_mechanism_setting_016,confirmation,theory,increase,surface_c,reverse,rise,fall,14.48437464241215,1,-8.940656698541716e-06,-14.484383583068848,-17.820322036743164
vitality_variant_0611,vitality_mechanism_setting_016,confirmation,theory,increase,surface_d,forward,rise,fall,16.26562535764242,1,-5.364403477869928e-06,-16.2656307220459,-15.625005722045898
vitality_variant_0612,vitality_mechanism_setting_016,confirmation,theory,increase,surface_d,reverse,rise,fall,14.29687500005457,1,-1.0490362910786644e-05,-14.29688549041748,-17.312509536743164
vitality_variant_0613,vitality_mechanism_setting_016,confirmation,theory,decrease,surface_c,forward,fall,rise,10.718749764368113,1,-10.71882438659668,-7.462222856702283e-05,-10.31257438659668
vitality_variant_0614,vitality_mechanism_setting_016,confirmation,theory,decrease,surface_c,reverse,fall,rise,10.218750009822545,1,-10.218890190124512,-0.0001401803019689,-9.406390190124512
vitality_variant_0615,vitality_mechanism_setting_016,confirmation,theory,decrease,surface_d,forward,fall,rise,4.26562487334013,1,-4.281672477722168,-0.0160476043820381,-6.609797477722168
vitality_variant_0616,vitality_mechanism_setting_016,confirmation,theory,decrease,surface_d,reverse,fall,rise,3.437500085681677,1,-3.475127935409546,-0.037627849727869,-5.303252696990967
vitality_variant_0617,vitality_mechanism_setting_016,confirmation,reverse,increase,surface_c,forward,fall,rise,5.593750035390258,1,-5.598636150360107,-0.0048861149698495,-7.114261150360107
vitality_variant_0618,vitality_mechanism_setting_016,confirmation,reverse,increase,surface_c,reverse,fall,rise,3.640624998137355,1,-3.6684300899505615,-0.0278050918132066,-6.621555328369141
vitality_variant_0619,vitality_mechanism_setting_016,confirmation,reverse,increase,surface_d,forward,fall,rise,9.625000255487976,1,-9.625185012817385,-0.0001847573294071,-9.515810012817385
vitality_variant_0620,vitality_mechanism_setting_016,confirmation,reverse,increase,surface_d,reverse,fall,rise,7.468749769730493,1,-7.469604969024658,-0.0008551992941647,-8.516480445861816
vitality_variant_0621,vitality_mechanism_setting_016,confirmation,reverse,decrease,surface_c,forward,rise,fall,2.7031250298023224,1,-0.0665154159069061,-2.7696404457092285,-8.36338996887207
vitality_variant_0622,vitality_mechanism_setting_016,confirmation,reverse,decrease,surface_c,reverse,rise,fall,3.609375067055226,1,-0.0277864262461662,-3.637161493301392,-10.809036254882812
vitality_variant_0623,vitality_mechanism_setting_016,confirmation,reverse,decrease,surface_d,forward,rise,fall,-1.1093750298023224,0,-1.398216962814331,-0.2888419330120086,-6.390404224395752
vitality_variant_0624,vitality_mechanism_setting_016,confirmation,reverse,decrease,surface_d,reverse,rise,fall,0.59375,1,-0.4420896768569946,-1.0358396768569946,-8.262402534484863
vitality_variant_0625,vitality_mechanism_setting_016,confirmation,neutral,increase,surface_c,forward,same,rise,5.593750175554305,1,-5.598712921142578,-6.817462921142578,-0.0049627455882728
vitality_variant_0626,vitality_mechanism_setting_016,confirmation,neutral,increase,surface_c,reverse,same,rise,5.015624776948243,1,-5.02335262298584,-6.96085262298584,-0.0077278460375964
vitality_variant_0627,vitality_mechanism_setting_016,confirmation,neutral,increase,surface_d,forward,same,rise,10.015624529019988,1,-10.015732765197754,-10.406357765197754,-0.0001082361777662
vitality_variant_0628,vitality_mechanism_setting_016,confirmation,neutral,increase,surface_d,reverse,same,rise,9.718750126186931,1,-9.718868255615234,-10.500118255615234,-0.0001181294283014
vitality_variant_0629,vitality_mechanism_setting_016,confirmation,neutral,decrease,surface_c,forward,same,fall,3.906249921768904,1,-7.036729335784912,-3.927354335784912,-0.0211044140160083
vitality_variant_0630,vitality_mechanism_setting_016,confirmation,neutral,decrease,surface_c,reverse,same,fall,4.453125004656613,1,-7.075159549713135,-4.465784549713135,-0.0126595450565218
vitality_variant_0631,vitality_mechanism_setting_016,confirmation,neutral,decrease,surface_d,forward,same,fall,4.859375232830644,1,-6.384749412536621,-4.869124412536621,-0.0097491797059774
vitality_variant_0632,vitality_mechanism_setting_016,confirmation,neutral,decrease,surface_d,reverse,same,fall,4.609374855645001,1,-5.856911659240723,-4.622536659240723,-0.0131618035957217
vitality_variant_0633,vitality_mechanism_setting_016,confirmation,irrelevant_number,registry_up,surface_c,forward,same,rise,5.171875197440386,1,-5.181197643280029,-5.681197643280029,-0.0093224458396434
vitality_variant_0634,vitality_mechanism_setting_016,confirmation,irrelevant_number,registry_up,surface_c,reverse,same,rise,2.7656250819563866,1,-2.840742349624634,-4.340742111206055,-0.0751172676682472
vitality_variant_0635,vitality_mechanism_setting_016,confirmation,irrelevant_number,registry_up,surface_d,forward,same,rise,7.671874815889168,1,-7.672639846801758,-8.344514846801758,-0.0007650309125892
vitality_variant_0636,vitality_mechanism_setting_016,confirmation,irrelevant_number,registry_up,surface_d,reverse,same,rise,6.437499846564606,1,-6.439826011657715,-7.424201011657715,-0.002326165093109
vitality_variant_0637,vitality_mechanism_setting_016,confirmation,irrelevant_number,registry_down,surface_c,forward,same,fall,5.406250125728548,1,-5.35322904586792,-5.41572904586792,-0.0094789201393723
vitality_variant_0638,vitality_mechanism_setting_016,confirmation,irrelevant_number,registry_down,surface_c,reverse,same,fall,4.234374854713678,1,-3.3327996730804443,-4.285924434661865,-0.0515495799481868
vitality_variant_0639,vitality_mechanism_setting_016,confirmation,irrelevant_number,registry_down,surface_d,forward,same,fall,8.124999778345227,1,-7.59461498260498,-8.12586498260498,-0.0008652042597532
vitality_variant_0640,vitality_mechanism_setting_016,confirmation,irrelevant_number,registry_down,surface_d,reverse,same,fall,7.249999973922968,1,-6.393150806427002,-7.252525806427002,-0.002525832504034
vitality_variant_0641,vitality_mechanism_setting_017,confirmation,default,increase,surface_c,forward,rise,fall,9.84374985829345,1,-0.0004397855664137,-9.844189643859863,-8.219189643859863
vitality_variant_0642,vitality_mechanism_setting_017,confirmation,default,increase,surface_c,reverse,rise,fall,9.249999919324182,1,-0.0002775999018922,-9.250277519226074,-10.140902519226074
vitality_variant_0643,vitality_mechanism_setting_017,confirmation,default,increase,surface_d,forward,rise,fall,11.14062525461486,1,-0.00017998983094,-11.1408052444458,-9.0939302444458
vitality_variant_0644,vitality_mechanism_setting_017,confirmation,default,increase,surface_d,reverse,rise,fall,10.296875364801965,1,-0.0001197981619043,-10.296995162963867,-11.156370162963867
vitality_variant_0645,vitality_mechanism_setting_017,confirmation,default,decrease,surface_c,forward,fall,rise,3.640625052154064,1,-3.680276393890381,-0.0396513417363166,-4.383401393890381
vitality_variant_0646,vitality_mechanism_setting_017,confirmation,default,decrease,surface_c,reverse,fall,rise,3.1718748845160007,1,-3.224298477172852,-0.0524235926568508,-4.599298477172852
vitality_variant_0647,vitality_mechanism_setting_017,confirmation,default,decrease,surface_d,forward,fall,rise,4.234374780207872,1,-4.254633903503418,-0.0202591232955455,-5.254633903503418
vitality_variant_0648,vitality_mechanism_setting_017,confirmation,default,decrease,surface_d,reverse,fall,rise,3.781250113621354,1,-3.8087446689605713,-0.0274945553392171,-5.464994430541992
vitality_variant_0649,vitality_mechanism_setting_017,confirmation,theory,increase,surface_c,forward,rise,fall,15.124999880837096,1,-9.65590606938349e-06,-15.125009536743164,-13.765634536743164
vitality_variant_0650,vitality_mechanism_setting_017,confirmation,theory,increase,surface_c,reverse,rise,fall,13.71875000008913,1,-1.3351351299206726e-05,-13.71876335144043,-15.96876335144043
vitality_variant_0651,vitality_mechanism_setting_017,confirmation,theory,increase,surface_d,forward,rise,fall,15.84374952318194,1,-6.198863957251888e-06,-15.843755722045898,-15.140630722045898
vitality_variant_0652,vitality_mechanism_setting_017,confirmation,theory,increase,surface_d,reverse,rise,fall,13.921874761661456,1,-1.2636104656849056e-05,-13.921887397766112,-16.42188835144043
vitality_variant_0653,vitality_mechanism_setting_017,confirmation,theory,decrease,surface_c,forward,fall,rise,8.156250041269232,1,-8.156816482543945,-0.0005664412747137,-8.500566482543945
vitality_variant_0654,vitality_mechanism_setting_017,confirmation,theory,decrease,surface_c,reverse,fall,rise,7.7656250387080945,1,-7.766515254974365,-0.0008902162662707,-7.844640254974365
vitality_variant_0655,vitality_mechanism_setting_017,confirmation,theory,decrease,surface_d,forward,fall,rise,1.4687500149011612,1,-1.681276798248291,-0.2125267833471298,-5.868776798248291
vitality_variant_0656,vitality_mechanism_setting_017,confirmation,theory,decrease,surface_d,reverse,fall,rise,1.1406249403953552,1,-1.4295947551727295,-0.2889698147773742,-4.757719993591309
vitality_variant_0657,vitality_mechanism_setting_017,confirmation,reverse,increase,surface_c,forward,fall,rise,5.640624862164259,1,-5.645807266235352,-0.0051824040710926,-6.708307266235352
vitality_variant_0658,vitality_mechanism_setting_017,confirmation,reverse,increase,surface_c,reverse,fall,rise,3.906249882653356,1,-3.928878545761109,-0.0226286631077528,-6.163253784179688
vitality_variant_0659,vitality_mechanism_setting_017,confirmation,reverse,increase,surface_d,forward,fall,rise,9.453125144718795,1,-9.453351020812988,-0.0002258760941913,-9.265851020812988
vitality_variant_0660,vitality_mechanism_setting_017,confirmation,reverse,increase,surface_d,reverse,fall,rise,7.359375121071935,1,-7.360353469848633,-0.0009783487766981,-8.297853469848633
vitality_variant_0661,vitality_mechanism_setting_017,confirmation,reverse,decrease,surface_c,forward,rise,fall,2.7656249925494194,1,-0.0629625394940376,-2.828587532043457,-7.742650032043457
vitality_variant_0662,vitality_mechanism_setting_017,confirmation,reverse,decrease,surface_c,reverse,rise,fall,3.718749903142452,1,-0.0251070037484169,-3.743856906890869,-10.236044883728027
vitality_variant_0663,vitality_mechanism_setting_017,confirmation,reverse,decrease,surface_d,forward,rise,fall,-3.0937501043081284,0,-3.141822099685669,-0.0480719953775405,-5.96994686126709
vitality_variant_0664,vitality_mechanism_setting_017,confirmation,reverse,decrease,surface_d,reverse,rise,fall,-1.125,0,-1.4092479944229126,-0.2842479944229126,-6.706122875213623
vitality_variant_0665,vitality_mechanism_setting_017,confirmation,neutral,increase,surface_c,forward,same,rise,6.406250203959644,1,-6.408417224884033,-7.767792224884033,-0.0021670209243893
vitality_variant_0666,vitality_mechanism_setting_017,confirmation,neutral,increase,surface_c,reverse,same,rise,6.359375230735168,1,-6.3615546226501465,-7.908429622650146,-0.0021793919149786
vitality_variant_0667,vitality_mechanism_setting_017,confirmation,neutral,increase,surface_d,forward,same,rise,10.421875003055902,1,-10.421953201293944,-10.843828201293944,-7.819823804311454e-05
vitality_variant_0668,vitality_mechanism_setting_017,confirmation,neutral,increase,surface_d,reverse,same,rise,10.328125122112397,1,-10.328201293945312,-10.937576293945312,-7.617183291586116e-05
vitality_variant_0669,vitality_mechanism_setting_017,confirmation,neutral,decrease,surface_c,forward,same,fall,5.984375147847459,1,-7.534421920776367,-5.987546920776367,-0.0031717729289084
vitality_variant_0670,vitality_mechanism_setting_017,confirmation,neutral,decrease,surface_c,reverse,same,fall,6.250000136438757,1,-7.674370765686035,-6.252495765686035,-0.0024956292472779
vitality_variant_0671,vitality_mechanism_setting_017,confirmation,neutral,decrease,surface_d,forward,same,fall,7.218749794643372,1,-7.517029285430908,-7.220154285430908,-0.0014044907875359
vitality_variant_0672,vitality_mechanism_setting_017,confirmation,neutral,decrease,surface_d,reverse,same,fall,6.812499931780621,1,-7.0645952224731445,-6.8145952224731445,-0.0020952906925231
vitality_variant_0673,vitality_mechanism_setting_017,confirmation,irrelevant_number,registry_up,surface_c,forward,same,rise,5.093749828636646,1,-5.102641105651856,-5.977641105651856,-0.0088912770152091
vitality_variant_0674,vitality_mechanism_setting_017,confirmation,irrelevant_number,registry_up,surface_c,reverse,same,rise,2.640624910593033,1,-2.722188234329224,-4.456563472747803,-0.0815633237361908
vitality_variant_0675,vitality_mechanism_setting_017,confirmation,irrelevant_number,registry_up,surface_d,forward,same,rise,6.687500218627974,1,-6.6893157958984375,-7.658065795898437,-0.0018155772704631
vitality_variant_0676,vitality_mechanism_setting_017,confirmation,irrelevant_number,registry_up,surface_d,reverse,same,rise,5.156249825842679,1,-5.1638288497924805,-6.4450788497924805,-0.0075790239498019
vitality_variant_0677,vitality_mechanism_setting_017,confirmation,irrelevant_number,registry_down,surface_c,forward,same,fall,5.828124875202775,1,-5.382771015167236,-5.835896015167236,-0.0077711399644613
vitality_variant_0678,vitality_mechanism_setting_017,confirmation,irrelevant_number,registry_down,surface_c,reverse,same,fall,4.484374824911356,1,-3.3749325275421143,-4.531182289123535,-0.0468074642121791
vitality_variant_0679,vitality_mechanism_setting_017,confirmation,irrelevant_number,registry_down,surface_d,forward,same,fall,7.421874831430614,1,-6.705051898956299,-7.423801898956299,-0.0019270675256848
vitality_variant_0680,vitality_mechanism_setting_017,confirmation,irrelevant_number,registry_down,surface_d,reverse,same,fall,6.343750166706741,1,-5.3038649559021,-6.3507399559021,-0.0069897891953587
vitality_variant_0681,vitality_mechanism_setting_018,confirmation,default,increase,surface_c,forward,rise,fall,9.8125001056178,1,-0.000459565402707,-9.812959671020508,-8.203584671020508
vitality_variant_0682,vitality_mechanism_setting_018,confirmation,default,increase,surface_c,reverse,rise,fall,9.249999800958904,1,-0.0002805792901199,-9.250280380249023,-10.359655380249023
vitality_variant_0683,vitality_mechanism_setting_018,confirmation,default,increase,surface_d,forward,rise,fall,11.421874771709554,1,-0.0001423257635906,-11.422017097473145,-9.406392097473145
vitality_variant_0684,vitality_mechanism_setting_018,confirmation,default,increase,surface_d,reverse,rise,fall,10.531250124797223,1,-0.000105733051896,-10.53135585784912,-11.71885585784912
vitality_variant_0685,vitality_mechanism_setting_018,confirmation,default,decrease,surface_c,forward,fall,rise,3.984374903142452,1,-4.014629364013672,-0.0302544608712196,-4.530254364013672
vitality_variant_0686,vitality_mechanism_setting_018,confirmation,default,decrease,surface_c,reverse,fall,rise,3.4531249552965164,1,-3.4964466094970703,-0.0433216542005538,-4.51207160949707
vitality_variant_0687,vitality_mechanism_setting_018,confirmation,default,decrease,surface_d,forward,fall,rise,4.687499870546162,1,-4.701776027679443,-0.0142761571332812,-5.389276027679443
vitality_variant_0688,vitality_mechanism_setting_018,confirmation,default,decrease,surface_d,reverse,fall,rise,4.109375080093741,1,-4.130923748016357,-0.021548667922616,-5.380923748016357
vitality_variant_0689,vitality_mechanism_setting_018,confirmation,theory,increase,surface_c,forward,rise,fall,16.10937440397356,1,-6.318072337307967e-06,-16.1093807220459,-14.890631675720217
vitality_variant_0690,vitality_mechanism_setting_018,confirmation,theory,increase,surface_c,reverse,rise,fall,14.421875238462237,1,-9.298280929215252e-06,-14.421884536743164,-17.382822036743164
vitality_variant_0691,vitality_mechanism_setting_018,confirmation,theory,increase,surface_d,forward,rise,fall,16.218750119225206,1,-5.602820692729438e-06,-16.2187557220459,-15.687505722045898
vitality_variant_0692,vitality_mechanism_setting_018,confirmation,theory,increase,surface_d,reverse,rise,fall,14.37500000005457,1,-1.0490362910786644e-05,-14.37501049041748,-17.210947036743164
vitality_variant_0693,vitality_mechanism_setting_018,confirmation,theory,decrease,surface_c,forward,fall,rise,9.468750262007234,1,-9.46896743774414,-0.0002171757369069,-9.20334243774414
vitality_variant_0694,vitality_mechanism_setting_018,confirmation,theory,decrease,surface_c,reverse,fall,rise,8.593750152387656,1,-8.5943021774292,-0.0005520250415429,-8.0630521774292
vitality_variant_0695,vitality_mechanism_setting_018,confirmation,theory,decrease,surface_d,forward,fall,rise,2.9218751043081284,1,-2.97829270362854,-0.0564175993204116,-5.978292465209961
vitality_variant_0696,vitality_mechanism_setting_018,confirmation,theory,decrease,surface_d,reverse,fall,rise,2.1093750596046448,1,-2.235074281692505,-0.1256992220878601,-4.703824043273926
vitality_variant_0697,vitality_mechanism_setting_018,confirmation,reverse,increase,surface_c,forward,fall,rise,5.56250019185245,1,-5.56758451461792,-0.0050843227654695,-7.05195951461792
vitality_variant_0698,vitality_mechanism_setting_018,confirmation,reverse,increase,surface_c,reverse,fall,rise,3.843749960884452,1,-3.866851091384888,-0.0231011305004358,-6.601226329803467
vitality_variant_0699,vitality_mechanism_setting_018,confirmation,reverse,increase,surface_d,forward,fall,rise,9.68750037245627,1,-9.68767261505127,-0.0001722425949992,-9.62517261505127
vitality_variant_0700,vitality_mechanism_setting_018,confirmation,reverse,increase,surface_d,reverse,fall,rise,7.437499782070517,1,-7.438369274139404,-0.0008694920688867,-8.532119750976562
vitality_variant_0701,vitality_mechanism_setting_018,confirmation,reverse,decrease,surface_c,forward,rise,fall,2.953125026077032,1,-0.0523531176149845,-3.0054781436920166,-8.880477905273438
vitality_variant_0702,vitality_mechanism_setting_018,confirmation,reverse,decrease,surface_c,reverse,rise,fall,3.953125026077032,1,-0.0199601389467716,-3.973085165023804,-11.129335403442385
vitality_variant_0703,vitality_mechanism_setting_018,confirmation,reverse,decrease,surface_d,forward,rise,fall,-2.3437500670552254,0,-2.438612699508667,-0.0948626324534416,-6.376112461090088
vitality_variant_0704,vitality_mechanism_setting_018,confirmation,reverse,decrease,surface_d,reverse,rise,fall,-0.484375,0,-0.9669211506843568,-0.4825461506843567,-7.654421329498291
vitality_variant_0705,vitality_mechanism_setting_018,confirmation,neutral,increase,surface_c,forward,same,rise,5.921874884748831,1,-5.925395011901856,-7.237895011901855,-0.003520127153024
vitality_variant_0706,vitality_mechanism_setting_018,confirmation,neutral,increase,surface_c,reverse,same,rise,5.640625187661499,1,-5.644922733306885,-7.363672733306885,-0.0042975456453859
vitality_variant_0707,vitality_mechanism_setting_018,confirmation,neutral,increase,surface_d,forward,same,rise,10.437500360436388,1,-10.437575340270996,-10.890700340270996,-7.497983460780233e-05
vitality_variant_0708,vitality_mechanism_setting_018,confirmation,neutral,increase,surface_d,reverse,same,rise,10.421875359963453,1,-10.42194366455078,-11.04694366455078,-6.83045873302035e-05
vitality_variant_0709,vitality_mechanism_setting_018,confirmation,neutral,decrease,surface_c,forward,same,fall,4.921874835155904,1,-7.1332550048828125,-4.9301300048828125,-0.0082551697269082
vitality_variant_0710,vitality_mechanism_setting_018,confirmation,neutral,decrease,surface_c,reverse,same,fall,5.343749945983291,1,-7.333698749542236,-5.349323749542236,-0.0055738035589456
vitality_variant_0711,vitality_mechanism_setting_018,confirmation,neutral,decrease,surface_d,forward,same,fall,6.765624904539436,1,-7.236399173736572,-6.767649173736572,-0.0020242691971361
vitality_variant_0712,vitality_mechanism_setting_018,confirmation,neutral,decrease,surface_d,reverse,same,fall,6.312500204890966,1,-6.753152370452881,-6.315652370452881,-0.0031521655619144
vitality_variant_0713,vitality_mechanism_setting_018,confirmation,irrelevant_number,registry_up,surface_c,forward,same,rise,4.796874891966581,1,-4.8106889724731445,-5.2481889724731445,-0.0138140805065631
vitality_variant_0714,vitality_mechanism_setting_018,confirmation,irrelevant_number,registry_up,surface_c,reverse,same,rise,1.8125000149011607,1,-1.9883430004119875,-3.7852180004119873,-0.1758429855108261
vitality_variant_0715,vitality_mechanism_setting_018,confirmation,irrelevant_number,registry_up,surface_d,forward,same,rise,7.421874872699846,1,-7.422842979431152,-8.110342979431152,-0.0009681067313067
vitality_variant_0716,vitality_mechanism_setting_018,confirmation,irrelevant_number,registry_up,surface_d,reverse,same,rise,5.843750176019967,1,-5.847846508026123,-6.879096508026123,-0.0040963320061564
vitality_variant_0717,vitality_mechanism_setting_018,confirmation,irrelevant_number,registry_down,surface_c,forward,same,fall,4.812500019557774,1,-4.953032493591309,-4.828032493591309,-0.0155324740335345
vitality_variant_0718,vitality_mechanism_setting_018,confirmation,irrelevant_number,registry_down,surface_c,reverse,same,fall,3.468749985098839,1,-2.3936049938201904,-3.5967299938201904,-0.1279800087213516
vitality_variant_0719,vitality_mechanism_setting_018,confirmation,irrelevant_number,registry_down,surface_d,forward,same,fall,7.609374787309207,1,-7.110774040222168,-7.610774040222168,-0.0013992529129609
vitality_variant_0720,vitality_mechanism_setting_018,confirmation,irrelevant_number,registry_down,surface_d,reverse,same,fall,6.437500180210918,1,-5.614840507507324,-6.442965507507324,-0.005465327296406
vitality_variant_0721,vitality_mechanism_setting_019,confirmation,default,increase,surface_c,forward,rise,fall,10.343749688443497,1,-0.0003035799891222,-10.344053268432615,-8.625303268432617
vitality_variant_0722,vitality_mechanism_setting_019,confirmation,default,increase,surface_c,reverse,rise,fall,9.687499544670573,1,-0.0002074026560876,-9.68770694732666,-10.76583194732666
vitality_variant_0723,vitality_mechanism_setting_019,confirmation,default,increase,surface_d,forward,rise,fall,11.781250363812433,1,-0.0001112160825869,-11.78136157989502,-9.64073657989502
vitality_variant_0724,vitality_mechanism_setting_019,confirmation,default,increase,surface_d,reverse,rise,fall,10.656249527753973,1,-9.583967766957358e-05,-10.65634536743164,-11.76572036743164
vitality_variant_0725,vitality_mechanism_setting_019,confirmation,default,decrease,surface_c,forward,fall,rise,3.515624918043613,1,-3.56327486038208,-0.0476499423384666,-4.07889986038208
vitality_variant_0726,vitality_mechanism_setting_019,confirmation,default,decrease,surface_c,reverse,fall,rise,2.921875,1,-2.9893345832824707,-0.0674595832824707,-4.301834583282471
vitality_variant_0727,vitality_mechanism_setting_019,confirmation,default,decrease,surface_d,forward,fall,rise,4.140624998137355,1,-4.165735721588135,-0.0251107234507799,-4.759485721588135
vitality_variant_0728,vitality_mechanism_setting_019,confirmation,default,decrease,surface_d,reverse,fall,rise,3.3750000074505806,1,-3.416131019592285,-0.0411310121417045,-5.025506019592285
vitality_variant_0729,vitality_mechanism_setting_019,confirmation,theory,increase,surface_c,forward,rise,fall,15.812500119237484,1,-7.510157047363464e-06,-15.812507629394531,-14.343757629394531
vitality_variant_0730,vitality_mechanism_setting_019,confirmation,theory,increase,surface_c,reverse,rise,fall,14.156250000065484,1,-1.1444026313256472e-05,-14.156261444091797,-16.531261444091797
vitality_variant_0731,vitality_mechanism_setting_019,confirmation,theory,increase,surface_d,forward,rise,fall,16.359375238433586,1,-5.483612312673358e-06,-16.3593807220459,-15.453130722045898
vitality_variant_0732,vitality_mechanism_setting_019,confirmation,theory,increase,surface_d,reverse,rise,fall,14.39062476163872,1,-1.07287787614041e-05,-14.39063549041748,-16.937511444091797
vitality_variant_0733,vitality_mechanism_setting_019,confirmation,theory,decrease,surface_c,forward,fall,rise,8.562499666004442,1,-8.563034057617188,-0.0005343916127458,-8.203659057617188
vitality_variant_0734,vitality_mechanism_setting_019,confirmation,theory,decrease,surface_c,reverse,fall,rise,7.406250117928721,1,-7.40762996673584,-0.0013798488071188,-7.29825496673584
vitality_variant_0735,vitality_mechanism_setting_019,confirmation,theory,decrease,surface_d,forward,fall,rise,1.4531250298023224,1,-1.672723412513733,-0.2195983827114105,-5.016473293304443
vitality_variant_0736,vitality_mechanism_setting_019,confirmation,theory,decrease,surface_d,reverse,fall,rise,1.03125,1,-1.353952407836914,-0.322702407836914,-4.244577407836914
vitality_variant_0737,vitality_mechanism_setting_019,confirmation,reverse,increase,surface_c,forward,fall,rise,5.812500040046871,1,-5.816980838775635,-0.004480798728764,-6.801355838775635
vitality_variant_0738,vitality_mechanism_setting_019,confirmation,reverse,increase,surface_c,reverse,fall,rise,4.218750236555934,1,-4.235469341278076,-0.0167191047221422,-6.438594341278076
vitality_variant_0739,vitality_mechanism_setting_019,confirmation,reverse,increase,surface_d,forward,fall,rise,9.57812466485484,1,-9.578336715698242,-0.0002120508434018,-9.297086715698242
vitality_variant_0740,vitality_mechanism_setting_019,confirmation,reverse,increase,surface_d,reverse,fall,rise,7.296874823863618,1,-7.297913074493408,-0.0010382506297901,-8.235413551330566
vitality_variant_0741,vitality_mechanism_setting_019,confirmation,reverse,decrease,surface_c,forward,rise,fall,3.375000063329935,1,-0.0349599681794643,-3.4099600315093994,-8.48808479309082
vitality_variant_0742,vitality_mechanism_setting_019,confirmation,reverse,decrease,surface_c,reverse,rise,fall,4.109374986961484,1,-0.017158044502139,-4.126533031463623,-10.84528350830078
vitality_variant_0743,vitality_mechanism_setting_019,confirmation,reverse,decrease,surface_d,forward,rise,fall,-3.718750102445483,0,-3.74494743347168,-0.0261973310261964,-6.58869743347168
vitality_variant_0744,vitality_mechanism_setting_019,confirmation,reverse,decrease,surface_d,reverse,rise,fall,-1.5781249701976776,0,-1.7681804895401,-0.1900555193424224,-6.9478678703308105
vitality_variant_0745,vitality_mechanism_setting_019,confirmation,neutral,increase,surface_c,forward,same,rise,6.499999987892807,1,-6.502006530761719,-7.798881530761719,-0.0020065428689122
vitality_variant_0746,vitality_mechanism_setting_019,confirmation,neutral,increase,surface_c,reverse,same,rise,6.234375172061846,1,-6.236788272857666,-7.908663272857666,-0.0024131007958203
vitality_variant_0747,vitality_mechanism_setting_019,confirmation,neutral,increase,surface_d,forward,same,rise,10.156249765968823,1,-10.156343460083008,-10.640718460083008,-9.369411418447272e-05
vitality_variant_0748,vitality_mechanism_setting_019,confirmation,neutral,increase,surface_d,reverse,same,rise,10.156249884006684,1,-10.156330108642578,-10.968830108642578,-8.022463589441031e-05
vitality_variant_0749,vitality_mechanism_setting_019,confirmation,neutral,decrease,surface_c,forward,same,fall,5.437499815132469,1,-7.302048206329346,-5.442673206329346,-0.0051733911968767
vitality_variant_0750,vitality_mechanism_setting_019,confirmation,neutral,decrease,surface_c,reverse,same,fall,5.781249912455678,1,-7.222692012786865,-5.785192012786865,-0.0039421003311872
vitality_variant_0751,vitality_mechanism_setting_019,confirmation,neutral,decrease,surface_d,forward,same,fall,7.562500036787242,1,-7.610499858856201,-7.563624858856201,-0.0011248220689594
vitality_variant_0752,vitality_mechanism_setting_019,confirmation,neutral,decrease,surface_d,reverse,same,fall,7.312499844003469,1,-7.110970973968506,-7.314095973968506,-0.0015961299650371
vitality_variant_0753,vitality_mechanism_setting_019,confirmation,irrelevant_number,registry_up,surface_c,forward,same,rise,4.765624917112291,1,-4.779526233673096,-5.279526233673096,-0.0139013165608048
vitality_variant_0754,vitality_mechanism_setting_019,confirmation,irrelevant_number,registry_up,surface_c,reverse,same,rise,1.906250074505806,1,-2.0665974617004395,-3.91034746170044,-0.1603473871946334
vitality_variant_0755,vitality_mechanism_setting_019,confirmation,irrelevant_number,registry_up,surface_d,forward,same,rise,7.437500199594069,1,-7.438436031341553,-8.188435554504395,-0.0009358317474834
vitality_variant_0756,vitality_mechanism_setting_019,confirmation,irrelevant_number,registry_up,surface_d,reverse,same,rise,6.125000149710104,1,-6.128096580505371,-7.174971580505371,-0.0030964307952672
vitality_variant_0757,vitality_mechanism_setting_019,confirmation,irrelevant_number,registry_down,surface_c,forward,same,fall,4.453124966472387,1,-4.507491588592529,-4.476241588592529,-0.0231166221201419
vitality_variant_0758,vitality_mechanism_setting_019,confirmation,irrelevant_number,registry_down,surface_c,reverse,same,fall,3.109374925494194,1,-1.9226936101913448,-3.313318490982056,-0.2039435654878616
vitality_variant_0759,vitality_mechanism_setting_019,confirmation,irrelevant_number,registry_down,surface_d,forward,same,fall,7.734375061583705,1,-7.110713481903076,-7.735713481903076,-0.0013384203193709
vitality_variant_0760,vitality_mechanism_setting_019,confirmation,irrelevant_number,registry_down,surface_d,reverse,same,fall,6.703125172294676,1,-5.7701616287231445,-6.7076616287231445,-0.0045364564284682
vitality_variant_0761,vitality_mechanism_setting_020,confirmation,default,increase,surface_c,forward,rise,fall,8.437500087311491,1,-0.0015229305718094,-8.4390230178833,-6.845273017883301
vitality_variant_0762,vitality_mechanism_setting_020,confirmation,default,increase,surface_c,reverse,rise,fall,8.109374776482582,1,-0.0007116645574569,-8.110086441040039,-8.719461441040039
vitality_variant_0763,vitality_mechanism_setting_020,confirmation,default,increase,surface_d,forward,rise,fall,9.859374811174348,1,-0.0005809764843434,-9.859955787658691,-7.781830787658691
vitality_variant_0764,vitality_mechanism_setting_020,confirmation,default,increase,surface_d,reverse,rise,fall,9.406250388739863,1,-0.000249473931035,-9.406499862670898,-9.953374862670898
vitality_variant_0765,vitality_mechanism_setting_020,confirmation,default,decrease,surface_c,forward,fall,rise,4.84375006146729,1,-4.861246585845947,-0.0174965243786573,-4.720621585845947
vitality_variant_0766,vitality_mechanism_setting_020,confirmation,default,decrease,surface_c,reverse,fall,rise,4.250000135973096,1,-4.274412631988525,-0.0244124960154294,-4.665037631988525
vitality_variant_0767,vitality_mechanism_setting_020,confirmation,default,decrease,surface_d,forward,fall,rise,5.04687506146729,1,-5.058566093444824,-0.0116910319775342,-5.339816093444824
vitality_variant_0768,vitality_mechanism_setting_020,confirmation,default,decrease,surface_d,reverse,fall,rise,4.296875013038516,1,-4.316512584686279,-0.0196375716477632,-5.207137584686279
vitality_variant_0769,vitality_mechanism_setting_020,confirmation,theory,increase,surface_c,forward,rise,fall,15.593749880820724,1,-7.748573807475623e-06,-15.593757629394531,-14.156257629394531
vitality_variant_0770,vitality_mechanism_setting_020,confirmation,theory,increase,surface_c,reverse,rise,fall,13.796874761661456,1,-1.2636104656849056e-05,-13.796887397766112,-16.34376335144043
vitality_variant_0771,vitality_mechanism_setting_020,confirmation,theory,increase,surface_d,forward,rise,fall,15.609374880813904,1,-6.794906312279636e-06,-15.609381675720217,-14.859381675720217
vitality_variant_0772,vitality_mechanism_setting_020,confirmation,theory,increase,surface_d,reverse,rise,fall,13.968749642453076,1,-1.2755313036905136e-05,-13.968762397766112,-16.48438835144043
vitality_variant_0773,vitality_mechanism_setting_020,confirmation,theory,decrease,surface_c,forward,fall,rise,10.187499888721504,1,-10.187625885009766,-0.0001259962882613,-9.718875885009766
vitality_variant_0774,vitality_mechanism_setting_020,confirmation,theory,decrease,surface_c,reverse,fall,rise,9.328124801744709,1,-9.328408241271973,-0.0002834395272657,-8.750283241271973
vitality_variant_0775,vitality_mechanism_setting_020,confirmation,theory,decrease,surface_d,forward,fall,rise,4.45312490593642,1,-4.467378616333008,-0.0142537103965878,-6.233003616333008
vitality_variant_0776,vitality_mechanism_setting_020,confirmation,theory,decrease,surface_d,reverse,fall,rise,3.312499932944774,1,-3.356623888015747,-0.0441239550709724,-4.934749126434326
vitality_variant_0777,vitality_mechanism_setting_020,confirmation,reverse,increase,surface_c,forward,fall,rise,5.67187492409721,1,-5.676538467407227,-0.0046635433100163,-7.051538467407227
vitality_variant_0778,vitality_mechanism_setting_020,confirmation,reverse,increase,surface_c,reverse,fall,rise,3.906250050291419,1,-3.92822003364563,-0.0219699833542108,-6.490719795227051
vitality_variant_0779,vitality_mechanism_setting_020,confirmation,reverse,increase,surface_d,forward,fall,rise,9.609374543317244,1,-9.609575271606444,-0.0002007282892009,-9.343950271606444
vitality_variant_0780,vitality_mechanism_setting_020,confirmation,reverse,increase,surface_d,reverse,fall,rise,7.7812500016298145,1,-7.781942844390869,-0.0006928427610546,-8.516317367553711
vitality_variant_0781,vitality_mechanism_setting_020,confirmation,reverse,decrease,surface_c,forward,rise,fall,2.890624977648258,1,-0.0556605085730552,-2.946285486221313,-8.391597747802734
vitality_variant_0782,vitality_mechanism_setting_020,confirmation,reverse,decrease,surface_c,reverse,rise,fall,3.656249960884452,1,-0.0266020689159631,-3.682852029800415,-10.385976791381836
vitality_variant_0783,vitality_mechanism_setting_020,confirmation,reverse,decrease,surface_d,forward,rise,fall,-1.3437499552965164,0,-1.579786777496338,-0.2360368221998214,-6.173536777496338
vitality_variant_0784,vitality_mechanism_setting_020,confirmation,reverse,decrease,surface_d,reverse,rise,fall,0.328125,1,-0.5450704097747803,-0.8731954097747803,-7.920070648193359
vitality_variant_0785,vitality_mechanism_setting_020,confirmation,neutral,increase,surface_c,forward,same,rise,6.218749895691872,1,-6.22147274017334,-7.37772274017334,-0.0027228444814682
vitality_variant_0786,vitality_mechanism_setting_020,confirmation,neutral,increase,surface_c,reverse,same,rise,5.734375144354999,1,-5.738345623016357,-7.378970623016357,-0.0039704786613583
vitality_variant_0787,vitality_mechanism_setting_020,confirmation,neutral,increase,surface_d,forward,same,rise,10.062500005304171,1,-10.062602996826172,-10.515727996826172,-0.0001029915219987
vitality_variant_0788,vitality_mechanism_setting_020,confirmation,neutral,increase,surface_d,reverse,same,rise,9.999999885352736,1,-10.00009536743164,-10.73447036743164,-9.548207890475167e-05
vitality_variant_0789,vitality_mechanism_setting_020,confirmation,neutral,decrease,surface_c,forward,same,fall,4.703125105239451,1,-7.322393417358398,-4.713018417358398,-0.0098933121189475
vitality_variant_0790,vitality_mechanism_setting_020,confirmation,neutral,decrease,surface_c,reverse,same,fall,5.062500132713467,1,-7.444569587707519,-5.06956958770752,-0.0070694549940526
vitality_variant_0791,vitality_mechanism_setting_020,confirmation,neutral,decrease,surface_d,forward,same,fall,4.73437522072345,1,-6.261026859283447,-4.745401859283447,-0.011026638559997
vitality_variant_0792,vitality_mechanism_setting_020,confirmation,neutral,decrease,surface_d,reverse,same,fall,4.437499972991645,1,-5.812065601348877,-4.452690601348877,-0.0151906283572316
vitality_variant_0793,vitality_mechanism_setting_020,confirmation,irrelevant_number,registry_up,surface_c,forward,same,rise,4.421874957159162,1,-4.440948486328125,-5.003448486328125,-0.0190735291689634
vitality_variant_0794,vitality_mechanism_setting_020,confirmation,irrelevant_number,registry_up,surface_c,reverse,same,rise,1.5156250596046448,1,-1.7416772842407229,-3.679177284240722,-0.2260522246360778
vitality_variant_0795,vitality_mechanism_setting_020,confirmation,irrelevant_number,registry_up,surface_d,forward,same,rise,7.031250046798959,1,-7.032664299011231,-7.7201642990112305,-0.001414252212271
vitality_variant_0796,vitality_mechanism_setting_020,confirmation,irrelevant_number,registry_up,surface_d,reverse,same,rise,5.57812497811392,1,-5.583442687988281,-6.614692687988281,-0.0053177098743617
vitality_variant_0797,vitality_mechanism_setting_020,confirmation,irrelevant_number,registry_down,surface_c,forward,same,fall,4.703124778345227,1,-4.829919338226318,-4.720544338226318,-0.0174195598810911
vitality_variant_0798,vitality_mechanism_setting_020,confirmation,irrelevant_number,registry_down,surface_c,reverse,same,fall,3.406250044703484,1,-2.3953857421875,-3.5360107421875,-0.1297606974840164
vitality_variant_0799,vitality_mechanism_setting_020,confirmation,irrelevant_number,registry_down,surface_d,forward,same,fall,7.62499979569111,1,-7.204442501068115,-7.626317501068115,-0.001317705377005
vitality_variant_0800,vitality_mechanism_setting_020,confirmation,irrelevant_number,registry_down,surface_d,reverse,same,fall,6.56249993853271,1,-5.801516056060791,-6.567141056060791,-0.0046411175280809
vitality_variant_0801,vitality_mechanism_setting_021,holdout,default,increase,surface_c,forward,rise,fall,9.750000028056093,1,-0.0005426126299425,-9.750542640686035,-7.953667640686035
vitality_variant_0802,vitality_mechanism_setting_021,holdout,default,increase,surface_c,reverse,rise,fall,9.31250039630686,1,-0.0002780765935312,-9.31277847290039,-10.15652847290039
vitality_variant_0803,vitality_mechanism_setting_021,holdout,default,increase,surface_d,forward,rise,fall,11.218750020430887,1,-0.0002021585241891,-11.218952178955078,-8.937702178955078
vitality_variant_0804,vitality_mechanism_setting_021,holdout,default,increase,surface_d,reverse,rise,fall,10.32812476954132,1,-0.000126115468447,-10.328250885009766,-11.172000885009766
vitality_variant_0805,vitality_mechanism_setting_021,holdout,default,decrease,surface_c,forward,fall,rise,5.062500041909516,1,-5.074926376342773,-0.0124263344332575,-5.199926376342773
vitality_variant_0806,vitality_mechanism_setting_021,holdout,default,decrease,surface_c,reverse,fall,rise,4.453124837949872,1,-4.471491813659668,-0.0183669757097959,-5.096491813659668
vitality_variant_0807,vitality_mechanism_setting_021,holdout,default,decrease,surface_d,forward,fall,rise,5.562499901745468,1,-5.569502830505371,-0.0070029287599027,-5.866377830505371
vitality_variant_0808,vitality_mechanism_setting_021,holdout,default,decrease,surface_d,reverse,fall,rise,4.703125182539225,1,-4.71613073348999,-0.0130055509507656,-5.65363073348999
vitality_variant_0809,vitality_mechanism_setting_021,holdout,theory,increase,surface_c,forward,rise,fall,16.374999642390776,1,-6.079655122448457e-06,-16.3750057220459,-14.906255722045898
vitality_variant_0810,vitality_mechanism_setting_021,holdout,theory,increase,surface_c,reverse,rise,fall,14.640624523203767,1,-9.059865078597795e-06,-14.640633583068848,-17.515634536743164
vitality_variant_0811,vitality_mechanism_setting_021,holdout,theory,increase,surface_d,forward,rise,fall,16.42187535764242,1,-5.364403477869928e-06,-16.4218807220459,-15.718755722045898
vitality_variant_0812,vitality_mechanism_setting_021,holdout,theory,increase,surface_d,reverse,rise,fall,14.562499761629624,1,-9.775113539944869e-06,-14.562509536743164,-17.359384536743164
vitality_variant_0813,vitality_mechanism_setting_021,holdout,theory,decrease,surface_c,forward,fall,rise,9.968750369807822,1,-9.96890640258789,-0.0001560327800689,-9.45328140258789
vitality_variant_0814,vitality_mechanism_setting_021,holdout,theory,decrease,surface_c,reverse,fall,rise,9.359374565887263,1,-9.35966682434082,-0.0002922584535554,-8.67216682434082
vitality_variant_0815,vitality_mechanism_setting_021,holdout,theory,decrease,surface_d,forward,fall,rise,3.921874994412065,1,-3.944466829299927,-0.0225918348878622,-6.178842067718506
vitality_variant_0816,vitality_mechanism_setting_021,holdout,theory,decrease,surface_d,reverse,fall,rise,3.109375089406967,1,-3.1616783142089844,-0.0523032248020172,-4.911678314208984
vitality_variant_0817,vitality_mechanism_setting_021,holdout,reverse,increase,surface_c,forward,fall,rise,5.656250064726919,1,-5.660994052886963,-0.0047439881600439,-7.020369052886963
vitality_variant_0818,vitality_mechanism_setting_021,holdout,reverse,increase,surface_c,reverse,fall,rise,4.078125176951289,1,-4.096954822540283,-0.018829645588994,-6.487579822540283
vitality_variant_0819,vitality_mechanism_setting_021,holdout,reverse,increase,surface_d,forward,fall,rise,9.54687466174073,1,-9.54707145690918,-0.0001967951684491,-9.45332145690918
vitality_variant_0820,vitality_mechanism_setting_021,holdout,reverse,increase,surface_d,reverse,fall,rise,7.328124899882823,1,-7.329120635986328,-0.0009957361035048,-8.313495635986328
vitality_variant_0821,vitality_mechanism_setting_021,holdout,reverse,decrease,surface_c,forward,rise,fall,2.9531249590218067,1,-0.052362959831953,-3.00548791885376,-8.411738395690918
vitality_variant_0822,vitality_mechanism_setting_021,holdout,reverse,decrease,surface_c,reverse,rise,fall,3.7968749720603223,1,-0.0231728833168745,-3.820047855377197,-10.788798332214355
vitality_variant_0823,vitality_mechanism_setting_021,holdout,reverse,decrease,surface_d,forward,rise,fall,-1.5156250447034836,0,-1.7183070182800293,-0.2026819735765457,-6.155807018280029
vitality_variant_0824,vitality_mechanism_setting_021,holdout,reverse,decrease,surface_d,reverse,rise,fall,0.15625,1,-0.6206484436988831,-0.7768984436988831,-7.823773384094238
vitality_variant_0825,vitality_mechanism_setting_021,holdout,neutral,increase,surface_c,forward,same,rise,6.09374991664663,1,-6.096809387207031,-7.284309387207031,-0.0030594705604016
vitality_variant_0826,vitality_mechanism_setting_021,holdout,neutral,increase,surface_c,reverse,same,rise,5.578125168569386,1,-5.582634449005127,-7.395134449005127,-0.0045092804357409
vitality_variant_0827,vitality_mechanism_setting_021,holdout,neutral,increase,surface_d,forward,same,rise,10.046874886109435,1,-10.046977996826172,-10.531352996826172,-0.0001031107167364
vitality_variant_0828,vitality_mechanism_setting_021,holdout,neutral,increase,surface_d,reverse,same,rise,9.781250125211956,1,-9.781359672546388,-10.640734672546388,-0.0001095473344321
vitality_variant_0829,vitality_mechanism_setting_021,holdout,neutral,decrease,surface_c,forward,same,fall,4.265624821186066,1,-7.171226501464844,-4.280601501464844,-0.014976680278778
vitality_variant_0830,vitality_mechanism_setting_021,holdout,neutral,decrease,surface_c,reverse,same,fall,4.843750183470547,1,-7.243131637573242,-4.852506637573242,-0.0087564541026949
vitality_variant_0831,vitality_mechanism_setting_021,holdout,neutral,decrease,surface_d,forward,same,fall,5.250000103376806,1,-6.507014751434326,-5.257014751434326,-0.0070146480575203
vitality_variant_0832,vitality_mechanism_setting_021,holdout,neutral,decrease,surface_d,reverse,same,fall,4.953124940395355,1,-5.978650569915772,-4.963025569915772,-0.0099006295204162
vitality_variant_0833,vitality_mechanism_setting_021,holdout,irrelevant_number,registry_up,surface_c,forward,same,rise,4.468750013038516,1,-4.487489223480225,-4.971864223480225,-0.0187392104417085
vitality_variant_0834,vitality_mechanism_setting_021,holdout,irrelevant_number,registry_up,surface_c,reverse,same,rise,1.6718749850988388,1,-1.871334433555603,-3.6838345527648926,-0.1994594484567642
vitality_variant_0835,vitality_mechanism_setting_021,holdout,irrelevant_number,registry_up,surface_d,forward,same,rise,7.703125028463546,1,-7.703855514526367,-8.422605514526367,-0.000730486062821
vitality_variant_0836,vitality_mechanism_setting_021,holdout,irrelevant_number,registry_up,surface_d,reverse,same,rise,6.562499935505912,1,-6.564539432525635,-7.580164432525635,-0.002039497019723
vitality_variant_0837,vitality_mechanism_setting_021,holdout,irrelevant_number,registry_down,surface_c,forward,same,fall,4.562500232830644,1,-4.676403045654297,-4.582653045654297,-0.0201528128236532
vitality_variant_0838,vitality_mechanism_setting_021,holdout,irrelevant_number,registry_down,surface_c,reverse,same,fall,3.234374925494194,1,-2.302095890045166,-3.380220890045166,-0.1458459645509719
vitality_variant_0839,vitality_mechanism_setting_021,holdout,irrelevant_number,registry_down,surface_d,forward,same,fall,8.093749936379027,1,-7.532158851623535,-8.094658851623535,-0.0009089152445085
vitality_variant_0840,vitality_mechanism_setting_021,holdout,irrelevant_number,registry_down,surface_d,reverse,same,fall,7.2343749068677425,1,-6.36196756362915,-7.23696756362915,-0.0025926567614078
vitality_variant_0841,vitality_mechanism_setting_022,holdout,default,increase,surface_c,forward,rise,fall,9.921875429863576,1,-0.0003800861886702,-9.922255516052246,-8.406630516052246
vitality_variant_0842,vitality_mechanism_setting_022,holdout,default,increase,surface_c,reverse,rise,fall,9.421874548803316,1,-0.0002264720096718,-9.422101020812988,-10.593976020812988
vitality_variant_0843,vitality_mechanism_setting_022,holdout,default,increase,surface_d,forward,rise,fall,11.406250248342984,1,-0.0001408954558428,-11.406391143798828,-9.390766143798828
vitality_variant_0844,vitality_mechanism_setting_022,holdout,default,increase,surface_d,reverse,rise,fall,10.578124527753973,1,-9.583967766957358e-05,-10.57822036743164,-11.60947036743164
vitality_variant_0845,vitality_mechanism_setting_022,holdout,default,decrease,surface_c,forward,fall,rise,3.9062498845160007,1,-3.9378955364227295,-0.0316456519067287,-4.547270774841309
vitality_variant_0846,vitality_mechanism_setting_022,holdout,default,decrease,surface_c,reverse,fall,rise,3.453124903142452,1,-3.493868350982666,-0.0407434478402137,-4.775118350982666
vitality_variant_0847,vitality_mechanism_setting_022,holdout,default,decrease,surface_d,forward,fall,rise,4.515624964609742,1,-4.531500339508057,-0.0158753748983144,-5.422125339508057
vitality_variant_0848,vitality_mechanism_setting_022,holdout,default,decrease,surface_d,reverse,fall,rise,4.093749774619937,1,-4.114684581756592,-0.0209348071366548,-5.583434581756592
vitality_variant_0849,vitality_mechanism_setting_022,holdout,theory,increase,surface_c,forward,rise,fall,15.578125000029104,1,-7.629365427419543e-06,-15.578132629394531,-14.250007629394531
vitality_variant_0850,vitality_mechanism_setting_022,holdout,theory,increase,surface_c,reverse,rise,fall,13.937500238481334,1,-1.1205610462639015e-05,-13.937511444091797,-16.437511444091797
vitality_variant_0851,vitality_mechanism_setting_022,holdout,theory,increase,surface_d,forward,rise,fall,16.04687488080799,1,-5.841237907588948e-06,-16.0468807220459,-15.328130722045898
vitality_variant_0852,vitality_mechanism_setting_022,holdout,theory,increase,surface_d,reverse,rise,fall,14.29687500005457,1,-1.0490362910786644e-05,-14.29688549041748,-16.859384536743164
vitality_variant_0853,vitality_mechanism_setting_022,holdout,theory,decrease,surface_c,forward,fall,rise,8.718750185507815,1,-8.719114303588867,-0.0003641180810518,-8.859739303588867
vitality_variant_0854,vitality_mechanism_setting_022,holdout,theory,decrease,surface_c,reverse,fall,rise,8.265624824736733,1,-8.266228675842285,-0.0006038511055521,-8.156853675842285
vitality_variant_0855,vitality_mechanism_setting_022,holdout,theory,decrease,surface_d,forward,fall,rise,2.296875,1,-2.397034883499145,-0.1001598834991455,-5.998597145080566
vitality_variant_0856,vitality_mechanism_setting_022,holdout,theory,decrease,surface_d,reverse,fall,rise,1.5624999701976776,1,-1.7633816003799438,-0.2008816301822662,-4.841506481170654
vitality_variant_0857,vitality_mechanism_setting_022,holdout,reverse,increase,surface_c,forward,fall,rise,5.73437507962808,1,-5.73919677734375,-0.0048216977156698,-6.73919677734375
vitality_variant_0858,vitality_mechanism_setting_022,holdout,reverse,increase,surface_c,reverse,fall,rise,3.9062499050050974,1,-3.928654432296753,-0.0224045272916555,-6.272404670715332
vitality_variant_0859,vitality_mechanism_setting_022,holdout,reverse,increase,surface_d,forward,fall,rise,9.562500140993508,1,-9.562708854675291,-0.0002087136817863,-9.343958854675291
vitality_variant_0860,vitality_mechanism_setting_022,holdout,reverse,increase,surface_d,reverse,fall,rise,7.374999849009328,1,-7.375943183898926,-0.0009433348895981,-8.391568183898926
vitality_variant_0861,vitality_mechanism_setting_022,holdout,reverse,decrease,surface_c,forward,rise,fall,2.859375011175871,1,-0.0574617274105548,-2.916836738586426,-8.080899238586426
vitality_variant_0862,vitality_mechanism_setting_022,holdout,reverse,decrease,surface_c,reverse,rise,fall,3.781249955296517,1,-0.0235953778028488,-3.804845333099365,-10.531408309936523
vitality_variant_0863,vitality_mechanism_setting_022,holdout,reverse,decrease,surface_d,forward,rise,fall,-2.296875022351742,0,-2.396689414978028,-0.0998143926262855,-6.037314414978027
vitality_variant_0864,vitality_mechanism_setting_022,holdout,reverse,decrease,surface_d,reverse,rise,fall,-0.6406250596046448,0,-1.0668363571166992,-0.4262112975120544,-7.152773857116699
vitality_variant_0865,vitality_mechanism_setting_022,holdout,neutral,increase,surface_c,forward,same,rise,6.046875035390258,1,-6.049973011016846,-7.393723011016846,-0.0030979756265878
vitality_variant_0866,vitality_mechanism_setting_022,holdout,neutral,increase,surface_c,reverse,same,rise,5.937500168569386,1,-5.940752506256104,-7.581377506256103,-0.0032523376867175
vitality_variant_0867,vitality_mechanism_setting_022,holdout,neutral,increase,surface_d,forward,same,rise,10.437500003055902,1,-10.437578201293944,-10.859453201293944,-7.819823804311454e-05
vitality_variant_0868,vitality_mechanism_setting_022,holdout,neutral,increase,surface_d,reverse,same,rise,10.35937500269938,1,-10.359448432922363,-11.046948432922363,-7.343022298300639e-05
vitality_variant_0869,vitality_mechanism_setting_022,holdout,neutral,decrease,surface_c,forward,same,fall,5.531249922234565,1,-7.301663875579834,-5.536038875579834,-0.0047889533452689
vitality_variant_0870,vitality_mechanism_setting_022,holdout,neutral,decrease,surface_c,reverse,same,fall,5.953125185566023,1,-7.518882751464844,-5.956382751464844,-0.0032575658988207
vitality_variant_0871,vitality_mechanism_setting_022,holdout,neutral,decrease,surface_d,forward,same,fall,6.984375130967237,1,-7.376698017120361,-6.986073017120361,-0.0016978861531242
vitality_variant_0872,vitality_mechanism_setting_022,holdout,neutral,decrease,surface_d,reverse,same,fall,6.671874918974936,1,-6.971107006072998,-6.674232006072998,-0.002357087098062
vitality_variant_0873,vitality_mechanism_setting_022,holdout,irrelevant_number,registry_up,surface_c,forward,same,rise,4.484375020489097,1,-4.501486778259277,-5.204611778259277,-0.0171117577701807
vitality_variant_0874,vitality_mechanism_setting_022,holdout,irrelevant_number,registry_up,surface_c,reverse,same,rise,1.7968750596046448,1,-1.975029468536377,-3.787529468536377,-0.1781544089317321
vitality_variant_0875,vitality_mechanism_setting_022,holdout,irrelevant_number,registry_up,surface_d,forward,same,rise,6.546874952502549,1,-6.549090385437012,-7.314715385437012,-0.002215432934463
vitality_variant_0876,vitality_mechanism_setting_022,holdout,irrelevant_number,registry_up,surface_d,reverse,same,rise,5.015624868683517,1,-5.024626731872559,-6.165251731872559,-0.0090018631890416
vitality_variant_0877,vitality_mechanism_setting_022,holdout,irrelevant_number,registry_down,surface_c,forward,same,fall,4.796875178813934,1,-4.736178874969482,-4.814303874969482,-0.017428696155548
vitality_variant_0878,vitality_mechanism_setting_022,holdout,irrelevant_number,registry_down,surface_c,reverse,same,fall,3.484375044703484,1,-2.56492018699646,-3.59617018699646,-0.1117951422929763
vitality_variant_0879,vitality_mechanism_setting_022,holdout,irrelevant_number,registry_down,surface_d,forward,same,fall,7.125000042608008,1,-6.549233913421631,-7.127358913421631,-0.002358870813623
vitality_variant_0880,vitality_mechanism_setting_022,holdout,irrelevant_number,registry_down,surface_d,reverse,same,fall,6.031250115483999,1,-5.1180830001831055,-6.0399580001831055,-0.0087078846991062
vitality_variant_0881,vitality_mechanism_setting_023,holdout,default,increase,surface_c,forward,rise,fall,9.21875020005973,1,-0.0007989790174178,-9.219549179077148,-7.547674179077148
vitality_variant_0882,vitality_mechanism_setting_023,holdout,default,increase,surface_c,reverse,rise,fall,8.984374941064743,1,-0.0003471963864285,-8.984722137451172,-9.828472137451172
vitality_variant_0883,vitality_mechanism_setting_023,holdout,default,increase,surface_d,forward,rise,fall,10.765624796797056,1,-0.0002653246629051,-10.76589012145996,-8.656515121459961
vitality_variant_0884,vitality_mechanism_setting_023,holdout,default,increase,surface_d,reverse,rise,fall,10.203124651583494,1,-0.000135770169436,-10.20326042175293,-11.01576042175293
vitality_variant_0885,vitality_mechanism_setting_023,holdout,default,decrease,surface_c,forward,fall,rise,3.875000014901161,1,-3.910760164260864,-0.035760149359703,-4.270134925842285
vitality_variant_0886,vitality_mechanism_setting_023,holdout,default,decrease,surface_c,reverse,fall,rise,3.562499944120645,1,-3.602797508239746,-0.0402975641191005,-4.493422508239746
vitality_variant_0887,vitality_mechanism_setting_023,holdout,default,decrease,surface_d,forward,fall,rise,4.203124780207872,1,-4.225391864776611,-0.0222670845687389,-5.006641864776611
vitality_variant_0888,vitality_mechanism_setting_023,holdout,default,decrease,surface_d,reverse,fall,rise,3.859374962747097,1,-3.886713981628418,-0.0273390188813209,-5.167963981628418
vitality_variant_0889,vitality_mechanism_setting_023,holdout,theory,increase,surface_c,forward,rise,fall,15.64062476162053,1,-8.821448318485636e-06,-15.640633583068848,-14.000008583068848
vitality_variant_0890,vitality_mechanism_setting_023,holdout,theory,increase,surface_c,reverse,rise,fall,14.26562523847133,1,-1.0251946150674485e-05,-14.26563549041748,-16.703134536743164
vitality_variant_0891,vitality_mechanism_setting_023,holdout,theory,increase,surface_d,forward,rise,fall,15.703124523188308,1,-7.152531907195225e-06,-15.703131675720217,-14.781256675720217
vitality_variant_0892,vitality_mechanism_setting_023,holdout,theory,increase,surface_d,reverse,rise,fall,13.906249642453076,1,-1.2755313036905136e-05,-13.906262397766112,-16.31251335144043
vitality_variant_0893,vitality_mechanism_setting_023,holdout,theory,decrease,surface_c,forward,fall,rise,8.765624588297214,1,-8.765985488891602,-0.0003609005943872,-8.812860488891602
vitality_variant_0894,vitality_mechanism_setting_023,holdout,theory,decrease,surface_c,reverse,fall,rise,9.124999936524546,1,-9.125333786010742,-0.0003338494861964,-8.578458786010742
vitality_variant_0895,vitality_mechanism_setting_023,holdout,theory,decrease,surface_d,forward,fall,rise,2.890625070780516,1,-2.949319839477539,-0.0586947686970233,-5.761819839477539
vitality_variant_0896,vitality_mechanism_setting_023,holdout,theory,decrease,surface_d,reverse,fall,rise,2.390625089406967,1,-2.487815618515014,-0.0971905291080474,-4.847190380096436
vitality_variant_0897,vitality_mechanism_setting_023,holdout,reverse,increase,surface_c,forward,fall,rise,4.781250203959644,1,-4.792645454406738,-0.0113952504470944,-6.042645454406738
vitality_variant_0898,vitality_mechanism_setting_023,holdout,reverse,increase,surface_c,reverse,fall,rise,3.515625074505806,1,-3.5490429401397705,-0.0334178656339645,-5.720917701721191
vitality_variant_0899,vitality_mechanism_setting_023,holdout,reverse,increase,surface_d,forward,fall,rise,9.32812481027213,1,-9.328436851501465,-0.0003120412293355,-8.750311851501465
vitality_variant_0900,vitality_mechanism_setting_023,holdout,reverse,increase,surface_d,reverse,fall,rise,7.031250199303031,1,-7.032602310180664,-0.001352110877633,-7.938852310180664
vitality_variant_0901,vitality_mechanism_setting_023,holdout,reverse,decrease,surface_c,forward,rise,fall,2.9374999813735485,1,-0.0536401458084583,-2.991140127182007,-7.498952865600586
vitality_variant_0902,vitality_mechanism_setting_023,holdout,reverse,decrease,surface_c,reverse,rise,fall,3.6093750428408384,1,-0.0279752779752016,-3.63735032081604,-10.04360008239746
vitality_variant_0903,vitality_mechanism_setting_023,holdout,reverse,decrease,surface_d,forward,rise,fall,-2.109375,0,-2.229264497756958,-0.119889497756958,-5.635514259338379
vitality_variant_0904,vitality_mechanism_setting_023,holdout,reverse,decrease,surface_d,reverse,rise,fall,-0.640625,0,-1.0671581029891968,-0.4265331029891968,-6.848408222198486
vitality_variant_0905,vitality_mechanism_setting_023,holdout,neutral,increase,surface_c,forward,same,rise,6.656250169617124,1,-6.658103942871094,-7.642478942871094,-0.0018537732539698
vitality_variant_0906,vitality_mechanism_setting_023,holdout,neutral,increase,surface_c,reverse,same,rise,6.499999763444066,1,-6.502013206481934,-7.752013206481934,-0.0020134430378675
vitality_variant_0907,vitality_mechanism_setting_023,holdout,neutral,increase,surface_d,forward,same,rise,10.609375359767,1,-10.609440803527832,-11.015690803527832,-6.544376083184034e-05
vitality_variant_0908,vitality_mechanism_setting_023,holdout,neutral,increase,surface_d,reverse,same,rise,10.531249763458618,1,-10.53131103515625,-11.17193603515625,-6.12716976320371e-05
vitality_variant_0909,vitality_mechanism_setting_023,holdout,neutral,decrease,surface_c,forward,same,fall,5.640624878928065,1,-7.426156044006348,-5.644906044006348,-0.0042811650782823
vitality_variant_0910,vitality_mechanism_setting_023,holdout,neutral,decrease,surface_c,reverse,same,fall,5.859374833991751,1,-7.597221374511719,-5.862846374511719,-0.0034715405199676
vitality_variant_0911,vitality_mechanism_setting_023,holdout,neutral,decrease,surface_d,forward,same,fall,5.9062502179294825,1,-6.722885608673096,-5.910385608673096,-0.0041353907436132
vitality_variant_0912,vitality_mechanism_setting_023,holdout,neutral,decrease,surface_d,reverse,same,fall,5.515624982304871,1,-6.178213119506836,-5.521963119506836,-0.0063381372019648
vitality_variant_0913,vitality_mechanism_setting_023,holdout,irrelevant_number,registry_up,surface_c,forward,same,rise,4.671875226311386,1,-4.686783790588379,-5.249283790588379,-0.0149085642769932
vitality_variant_0914,vitality_mechanism_setting_023,holdout,irrelevant_number,registry_up,surface_c,reverse,same,rise,1.5312499701976776,1,-1.7530176639556885,-3.737392663955689,-0.2217676937580108
vitality_variant_0915,vitality_mechanism_setting_023,holdout,irrelevant_number,registry_up,surface_d,forward,same,rise,6.984375193715096,1,-6.985808849334717,-7.767058849334717,-0.0014336556196212
vitality_variant_0916,vitality_mechanism_setting_023,holdout,irrelevant_number,registry_up,surface_d,reverse,same,rise,5.546875054948032,1,-5.552094459533691,-6.770844459533691,-0.0052194045856595
vitality_variant_0917,vitality_mechanism_setting_023,holdout,irrelevant_number,registry_down,surface_c,forward,same,fall,3.609375040978193,1,-4.091143608093262,-3.653643846511841,-0.0442688055336475
vitality_variant_0918,vitality_mechanism_setting_023,holdout,irrelevant_number,registry_down,surface_c,reverse,same,fall,2.390625089406967,1,-1.7116554975509644,-2.680405616760254,-0.2897805273532867
vitality_variant_0919,vitality_mechanism_setting_023,holdout,irrelevant_number,registry_down,surface_d,forward,same,fall,7.4062498634448275,1,-6.8611249923706055,-7.407999992370605,-0.0017501289257779
vitality_variant_0920,vitality_mechanism_setting_023,holdout,irrelevant_number,registry_down,surface_d,reverse,same,fall,6.437499959487468,1,-5.443644046783447,-6.443644046783447,-0.0061440872959792
vitality_variant_0921,vitality_mechanism_setting_024,holdout,default,increase,surface_c,forward,rise,fall,10.015624580933943,1,-0.0003399271226953,-10.01596450805664,-8.54721450805664
vitality_variant_0922,vitality_mechanism_setting_024,holdout,default,increase,surface_c,reverse,rise,fall,9.406249670646504,1,-0.0002377942582825,-9.406487464904783,-10.812737464904783
vitality_variant_0923,vitality_mechanism_setting_024,holdout,default,increase,surface_d,forward,rise,fall,11.35937500865839,1,-0.0001315983972745,-11.359506607055664,-9.500131607055664
vitality_variant_0924,vitality_mechanism_setting_024,holdout,default,increase,surface_d,reverse,rise,fall,10.343750244726834,1,-0.0001122888425015,-10.343862533569336,-11.703237533569336
vitality_variant_0925,vitality_mechanism_setting_024,holdout,default,decrease,surface_c,forward,fall,rise,3.484375014901161,1,-3.531178951263428,-0.0468039363622665,-4.187428951263428
vitality_variant_0926,vitality_mechanism_setting_024,holdout,default,decrease,surface_c,reverse,fall,rise,2.890624985098839,1,-2.957545757293701,-0.0669207721948623,-4.473170757293701
vitality_variant_0927,vitality_mechanism_setting_024,holdout,default,decrease,surface_d,forward,fall,rise,4.124999929219484,1,-4.148877143859863,-0.0238772146403789,-4.945752143859863
vitality_variant_0928,vitality_mechanism_setting_024,holdout,default,decrease,surface_d,reverse,fall,rise,3.4062499925494194,1,-3.444875478744507,-0.0386254861950874,-5.273000717163086
vitality_variant_0929,vitality_mechanism_setting_024,holdout,theory,increase,surface_c,forward,rise,fall,15.50000023845314,1,-8.34461570775602e-06,-15.500008583068848,-14.140633583068848
vitality_variant_0930,vitality_mechanism_setting_024,holdout,theory,increase,surface_c,reverse,rise,fall,13.874999523245606,1,-1.2874520507466514e-05,-13.875012397766112,-16.40626335144043
vitality_variant_0931,vitality_mechanism_setting_024,holdout,theory,increase,surface_d,forward,rise,fall,15.98437452318194,1,-6.198863957251888e-06,-15.984380722045898,-15.218755722045898
vitality_variant_0932,vitality_mechanism_setting_024,holdout,theory,increase,surface_d,reverse,rise,fall,14.171874761649631,1,-1.168244216387393e-05,-14.171886444091797,-16.906261444091797
vitality_variant_0933,vitality_mechanism_setting_024,holdout,theory,decrease,surface_c,forward,fall,rise,8.56249964539893,1,-8.562994003295898,-0.0004943578969687,-8.359869003295898
vitality_variant_0934,vitality_mechanism_setting_024,holdout,theory,decrease,surface_c,reverse,fall,rise,7.234374790568836,1,-7.235858917236328,-0.001484126667492,-7.329608917236328
vitality_variant_0935,vitality_mechanism_setting_024,holdout,theory,decrease,surface_d,forward,fall,rise,1.4687500447034836,1,-1.6834310293197632,-0.2146809846162796,-5.339681148529053
vitality_variant_0936,vitality_mechanism_setting_024,holdout,theory,decrease,surface_d,reverse,fall,rise,0.875,1,-1.2362525463104248,-0.3612525463104248,-4.658127784729004
vitality_variant_0937,vitality_mechanism_setting_024,holdout,reverse,increase,surface_c,forward,fall,rise,5.937499767635018,1,-5.941524982452393,-0.0040252148173749,-6.879024982452393
vitality_variant_0938,vitality_mechanism_setting_024,holdout,reverse,increase,surface_c,reverse,fall,rise,4.046874897554517,1,-4.06620979309082,-0.0193348955363035,-6.51933479309082
vitality_variant_0939,vitality_mechanism_setting_024,holdout,reverse,increase,surface_d,forward,fall,rise,9.703125257481588,1,-9.703320503234863,-0.0001952457532752,-9.375195503234863
vitality_variant_0940,vitality_mechanism_setting_024,holdout,reverse,increase,surface_d,reverse,fall,rise,7.60937494749669,1,-7.610156059265137,-0.0007811117684468,-8.500781059265137
vitality_variant_0941,vitality_mechanism_setting_024,holdout,reverse,decrease,surface_c,forward,rise,fall,3.078125037252903,1,-0.0465249642729759,-3.124650001525879,-8.382462501525879
vitality_variant_0942,vitality_mechanism_setting_024,holdout,reverse,decrease,surface_c,reverse,rise,fall,3.89062493480742,1,-0.0211942847818136,-3.9118192195892334,-10.607131958007812
vitality_variant_0943,vitality_mechanism_setting_024,holdout,reverse,decrease,surface_d,forward,rise,fall,-3.640625091269612,0,-3.668752908706665,-0.0281278174370527,-6.606252670288086
vitality_variant_0944,vitality_mechanism_setting_024,holdout,reverse,decrease,surface_d,reverse,rise,fall,-1.4531250149011612,0,-1.665454387664795,-0.2123293727636337,-7.298266887664795
vitality_variant_0945,vitality_mechanism_setting_024,holdout,neutral,increase,surface_c,forward,same,rise,6.21875019161962,1,-6.221450328826904,-7.424575328826904,-0.0027001372072845
vitality_variant_0946,vitality_mechanism_setting_024,holdout,neutral,increase,surface_c,reverse,same,rise,5.906250113621354,1,-5.909594058990479,-7.5658440589904785,-0.0033439453691244
vitality_variant_0947,vitality_mechanism_setting_024,holdout,neutral,increase,surface_d,forward,same,rise,10.250000004016329,1,-10.250089645385742,-10.703214645385742,-8.964136941358447e-05
vitality_variant_0948,vitality_mechanism_setting_024,holdout,neutral,increase,surface_d,reverse,same,rise,10.234374764659153,1,-10.234453201293944,-10.968828201293944,-7.843663479434326e-05
vitality_variant_0949,vitality_mechanism_setting_024,holdout,neutral,decrease,surface_c,forward,same,fall,5.125000023748726,1,-7.085077285766602,-5.131952285766602,-0.0069522620178759
vitality_variant_0950,vitality_mechanism_setting_024,holdout,neutral,decrease,surface_c,reverse,same,fall,5.515625151339918,1,-6.958248138427734,-5.520748138427734,-0.005122987087816
vitality_variant_0951,vitality_mechanism_setting_024,holdout,neutral,decrease,surface_d,forward,same,fall,7.421875200583599,1,-7.516887187957764,-7.423137187957764,-0.0012619873741641
vitality_variant_0952,vitality_mechanism_setting_024,holdout,neutral,decrease,surface_d,reverse,same,fall,7.187500122003257,1,-7.111067771911621,-7.189192771911621,-0.0016926499083638
vitality_variant_0953,vitality_mechanism_setting_024,holdout,irrelevant_number,registry_up,surface_c,forward,same,rise,4.656250176951289,1,-4.671234607696533,-5.264984607696533,-0.014984430745244
vitality_variant_0954,vitality_mechanism_setting_024,holdout,irrelevant_number,registry_up,surface_c,reverse,same,rise,1.796875,1,-1.9742398262023928,-3.8179898262023926,-0.1773648262023925
vitality_variant_0955,vitality_mechanism_setting_024,holdout,irrelevant_number,registry_up,surface_d,forward,same,rise,6.937500182539225,1,-6.93900728225708,-7.72025728225708,-0.0015070997178554
vitality_variant_0956,vitality_mechanism_setting_024,holdout,irrelevant_number,registry_up,surface_d,reverse,same,rise,5.374999998137355,1,-5.381321907043457,-6.521946907043457,-0.0063219089061021
vitality_variant_0957,vitality_mechanism_setting_024,holdout,irrelevant_number,registry_down,surface_c,forward,same,fall,4.796875150874257,1,-4.953169822692871,-4.812544822692871,-0.015669671818614
vitality_variant_0958,vitality_mechanism_setting_024,holdout,irrelevant_number,registry_down,surface_c,reverse,same,fall,3.468749903142452,1,-2.637571096420288,-3.575071096420288,-0.1063211932778358
vitality_variant_0959,vitality_mechanism_setting_024,holdout,irrelevant_number,registry_down,surface_d,forward,same,fall,7.609374792664312,1,-7.110777854919434,-7.610777854919434,-0.0014030622551217
vitality_variant_0960,vitality_mechanism_setting_024,holdout,irrelevant_number,registry_down,surface_d,reverse,same,fall,6.48437480814755,1,-5.614771842956543,-6.489771842956543,-0.0053970348089933
vitality_variant_0961,vitality_mechanism_setting_025,holdout,default,increase,surface_c,forward,rise,fall,8.249999681022018,1,-0.0020316452719271,-8.252031326293945,-6.502031803131104
vitality_variant_0962,vitality_mechanism_setting_025,holdout,default,increase,surface_c,reverse,rise,fall,7.921875070780516,1,-0.0009254701435565,-7.922800540924072,-8.172800064086914
vitality_variant_0963,vitality_mechanism_setting_025,holdout,default,increase,surface_d,forward,rise,fall,9.718749914201908,1,-0.0007372760446742,-9.719487190246582,-7.500737190246582
vitality_variant_0964,vitality_mechanism_setting_025,holdout,default,increase,surface_d,reverse,rise,fall,9.296874685038349,1,-0.0002921393024735,-9.29716682434082,-9.56279182434082
vitality_variant_0965,vitality_mechanism_setting_025,holdout,default,decrease,surface_c,forward,fall,rise,4.531249919906259,1,-4.554803848266602,-0.0235539283603429,-4.429803848266602
vitality_variant_0966,vitality_mechanism_setting_025,holdout,default,decrease,surface_c,reverse,fall,rise,3.9531250596046448,1,-3.9853382110595694,-0.0322131514549255,-4.40721321105957
vitality_variant_0967,vitality_mechanism_setting_025,holdout,default,decrease,surface_d,forward,fall,rise,4.687500108033419,1,-4.703503131866455,-0.0160030238330364,-5.078503131866455
vitality_variant_0968,vitality_mechanism_setting_025,holdout,default,decrease,surface_d,reverse,fall,rise,4.156249783933163,1,-4.17849588394165,-0.0222461000084877,-5.11599588394165
vitality_variant_0969,vitality_mechanism_setting_025,holdout,theory,increase,surface_c,forward,rise,fall,14.40624988088166,1,-1.3470558769768104e-05,-14.40626335144043,-12.95313835144043
vitality_variant_0970,vitality_mechanism_setting_025,holdout,theory,increase,surface_c,reverse,rise,fall,12.890625000200089,1,-2.002696055569686e-05,-12.890645027160645,-14.953145027160645
vitality_variant_0971,vitality_mechanism_setting_025,holdout,theory,increase,surface_d,forward,rise,fall,15.437499642396688,1,-7.033323527139146e-06,-15.437506675720217,-14.687506675720217
vitality_variant_0972,vitality_mechanism_setting_025,holdout,theory,increase,surface_d,reverse,rise,fall,13.79687500008913,1,-1.3351351299206726e-05,-13.79688835144043,-16.25001335144043
vitality_variant_0973,vitality_mechanism_setting_025,holdout,theory,decrease,surface_c,forward,fall,rise,10.671874765881512,1,-10.671967506408691,-9.274052717955784e-05,-9.968842506408691
vitality_variant_0974,vitality_mechanism_setting_025,holdout,theory,decrease,surface_c,reverse,fall,rise,10.15625001207809,1,-10.156405448913574,-0.0001554368354845,-9.297030448913574
vitality_variant_0975,vitality_mechanism_setting_025,holdout,theory,decrease,surface_d,forward,fall,rise,4.140625016763806,1,-4.159326553344727,-0.0187015365809202,-6.159326553344727
vitality_variant_0976,vitality_mechanism_setting_025,holdout,theory,decrease,surface_d,reverse,fall,rise,3.093750085681677,1,-3.1458330154418945,-0.0520829297602176,-5.036458015441895
vitality_variant_0977,vitality_mechanism_setting_025,holdout,reverse,increase,surface_c,forward,fall,rise,5.312499855645001,1,-5.318818092346191,-0.0063182367011904,-6.943818092346191
vitality_variant_0978,vitality_mechanism_setting_025,holdout,reverse,increase,surface_c,reverse,fall,rise,3.921875080093741,1,-3.94399619102478,-0.0221211109310388,-6.256495952606201
vitality_variant_0979,vitality_mechanism_setting_025,holdout,reverse,increase,surface_d,forward,fall,rise,9.43749955331441,1,-9.437745094299316,-0.0002455409849062,-9.093995094299316
vitality_variant_0980,vitality_mechanism_setting_025,holdout,reverse,increase,surface_d,reverse,fall,rise,7.843749766063411,1,-7.844446659088135,-0.0006968930247239,-8.391322135925293
vitality_variant_0981,vitality_mechanism_setting_025,holdout,reverse,decrease,surface_c,forward,rise,fall,2.921874962747097,1,-0.0540771856904029,-2.9759521484375,-8.0853271484375
vitality_variant_0982,vitality_mechanism_setting_025,holdout,reverse,decrease,surface_c,reverse,rise,fall,3.484375089406967,1,-0.0314959585666656,-3.515871047973633,-10.031496047973633
vitality_variant_0983,vitality_mechanism_setting_025,holdout,reverse,decrease,surface_d,forward,rise,fall,-1.7343749552965164,0,-1.9011398553848269,-0.1667649000883102,-6.065202236175537
vitality_variant_0984,vitality_mechanism_setting_025,holdout,reverse,decrease,surface_d,reverse,rise,fall,-0.109375,0,-0.7519490122795105,-0.6425740122795105,-7.681636333465576
vitality_variant_0985,vitality_mechanism_setting_025,holdout,neutral,increase,surface_c,forward,same,rise,5.281250212341547,1,-5.287933826446533,-6.553558826446533,-0.0066836141049861
vitality_variant_0986,vitality_mechanism_setting_025,holdout,neutral,increase,surface_c,reverse,same,rise,4.609374884516001,1,-4.621050834655762,-6.480425834655762,-0.0116759501397609
vitality_variant_0987,vitality_mechanism_setting_025,holdout,neutral,increase,surface_d,forward,same,rise,11.015625358933905,1,-11.015676498413086,-11.281301498413086,-5.113947918289341e-05
vitality_variant_0988,vitality_mechanism_setting_025,holdout,neutral,increase,surface_d,reverse,same,rise,10.953125239542716,1,-10.95317268371582,-11.45317268371582,-4.7444173105759546e-05
vitality_variant_0989,vitality_mechanism_setting_025,holdout,neutral,decrease,surface_c,forward,same,fall,2.1562499701976776,1,-6.019040584564209,-2.269040584564209,-0.1127906143665313
vitality_variant_0990,vitality_mechanism_setting_025,holdout,neutral,decrease,surface_c,reverse,same,fall,2.765624985098839,1,-6.095151901245117,-2.829526662826538,-0.0639016777276992
vitality_variant_0991,vitality_mechanism_setting_025,holdout,neutral,decrease,surface_d,forward,same,fall,5.718750214204192,1,-6.848321914672852,-5.723321914672852,-0.0045717004686594
vitality_variant_0992,vitality_mechanism_setting_025,holdout,neutral,decrease,surface_d,reverse,same,fall,5.281249775085598,1,-6.413234710693359,-5.288234710693359,-0.0069849356077611
vitality_variant_0993,vitality_mechanism_setting_025,holdout,irrelevant_number,registry_up,surface_c,forward,same,rise,4.6093747820705175,1,-4.625401973724365,-5.156651973724365,-0.0160271916538476
vitality_variant_0994,vitality_mechanism_setting_025,holdout,irrelevant_number,registry_up,surface_c,reverse,same,rise,1.5937499850988388,1,-1.8060429096221924,-3.681042909622192,-0.2122929245233535
vitality_variant_0995,vitality_mechanism_setting_025,holdout,irrelevant_number,registry_up,surface_d,forward,same,rise,7.1874998941784725,1,-7.188706874847412,-7.891831874847412,-0.0012069806689396
vitality_variant_0996,vitality_mechanism_setting_025,holdout,irrelevant_number,registry_up,surface_d,reverse,same,rise,5.87499978672713,1,-5.879029750823975,-6.847779750823975,-0.0040299640968441
vitality_variant_0997,vitality_mechanism_setting_025,holdout,irrelevant_number,registry_down,surface_c,forward,same,fall,5.046874826774001,1,-5.059953212738037,-5.059953212738037,-0.0130783859640359
vitality_variant_0998,vitality_mechanism_setting_025,holdout,irrelevant_number,registry_down,surface_c,reverse,same,fall,3.5781249552965164,1,-2.634568452835083,-3.681443452835083,-0.1033184975385665
vitality_variant_0999,vitality_mechanism_setting_025,holdout,irrelevant_number,registry_down,surface_d,forward,same,fall,7.515624763909727,1,-7.001544952392578,-7.517169952392578,-0.0015451884828507
vitality_variant_1000,vitality_mechanism_setting_025,holdout,irrelevant_number,registry_down,surface_d,reverse,same,fall,6.328125112690032,1,-5.474957466125488,-6.334332466125488,-0.0062073534354567
vitality_variant_1001,vitality_mechanism_setting_026,holdout,default,increase,surface_c,forward,rise,fall,9.49999961827416,1,-0.0006546023068949,-9.500654220581056,-7.766279697418213
vitality_variant_1002,vitality_mechanism_setting_026,holdout,default,increase,surface_c,reverse,rise,fall,9.15624957313412,1,-0.0003160930646117,-9.15656566619873,-10.01594066619873
vitality_variant_1003,vitality_mechanism_setting_026,holdout,default,increase,surface_d,forward,rise,fall,11.015624786537956,1,-0.0002233732520835,-11.01584815979004,-8.843973159790039
vitality_variant_1004,vitality_mechanism_setting_026,holdout,default,increase,surface_d,reverse,rise,fall,10.281250247426216,1,-0.0001342206523986,-10.281384468078612,-11.109509468078612
vitality_variant_1005,vitality_mechanism_setting_026,holdout,default,decrease,surface_c,forward,fall,rise,4.859374957159162,1,-4.874305248260498,-0.0149302911013364,-5.030555248260498
vitality_variant_1006,vitality_mechanism_setting_026,holdout,default,decrease,surface_c,reverse,fall,rise,4.265625210478902,1,-4.286910057067871,-0.0212848465889692,-5.021285057067871
vitality_variant_1007,vitality_mechanism_setting_026,holdout,default,decrease,surface_d,forward,fall,rise,5.281249860301614,1,-5.289969444274902,-0.0087195839732885,-5.727469444274902
vitality_variant_1008,vitality_mechanism_setting_026,holdout,default,decrease,surface_d,reverse,fall,rise,4.5156252179294825,1,-4.530808448791504,-0.0151832308620214,-5.577683448791504
vitality_variant_1009,vitality_mechanism_setting_026,holdout,theory,increase,surface_c,forward,rise,fall,16.124999165556346,1,-6.556489552167477e-06,-16.1250057220459,-14.734381675720217
vitality_variant_1010,vitality_mechanism_setting_026,holdout,theory,increase,surface_c,reverse,rise,fall,14.421874642421244,1,-9.894321920000948e-06,-14.421884536743164,-17.289072036743164
vitality_variant_1011,vitality_mechanism_setting_026,holdout,theory,increase,surface_d,forward,rise,fall,16.109374761599156,1,-5.960446742392378e-06,-16.1093807220459,-15.281255722045898
vitality_variant_1012,vitality_mechanism_setting_026,holdout,theory,increase,surface_d,reverse,rise,fall,14.4531248808471,1,-1.060957038134802e-05,-14.45313549041748,-17.187511444091797
vitality_variant_1013,vitality_mechanism_setting_026,holdout,theory,decrease,surface_c,forward,fall,rise,10.171875365267624,1,-10.171998977661133,-0.0001236123935086,-9.734498977661133
vitality_variant_1014,vitality_mechanism_setting_026,holdout,theory,decrease,surface_c,reverse,fall,rise,9.54687455012754,1,-9.547106742858888,-0.000232192731346,-8.937731742858887
vitality_variant_1015,vitality_mechanism_setting_026,holdout,theory,decrease,surface_d,forward,fall,rise,4.187499856576324,1,-4.205226421356201,-0.0177265647798776,-6.283351421356201
vitality_variant_1016,vitality_mechanism_setting_026,holdout,theory,decrease,surface_d,reverse,fall,rise,3.250000044703484,1,-3.295739889144897,-0.0457398444414138,-5.030114650726318
vitality_variant_1017,vitality_mechanism_setting_026,holdout,reverse,increase,surface_c,forward,fall,rise,5.515624979510903,1,-5.520875453948975,-0.0052504744380712,-7.052125453948975
vitality_variant_1018,vitality_mechanism_setting_026,holdout,reverse,increase,surface_c,reverse,fall,rise,3.593750109896064,1,-3.623049020767212,-0.0292989108711481,-6.466798782348633
vitality_variant_1019,vitality_mechanism_setting_026,holdout,reverse,increase,surface_d,forward,fall,rise,9.421874785679393,1,-9.422094345092772,-0.0002195594133809,-9.328344345092772
vitality_variant_1020,vitality_mechanism_setting_026,holdout,reverse,increase,surface_d,reverse,fall,rise,7.265624948428012,1,-7.266668319702148,-0.001043371274136,-8.297918319702148
vitality_variant_1021,vitality_mechanism_setting_026,holdout,reverse,decrease,surface_c,forward,rise,fall,2.906250048428774,1,-0.0547544471919536,-2.9610044956207275,-8.515691757202148
vitality_variant_1022,vitality_mechanism_setting_026,holdout,reverse,decrease,surface_c,reverse,rise,fall,3.843750087544322,1,-0.0221480447798967,-3.8658981323242183,-10.85808563232422
vitality_variant_1023,vitality_mechanism_setting_026,holdout,reverse,decrease,surface_d,forward,rise,fall,-1.2500000596046448,0,-1.5059874057769775,-0.2559873461723327,-6.248174667358398
vitality_variant_1024,vitality_mechanism_setting_026,holdout,reverse,decrease,surface_d,reverse,rise,fall,0.390625,1,-0.5192800760269165,-0.9099050760269164,-8.019280433654785
vitality_variant_1025,vitality_mechanism_setting_026,holdout,neutral,increase,surface_c,forward,same,rise,5.9687498605344445,1,-5.972194671630859,-7.175319671630859,-0.0034448110964149
vitality_variant_1026,vitality_mechanism_setting_026,holdout,neutral,increase,surface_c,reverse,same,rise,5.4999999566935,1,-5.504894256591797,-7.286144256591797,-0.0048942998982965
vitality_variant_1027,vitality_mechanism_setting_026,holdout,neutral,increase,surface_d,forward,same,rise,9.937499887135344,1,-9.937612533569336,-10.421987533569336,-0.0001126464339904
vitality_variant_1028,vitality_mechanism_setting_026,holdout,neutral,increase,surface_d,reverse,same,rise,9.734374768268026,1,-9.734490394592283,-10.531365394592283,-0.0001156263242592
vitality_variant_1029,vitality_mechanism_setting_026,holdout,neutral,decrease,surface_c,forward,same,fall,4.484375078231096,1,-7.168477535247803,-4.496602535247803,-0.0122274570167064
vitality_variant_1030,vitality_mechanism_setting_026,holdout,neutral,decrease,surface_c,reverse,same,fall,4.921875234693289,1,-7.211313247680664,-4.930063247680664,-0.0081880129873752
vitality_variant_1031,vitality_mechanism_setting_026,holdout,neutral,decrease,surface_d,forward,same,fall,5.203124951571226,1,-6.444873332977295,-5.210498332977295,-0.0073733814060688
vitality_variant_1032,vitality_mechanism_setting_026,holdout,neutral,decrease,surface_d,reverse,same,fall,4.921874796040356,1,-5.9165472984313965,-4.9321722984313965,-0.0102975023910403
vitality_variant_1033,vitality_mechanism_setting_026,holdout,irrelevant_number,registry_up,surface_c,forward,same,rise,4.437500145286322,1,-4.456509113311768,-4.987759113311768,-0.0190089680254459
vitality_variant_1034,vitality_mechanism_setting_026,holdout,irrelevant_number,registry_up,surface_c,reverse,same,rise,1.5156249403953552,1,-1.7421667575836182,-3.664041757583618,-0.2265418171882629
vitality_variant_1035,vitality_mechanism_setting_026,holdout,irrelevant_number,registry_up,surface_d,forward,same,rise,7.468750041269232,1,-7.469643115997314,-8.282142639160156,-0.0008930747280828
vitality_variant_1036,vitality_mechanism_setting_026,holdout,irrelevant_number,registry_up,surface_d,reverse,same,rise,6.1718752279412,1,-6.1747589111328125,-7.3310089111328125,-0.0028836831916123
vitality_variant_1037,vitality_mechanism_setting_026,holdout,irrelevant_number,registry_down,surface_c,forward,same,fall,4.2812498062849045,1,-4.602412700653076,-4.305537700653076,-0.0242878943681716
vitality_variant_1038,vitality_mechanism_setting_026,holdout,irrelevant_number,registry_down,surface_c,reverse,same,fall,3.0156248807907104,1,-2.1848177909851074,-3.1848177909851074,-0.1691929101943969
vitality_variant_1039,vitality_mechanism_setting_026,holdout,irrelevant_number,registry_down,surface_d,forward,same,fall,7.953124993131496,1,-7.32921028137207,-7.95421028137207,-0.0010852882405743
vitality_variant_1040,vitality_mechanism_setting_026,holdout,irrelevant_number,registry_down,surface_d,reverse,same,fall,7.000000216765329,1,-6.03472900390625,-7.00347900390625,-0.0034787871409207
vitality_variant_1041,vitality_mechanism_setting_027,holdout,default,increase,surface_c,forward,rise,fall,10.10937506123446,1,-0.0003499372396618,-10.10972499847412,-8.484724998474121
vitality_variant_1042,vitality_mechanism_setting_027,holdout,default,increase,surface_c,reverse,rise,fall,9.515625382235156,1,-0.0002218238805653,-9.515847206115724,-10.531472206115724
vitality_variant_1043,vitality_mechanism_setting_027,holdout,default,increase,surface_d,forward,rise,fall,11.46875036714482,1,-0.0001379156310576,-11.46888828277588,-9.40638828277588
vitality_variant_1044,vitality_mechanism_setting_027,holdout,default,increase,surface_d,reverse,rise,fall,10.609375243031536,1,-9.60780744208023e-05,-10.609471321105955,-11.562596321105955
vitality_variant_1045,vitality_mechanism_setting_027,holdout,default,decrease,surface_c,forward,fall,rise,3.625000022351742,1,-3.664464473724365,-0.0394644513726234,-4.430089473724365
vitality_variant_1046,vitality_mechanism_setting_027,holdout,default,decrease,surface_c,reverse,fall,rise,3.249999944120645,1,-3.2983052730560303,-0.0483053289353847,-4.704555511474609
vitality_variant_1047,vitality_mechanism_setting_027,holdout,default,decrease,surface_d,forward,fall,rise,4.218749791383743,1,-4.239067554473877,-0.0203177630901336,-5.285942554473877
vitality_variant_1048,vitality_mechanism_setting_027,holdout,default,decrease,surface_d,reverse,fall,rise,3.843750005587936,1,-3.86955451965332,-0.0258045140653848,-5.54142951965332
vitality_variant_1049,vitality_mechanism_setting_027,holdout,theory,increase,surface_c,forward,rise,fall,15.484374523195584,1,-8.106198947643861e-06,-15.484382629394531,-14.140632629394531
vitality_variant_1050,vitality_mechanism_setting_027,holdout,theory,increase,surface_c,reverse,rise,fall,13.859375238492248,1,-1.2159273865108844e-05,-13.859387397766112,-16.187511444091797
vitality_variant_1051,vitality_mechanism_setting_027,holdout,theory,increase,surface_d,forward,rise,fall,16.156250119225206,1,-5.602820692729438e-06,-16.1562557220459,-15.468755722045898
vitality_variant_1052,vitality_mechanism_setting_027,holdout,theory,increase,surface_d,reverse,rise,fall,14.31250011926295,1,-1.0371154530730564e-05,-14.31251049041748,-16.906259536743164
vitality_variant_1053,vitality_mechanism_setting_027,holdout,theory,decrease,surface_c,forward,fall,rise,8.062500298430678,1,-8.063098907470703,-0.0005986090400256,-8.500598907470703
vitality_variant_1054,vitality_mechanism_setting_027,holdout,theory,decrease,surface_c,reverse,fall,rise,7.562499849474989,1,-7.563562393188477,-0.0010625437134876,-7.688562393188477
vitality_variant_1055,vitality_mechanism_setting_027,holdout,theory,decrease,surface_d,forward,fall,rise,1.6250000298023224,1,-1.8095394372940063,-0.1845394074916839,-5.989226818084717
vitality_variant_1056,vitality_mechanism_setting_027,holdout,theory,decrease,surface_d,reverse,fall,rise,0.8906249701976776,1,-1.2437230348587036,-0.353098064661026,-5.103097915649414
vitality_variant_1057,vitality_mechanism_setting_027,holdout,reverse,increase,surface_c,forward,fall,rise,5.75000007962808,1,-5.754772186279297,-0.0047721066512167,-6.723522186279297
vitality_variant_1058,vitality_mechanism_setting_027,holdout,reverse,increase,surface_c,reverse,fall,rise,4.125000109896064,1,-4.143560886383057,-0.0185607764869928,-6.221685886383057
vitality_variant_1059,vitality_mechanism_setting_027,holdout,reverse,increase,surface_d,forward,fall,rise,9.593749544481398,1,-9.593955993652344,-0.0002064491709461,-9.328330993652344
vitality_variant_1060,vitality_mechanism_setting_027,holdout,reverse,increase,surface_d,reverse,fall,rise,7.484374782885425,1,-7.485245227813721,-0.0008704449282959,-8.407120704650879
vitality_variant_1061,vitality_mechanism_setting_027,holdout,reverse,decrease,surface_c,forward,rise,fall,2.7031250074505806,1,-0.0667383596301078,-2.7698633670806885,-7.894863128662109
vitality_variant_1062,vitality_mechanism_setting_027,holdout,reverse,decrease,surface_c,reverse,rise,fall,3.624999986961484,1,-0.0274558197706937,-3.6524558067321777,-10.168081283569336
vitality_variant_1063,vitality_mechanism_setting_027,holdout,reverse,decrease,surface_d,forward,rise,fall,-2.921875070780516,0,-2.977757453918457,-0.0558823831379413,-6.102757453918457
vitality_variant_1064,vitality_mechanism_setting_027,holdout,reverse,decrease,surface_d,reverse,rise,fall,-1.1875000298023224,0,-1.4564216136932373,-0.2689215838909149,-6.956421375274658
vitality_variant_1065,vitality_mechanism_setting_027,holdout,neutral,increase,surface_c,forward,same,rise,6.203125042608008,1,-6.2057695388793945,-7.565144538879394,-0.0026444962713867
vitality_variant_1066,vitality_mechanism_setting_027,holdout,neutral,increase,surface_c,reverse,same,rise,6.109375009313226,1,-6.112139225006104,-7.705889225006103,-0.0027642156928777
vitality_variant_1067,vitality_mechanism_setting_027,holdout,neutral,increase,surface_d,forward,same,rise,10.609374644685886,1,-10.609442710876465,-11.015692710876465,-6.806619057897478e-05
vitality_variant_1068,vitality_mechanism_setting_027,holdout,neutral,increase,surface_d,reverse,same,rise,10.609375121006453,1,-10.609435081481934,-11.234435081481934,-5.9960475482512265e-05
vitality_variant_1069,vitality_mechanism_setting_027,holdout,neutral,decrease,surface_c,forward,same,fall,5.781250121304765,1,-7.425686836242676,-5.785061836242676,-0.0038117149379104
vitality_variant_1070,vitality_mechanism_setting_027,holdout,neutral,decrease,surface_c,reverse,same,fall,6.046875072875992,1,-7.565493106842041,-6.049868106842041,-0.0029930339660495
vitality_variant_1071,vitality_mechanism_setting_027,holdout,neutral,decrease,surface_d,forward,same,fall,7.515624989988282,1,-7.766707420349121,-7.516707420349121,-0.0010824303608387
vitality_variant_1072,vitality_mechanism_setting_027,holdout,neutral,decrease,surface_d,reverse,same,fall,7.1874999379506335,1,-7.5014214515686035,-7.188921451568604,-0.00142151361797
vitality_variant_1073,vitality_mechanism_setting_027,holdout,irrelevant_number,registry_up,surface_c,forward,same,rise,4.484374888241291,1,-4.500364303588867,-5.422239303588867,-0.0159894153475761
vitality_variant_1074,vitality_mechanism_setting_027,holdout,irrelevant_number,registry_up,surface_c,reverse,same,rise,1.5781249403953552,1,-1.7867710590362549,-3.958646059036255,-0.2086461186408996
vitality_variant_1075,vitality_mechanism_setting_027,holdout,irrelevant_number,registry_up,surface_d,forward,same,rise,6.593750125961378,1,-6.595766067504883,-7.517641067504883,-0.0020159415435045
vitality_variant_1076,vitality_mechanism_setting_027,holdout,irrelevant_number,registry_up,surface_d,reverse,same,rise,5.124999927356839,1,-5.132762432098389,-6.445262432098389,-0.0077625047415494
vitality_variant_1077,vitality_mechanism_setting_027,holdout,irrelevant_number,registry_down,surface_c,forward,same,fall,5.046875103376806,1,-4.765315532684326,-5.062190532684326,-0.0153154293075203
vitality_variant_1078,vitality_mechanism_setting_027,holdout,irrelevant_number,registry_down,surface_c,reverse,same,fall,3.5781248807907104,1,-2.33418607711792,-3.70918607711792,-0.1310611963272094
vitality_variant_1079,vitality_mechanism_setting_027,holdout,irrelevant_number,registry_down,surface_d,forward,same,fall,7.656249843537807,1,-6.954644203186035,-7.657769203186035,-0.0015193596482276
vitality_variant_1080,vitality_mechanism_setting_027,holdout,irrelevant_number,registry_down,surface_d,reverse,same,fall,6.562500184867531,1,-5.505700588226318,-6.568200588226318,-0.0057004033587872
vitality_variant_1081,vitality_mechanism_setting_028,holdout,default,increase,surface_c,forward,rise,fall,9.3749997424311,1,-0.0006621075444854,-9.375661849975586,-7.797537326812744
vitality_variant_1082,vitality_mechanism_setting_028,holdout,default,increase,surface_c,reverse,rise,fall,9.0312500592554,1,-0.0003442171728238,-9.031594276428224,-10.047219276428224
vitality_variant_1083,vitality_mechanism_setting_028,holdout,default,increase,surface_d,forward,rise,fall,10.89062478527194,1,-0.0002176524722017,-10.89084243774414,-8.93771743774414
vitality_variant_1084,vitality_mechanism_setting_028,holdout,default,increase,surface_d,reverse,rise,fall,10.171874890904292,1,-0.0001422065688529,-10.172017097473145,-11.218892097473145
vitality_variant_1085,vitality_mechanism_setting_028,holdout,default,decrease,surface_c,forward,fall,rise,3.687499895691872,1,-3.729348659515381,-0.0418487638235092,-4.151223659515381
vitality_variant_1086,vitality_mechanism_setting_028,holdout,default,decrease,surface_c,reverse,fall,rise,3.203124985098839,1,-3.256454944610596,-0.0533299595117569,-4.412704944610596
vitality_variant_1087,vitality_mechanism_setting_028,holdout,default,decrease,surface_d,forward,fall,rise,4.359374972060323,1,-4.379166126251221,-0.0197911541908979,-5.051041126251221
vitality_variant_1088,vitality_mechanism_setting_028,holdout,default,decrease,surface_d,reverse,fall,rise,3.765625113621354,1,-3.79501223564148,-0.0293871220201253,-5.1700119972229
vitality_variant_1089,vitality_mechanism_setting_028,holdout,theory,increase,surface_c,forward,rise,fall,15.67187488082891,1,-8.702239938429557e-06,-15.671883583068848,-14.265633583068848
vitality_variant_1090,vitality_mechanism_setting_028,holdout,theory,increase,surface_c,reverse,rise,fall,14.046874523245606,1,-1.2874520507466514e-05,-14.046887397766112,-16.81251335144043
vitality_variant_1091,vitality_mechanism_setting_028,holdout,theory,increase,surface_d,forward,rise,fall,15.999999165556346,1,-6.556489552167477e-06,-16.0000057220459,-15.328131675720217
vitality_variant_1092,vitality_mechanism_setting_028,holdout,theory,increase,surface_d,reverse,rise,fall,14.281249642442162,1,-1.1801649634435307e-05,-14.281261444091797,-17.218761444091797
vitality_variant_1093,vitality_mechanism_setting_028,holdout,theory,decrease,surface_c,forward,fall,rise,9.03125006845221,1,-9.031620025634766,-0.0003699571825563,-8.547245025634766
vitality_variant_1094,vitality_mechanism_setting_028,holdout,theory,decrease,surface_c,reverse,fall,rise,7.609375189524144,1,-7.61052942276001,-0.0011542332358658,-7.46990442276001
vitality_variant_1095,vitality_mechanism_setting_028,holdout,theory,decrease,surface_d,forward,fall,rise,2.453124932944774,1,-2.541396141052246,-0.0882712081074714,-5.541396141052246
vitality_variant_1096,vitality_mechanism_setting_028,holdout,theory,decrease,surface_d,reverse,fall,rise,1.6562500447034836,1,-1.8425654172897337,-0.1863153725862503,-4.701940536499023
vitality_variant_1097,vitality_mechanism_setting_028,holdout,reverse,increase,surface_c,forward,fall,rise,5.500000048894435,1,-5.50550651550293,-0.0055064666084945,-6.89613151550293
vitality_variant_1098,vitality_mechanism_setting_028,holdout,reverse,increase,surface_c,reverse,fall,rise,3.734374921768904,1,-3.76017165184021,-0.0257967300713062,-6.447671890258789
vitality_variant_1099,vitality_mechanism_setting_028,holdout,reverse,increase,surface_d,forward,fall,rise,9.703124542182197,1,-9.703319549560549,-0.0001950073783518,-9.375194549560549
vitality_variant_1100,vitality_mechanism_setting_028,holdout,reverse,increase,surface_d,reverse,fall,rise,7.437500078754965,1,-7.43843412399292,-0.0009340452379547,-8.282183647155762
vitality_variant_1101,vitality_mechanism_setting_028,holdout,reverse,decrease,surface_c,forward,rise,fall,2.9374999962747097,1,-0.0531361140310764,-2.990636110305786,-9.029698371887209
vitality_variant_1102,vitality_mechanism_setting_028,holdout,reverse,decrease,surface_c,reverse,rise,fall,3.95312493480742,1,-0.0199733432382345,-3.9730982780456543,-11.152786254882812
vitality_variant_1103,vitality_mechanism_setting_028,holdout,reverse,decrease,surface_d,forward,rise,fall,-2.546874903142452,0,-2.6255412101745605,-0.0786663070321083,-6.2974162101745605
vitality_variant_1104,vitality_mechanism_setting_028,holdout,reverse,decrease,surface_d,reverse,rise,fall,-0.7968750596046448,0,-1.1715373992919922,-0.3746623396873474,-7.359037399291992
vitality_variant_1105,vitality_mechanism_setting_028,holdout,neutral,increase,surface_c,forward,same,rise,6.125000131316483,1,-6.127932548522949,-7.362307548522949,-0.0029324172064661
vitality_variant_1106,vitality_mechanism_setting_028,holdout,neutral,increase,surface_c,reverse,same,rise,5.812499929452315,1,-5.816164970397949,-7.472414970397949,-0.0036650409456342
vitality_variant_1107,vitality_mechanism_setting_028,holdout,neutral,increase,surface_d,forward,same,rise,10.187500242245733,1,-10.18758773803711,-10.82821273803711,-8.749579137656838e-05
vitality_variant_1108,vitality_mechanism_setting_028,holdout,neutral,increase,surface_d,reverse,same,rise,10.140625122643542,1,-10.140707969665527,-10.921957969665527,-8.284702198579907e-05
vitality_variant_1109,vitality_mechanism_setting_028,holdout,neutral,decrease,surface_c,forward,same,fall,5.25000020256266,1,-7.162433624267578,-5.256183624267578,-0.0061834217049181
vitality_variant_1110,vitality_mechanism_setting_028,holdout,neutral,decrease,surface_c,reverse,same,fall,5.609375162981451,1,-7.285731792449951,-5.613856792449951,-0.0044816294685006
vitality_variant_1111,vitality_mechanism_setting_028,holdout,neutral,decrease,surface_d,forward,same,fall,6.968750122352503,1,-7.29863691329956,-6.9705119132995605,-0.0017617909470573
vitality_variant_1112,vitality_mechanism_setting_028,holdout,neutral,decrease,surface_d,reverse,same,fall,6.546874836552888,1,-6.84640645980835,-6.54953145980835,-0.0026566232554614
vitality_variant_1113,vitality_mechanism_setting_028,holdout,irrelevant_number,registry_up,surface_c,forward,same,rise,4.6718750251457095,1,-4.685936450958252,-5.420311450958252,-0.0140614258125424
vitality_variant_1114,vitality_mechanism_setting_028,holdout,irrelevant_number,registry_up,surface_c,reverse,same,rise,1.6875000149011612,1,-1.8795011043548584,-3.8951261043548575,-0.1920010894536972
vitality_variant_1115,vitality_mechanism_setting_028,holdout,irrelevant_number,registry_up,surface_d,forward,same,rise,6.500000179046765,1,-6.502315521240234,-7.267940521240234,-0.0023153421934694
vitality_variant_1116,vitality_mechanism_setting_028,holdout,irrelevant_number,registry_up,surface_d,reverse,same,rise,4.68750003259629,1,-4.69964599609375,-5.93402099609375,-0.0121459634974598
vitality_variant_1117,vitality_mechanism_setting_028,holdout,irrelevant_number,registry_down,surface_c,forward,same,fall,5.031249958090484,1,-5.122170448303223,-5.044045448303223,-0.0127954902127385
vitality_variant_1118,vitality_mechanism_setting_028,holdout,irrelevant_number,registry_down,surface_c,reverse,same,fall,3.5937499552965164,1,-2.706881284713745,-3.691256284713745,-0.0975063294172287
vitality_variant_1119,vitality_mechanism_setting_028,holdout,irrelevant_number,registry_down,surface_d,forward,same,fall,7.3125001944135875,1,-6.814367294311523,-7.314367294311523,-0.0018670998979359
vitality_variant_1120,vitality_mechanism_setting_028,holdout,irrelevant_number,registry_down,surface_d,reverse,same,fall,6.031250205822289,1,-5.133594989776611,-6.039844989776611,-0.0085947839543223
vitality_variant_1121,vitality_mechanism_setting_029,holdout,default,increase,surface_c,forward,rise,fall,10.328125400381396,1,-0.0002923776337411,-10.328417778015137,-8.687792778015137
vitality_variant_1122,vitality_mechanism_setting_029,holdout,default,increase,surface_c,reverse,rise,fall,9.718750139625628,1,-0.0002020393294515,-9.718952178955078,-10.906452178955078
vitality_variant_1123,vitality_mechanism_setting_029,holdout,default,increase,surface_d,forward,rise,fall,11.609374650462996,1,-0.0001271882210858,-11.609501838684082,-9.484501838684082
vitality_variant_1124,vitality_mechanism_setting_029,holdout,default,increase,surface_d,reverse,rise,fall,10.53125036299025,1,-0.0001035875102388,-10.531353950500488,-11.578228950500488
vitality_variant_1125,vitality_mechanism_setting_029,holdout,default,decrease,surface_c,forward,fall,rise,3.328124895691872,1,-3.3828532695770264,-0.0547283738851547,-4.0234785079956055
vitality_variant_1126,vitality_mechanism_setting_029,holdout,default,decrease,surface_c,reverse,fall,rise,2.812499888241291,1,-2.885871410369873,-0.073371522128582,-4.307746410369873
vitality_variant_1127,vitality_mechanism_setting_029,holdout,default,decrease,surface_d,forward,fall,rise,3.859374914318323,1,-3.890790700912476,-0.0314157865941524,-4.640790939331055
vitality_variant_1128,vitality_mechanism_setting_029,holdout,default,decrease,surface_d,reverse,fall,rise,3.2499999962747097,1,-3.295675039291382,-0.0456750430166721,-5.014425277709961
vitality_variant_1129,vitality_mechanism_setting_029,holdout,theory,increase,surface_c,forward,rise,fall,16.046875357654244,1,-7.271740287251305e-06,-16.04688262939453,-14.421882629394531
vitality_variant_1130,vitality_mechanism_setting_029,holdout,theory,increase,surface_c,reverse,rise,fall,14.406249642431249,1,-1.084798623196548e-05,-14.40626049041748,-16.609386444091797
vitality_variant_1131,vitality_mechanism_setting_029,holdout,theory,increase,surface_d,forward,rise,fall,16.5625004768508,1,-5.245195097813848e-06,-16.5625057220459,-15.578129768371582
vitality_variant_1132,vitality_mechanism_setting_029,holdout,theory,increase,surface_d,reverse,rise,fall,14.609374642421244,1,-9.894321920000948e-06,-14.609384536743164,-17.125009536743164
vitality_variant_1133,vitality_mechanism_setting_029,holdout,theory,decrease,surface_c,forward,fall,rise,8.437499663443305,1,-8.438029289245605,-0.0005296258023008,-8.328654289245605
vitality_variant_1134,vitality_mechanism_setting_029,holdout,theory,decrease,surface_c,reverse,fall,rise,7.2343751604203135,1,-7.235867500305176,-0.0014923398848623,-7.313992500305176
vitality_variant_1135,vitality_mechanism_setting_029,holdout,theory,decrease,surface_d,forward,fall,rise,1.2656249403953552,1,-1.522902250289917,-0.2572773098945617,-5.163527488708496
vitality_variant_1136,vitality_mechanism_setting_029,holdout,theory,decrease,surface_d,reverse,fall,rise,0.859375,1,-1.2297242879867554,-0.3703492879867553,-4.292224407196045
vitality_variant_1137,vitality_mechanism_setting_029,holdout,reverse,increase,surface_c,forward,fall,rise,6.203125033527613,1,-6.206408977508545,-0.0032839439809322,-6.972033977508545
vitality_variant_1138,vitality_mechanism_setting_029,holdout,reverse,increase,surface_c,reverse,fall,rise,4.515625089406967,1,-4.52829122543335,-0.0126661360263824,-6.60641622543335
vitality_variant_1139,vitality_mechanism_setting_029,holdout,reverse,increase,surface_d,forward,fall,rise,10.03124953401857,1,-10.031396865844728,-0.000147331826156,-9.672021865844728
vitality_variant_1140,vitality_mechanism_setting_029,holdout,reverse,increase,surface_d,reverse,fall,rise,7.7656249848078,1,-7.766293048858643,-0.000668064050842,-8.6725435256958
vitality_variant_1141,vitality_mechanism_setting_029,holdout,reverse,decrease,surface_c,forward,rise,fall,3.390625014901161,1,-0.0344114154577255,-3.4250364303588867,-8.643786430358887
vitality_variant_1142,vitality_mechanism_setting_029,holdout,reverse,decrease,surface_c,reverse,rise,fall,4.140625109896064,1,-0.0166620109230279,-4.157287120819092,-11.079161643981934
vitality_variant_1143,vitality_mechanism_setting_029,holdout,reverse,decrease,surface_d,forward,rise,fall,-3.3906250596046448,0,-3.4261300563812256,-0.0355049967765808,-6.566754817962647
vitality_variant_1144,vitality_mechanism_setting_029,holdout,reverse,decrease,surface_d,reverse,rise,fall,-1.3906249701976776,0,-1.6152732372283936,-0.2246482670307159,-7.154335975646973
vitality_variant_1145,vitality_mechanism_setting_029,holdout,neutral,increase,surface_c,forward,same,rise,6.156250182306394,1,-6.15903377532959,-7.50278377532959,-0.0027835930231958
vitality_variant_1146,vitality_mechanism_setting_029,holdout,neutral,increase,surface_c,reverse,same,rise,6.031250077066943,1,-6.034204483032227,-7.690454483032227,-0.0029544059652835
vitality_variant_1147,vitality_mechanism_setting_029,holdout,neutral,increase,surface_d,forward,same,rise,10.32812452656799,1,-10.328207015991213,-10.812582015991213,-8.248942322097719e-05
vitality_variant_1148,vitality_mechanism_setting_029,holdout,neutral,increase,surface_d,reverse,same,rise,10.24999988370837,1,-10.250076293945312,-10.984451293945312,-7.64102369430475e-05
vitality_variant_1149,vitality_mechanism_setting_029,holdout,neutral,decrease,surface_c,forward,same,fall,5.296875061932951,1,-7.209029674530029,-5.302779674530029,-0.005904612597078
vitality_variant_1150,vitality_mechanism_setting_029,holdout,neutral,decrease,surface_c,reverse,same,fall,5.671874919906259,1,-7.238665580749512,-5.676165580749512,-0.0042906608432531
vitality_variant_1151,vitality_mechanism_setting_029,holdout,neutral,decrease,surface_d,forward,same,fall,7.499999963562004,1,-7.61053991317749,-7.50116491317749,-0.0011649496154859
vitality_variant_1152,vitality_mechanism_setting_029,holdout,neutral,decrease,surface_d,reverse,same,fall,7.20312478847336,1,-7.079831600189209,-7.204831600189209,-0.0017068117158487
vitality_variant_1153,vitality_mechanism_setting_029,holdout,irrelevant_number,registry_up,surface_c,forward,same,rise,4.781249915249646,1,-4.793949127197266,-5.512699127197266,-0.0126992119476199
vitality_variant_1154,vitality_mechanism_setting_029,holdout,irrelevant_number,registry_up,surface_c,reverse,same,rise,1.7656250447034836,1,-1.9444248676300049,-3.960049867630005,-0.1787998229265213
vitality_variant_1155,vitality_mechanism_setting_029,holdout,irrelevant_number,registry_up,surface_d,forward,same,rise,6.984375084983185,1,-6.98581600189209,-7.76706600189209,-0.0014409169089049
vitality_variant_1156,vitality_mechanism_setting_029,holdout,irrelevant_number,registry_up,surface_d,reverse,same,rise,5.531249945051968,1,-5.536694049835205,-6.661694049835205,-0.0054441047832369
vitality_variant_1157,vitality_mechanism_setting_029,holdout,irrelevant_number,registry_down,surface_c,forward,same,fall,5.140625089406967,1,-5.2147064208984375,-5.1522064208984375,-0.0115813314914703
vitality_variant_1158,vitality_mechanism_setting_029,holdout,irrelevant_number,registry_down,surface_c,reverse,same,fall,3.7031249701976776,1,-2.777287483215332,-3.792912483215332,-0.0897875130176544
vitality_variant_1159,vitality_mechanism_setting_029,holdout,irrelevant_number,registry_down,surface_d,forward,same,fall,7.781249794876203,1,-7.235598087310791,-7.782473087310791,-0.001223292434588
vitality_variant_1160,vitality_mechanism_setting_029,holdout,irrelevant_number,registry_down,surface_d,reverse,same,fall,6.734374846331775,1,-5.848023414611816,-6.738648414611816,-0.0042735682800412
vitality_variant_1161,vitality_mechanism_setting_030,holdout,default,increase,surface_c,forward,rise,fall,8.640625030733645,1,-0.0014028241857886,-8.642027854919434,-6.907652854919434
vitality_variant_1162,vitality_mechanism_setting_030,holdout,default,increase,surface_c,reverse,rise,fall,8.32812507590279,1,-0.0006245807744562,-8.328749656677246,-8.797499656677246
vitality_variant_1163,vitality_mechanism_setting_030,holdout,default,increase,surface_d,forward,rise,fall,10.187500354688382,1,-0.0004822045157197,-10.187982559204102,-7.969232082366943
vitality_variant_1164,vitality_mechanism_setting_030,holdout,default,increase,surface_d,reverse,rise,fall,9.734374901439878,1,-0.0002032311895163,-9.734578132629396,-10.187703132629396
vitality_variant_1165,vitality_mechanism_setting_030,holdout,default,decrease,surface_c,forward,fall,rise,4.703125147148967,1,-4.7231974601745605,-0.0200723130255937,-4.5825724601745605
vitality_variant_1166,vitality_mechanism_setting_030,holdout,default,decrease,surface_c,reverse,fall,rise,4.140625160187483,1,-4.167296409606934,-0.0266712494194507,-4.604796409606934
vitality_variant_1167,vitality_mechanism_setting_030,holdout,default,decrease,surface_d,forward,fall,rise,5.078124837018549,1,-5.089612483978272,-0.011487646959722,-5.339612483978272
vitality_variant_1168,vitality_mechanism_setting_030,holdout,default,decrease,surface_d,reverse,fall,rise,4.312499905005097,1,-4.331755638122559,-0.0192557331174612,-5.238005638122559
vitality_variant_1169,vitality_mechanism_setting_030,holdout,theory,increase,surface_c,forward,rise,fall,15.718749761612344,1,-7.867782187531702e-06,-15.718757629394531,-14.140632629394531
vitality_variant_1170,vitality_mechanism_setting_030,holdout,theory,increase,surface_c,reverse,rise,fall,13.906250000076398,1,-1.23976897157263e-05,-13.906262397766112,-16.250011444091797
vitality_variant_1171,vitality_mechanism_setting_030,holdout,theory,increase,surface_d,forward,rise,fall,15.921874642390776,1,-6.079655122448457e-06,-15.921880722045898,-15.171880722045898
vitality_variant_1172,vitality_mechanism_setting_030,holdout,theory,increase,surface_d,reverse,rise,fall,14.187500238481334,1,-1.1205610462639015e-05,-14.187511444091797,-16.718761444091797
vitality_variant_1173,vitality_mechanism_setting_030,holdout,theory,decrease,surface_c,forward,fall,rise,9.953125011641532,1,-9.953277587890623,-0.0001525762490928,-9.531402587890623
vitality_variant_1174,vitality_mechanism_setting_030,holdout,theory,decrease,surface_c,reverse,fall,rise,9.015624591091182,1,-9.015993118286133,-0.0003685271949507,-8.500368118286133
vitality_variant_1175,vitality_mechanism_setting_030,holdout,theory,decrease,surface_d,forward,fall,rise,4.250000026077032,1,-4.266868591308594,-0.0168685652315616,-6.251243591308594
vitality_variant_1176,vitality_mechanism_setting_030,holdout,theory,decrease,surface_d,reverse,fall,rise,3.2187499552965164,1,-3.266329765319824,-0.0475798100233078,-4.938204765319824
vitality_variant_1177,vitality_mechanism_setting_030,holdout,reverse,increase,surface_c,forward,fall,rise,5.546875185798854,1,-5.552073955535889,-0.005198769737035,-6.989573955535889
vitality_variant_1178,vitality_mechanism_setting_030,holdout,reverse,increase,surface_c,reverse,fall,rise,3.937500054016709,1,-3.958893775939941,-0.021393721923232,-6.474518775939941
vitality_variant_1179,vitality_mechanism_setting_030,holdout,reverse,increase,surface_d,forward,fall,rise,9.578125140207703,1,-9.578330039978027,-0.0002048997703241,-9.343955039978027
vitality_variant_1180,vitality_mechanism_setting_030,holdout,reverse,increase,surface_d,reverse,fall,rise,7.703124912455678,1,-7.703859806060791,-0.000734893605113,-8.50073528289795
vitality_variant_1181,vitality_mechanism_setting_030,holdout,reverse,decrease,surface_c,forward,rise,fall,2.9843750298023224,1,-0.0509202182292938,-3.035295248031616,-8.300920486450195
vitality_variant_1182,vitality_mechanism_setting_030,holdout,reverse,decrease,surface_c,reverse,rise,fall,3.6875000428408384,1,-0.0258059073239564,-3.713305950164795,-10.439867973327637
vitality_variant_1183,vitality_mechanism_setting_030,holdout,reverse,decrease,surface_d,forward,rise,fall,-1.171875,0,-1.4459443092346191,-0.2740693092346191,-6.227194309234619
vitality_variant_1184,vitality_mechanism_setting_030,holdout,reverse,decrease,surface_d,reverse,rise,fall,0.265625,1,-0.5717823505401611,-0.8374073505401611,-7.798344612121582
vitality_variant_1185,vitality_mechanism_setting_030,holdout,neutral,increase,surface_c,forward,same,rise,6.6093752175802365,1,-6.611254692077637,-7.720629692077637,-0.0018794744974002
vitality_variant_1186,vitality_mechanism_setting_030,holdout,neutral,increase,surface_c,reverse,same,rise,6.125000118976459,1,-6.127760887145996,-7.643385887145996,-0.0027607681695371
vitality_variant_1187,vitality_mechanism_setting_030,holdout,neutral,increase,surface_d,forward,same,rise,10.640625002168235,1,-10.640690803527832,-11.031315803527832,-6.580135959666222e-05
vitality_variant_1188,vitality_mechanism_setting_030,holdout,neutral,increase,surface_d,reverse,same,rise,10.499999644496713,1,-10.500064849853516,-11.125064849853516,-6.5205356804654e-05
vitality_variant_1189,vitality_mechanism_setting_030,holdout,neutral,decrease,surface_c,forward,same,fall,5.203124891035259,1,-7.521815776824951,-5.209315776824951,-0.0061908857896924
vitality_variant_1190,vitality_mechanism_setting_030,holdout,neutral,decrease,surface_c,reverse,same,fall,5.437499964144081,1,-7.629968166351318,-5.442468166351318,-0.0049682022072374
vitality_variant_1191,vitality_mechanism_setting_030,holdout,neutral,decrease,surface_d,forward,same,fall,5.4375001839362085,1,-6.693344593048096,-5.443344593048096,-0.0058444091118872
vitality_variant_1192,vitality_mechanism_setting_030,holdout,neutral,decrease,surface_d,reverse,same,fall,5.015625034458935,1,-6.180881977081299,-5.024631977081299,-0.0090069426223635
vitality_variant_1193,vitality_mechanism_setting_030,holdout,irrelevant_number,registry_up,surface_c,forward,same,rise,3.968750089406967,1,-3.997713565826416,-4.638338565826416,-0.0289634764194488
vitality_variant_1194,vitality_mechanism_setting_030,holdout,irrelevant_number,registry_up,surface_c,reverse,same,rise,0.8593749701976776,1,-1.248299479484558,-3.420174598693848,-0.3889245092868805
vitality_variant_1195,vitality_mechanism_setting_030,holdout,irrelevant_number,registry_up,surface_d,forward,same,rise,7.0625000692671165,1,-7.063844203948975,-7.813844203948975,-0.0013441346818581
vitality_variant_1196,vitality_mechanism_setting_030,holdout,irrelevant_number,registry_up,surface_d,reverse,same,rise,5.734374905470759,1,-5.7388787269592285,-6.8170037269592285,-0.0045038214884698
vitality_variant_1197,vitality_mechanism_setting_030,holdout,irrelevant_number,registry_down,surface_c,forward,same,fall,4.1875000931322575,1,-4.464653968811035,-4.214653968811035,-0.0271538756787776
vitality_variant_1198,vitality_mechanism_setting_030,holdout,irrelevant_number,registry_down,surface_c,reverse,same,fall,2.921874925494194,1,-2.051566362380981,-3.114066362380981,-0.1921914368867874
vitality_variant_1199,vitality_mechanism_setting_030,holdout,irrelevant_number,registry_down,surface_d,forward,same,fall,7.562500201980583,1,-7.095189571380615,-7.563939571380615,-0.0014393694000318
vitality_variant_1200,vitality_mechanism_setting_030,holdout,irrelevant_number,registry_down,surface_d,reverse,same,fall,6.625000228639692,1,-5.801424026489258,-6.629549026489258,-0.0045487978495657
